{"cam/image_array": "2396_cam-image_array_.jpg", "user/angle": 0.030396435438093204, "user/throttle": 0.0, "user/mode": "local", "pilot/angle": -0.05862214416265488, "pilot/throttle": 0.6426860094070435, "milliseconds": 546580}