{"cam/image_array": "1190_cam-image_array_.jpg", "user/angle": 0.030396435438093204, "user/throttle": 0.0, "user/mode": "local", "pilot/angle": 0.1578415036201477, "pilot/throttle": 0.3708591163158417, "milliseconds": 276147}