{"cam/image_array": "4154_cam-image_array_.jpg", "user/angle": 0.030396435438093204, "user/throttle": 0.0, "user/mode": "local", "pilot/angle": -0.047722287476062775, "pilot/throttle": 0.724815309047699, "milliseconds": 940764}