{"cam/image_array": "495_cam-image_array_.jpg", "user/angle": 0.030396435438093204, "user/throttle": 0.0, "user/mode": "local", "pilot/angle": -0.09271960705518723, "pilot/throttle": 0.6895533800125122, "milliseconds": 120325}