{"cam/image_array": "4025_cam-image_array_.jpg", "user/angle": 0.030396435438093204, "user/throttle": 0.0, "user/mode": "local", "pilot/angle": 0.7587217092514038, "pilot/throttle": 0.4721861481666565, "milliseconds": 911843}