{"cam/image_array": "2235_cam-image_array_.jpg", "user/angle": 0.030396435438093204, "user/throttle": 0.0, "user/mode": "local", "pilot/angle": 0.7798986434936523, "pilot/throttle": 0.5538593530654907, "milliseconds": 510484}