{"cam/image_array": "219_cam-image_array_.jpg", "user/angle": 0.030396435438093204, "user/throttle": 0.0, "user/mode": "local", "pilot/angle": 0.0756479799747467, "pilot/throttle": 0.5286886692047119, "milliseconds": 58438}