{"cam/image_array": "2820_cam-image_array_.jpg", "user/angle": 0.030396435438093204, "user/throttle": 0.0, "user/mode": "local", "pilot/angle": 0.5475669503211975, "pilot/throttle": 0.761594295501709, "milliseconds": 641646}