{"cam/image_array": "1502_cam-image_array_.jpg", "user/angle": 0.030396435438093204, "user/throttle": 0.0, "user/mode": "local", "pilot/angle": 0.7517515420913696, "pilot/throttle": 0.727935791015625, "milliseconds": 346104}