{"cam/image_array": "3282_cam-image_array_.jpg", "user/angle": 0.030396435438093204, "user/throttle": 0.0, "user/mode": "local", "pilot/angle": 0.19662101566791534, "pilot/throttle": 0.6229516863822937, "milliseconds": 745247}