{"cam/image_array": "2347_cam-image_array_.jpg", "user/angle": 0.030396435438093204, "user/throttle": 0.0, "user/mode": "local", "pilot/angle": 0.5973255634307861, "pilot/throttle": 0.7013503313064575, "milliseconds": 535597}