{"cam/image_array": "1878_cam-image_array_.jpg", "user/angle": 0.030396435438093204, "user/throttle": 0.0, "user/mode": "local", "pilot/angle": 0.7586806416511536, "pilot/throttle": 0.46372711658477783, "milliseconds": 430432}