{"cam/image_array": "2715_cam-image_array_.jpg", "user/angle": 0.030396435438093204, "user/throttle": 0.0, "user/mode": "local", "pilot/angle": 0.7909896373748779, "pilot/throttle": 0.6897813677787781, "milliseconds": 618106}