{"cam/image_array": "598_cam-image_array_.jpg", "user/angle": 0.030396435438093204, "user/throttle": 0.0, "user/mode": "local", "pilot/angle": -0.007061555981636047, "pilot/throttle": 0.551200270652771, "milliseconds": 143416}