{"cam/image_array": "2181_cam-image_array_.jpg", "user/angle": 0.030396435438093204, "user/throttle": 0.0, "user/mode": "local", "pilot/angle": -0.09785733371973038, "pilot/throttle": 0.6684039831161499, "milliseconds": 498375}