{"cam/image_array": "696_cam-image_array_.jpg", "user/angle": 0.030396435438093204, "user/throttle": 0.0, "user/mode": "local", "pilot/angle": 0.0881691575050354, "pilot/throttle": 0.5152088403701782, "milliseconds": 165382}