{"cam/image_array": "2351_cam-image_array_.jpg", "user/angle": 0.030396435438093204, "user/throttle": 0.0, "user/mode": "local", "pilot/angle": 1.0276445150375366, "pilot/throttle": 0.6560826897621155, "milliseconds": 536494}