{"cam/image_array": "4113_cam-image_array_.jpg", "user/angle": 0.030396435438093204, "user/throttle": 0.0, "user/mode": "local", "pilot/angle": -0.7204638123512268, "pilot/throttle": 0.6149680614471436, "milliseconds": 931568}