{"cam/image_array": "4439_cam-image_array_.jpg", "user/angle": 0.030396435438093204, "user/throttle": 0.0, "user/mode": "local", "pilot/angle": 0.04365336522459984, "pilot/throttle": 0.617946445941925, "milliseconds": 1004665}