{"cam/image_array": "3622_cam-image_array_.jpg", "user/angle": 0.030396435438093204, "user/throttle": 0.0, "user/mode": "local", "pilot/angle": -0.13313579559326172, "pilot/throttle": 0.7963104248046875, "milliseconds": 821477}