{"cam/image_array": "1613_cam-image_array_.jpg", "user/angle": 0.030396435438093204, "user/throttle": 0.0, "user/mode": "local", "pilot/angle": 0.9431243538856506, "pilot/throttle": 0.7509733438491821, "milliseconds": 370992}