{"cam/image_array": "3594_cam-image_array_.jpg", "user/angle": 0.030396435438093204, "user/throttle": 0.0, "user/mode": "local", "pilot/angle": 0.05288630723953247, "pilot/throttle": 0.5945574045181274, "milliseconds": 815195}