{"cam/image_array": "1228_cam-image_array_.jpg", "user/angle": 0.030396435438093204, "user/throttle": 0.0, "user/mode": "local", "pilot/angle": 0.03209647536277771, "pilot/throttle": 0.5583499073982239, "milliseconds": 284667}