{"cam/image_array": "2047_cam-image_array_.jpg", "user/angle": 0.030396435438093204, "user/throttle": 0.0, "user/mode": "local", "pilot/angle": -0.48383116722106934, "pilot/throttle": 0.7253087162971497, "milliseconds": 468328}