{"cam/image_array": "2066_cam-image_array_.jpg", "user/angle": 0.030396435438093204, "user/throttle": 0.0, "user/mode": "local", "pilot/angle": -0.060376547276973724, "pilot/throttle": 0.671567976474762, "milliseconds": 472590}