{"cam/image_array": "3712_cam-image_array_.jpg", "user/angle": 0.030396435438093204, "user/throttle": 0.0, "user/mode": "local", "pilot/angle": 0.15419752895832062, "pilot/throttle": 0.7026807069778442, "milliseconds": 841656}