{"cam/image_array": "2999_cam-image_array_.jpg", "user/angle": 0.030396435438093204, "user/throttle": 0.0, "user/mode": "local", "pilot/angle": 0.0857263058423996, "pilot/throttle": 0.7619036436080933, "milliseconds": 681789}