{"cam/image_array": "3692_cam-image_array_.jpg", "user/angle": 0.030396435438093204, "user/throttle": 0.0, "user/mode": "local", "pilot/angle": 0.063376285135746, "pilot/throttle": 0.6236515641212463, "milliseconds": 837176}