{"cam/image_array": "3933_cam-image_array_.jpg", "user/angle": 0.030396435438093204, "user/throttle": 0.0, "user/mode": "local", "pilot/angle": 0.8579341769218445, "pilot/throttle": 0.6140801310539246, "milliseconds": 891213}