{"cam/image_array": "4430_cam-image_array_.jpg", "user/angle": 0.030396435438093204, "user/throttle": 0.0, "user/mode": "local", "pilot/angle": 0.0032495036721229553, "pilot/throttle": 0.6568545699119568, "milliseconds": 1002647}