{"cam/image_array": "986_cam-image_array_.jpg", "user/angle": 0.030396435438093204, "user/throttle": 0.0, "user/mode": "local", "pilot/angle": 0.7348495721817017, "pilot/throttle": 0.32034608721733093, "milliseconds": 230410}