{"cam/image_array": "3016_cam-image_array_.jpg", "user/angle": 0.030396435438093204, "user/throttle": 0.0, "user/mode": "local", "pilot/angle": 0.03807900473475456, "pilot/throttle": 0.7495707273483276, "milliseconds": 685604}