{"cam/image_array": "20_cam-image_array_.jpg", "user/angle": 0.030396435438093204, "user/throttle": 0.0, "user/mode": "local", "pilot/angle": -0.029134340584278107, "pilot/throttle": 0.6843881011009216, "milliseconds": 13784}