{"cam/image_array": "1240_cam-image_array_.jpg", "user/angle": 0.030396435438093204, "user/throttle": 0.0, "user/mode": "local", "pilot/angle": -0.026802852749824524, "pilot/throttle": 0.7446075081825256, "milliseconds": 287357}