{"cam/image_array": "92_cam-image_array_.jpg", "user/angle": 0.030396435438093204, "user/throttle": 0.0, "user/mode": "local", "pilot/angle": 0.03175864741206169, "pilot/throttle": 0.6991936564445496, "milliseconds": 29961}