{"cam/image_array": "4389_cam-image_array_.jpg", "user/angle": 0.030396435438093204, "user/throttle": 0.0, "user/mode": "local", "pilot/angle": -0.7253842949867249, "pilot/throttle": 0.6094878315925598, "milliseconds": 993457}