{"cam/image_array": "109_cam-image_array_.jpg", "user/angle": 0.030396435438093204, "user/throttle": 0.0, "user/mode": "local", "pilot/angle": 0.0022837892174720764, "pilot/throttle": 0.7079247832298279, "milliseconds": 33772}