{"cam/image_array": "4359_cam-image_array_.jpg", "user/angle": 0.030396435438093204, "user/throttle": 0.0, "user/mode": "local", "pilot/angle": 0.764545738697052, "pilot/throttle": 0.4404584467411041, "milliseconds": 986731}