{"cam/image_array": "4258_cam-image_array_.jpg", "user/angle": 0.030396435438093204, "user/throttle": 0.0, "user/mode": "local", "pilot/angle": 0.03685140609741211, "pilot/throttle": 0.7275674939155579, "milliseconds": 964088}