{"cam/image_array": "2220_cam-image_array_.jpg", "user/angle": 0.030396435438093204, "user/throttle": 0.0, "user/mode": "local", "pilot/angle": 0.09046551585197449, "pilot/throttle": 0.735846757888794, "milliseconds": 507120}