{"cam/image_array": "2727_cam-image_array_.jpg", "user/angle": 0.030396435438093204, "user/throttle": 0.0, "user/mode": "local", "pilot/angle": 0.6480005383491516, "pilot/throttle": 0.23953434824943542, "milliseconds": 620797}