{"cam/image_array": "2653_cam-image_array_.jpg", "user/angle": 0.030396435438093204, "user/throttle": 0.0, "user/mode": "local", "pilot/angle": 0.004432938992977142, "pilot/throttle": 0.7770920991897583, "milliseconds": 604208}