{"cam/image_array": "1266_cam-image_array_.jpg", "user/angle": 0.030396435438093204, "user/throttle": 0.0, "user/mode": "local", "pilot/angle": 0.49376019835472107, "pilot/throttle": 0.3611001670360565, "milliseconds": 293192}