{"cam/image_array": "1694_cam-image_array_.jpg", "user/angle": 0.030396435438093204, "user/throttle": 0.0, "user/mode": "local", "pilot/angle": 0.006728775799274445, "pilot/throttle": 0.7344931364059448, "milliseconds": 389162}