{"cam/image_array": "2131_cam-image_array_.jpg", "user/angle": 0.030396435438093204, "user/throttle": 0.0, "user/mode": "local", "pilot/angle": -0.4485176205635071, "pilot/throttle": 0.8135234117507935, "milliseconds": 487163}