{"cam/image_array": "1627_cam-image_array_.jpg", "user/angle": 0.030396435438093204, "user/throttle": 0.0, "user/mode": "local", "pilot/angle": 0.01742461696267128, "pilot/throttle": 0.5430781245231628, "milliseconds": 374129}