{"cam/image_array": "675_cam-image_array_.jpg", "user/angle": 0.030396435438093204, "user/throttle": 0.0, "user/mode": "local", "pilot/angle": 0.9162696599960327, "pilot/throttle": 0.708217203617096, "milliseconds": 160674}