{"cam/image_array": "4523_cam-image_array_.jpg", "user/angle": 0.030396435438093204, "user/throttle": 0.0, "user/mode": "local", "pilot/angle": -0.030768252909183502, "pilot/throttle": 0.7331222891807556, "milliseconds": 1023495}