{"cam/image_array": "2567_cam-image_array_.jpg", "user/angle": 0.030396435438093204, "user/throttle": 0.0, "user/mode": "local", "pilot/angle": 0.542780339717865, "pilot/throttle": 0.5614283084869385, "milliseconds": 584927}