{"cam/image_array": "1654_cam-image_array_.jpg", "user/angle": 0.030396435438093204, "user/throttle": 0.0, "user/mode": "local", "pilot/angle": -0.14339250326156616, "pilot/throttle": 0.5536152720451355, "milliseconds": 380186}