{"cam/image_array": "1638_cam-image_array_.jpg", "user/angle": 0.030396435438093204, "user/throttle": 0.0, "user/mode": "local", "pilot/angle": 0.5905048847198486, "pilot/throttle": 0.41598373651504517, "milliseconds": 376597}