{"cam/image_array": "1767_cam-image_array_.jpg", "user/angle": 0.030396435438093204, "user/throttle": 0.0, "user/mode": "local", "pilot/angle": -0.16723161935806274, "pilot/throttle": 0.6802787184715271, "milliseconds": 405530}