{"cam/image_array": "4559_cam-image_array_.jpg", "user/angle": 0.030396435438093204, "user/throttle": 0.0, "user/mode": "local", "pilot/angle": -0.06523088365793228, "pilot/throttle": 0.6851100921630859, "milliseconds": 1031570}