{"cam/image_array": "4179_cam-image_array_.jpg", "user/angle": 0.030396435438093204, "user/throttle": 0.0, "user/mode": "local", "pilot/angle": 0.822272002696991, "pilot/throttle": 0.509073793888092, "milliseconds": 946371}