{"cam/image_array": "313_cam-image_array_.jpg", "user/angle": 0.030396435438093204, "user/throttle": 0.0, "user/mode": "local", "pilot/angle": 0.02409367635846138, "pilot/throttle": 0.6452895998954773, "milliseconds": 79516}