{"cam/image_array": "1958_cam-image_array_.jpg", "user/angle": 0.030396435438093204, "user/throttle": 0.0, "user/mode": "local", "pilot/angle": 0.07744903117418289, "pilot/throttle": 0.7189716100692749, "milliseconds": 448371}