{"cam/image_array": "132_cam-image_array_.jpg", "user/angle": 0.030396435438093204, "user/throttle": 0.0, "user/mode": "local", "pilot/angle": 0.88149094581604, "pilot/throttle": 0.30413293838500977, "milliseconds": 38926}