{"cam/image_array": "2636_cam-image_array_.jpg", "user/angle": 0.030396435438093204, "user/throttle": 0.0, "user/mode": "local", "pilot/angle": 0.846954345703125, "pilot/throttle": 0.751710832118988, "milliseconds": 600398}