{"cam/image_array": "2852_cam-image_array_.jpg", "user/angle": 0.030396435438093204, "user/throttle": 0.0, "user/mode": "local", "pilot/angle": 0.557076632976532, "pilot/throttle": 0.16857972741127014, "milliseconds": 648822}