{"cam/image_array": "1464_cam-image_array_.jpg", "user/angle": 0.030396435438093204, "user/throttle": 0.0, "user/mode": "local", "pilot/angle": 0.013601303100585938, "pilot/throttle": 0.7028570175170898, "milliseconds": 337583}