{"cam/image_array": "3741_cam-image_array_.jpg", "user/angle": 0.030396435438093204, "user/throttle": 0.0, "user/mode": "local", "pilot/angle": 0.8136672973632812, "pilot/throttle": 0.6402482390403748, "milliseconds": 848161}