{"cam/image_array": "1591_cam-image_array_.jpg", "user/angle": 0.030396435438093204, "user/throttle": 0.0, "user/mode": "local", "pilot/angle": 0.8688688278198242, "pilot/throttle": 0.5588196516036987, "milliseconds": 366058}