{"cam/image_array": "2485_cam-image_array_.jpg", "user/angle": 0.030396435438093204, "user/throttle": 0.0, "user/mode": "local", "pilot/angle": 0.11386549472808838, "pilot/throttle": 0.6995799541473389, "milliseconds": 566538}