{"cam/image_array": "731_cam-image_array_.jpg", "user/angle": 0.030396435438093204, "user/throttle": 0.0, "user/mode": "local", "pilot/angle": -0.05141118913888931, "pilot/throttle": 0.6568766236305237, "milliseconds": 173227}