{"cam/image_array": "3224_cam-image_array_.jpg", "user/angle": 0.030396435438093204, "user/throttle": 0.0, "user/mode": "local", "pilot/angle": 0.1692013442516327, "pilot/throttle": 0.7446492314338684, "milliseconds": 732240}