{"cam/image_array": "75_cam-image_array_.jpg", "user/angle": 0.030396435438093204, "user/throttle": 0.0, "user/mode": "local", "pilot/angle": -0.08552024513483047, "pilot/throttle": 0.7703204154968262, "milliseconds": 26150}