{"cam/image_array": "2266_cam-image_array_.jpg", "user/angle": 0.030396435438093204, "user/throttle": 0.0, "user/mode": "local", "pilot/angle": -0.06443663686513901, "pilot/throttle": 0.6796589493751526, "milliseconds": 517435}