{"cam/image_array": "1762_cam-image_array_.jpg", "user/angle": 0.030396435438093204, "user/throttle": 0.0, "user/mode": "local", "pilot/angle": -0.581956684589386, "pilot/throttle": 0.7813102602958679, "milliseconds": 404408}