{"cam/image_array": "4577_cam-image_array_.jpg", "user/angle": 0.030396435438093204, "user/throttle": 0.0, "user/mode": "local", "pilot/angle": -0.23169547319412231, "pilot/throttle": 0.7769653797149658, "milliseconds": 1035608}