{"cam/image_array": "4473_cam-image_array_.jpg", "user/angle": 0.030396435438093204, "user/throttle": 0.0, "user/mode": "local", "pilot/angle": 0.49271905422210693, "pilot/throttle": 0.6363800168037415, "milliseconds": 1012285}