{"cam/image_array": "3971_cam-image_array_.jpg", "user/angle": 0.030396435438093204, "user/throttle": 0.0, "user/mode": "local", "pilot/angle": 0.14009365439414978, "pilot/throttle": 0.50571209192276, "milliseconds": 899733}