{"cam/image_array": "2975_cam-image_array_.jpg", "user/angle": 0.030396435438093204, "user/throttle": 0.0, "user/mode": "local", "pilot/angle": -0.07886198908090591, "pilot/throttle": 0.6371433138847351, "milliseconds": 676404}