{"cam/image_array": "2122_cam-image_array_.jpg", "user/angle": 0.030396435438093204, "user/throttle": 0.0, "user/mode": "local", "pilot/angle": 0.1071922779083252, "pilot/throttle": 0.7468393445014954, "milliseconds": 485145}