{"cam/image_array": "1049_cam-image_array_.jpg", "user/angle": 0.030396435438093204, "user/throttle": 0.0, "user/mode": "local", "pilot/angle": 1.054413914680481, "pilot/throttle": 0.5152762532234192, "milliseconds": 244534}