{"cam/image_array": "483_cam-image_array_.jpg", "user/angle": 0.030396435438093204, "user/throttle": 0.0, "user/mode": "local", "pilot/angle": 0.9011584520339966, "pilot/throttle": 0.6549733877182007, "milliseconds": 117636}