{"cam/image_array": "4118_cam-image_array_.jpg", "user/angle": 0.030396435438093204, "user/throttle": 0.0, "user/mode": "local", "pilot/angle": 0.5373138189315796, "pilot/throttle": 0.3748915493488312, "milliseconds": 932689}