{"cam/image_array": "4175_cam-image_array_.jpg", "user/angle": 0.030396435438093204, "user/throttle": 0.0, "user/mode": "local", "pilot/angle": 0.8806124925613403, "pilot/throttle": 0.23196420073509216, "milliseconds": 945474}