{"cam/image_array": "267_cam-image_array_.jpg", "user/angle": 0.030396435438093204, "user/throttle": 0.0, "user/mode": "local", "pilot/angle": 0.3532068133354187, "pilot/throttle": 0.5652776956558228, "milliseconds": 69204}