{"cam/image_array": "3240_cam-image_array_.jpg", "user/angle": 0.030396435438093204, "user/throttle": 0.0, "user/mode": "local", "pilot/angle": 0.16946730017662048, "pilot/throttle": 0.7350957989692688, "milliseconds": 735827}