{"cam/image_array": "194_cam-image_array_.jpg", "user/angle": 0.030396435438093204, "user/throttle": 0.0, "user/mode": "local", "pilot/angle": 0.3347463309764862, "pilot/throttle": 0.19786682724952698, "milliseconds": 52832}