{"cam/image_array": "1431_cam-image_array_.jpg", "user/angle": 0.030396435438093204, "user/throttle": 0.0, "user/mode": "local", "pilot/angle": -0.066340871155262, "pilot/throttle": 0.6299280524253845, "milliseconds": 330184}