{"cam/image_array": "3771_cam-image_array_.jpg", "user/angle": 0.030396435438093204, "user/throttle": 0.0, "user/mode": "local", "pilot/angle": -0.018358856439590454, "pilot/throttle": 0.6752310395240784, "milliseconds": 854886}