{"cam/image_array": "1978_cam-image_array_.jpg", "user/angle": 0.030396435438093204, "user/throttle": 0.0, "user/mode": "local", "pilot/angle": -0.007637910544872284, "pilot/throttle": 0.7851422429084778, "milliseconds": 452855}