{"cam/image_array": "4420_cam-image_array_.jpg", "user/angle": 0.030396435438093204, "user/throttle": 0.0, "user/mode": "local", "pilot/angle": 0.5184426307678223, "pilot/throttle": 0.717284083366394, "milliseconds": 1000405}