{"cam/image_array": "985_cam-image_array_.jpg", "user/angle": 0.030396435438093204, "user/throttle": 0.0, "user/mode": "local", "pilot/angle": 0.6469138860702515, "pilot/throttle": 0.33688151836395264, "milliseconds": 230186}