{"cam/image_array": "1315_cam-image_array_.jpg", "user/angle": 0.030396435438093204, "user/throttle": 0.0, "user/mode": "local", "pilot/angle": -0.05851123481988907, "pilot/throttle": 0.6526434421539307, "milliseconds": 304180}