{"cam/image_array": "2911_cam-image_array_.jpg", "user/angle": 0.030396435438093204, "user/throttle": 0.0, "user/mode": "local", "pilot/angle": -0.10025639086961746, "pilot/throttle": 0.7501000761985779, "milliseconds": 662052}