{"cam/image_array": "3634_cam-image_array_.jpg", "user/angle": 0.030396435438093204, "user/throttle": 0.0, "user/mode": "local", "pilot/angle": 0.06573426723480225, "pilot/throttle": 0.6473224759101868, "milliseconds": 824169}