{"cam/image_array": "3876_cam-image_array_.jpg", "user/angle": 0.030396435438093204, "user/throttle": 0.0, "user/mode": "local", "pilot/angle": 0.015084773302078247, "pilot/throttle": 0.7061523795127869, "milliseconds": 878430}