{"cam/image_array": "88_cam-image_array_.jpg", "user/angle": 0.030396435438093204, "user/throttle": 0.0, "user/mode": "local", "pilot/angle": 0.6423028111457825, "pilot/throttle": 0.7317662239074707, "milliseconds": 29065}