{"cam/image_array": "1884_cam-image_array_.jpg", "user/angle": 0.030396435438093204, "user/throttle": 0.0, "user/mode": "local", "pilot/angle": -0.054615847766399384, "pilot/throttle": 0.7734231352806091, "milliseconds": 431778}