{"cam/image_array": "3349_cam-image_array_.jpg", "user/angle": 0.030396435438093204, "user/throttle": 0.0, "user/mode": "local", "pilot/angle": 0.0960005447268486, "pilot/throttle": 0.689253568649292, "milliseconds": 760267}