{"cam/image_array": "634_cam-image_array_.jpg", "user/angle": 0.030396435438093204, "user/throttle": 0.0, "user/mode": "local", "pilot/angle": 0.07494641095399857, "pilot/throttle": 0.7218615412712097, "milliseconds": 151483}