{"cam/image_array": "3040_cam-image_array_.jpg", "user/angle": 0.030396435438093204, "user/throttle": 0.0, "user/mode": "local", "pilot/angle": 0.7061513066291809, "pilot/throttle": 0.4305996298789978, "milliseconds": 690983}