{"cam/image_array": "4071_cam-image_array_.jpg", "user/angle": 0.030396435438093204, "user/throttle": 0.0, "user/mode": "local", "pilot/angle": 0.1417781114578247, "pilot/throttle": 0.7326715588569641, "milliseconds": 922153}