{"cam/image_array": "908_cam-image_array_.jpg", "user/angle": 0.030396435438093204, "user/throttle": 0.0, "user/mode": "local", "pilot/angle": -0.011406458914279938, "pilot/throttle": 0.6969152092933655, "milliseconds": 212915}