{"cam/image_array": "182_cam-image_array_.jpg", "user/angle": 0.030396435438093204, "user/throttle": 0.0, "user/mode": "local", "pilot/angle": 0.5507074594497681, "pilot/throttle": 0.6392694115638733, "milliseconds": 50137}