{"cam/image_array": "1163_cam-image_array_.jpg", "user/angle": 0.030396435438093204, "user/throttle": 0.0, "user/mode": "local", "pilot/angle": 0.02879219874739647, "pilot/throttle": 0.6877641677856445, "milliseconds": 270095}