{"cam/image_array": "1178_cam-image_array_.jpg", "user/angle": 0.030396435438093204, "user/throttle": 0.0, "user/mode": "local", "pilot/angle": 0.9003320336341858, "pilot/throttle": 0.4810398519039154, "milliseconds": 273458}