{"cam/image_array": "1069_cam-image_array_.jpg", "user/angle": 0.030396435438093204, "user/throttle": 0.0, "user/mode": "local", "pilot/angle": 0.05113716050982475, "pilot/throttle": 0.6008275747299194, "milliseconds": 249022}