{"cam/image_array": "826_cam-image_array_.jpg", "user/angle": 0.030396435438093204, "user/throttle": 0.0, "user/mode": "local", "pilot/angle": 0.08055424690246582, "pilot/throttle": 0.6246453523635864, "milliseconds": 194533}