{"cam/image_array": "1544_cam-image_array_.jpg", "user/angle": 0.030396435438093204, "user/throttle": 0.0, "user/mode": "local", "pilot/angle": 0.8139240741729736, "pilot/throttle": 0.5194021463394165, "milliseconds": 355519}