{"cam/image_array": "853_cam-image_array_.jpg", "user/angle": 0.030396435438093204, "user/throttle": 0.0, "user/mode": "local", "pilot/angle": -0.007966890931129456, "pilot/throttle": 0.6512871384620667, "milliseconds": 200585}