{"cam/image_array": "3291_cam-image_array_.jpg", "user/angle": 0.030396435438093204, "user/throttle": 0.0, "user/mode": "local", "pilot/angle": 0.5641066431999207, "pilot/throttle": 0.4936144948005676, "milliseconds": 747264}