{"cam/image_array": "232_cam-image_array_.jpg", "user/angle": 0.030396435438093204, "user/throttle": 0.0, "user/mode": "local", "pilot/angle": 0.9159018993377686, "pilot/throttle": 0.3600730895996094, "milliseconds": 61358}