{"cam/image_array": "3064_cam-image_array_.jpg", "user/angle": 0.030396435438093204, "user/throttle": 0.0, "user/mode": "local", "pilot/angle": 0.7999908924102783, "pilot/throttle": 0.6245927214622498, "milliseconds": 696365}