{"cam/image_array": "4289_cam-image_array_.jpg", "user/angle": 0.030396435438093204, "user/throttle": 0.0, "user/mode": "local", "pilot/angle": 0.06623583287000656, "pilot/throttle": 0.7580559849739075, "milliseconds": 971036}