{"cam/image_array": "1907_cam-image_array_.jpg", "user/angle": 0.030396435438093204, "user/throttle": 0.0, "user/mode": "local", "pilot/angle": -0.06502559036016464, "pilot/throttle": 0.7097164988517761, "milliseconds": 436932}