{"cam/image_array": "3938_cam-image_array_.jpg", "user/angle": 0.030396435438093204, "user/throttle": 0.0, "user/mode": "local", "pilot/angle": 0.06860220432281494, "pilot/throttle": 0.7073911428451538, "milliseconds": 892334}