{"cam/image_array": "1047_cam-image_array_.jpg", "user/angle": 0.030396435438093204, "user/throttle": 0.0, "user/mode": "local", "pilot/angle": 0.7162435054779053, "pilot/throttle": 0.19617071747779846, "milliseconds": 244086}