{"cam/image_array": "2611_cam-image_array_.jpg", "user/angle": 0.030396435438093204, "user/throttle": 0.0, "user/mode": "local", "pilot/angle": 0.544488787651062, "pilot/throttle": 0.34730812907218933, "milliseconds": 594794}