{"cam/image_array": "3464_cam-image_array_.jpg", "user/angle": 0.030396435438093204, "user/throttle": 0.0, "user/mode": "local", "pilot/angle": 0.891632080078125, "pilot/throttle": 0.5441439151763916, "milliseconds": 786054}