{"cam/image_array": "3902_cam-image_array_.jpg", "user/angle": 0.030396435438093204, "user/throttle": 0.0, "user/mode": "local", "pilot/angle": -0.0533442422747612, "pilot/throttle": 0.42798468470573425, "milliseconds": 884262}