{"cam/image_array": "2085_cam-image_array_.jpg", "user/angle": 0.030396435438093204, "user/throttle": 0.0, "user/mode": "local", "pilot/angle": -0.06345582753419876, "pilot/throttle": 0.7230178713798523, "milliseconds": 476851}