{"cam/image_array": "829_cam-image_array_.jpg", "user/angle": 0.030396435438093204, "user/throttle": 0.0, "user/mode": "local", "pilot/angle": -0.687720537185669, "pilot/throttle": 0.7270417809486389, "milliseconds": 195205}