{"cam/image_array": "2407_cam-image_array_.jpg", "user/angle": 0.030396435438093204, "user/throttle": 0.0, "user/mode": "local", "pilot/angle": -0.32041823863983154, "pilot/throttle": 0.7202361226081848, "milliseconds": 549045}