{"cam/image_array": "2471_cam-image_array_.jpg", "user/angle": 0.030396435438093204, "user/throttle": 0.0, "user/mode": "local", "pilot/angle": 0.4656563401222229, "pilot/throttle": 0.40313366055488586, "milliseconds": 563400}