{"cam/image_array": "2794_cam-image_array_.jpg", "user/angle": 0.030396435438093204, "user/throttle": 0.0, "user/mode": "local", "pilot/angle": -0.18526461720466614, "pilot/throttle": 0.7569204568862915, "milliseconds": 635817}