{"cam/image_array": "2260_cam-image_array_.jpg", "user/angle": 0.030396435438093204, "user/throttle": 0.0, "user/mode": "local", "pilot/angle": 0.9473355412483215, "pilot/throttle": 0.721682608127594, "milliseconds": 516089}