{"cam/image_array": "1459_cam-image_array_.jpg", "user/angle": 0.030396435438093204, "user/throttle": 0.0, "user/mode": "local", "pilot/angle": 0.7320655584335327, "pilot/throttle": 0.44399404525756836, "milliseconds": 336462}