{"cam/image_array": "2123_cam-image_array_.jpg", "user/angle": 0.030396435438093204, "user/throttle": 0.0, "user/mode": "local", "pilot/angle": 0.3598860800266266, "pilot/throttle": 0.7366479635238647, "milliseconds": 485369}