{"cam/image_array": "2304_cam-image_array_.jpg", "user/angle": 0.030396435438093204, "user/throttle": 0.0, "user/mode": "local", "pilot/angle": -0.05167476087808609, "pilot/throttle": 0.5760824680328369, "milliseconds": 525954}