{"cam/image_array": "1258_cam-image_array_.jpg", "user/angle": 0.030396435438093204, "user/throttle": 0.0, "user/mode": "local", "pilot/angle": 0.1496051847934723, "pilot/throttle": 0.7569507360458374, "milliseconds": 291397}