{"cam/image_array": "1583_cam-image_array_.jpg", "user/angle": 0.030396435438093204, "user/throttle": 0.0, "user/mode": "local", "pilot/angle": -0.21867996454238892, "pilot/throttle": 0.8150727152824402, "milliseconds": 364264}