{"cam/image_array": "1375_cam-image_array_.jpg", "user/angle": 0.030396435438093204, "user/throttle": 0.0, "user/mode": "local", "pilot/angle": 0.20080456137657166, "pilot/throttle": 0.6158336400985718, "milliseconds": 317629}