{"cam/image_array": "1213_cam-image_array_.jpg", "user/angle": 0.030396435438093204, "user/throttle": 0.0, "user/mode": "local", "pilot/angle": 0.7824804186820984, "pilot/throttle": 0.5339565277099609, "milliseconds": 281303}