{"cam/image_array": "2563_cam-image_array_.jpg", "user/angle": 0.030396435438093204, "user/throttle": 0.0, "user/mode": "local", "pilot/angle": 0.08226397633552551, "pilot/throttle": 0.7336423993110657, "milliseconds": 584030}