{"cam/image_array": "2069_cam-image_array_.jpg", "user/angle": 0.030396435438093204, "user/throttle": 0.0, "user/mode": "local", "pilot/angle": 0.0014168620109558105, "pilot/throttle": 0.7001582384109497, "milliseconds": 473263}