{"cam/image_array": "3229_cam-image_array_.jpg", "user/angle": 0.030396435438093204, "user/throttle": 0.0, "user/mode": "local", "pilot/angle": 0.791632890701294, "pilot/throttle": 0.20712660253047943, "milliseconds": 733361}