{"cam/image_array": "3294_cam-image_array_.jpg", "user/angle": 0.030396435438093204, "user/throttle": 0.0, "user/mode": "local", "pilot/angle": 0.907616913318634, "pilot/throttle": 0.8491917848587036, "milliseconds": 747937}