{"cam/image_array": "1336_cam-image_array_.jpg", "user/angle": 0.030396435438093204, "user/throttle": 0.0, "user/mode": "local", "pilot/angle": -0.07029258459806442, "pilot/throttle": 0.7495195269584656, "milliseconds": 308887}