{"cam/image_array": "2938_cam-image_array_.jpg", "user/angle": 0.030396435438093204, "user/throttle": 0.0, "user/mode": "local", "pilot/angle": 0.030797407031059265, "pilot/throttle": 0.6490785479545593, "milliseconds": 668106}