{"cam/image_array": "2223_cam-image_array_.jpg", "user/angle": 0.030396435438093204, "user/throttle": 0.0, "user/mode": "local", "pilot/angle": -0.45997142791748047, "pilot/throttle": 0.7818651795387268, "milliseconds": 507793}