{"cam/image_array": "2055_cam-image_array_.jpg", "user/angle": 0.030396435438093204, "user/throttle": 0.0, "user/mode": "local", "pilot/angle": 0.891806960105896, "pilot/throttle": 0.599243700504303, "milliseconds": 470123}