{"cam/image_array": "2478_cam-image_array_.jpg", "user/angle": 0.030396435438093204, "user/throttle": 0.0, "user/mode": "local", "pilot/angle": 0.9341110587120056, "pilot/throttle": 0.2662740647792816, "milliseconds": 564969}