{"cam/image_array": "1481_cam-image_array_.jpg", "user/angle": 0.030396435438093204, "user/throttle": 0.0, "user/mode": "local", "pilot/angle": -0.6043695211410522, "pilot/throttle": 0.7064638137817383, "milliseconds": 341394}