{"cam/image_array": "4475_cam-image_array_.jpg", "user/angle": 0.030396435438093204, "user/throttle": 0.0, "user/mode": "local", "pilot/angle": 0.6383190751075745, "pilot/throttle": 0.6211948394775391, "milliseconds": 1012734}