{"cam/image_array": "1233_cam-image_array_.jpg", "user/angle": 0.030396435438093204, "user/throttle": 0.0, "user/mode": "local", "pilot/angle": 0.5245200395584106, "pilot/throttle": 0.654694676399231, "milliseconds": 285787}