{"cam/image_array": "3072_cam-image_array_.jpg", "user/angle": 0.030396435438093204, "user/throttle": 0.0, "user/mode": "local", "pilot/angle": -0.6168907284736633, "pilot/throttle": 0.6501595377922058, "milliseconds": 698159}