{"cam/image_array": "1824_cam-image_array_.jpg", "user/angle": 0.030396435438093204, "user/throttle": 0.0, "user/mode": "local", "pilot/angle": 0.32948634028434753, "pilot/throttle": 0.6858668327331543, "milliseconds": 418321}