{"cam/image_array": "3662_cam-image_array_.jpg", "user/angle": 0.030396435438093204, "user/throttle": 0.0, "user/mode": "local", "pilot/angle": -0.059656985104084015, "pilot/throttle": 0.8402087688446045, "milliseconds": 830450}