{"cam/image_array": "2086_cam-image_array_.jpg", "user/angle": 0.030396435438093204, "user/throttle": 0.0, "user/mode": "local", "pilot/angle": -0.06056001037359238, "pilot/throttle": 0.699316680431366, "milliseconds": 477075}