{"cam/image_array": "1288_cam-image_array_.jpg", "user/angle": 0.030396435438093204, "user/throttle": 0.0, "user/mode": "local", "pilot/angle": 0.1161508858203888, "pilot/throttle": 0.6930188536643982, "milliseconds": 298123}