{"cam/image_array": "2273_cam-image_array_.jpg", "user/angle": 0.030396435438093204, "user/throttle": 0.0, "user/mode": "local", "pilot/angle": -0.08814076334238052, "pilot/throttle": 0.703258216381073, "milliseconds": 519005}