{"cam/image_array": "334_cam-image_array_.jpg", "user/angle": 0.030396435438093204, "user/throttle": 0.0, "user/mode": "local", "pilot/angle": 0.6775723099708557, "pilot/throttle": 0.507194995880127, "milliseconds": 84223}