{"cam/image_array": "1787_cam-image_array_.jpg", "user/angle": 0.030396435438093204, "user/throttle": 0.0, "user/mode": "local", "pilot/angle": -0.022940397262573242, "pilot/throttle": 0.7517727613449097, "milliseconds": 410023}