{"cam/image_array": "3052_cam-image_array_.jpg", "user/angle": 0.030396435438093204, "user/throttle": 0.0, "user/mode": "local", "pilot/angle": 0.720985472202301, "pilot/throttle": 0.5884727835655212, "milliseconds": 693674}