{"cam/image_array": "4360_cam-image_array_.jpg", "user/angle": 0.030396435438093204, "user/throttle": 0.0, "user/mode": "local", "pilot/angle": 0.7964234948158264, "pilot/throttle": 0.3974297046661377, "milliseconds": 986955}