{"cam/image_array": "3942_cam-image_array_.jpg", "user/angle": 0.030396435438093204, "user/throttle": 0.0, "user/mode": "local", "pilot/angle": 0.010701015591621399, "pilot/throttle": 0.5961118936538696, "milliseconds": 893232}