{"cam/image_array": "3955_cam-image_array_.jpg", "user/angle": 0.030396435438093204, "user/throttle": 0.0, "user/mode": "local", "pilot/angle": -0.0311550572514534, "pilot/throttle": 0.7538501024246216, "milliseconds": 896146}