{"cam/image_array": "1880_cam-image_array_.jpg", "user/angle": 0.030396435438093204, "user/throttle": 0.0, "user/mode": "local", "pilot/angle": 0.23069897294044495, "pilot/throttle": 0.7464736700057983, "milliseconds": 430880}