{"cam/image_array": "3092_cam-image_array_.jpg", "user/angle": 0.030396435438093204, "user/throttle": 0.0, "user/mode": "local", "pilot/angle": 0.7083727121353149, "pilot/throttle": 0.6851558089256287, "milliseconds": 702645}