{"cam/image_array": "3807_cam-image_array_.jpg", "user/angle": 0.030396435438093204, "user/throttle": 0.0, "user/mode": "local", "pilot/angle": 0.054254062473773956, "pilot/throttle": 0.6961072683334351, "milliseconds": 862957}