{"cam/image_array": "2135_cam-image_array_.jpg", "user/angle": 0.030396435438093204, "user/throttle": 0.0, "user/mode": "local", "pilot/angle": -0.6075624823570251, "pilot/throttle": 0.657967746257782, "milliseconds": 488060}