{"cam/image_array": "4072_cam-image_array_.jpg", "user/angle": 0.030396435438093204, "user/throttle": 0.0, "user/mode": "local", "pilot/angle": 0.7601871490478516, "pilot/throttle": 0.5380104184150696, "milliseconds": 922377}