{"cam/image_array": "3584_cam-image_array_.jpg", "user/angle": 0.030396435438093204, "user/throttle": 0.0, "user/mode": "local", "pilot/angle": -0.15767154097557068, "pilot/throttle": 0.8692671060562134, "milliseconds": 812955}