{"cam/image_array": "4243_cam-image_array_.jpg", "user/angle": 0.030396435438093204, "user/throttle": 0.0, "user/mode": "local", "pilot/angle": -0.15158230066299438, "pilot/throttle": 0.7596595883369446, "milliseconds": 960726}