{"cam/image_array": "471_cam-image_array_.jpg", "user/angle": 0.030396435438093204, "user/throttle": 0.0, "user/mode": "local", "pilot/angle": -0.07598758488893509, "pilot/throttle": 0.7683897614479065, "milliseconds": 114946}