{"cam/image_array": "2489_cam-image_array_.jpg", "user/angle": 0.030396435438093204, "user/throttle": 0.0, "user/mode": "local", "pilot/angle": -0.07470666617155075, "pilot/throttle": 0.6988363265991211, "milliseconds": 567435}