{"cam/image_array": "681_cam-image_array_.jpg", "user/angle": 0.030396435438093204, "user/throttle": 0.0, "user/mode": "local", "pilot/angle": -0.12597599625587463, "pilot/throttle": 0.6156017184257507, "milliseconds": 162019}