{"cam/image_array": "3355_cam-image_array_.jpg", "user/angle": 0.030396435438093204, "user/throttle": 0.0, "user/mode": "local", "pilot/angle": -0.7337847352027893, "pilot/throttle": 0.6169209480285645, "milliseconds": 761613}