{"cam/image_array": "4335_cam-image_array_.jpg", "user/angle": 0.030396435438093204, "user/throttle": 0.0, "user/mode": "local", "pilot/angle": -0.10629678517580032, "pilot/throttle": 0.6451898813247681, "milliseconds": 981346}