{"cam/image_array": "3914_cam-image_array_.jpg", "user/angle": 0.030396435438093204, "user/throttle": 0.0, "user/mode": "local", "pilot/angle": -0.4071458876132965, "pilot/throttle": 0.8757777810096741, "milliseconds": 886952}