{"cam/image_array": "4145_cam-image_array_.jpg", "user/angle": 0.030396435438093204, "user/throttle": 0.0, "user/mode": "local", "pilot/angle": 0.7084938287734985, "pilot/throttle": 0.5385626554489136, "milliseconds": 938741}