{"cam/image_array": "1534_cam-image_array_.jpg", "user/angle": 0.030396435438093204, "user/throttle": 0.0, "user/mode": "local", "pilot/angle": 0.021010305732488632, "pilot/throttle": 0.6207947731018066, "milliseconds": 353278}