{"cam/image_array": "970_cam-image_array_.jpg", "user/angle": 0.030396435438093204, "user/throttle": 0.0, "user/mode": "local", "pilot/angle": -0.0751461461186409, "pilot/throttle": 0.5837107300758362, "milliseconds": 226821}