{"cam/image_array": "3155_cam-image_array_.jpg", "user/angle": 0.030396435438093204, "user/throttle": 0.0, "user/mode": "local", "pilot/angle": 0.2865619361400604, "pilot/throttle": 0.7174329161643982, "milliseconds": 716768}