{"cam/image_array": "1987_cam-image_array_.jpg", "user/angle": 0.030396435438093204, "user/throttle": 0.0, "user/mode": "local", "pilot/angle": 0.7229548692703247, "pilot/throttle": 0.6752395629882812, "milliseconds": 454873}