{"cam/image_array": "2795_cam-image_array_.jpg", "user/angle": 0.030396435438093204, "user/throttle": 0.0, "user/mode": "local", "pilot/angle": 0.026379935443401337, "pilot/throttle": 0.6797990798950195, "milliseconds": 636041}