{"cam/image_array": "3274_cam-image_array_.jpg", "user/angle": 0.030396435438093204, "user/throttle": 0.0, "user/mode": "local", "pilot/angle": 0.9901464581489563, "pilot/throttle": 0.5872591137886047, "milliseconds": 743454}