{"cam/image_array": "3228_cam-image_array_.jpg", "user/angle": 0.030396435438093204, "user/throttle": 0.0, "user/mode": "local", "pilot/angle": 0.7168123722076416, "pilot/throttle": 0.5223631858825684, "milliseconds": 733136}