{"cam/image_array": "812_cam-image_array_.jpg", "user/angle": 0.030396435438093204, "user/throttle": 0.0, "user/mode": "local", "pilot/angle": 0.012332051992416382, "pilot/throttle": 0.6806902289390564, "milliseconds": 191394}