{"cam/image_array": "1944_cam-image_array_.jpg", "user/angle": 0.030396435438093204, "user/throttle": 0.0, "user/mode": "local", "pilot/angle": 0.4190220534801483, "pilot/throttle": 0.6442694067955017, "milliseconds": 445231}