{"cam/image_array": "2113_cam-image_array_.jpg", "user/angle": 0.030396435438093204, "user/throttle": 0.0, "user/mode": "local", "pilot/angle": 0.7357943058013916, "pilot/throttle": 0.46042466163635254, "milliseconds": 483128}