{"cam/image_array": "980_cam-image_array_.jpg", "user/angle": 0.030396435438093204, "user/throttle": 0.0, "user/mode": "local", "pilot/angle": 0.07213589549064636, "pilot/throttle": 0.546375036239624, "milliseconds": 229064}