{"cam/image_array": "42_cam-image_array_.jpg", "user/angle": 0.030396435438093204, "user/throttle": 0.0, "user/mode": "local", "pilot/angle": 0.7338815331459045, "pilot/throttle": 0.4814414978027344, "milliseconds": 18719}