{"cam/image_array": "886_cam-image_array_.jpg", "user/angle": 0.030396435438093204, "user/throttle": 0.0, "user/mode": "local", "pilot/angle": 0.14975690841674805, "pilot/throttle": 0.7649839520454407, "milliseconds": 207984}