{"cam/image_array": "1801_cam-image_array_.jpg", "user/angle": 0.030396435438093204, "user/throttle": 0.0, "user/mode": "local", "pilot/angle": 0.07395869493484497, "pilot/throttle": 0.7006282210350037, "milliseconds": 413163}