{"cam/image_array": "270_cam-image_array_.jpg", "user/angle": 0.030396435438093204, "user/throttle": 0.0, "user/mode": "local", "pilot/angle": 0.9710672497749329, "pilot/throttle": 0.6955527663230896, "milliseconds": 69876}