{"cam/image_array": "2046_cam-image_array_.jpg", "user/angle": 0.030396435438093204, "user/throttle": 0.0, "user/mode": "local", "pilot/angle": -0.6391484141349792, "pilot/throttle": 0.7364284992218018, "milliseconds": 468104}