{"cam/image_array": "540_cam-image_array_.jpg", "user/angle": 0.030396435438093204, "user/throttle": 0.0, "user/mode": "local", "pilot/angle": 0.3820052146911621, "pilot/throttle": 0.6950052380561829, "milliseconds": 130414}