{"cam/image_array": "300_cam-image_array_.jpg", "user/angle": 0.030396435438093204, "user/throttle": 0.0, "user/mode": "local", "pilot/angle": 0.0003655850887298584, "pilot/throttle": 0.7411192655563354, "milliseconds": 76603}