{"cam/image_array": "3215_cam-image_array_.jpg", "user/angle": 0.030396435438093204, "user/throttle": 0.0, "user/mode": "local", "pilot/angle": 0.04854169860482216, "pilot/throttle": 0.5367103815078735, "milliseconds": 730221}