{"cam/image_array": "2866_cam-image_array_.jpg", "user/angle": 0.030396435438093204, "user/throttle": 0.0, "user/mode": "local", "pilot/angle": 0.11148479580879211, "pilot/throttle": 0.7155617475509644, "milliseconds": 651960}