{"cam/image_array": "2404_cam-image_array_.jpg", "user/angle": 0.030396435438093204, "user/throttle": 0.0, "user/mode": "local", "pilot/angle": 0.3037436604499817, "pilot/throttle": 0.7406336665153503, "milliseconds": 548372}