{"cam/image_array": "1105_cam-image_array_.jpg", "user/angle": 0.030396435438093204, "user/throttle": 0.0, "user/mode": "local", "pilot/angle": 0.0738913044333458, "pilot/throttle": 0.7407525181770325, "milliseconds": 257091}