{"cam/image_array": "1743_cam-image_array_.jpg", "user/angle": 0.030396435438093204, "user/throttle": 0.0, "user/mode": "local", "pilot/angle": 0.5849106311798096, "pilot/throttle": 0.6983291506767273, "milliseconds": 400147}