{"cam/image_array": "3950_cam-image_array_.jpg", "user/angle": 0.030396435438093204, "user/throttle": 0.0, "user/mode": "local", "pilot/angle": 0.9474025964736938, "pilot/throttle": 0.6088500022888184, "milliseconds": 895025}