{"cam/image_array": "1132_cam-image_array_.jpg", "user/angle": 0.030396435438093204, "user/throttle": 0.0, "user/mode": "local", "pilot/angle": -0.02838313579559326, "pilot/throttle": 0.7345082759857178, "milliseconds": 263146}