{"cam/image_array": "2033_cam-image_array_.jpg", "user/angle": 0.030396435438093204, "user/throttle": 0.0, "user/mode": "local", "pilot/angle": 0.40692177414894104, "pilot/throttle": 0.6349660158157349, "milliseconds": 465183}