{"cam/image_array": "2465_cam-image_array_.jpg", "user/angle": 0.030396435438093204, "user/throttle": 0.0, "user/mode": "local", "pilot/angle": 0.016284242272377014, "pilot/throttle": 0.6994558572769165, "milliseconds": 562055}