{"cam/image_array": "1661_cam-image_array_.jpg", "user/angle": 0.030396435438093204, "user/throttle": 0.0, "user/mode": "local", "pilot/angle": 0.6851680278778076, "pilot/throttle": 0.5785276293754578, "milliseconds": 381755}