{"cam/image_array": "1703_cam-image_array_.jpg", "user/angle": 0.030396435438093204, "user/throttle": 0.0, "user/mode": "local", "pilot/angle": 0.5985351204872131, "pilot/throttle": 0.7091425657272339, "milliseconds": 391179}