{"cam/image_array": "4295_cam-image_array_.jpg", "user/angle": 0.030396435438093204, "user/throttle": 0.0, "user/mode": "local", "pilot/angle": -0.4151777923107147, "pilot/throttle": 0.7599003314971924, "milliseconds": 972381}