{"cam/image_array": "2897_cam-image_array_.jpg", "user/angle": 0.030396435438093204, "user/throttle": 0.0, "user/mode": "local", "pilot/angle": 0.8199349641799927, "pilot/throttle": 0.6232842803001404, "milliseconds": 658913}