{"cam/image_array": "528_cam-image_array_.jpg", "user/angle": 0.030396435438093204, "user/throttle": 0.0, "user/mode": "local", "pilot/angle": -0.06203361600637436, "pilot/throttle": 0.5989536643028259, "milliseconds": 127724}