{"cam/image_array": "3557_cam-image_array_.jpg", "user/angle": 0.030396435438093204, "user/throttle": 0.0, "user/mode": "local", "pilot/angle": 0.5042016506195068, "pilot/throttle": 0.46686431765556335, "milliseconds": 806900}