{"cam/image_array": "3176_cam-image_array_.jpg", "user/angle": 0.030396435438093204, "user/throttle": 0.0, "user/mode": "local", "pilot/angle": 0.6619144082069397, "pilot/throttle": 0.4713138937950134, "milliseconds": 721478}