{"cam/image_array": "326_cam-image_array_.jpg", "user/angle": 0.030396435438093204, "user/throttle": 0.0, "user/mode": "local", "pilot/angle": 0.9006189107894897, "pilot/throttle": 0.3876466155052185, "milliseconds": 82429}