{"cam/image_array": "1700_cam-image_array_.jpg", "user/angle": 0.030396435438093204, "user/throttle": 0.0, "user/mode": "local", "pilot/angle": 0.3665701746940613, "pilot/throttle": 0.6721298098564148, "milliseconds": 390507}