{"cam/image_array": "612_cam-image_array_.jpg", "user/angle": 0.030396435438093204, "user/throttle": 0.0, "user/mode": "local", "pilot/angle": 0.898466944694519, "pilot/throttle": 0.416784405708313, "milliseconds": 146553}