{"cam/image_array": "3535_cam-image_array_.jpg", "user/angle": 0.030396435438093204, "user/throttle": 0.0, "user/mode": "local", "pilot/angle": 0.5733798146247864, "pilot/throttle": 0.6208229660987854, "milliseconds": 801968}