{"cam/image_array": "1034_cam-image_array_.jpg", "user/angle": 0.030396435438093204, "user/throttle": 0.0, "user/mode": "local", "pilot/angle": 0.8840848207473755, "pilot/throttle": 0.5764519572257996, "milliseconds": 241171}