{"cam/image_array": "3531_cam-image_array_.jpg", "user/angle": 0.030396435438093204, "user/throttle": 0.0, "user/mode": "local", "pilot/angle": 0.03628365695476532, "pilot/throttle": 0.7935894131660461, "milliseconds": 801072}