{"cam/image_array": "3730_cam-image_array_.jpg", "user/angle": 0.030396435438093204, "user/throttle": 0.0, "user/mode": "local", "pilot/angle": -0.614968478679657, "pilot/throttle": 0.8336736559867859, "milliseconds": 845693}