{"cam/image_array": "4138_cam-image_array_.jpg", "user/angle": 0.030396435438093204, "user/throttle": 0.0, "user/mode": "local", "pilot/angle": 0.337512731552124, "pilot/throttle": 0.6104357838630676, "milliseconds": 937171}