{"cam/image_array": "541_cam-image_array_.jpg", "user/angle": 0.030396435438093204, "user/throttle": 0.0, "user/mode": "local", "pilot/angle": 0.06852655112743378, "pilot/throttle": 0.7535139322280884, "milliseconds": 130638}