{"cam/image_array": "1123_cam-image_array_.jpg", "user/angle": 0.030396435438093204, "user/throttle": 0.0, "user/mode": "local", "pilot/angle": 0.7899391651153564, "pilot/throttle": 0.4601030945777893, "milliseconds": 261128}