{"cam/image_array": "4019_cam-image_array_.jpg", "user/angle": 0.030396435438093204, "user/throttle": 0.0, "user/mode": "local", "pilot/angle": 0.4290010333061218, "pilot/throttle": 0.6552242636680603, "milliseconds": 910498}