{"cam/image_array": "3993_cam-image_array_.jpg", "user/angle": 0.030396435438093204, "user/throttle": 0.0, "user/mode": "local", "pilot/angle": -0.0482921227812767, "pilot/throttle": 0.5593281388282776, "milliseconds": 904664}