{"cam/image_array": "31_cam-image_array_.jpg", "user/angle": 0.030396435438093204, "user/throttle": 0.0, "user/mode": "local", "pilot/angle": 0.6558025479316711, "pilot/throttle": 0.17926627397537231, "milliseconds": 16252}