{"cam/image_array": "690_cam-image_array_.jpg", "user/angle": 0.030396435438093204, "user/throttle": 0.0, "user/mode": "local", "pilot/angle": 0.23099061846733093, "pilot/throttle": 0.431602418422699, "milliseconds": 164036}