{"cam/image_array": "2257_cam-image_array_.jpg", "user/angle": 0.030396435438093204, "user/throttle": 0.0, "user/mode": "local", "pilot/angle": 0.6966628432273865, "pilot/throttle": 0.6647167801856995, "milliseconds": 515415}