{"cam/image_array": "3231_cam-image_array_.jpg", "user/angle": 0.030396435438093204, "user/throttle": 0.0, "user/mode": "local", "pilot/angle": 0.8929026126861572, "pilot/throttle": 0.24410098791122437, "milliseconds": 733810}