{"cam/image_array": "429_cam-image_array_.jpg", "user/angle": 0.030396435438093204, "user/throttle": 0.0, "user/mode": "local", "pilot/angle": -0.012757472693920135, "pilot/throttle": 0.5878627300262451, "milliseconds": 105529}