{"cam/image_array": "3373_cam-image_array_.jpg", "user/angle": 0.030396435438093204, "user/throttle": 0.0, "user/mode": "local", "pilot/angle": 0.4409310817718506, "pilot/throttle": 0.7275664210319519, "milliseconds": 765649}