{"cam/image_array": "2584_cam-image_array_.jpg", "user/angle": 0.030396435438093204, "user/throttle": 0.0, "user/mode": "local", "pilot/angle": -0.03409373015165329, "pilot/throttle": 0.482175350189209, "milliseconds": 588738}