{"cam/image_array": "4346_cam-image_array_.jpg", "user/angle": 0.030396435438093204, "user/throttle": 0.0, "user/mode": "local", "pilot/angle": 0.0036065950989723206, "pilot/throttle": 0.6704695224761963, "milliseconds": 983816}