{"cam/image_array": "3158_cam-image_array_.jpg", "user/angle": 0.030396435438093204, "user/throttle": 0.0, "user/mode": "local", "pilot/angle": 0.461701363325119, "pilot/throttle": 0.7046493887901306, "milliseconds": 717441}