{"cam/image_array": "783_cam-image_array_.jpg", "user/angle": 0.030396435438093204, "user/throttle": 0.0, "user/mode": "local", "pilot/angle": -0.06230712682008743, "pilot/throttle": 0.7066379189491272, "milliseconds": 184890}