{"cam/image_array": "4581_cam-image_array_.jpg", "user/angle": 0.030396435438093204, "user/throttle": 0.0, "user/mode": "local", "pilot/angle": -0.3324880599975586, "pilot/throttle": 0.7128156423568726, "milliseconds": 1036504}