{"cam/image_array": "2991_cam-image_array_.jpg", "user/angle": 0.030396435438093204, "user/throttle": 0.0, "user/mode": "local", "pilot/angle": 0.9573460817337036, "pilot/throttle": 0.5700508952140808, "milliseconds": 679993}