{"cam/image_array": "2186_cam-image_array_.jpg", "user/angle": 0.030396435438093204, "user/throttle": 0.0, "user/mode": "local", "pilot/angle": 0.08107002079486847, "pilot/throttle": 0.49939724802970886, "milliseconds": 499497}