{"cam/image_array": "3809_cam-image_array_.jpg", "user/angle": 0.030396435438093204, "user/throttle": 0.0, "user/mode": "local", "pilot/angle": -0.051524996757507324, "pilot/throttle": 0.5374602675437927, "milliseconds": 863405}