{"cam/image_array": "1909_cam-image_array_.jpg", "user/angle": 0.030396435438093204, "user/throttle": 0.0, "user/mode": "local", "pilot/angle": -0.029578126966953278, "pilot/throttle": 0.6754674315452576, "milliseconds": 437381}