{"cam/image_array": "2434_cam-image_array_.jpg", "user/angle": 0.030396435438093204, "user/throttle": 0.0, "user/mode": "local", "pilot/angle": -0.16715314984321594, "pilot/throttle": 0.7055178284645081, "milliseconds": 555104}