{"cam/image_array": "4108_cam-image_array_.jpg", "user/angle": 0.030396435438093204, "user/throttle": 0.0, "user/mode": "local", "pilot/angle": -0.3047223389148712, "pilot/throttle": 0.7016661167144775, "milliseconds": 930447}