{"cam/image_array": "478_cam-image_array_.jpg", "user/angle": 0.030396435438093204, "user/throttle": 0.0, "user/mode": "local", "pilot/angle": 0.12294700741767883, "pilot/throttle": 0.10120365023612976, "milliseconds": 116515}