{"cam/image_array": "439_cam-image_array_.jpg", "user/angle": 0.030396435438093204, "user/throttle": 0.0, "user/mode": "local", "pilot/angle": 0.61316978931427, "pilot/throttle": 0.6694044470787048, "milliseconds": 107770}