{"cam/image_array": "3593_cam-image_array_.jpg", "user/angle": 0.030396435438093204, "user/throttle": 0.0, "user/mode": "local", "pilot/angle": 0.1575470268726349, "pilot/throttle": 0.5202162265777588, "milliseconds": 814971}