{"cam/image_array": "1122_cam-image_array_.jpg", "user/angle": 0.030396435438093204, "user/throttle": 0.0, "user/mode": "local", "pilot/angle": 0.953528642654419, "pilot/throttle": 0.6631821393966675, "milliseconds": 260904}