{"cam/image_array": "3571_cam-image_array_.jpg", "user/angle": 0.030396435438093204, "user/throttle": 0.0, "user/mode": "local", "pilot/angle": 0.24943846464157104, "pilot/throttle": 0.7476251125335693, "milliseconds": 810041}