{"cam/image_array": "3618_cam-image_array_.jpg", "user/angle": 0.030396435438093204, "user/throttle": 0.0, "user/mode": "local", "pilot/angle": 0.11425487697124481, "pilot/throttle": 0.7920331358909607, "milliseconds": 820575}