{"cam/image_array": "2486_cam-image_array_.jpg", "user/angle": 0.030396435438093204, "user/throttle": 0.0, "user/mode": "local", "pilot/angle": 0.032421011477708817, "pilot/throttle": 0.7009744644165039, "milliseconds": 566763}