{"cam/image_array": "4562_cam-image_array_.jpg", "user/angle": 0.030396435438093204, "user/throttle": 0.0, "user/mode": "local", "pilot/angle": -0.029871754348278046, "pilot/throttle": 0.6589442491531372, "milliseconds": 1032244}