{"cam/image_array": "689_cam-image_array_.jpg", "user/angle": 0.030396435438093204, "user/throttle": 0.0, "user/mode": "local", "pilot/angle": 0.05026762932538986, "pilot/throttle": 0.6049816608428955, "milliseconds": 163812}