{"cam/image_array": "3438_cam-image_array_.jpg", "user/angle": 0.030396435438093204, "user/throttle": 0.0, "user/mode": "local", "pilot/angle": 0.1597939133644104, "pilot/throttle": 0.6095121502876282, "milliseconds": 780220}