{"cam/image_array": "258_cam-image_array_.jpg", "user/angle": 0.030396435438093204, "user/throttle": 0.0, "user/mode": "local", "pilot/angle": -0.5827234387397766, "pilot/throttle": 0.6483004093170166, "milliseconds": 67185}