{"cam/image_array": "4495_cam-image_array_.jpg", "user/angle": 0.030396435438093204, "user/throttle": 0.0, "user/mode": "local", "pilot/angle": 0.7140618562698364, "pilot/throttle": 0.3195396959781647, "milliseconds": 1017219}