{"cam/image_array": "1808_cam-image_array_.jpg", "user/angle": 0.030396435438093204, "user/throttle": 0.0, "user/mode": "local", "pilot/angle": -0.08916788548231125, "pilot/throttle": 0.7226661443710327, "milliseconds": 414733}