{"cam/image_array": "2724_cam-image_array_.jpg", "user/angle": 0.030396435438093204, "user/throttle": 0.0, "user/mode": "local", "pilot/angle": 0.049160510301589966, "pilot/throttle": 0.4451372027397156, "milliseconds": 620125}