{"cam/image_array": "91_cam-image_array_.jpg", "user/angle": 0.030396435438093204, "user/throttle": 0.0, "user/mode": "local", "pilot/angle": 0.030571896582841873, "pilot/throttle": 0.713829517364502, "milliseconds": 29737}