{"cam/image_array": "1329_cam-image_array_.jpg", "user/angle": 0.030396435438093204, "user/throttle": 0.0, "user/mode": "local", "pilot/angle": 0.39882904291152954, "pilot/throttle": 0.6593648791313171, "milliseconds": 307319}