{"cam/image_array": "1691_cam-image_array_.jpg", "user/angle": 0.030396435438093204, "user/throttle": 0.0, "user/mode": "local", "pilot/angle": 0.4702337682247162, "pilot/throttle": 0.7149072289466858, "milliseconds": 388490}