{"cam/image_array": "2879_cam-image_array_.jpg", "user/angle": 0.030396435438093204, "user/throttle": 0.0, "user/mode": "local", "pilot/angle": 0.5396401882171631, "pilot/throttle": 0.6182909607887268, "milliseconds": 654876}