{"cam/image_array": "1377_cam-image_array_.jpg", "user/angle": 0.030396435438093204, "user/throttle": 0.0, "user/mode": "local", "pilot/angle": 0.9287041425704956, "pilot/throttle": 0.546006441116333, "milliseconds": 318078}