{"cam/image_array": "2151_cam-image_array_.jpg", "user/angle": 0.030396435438093204, "user/throttle": 0.0, "user/mode": "local", "pilot/angle": 0.9452829957008362, "pilot/throttle": 0.6184691786766052, "milliseconds": 491649}