{"cam/image_array": "4078_cam-image_array_.jpg", "user/angle": 0.030396435438093204, "user/throttle": 0.0, "user/mode": "local", "pilot/angle": 0.8840264678001404, "pilot/throttle": 0.3306962847709656, "milliseconds": 923721}