{"cam/image_array": "375_cam-image_array_.jpg", "user/angle": 0.030396435438093204, "user/throttle": 0.0, "user/mode": "local", "pilot/angle": 0.762154221534729, "pilot/throttle": 0.576164186000824, "milliseconds": 93418}