{"cam/image_array": "1261_cam-image_array_.jpg", "user/angle": 0.030396435438093204, "user/throttle": 0.0, "user/mode": "local", "pilot/angle": 0.41367724537849426, "pilot/throttle": 0.5487763285636902, "milliseconds": 292071}