{"cam/image_array": "3117_cam-image_array_.jpg", "user/angle": 0.030396435438093204, "user/throttle": 0.0, "user/mode": "local", "pilot/angle": -0.0986759141087532, "pilot/throttle": 0.7296078205108643, "milliseconds": 708249}