{"cam/image_array": "4153_cam-image_array_.jpg", "user/angle": 0.030396435438093204, "user/throttle": 0.0, "user/mode": "local", "pilot/angle": -0.07443181425333023, "pilot/throttle": 0.6432455778121948, "milliseconds": 940540}