{"cam/image_array": "463_cam-image_array_.jpg", "user/angle": 0.030396435438093204, "user/throttle": 0.0, "user/mode": "local", "pilot/angle": 0.9233595728874207, "pilot/throttle": 0.5131574869155884, "milliseconds": 113152}