{"cam/image_array": "4087_cam-image_array_.jpg", "user/angle": 0.030396435438093204, "user/throttle": 0.0, "user/mode": "local", "pilot/angle": 0.2749347984790802, "pilot/throttle": 0.6767793893814087, "milliseconds": 925738}