{"cam/image_array": "3943_cam-image_array_.jpg", "user/angle": 0.030396435438093204, "user/throttle": 0.0, "user/mode": "local", "pilot/angle": 0.06978253275156021, "pilot/throttle": 0.6228339076042175, "milliseconds": 893456}