{"cam/image_array": "4381_cam-image_array_.jpg", "user/angle": 0.030396435438093204, "user/throttle": 0.0, "user/mode": "local", "pilot/angle": 0.6319273114204407, "pilot/throttle": 0.6867635250091553, "milliseconds": 991662}