{"cam/image_array": "4169_cam-image_array_.jpg", "user/angle": 0.030396435438093204, "user/throttle": 0.0, "user/mode": "local", "pilot/angle": 0.684964656829834, "pilot/throttle": 0.5440298914909363, "milliseconds": 944128}