{"cam/image_array": "4206_cam-image_array_.jpg", "user/angle": 0.030396435438093204, "user/throttle": 0.0, "user/mode": "local", "pilot/angle": -0.17327314615249634, "pilot/throttle": 0.7485342621803284, "milliseconds": 952430}