{"cam/image_array": "2733_cam-image_array_.jpg", "user/angle": 0.030396435438093204, "user/throttle": 0.0, "user/mode": "local", "pilot/angle": 0.67473304271698, "pilot/throttle": 0.6492097973823547, "milliseconds": 622143}