{"cam/image_array": "4174_cam-image_array_.jpg", "user/angle": 0.030396435438093204, "user/throttle": 0.0, "user/mode": "local", "pilot/angle": 0.9959644079208374, "pilot/throttle": 0.4087950885295868, "milliseconds": 945250}