{"cam/image_array": "3729_cam-image_array_.jpg", "user/angle": 0.030396435438093204, "user/throttle": 0.0, "user/mode": "local", "pilot/angle": -0.25795477628707886, "pilot/throttle": 0.6983199715614319, "milliseconds": 845469}