{"cam/image_array": "4600_cam-image_array_.jpg", "user/angle": 0.030396435438093204, "user/throttle": 0.0, "user/mode": "local", "pilot/angle": 0.9730051159858704, "pilot/throttle": 0.5300852656364441, "milliseconds": 1040766}