{"cam/image_array": "2087_cam-image_array_.jpg", "user/angle": 0.030396435438093204, "user/throttle": 0.0, "user/mode": "local", "pilot/angle": -0.017586179077625275, "pilot/throttle": 0.6193512678146362, "milliseconds": 477299}