{"cam/image_array": "979_cam-image_array_.jpg", "user/angle": 0.030396435438093204, "user/throttle": 0.0, "user/mode": "local", "pilot/angle": 0.06226026266813278, "pilot/throttle": 0.7867271304130554, "milliseconds": 228840}