{"cam/image_array": "2014_cam-image_array_.jpg", "user/angle": 0.030396435438093204, "user/throttle": 0.0, "user/mode": "local", "pilot/angle": 0.7892419695854187, "pilot/throttle": 0.38522079586982727, "milliseconds": 460924}