{"cam/image_array": "3553_cam-image_array_.jpg", "user/angle": 0.030396435438093204, "user/throttle": 0.0, "user/mode": "local", "pilot/angle": 0.5539162755012512, "pilot/throttle": 0.4422144889831543, "milliseconds": 806004}