{"cam/image_array": "527_cam-image_array_.jpg", "user/angle": 0.030396435438093204, "user/throttle": 0.0, "user/mode": "local", "pilot/angle": -0.04931595176458359, "pilot/throttle": 0.7067030668258667, "milliseconds": 127500}