{"cam/image_array": "3418_cam-image_array_.jpg", "user/angle": 0.030396435438093204, "user/throttle": 0.0, "user/mode": "local", "pilot/angle": 0.919178307056427, "pilot/throttle": 0.4343301057815552, "milliseconds": 775737}