{"cam/image_array": "3262_cam-image_array_.jpg", "user/angle": 0.030396435438093204, "user/throttle": 0.0, "user/mode": "local", "pilot/angle": -0.8202874660491943, "pilot/throttle": 0.6058558821678162, "milliseconds": 740762}