{"cam/image_array": "3632_cam-image_array_.jpg", "user/angle": 0.030396435438093204, "user/throttle": 0.0, "user/mode": "local", "pilot/angle": 0.5780153274536133, "pilot/throttle": 0.6919727325439453, "milliseconds": 823721}