{"cam/image_array": "4117_cam-image_array_.jpg", "user/angle": 0.030396435438093204, "user/throttle": 0.0, "user/mode": "local", "pilot/angle": 0.8545314073562622, "pilot/throttle": 0.6234104633331299, "milliseconds": 932465}