{"cam/image_array": "487_cam-image_array_.jpg", "user/angle": 0.030396435438093204, "user/throttle": 0.0, "user/mode": "local", "pilot/angle": 0.03589223325252533, "pilot/throttle": 0.7093092799186707, "milliseconds": 118532}