{"cam/image_array": "3384_cam-image_array_.jpg", "user/angle": 0.030396435438093204, "user/throttle": 0.0, "user/mode": "local", "pilot/angle": 0.5043435096740723, "pilot/throttle": 0.2804863750934601, "milliseconds": 768114}