{"cam/image_array": "601_cam-image_array_.jpg", "user/angle": 0.030396435438093204, "user/throttle": 0.0, "user/mode": "local", "pilot/angle": 0.06255556643009186, "pilot/throttle": 0.6642429828643799, "milliseconds": 144088}