{"cam/image_array": "906_cam-image_array_.jpg", "user/angle": 0.030396435438093204, "user/throttle": 0.0, "user/mode": "local", "pilot/angle": -0.08815383166074753, "pilot/throttle": 0.7743020057678223, "milliseconds": 212466}