{"cam/image_array": "3148_cam-image_array_.jpg", "user/angle": 0.030396435438093204, "user/throttle": 0.0, "user/mode": "local", "pilot/angle": 0.06971415877342224, "pilot/throttle": 0.6880242228507996, "milliseconds": 715197}