{"cam/image_array": "328_cam-image_array_.jpg", "user/angle": 0.030396435438093204, "user/throttle": 0.0, "user/mode": "local", "pilot/angle": 0.928231418132782, "pilot/throttle": 0.3303864300251007, "milliseconds": 82878}