{"cam/image_array": "3940_cam-image_array_.jpg", "user/angle": 0.030396435438093204, "user/throttle": 0.0, "user/mode": "local", "pilot/angle": -0.14817741513252258, "pilot/throttle": 0.6560603976249695, "milliseconds": 892783}