{"cam/image_array": "914_cam-image_array_.jpg", "user/angle": 0.030396435438093204, "user/throttle": 0.0, "user/mode": "local", "pilot/angle": 0.5933645367622375, "pilot/throttle": 0.682223916053772, "milliseconds": 214261}