{"cam/image_array": "3626_cam-image_array_.jpg", "user/angle": 0.030396435438093204, "user/throttle": 0.0, "user/mode": "local", "pilot/angle": 0.02493956685066223, "pilot/throttle": 0.6648897528648376, "milliseconds": 822373}