{"cam/image_array": "9_cam-image_array_.jpg", "user/angle": 0.030396435438093204, "user/throttle": 0.0, "user/mode": "local", "pilot/angle": -0.060513727366924286, "pilot/throttle": 0.3836390972137451, "milliseconds": 11316}