{"cam/image_array": "1019_cam-image_array_.jpg", "user/angle": 0.030396435438093204, "user/throttle": 0.0, "user/mode": "local", "pilot/angle": -0.19030418992042542, "pilot/throttle": 0.6976908445358276, "milliseconds": 237808}