{"cam/image_array": "4488_cam-image_array_.jpg", "user/angle": 0.030396435438093204, "user/throttle": 0.0, "user/mode": "local", "pilot/angle": -0.18140080571174622, "pilot/throttle": 0.7483665943145752, "milliseconds": 1015650}