{"cam/image_array": "3893_cam-image_array_.jpg", "user/angle": 0.030396435438093204, "user/throttle": 0.0, "user/mode": "local", "pilot/angle": 0.8200131058692932, "pilot/throttle": 0.4344549775123596, "milliseconds": 882245}