{"cam/image_array": "1846_cam-image_array_.jpg", "user/angle": 0.030396435438093204, "user/throttle": 0.0, "user/mode": "local", "pilot/angle": -0.08033718913793564, "pilot/throttle": 0.7376171946525574, "milliseconds": 423254}