{"cam/image_array": "3047_cam-image_array_.jpg", "user/angle": 0.030396435438093204, "user/throttle": 0.0, "user/mode": "local", "pilot/angle": 0.8581763505935669, "pilot/throttle": 0.30919018387794495, "milliseconds": 692552}