{"cam/image_array": "2340_cam-image_array_.jpg", "user/angle": 0.030396435438093204, "user/throttle": 0.0, "user/mode": "local", "pilot/angle": -0.07135125249624252, "pilot/throttle": 0.6967203617095947, "milliseconds": 534028}