{"cam/image_array": "458_cam-image_array_.jpg", "user/angle": 0.030396435438093204, "user/throttle": 0.0, "user/mode": "local", "pilot/angle": 0.9049842953681946, "pilot/throttle": 0.758272111415863, "milliseconds": 112031}