{"cam/image_array": "4324_cam-image_array_.jpg", "user/angle": 0.030396435438093204, "user/throttle": 0.0, "user/mode": "local", "pilot/angle": 0.513847291469574, "pilot/throttle": 0.23982229828834534, "milliseconds": 978880}