{"cam/image_array": "4264_cam-image_array_.jpg", "user/angle": 0.030396435438093204, "user/throttle": 0.0, "user/mode": "local", "pilot/angle": 0.8173863291740417, "pilot/throttle": 0.30723002552986145, "milliseconds": 965432}