{"cam/image_array": "2602_cam-image_array_.jpg", "user/angle": 0.030396435438093204, "user/throttle": 0.0, "user/mode": "local", "pilot/angle": -0.7216206192970276, "pilot/throttle": 0.6587218046188354, "milliseconds": 592776}