{"cam/image_array": "3487_cam-image_array_.jpg", "user/angle": 0.030396435438093204, "user/throttle": 0.0, "user/mode": "local", "pilot/angle": 0.313484787940979, "pilot/throttle": 0.704845666885376, "milliseconds": 791210}