{"cam/image_array": "3339_cam-image_array_.jpg", "user/angle": 0.030396435438093204, "user/throttle": 0.0, "user/mode": "local", "pilot/angle": -0.16659143567085266, "pilot/throttle": 0.6934425830841064, "milliseconds": 758025}