{"cam/image_array": "2473_cam-image_array_.jpg", "user/angle": 0.030396435438093204, "user/throttle": 0.0, "user/mode": "local", "pilot/angle": 0.6325052976608276, "pilot/throttle": 0.5368378758430481, "milliseconds": 563848}