{"cam/image_array": "4263_cam-image_array_.jpg", "user/angle": 0.030396435438093204, "user/throttle": 0.0, "user/mode": "local", "pilot/angle": 0.8632175922393799, "pilot/throttle": 0.43714386224746704, "milliseconds": 965208}