{"cam/image_array": "3758_cam-image_array_.jpg", "user/angle": 0.030396435438093204, "user/throttle": 0.0, "user/mode": "local", "pilot/angle": -0.018092498183250427, "pilot/throttle": 0.7926197648048401, "milliseconds": 851973}