{"cam/image_array": "1989_cam-image_array_.jpg", "user/angle": 0.030396435438093204, "user/throttle": 0.0, "user/mode": "local", "pilot/angle": 0.055402543395757675, "pilot/throttle": 0.6869882345199585, "milliseconds": 455321}