{"cam/image_array": "4481_cam-image_array_.jpg", "user/angle": 0.030396435438093204, "user/throttle": 0.0, "user/mode": "local", "pilot/angle": -0.5533928871154785, "pilot/throttle": 0.760234534740448, "milliseconds": 1014079}