{"cam/image_array": "854_cam-image_array_.jpg", "user/angle": 0.030396435438093204, "user/throttle": 0.0, "user/mode": "local", "pilot/angle": -0.011503413319587708, "pilot/throttle": 0.6099933385848999, "milliseconds": 200809}