{"cam/image_array": "4570_cam-image_array_.jpg", "user/angle": 0.030396435438093204, "user/throttle": 0.0, "user/mode": "local", "pilot/angle": 0.128048837184906, "pilot/throttle": 0.6955797672271729, "milliseconds": 1034038}