{"cam/image_array": "2723_cam-image_array_.jpg", "user/angle": 0.030396435438093204, "user/throttle": 0.0, "user/mode": "local", "pilot/angle": 0.056201837956905365, "pilot/throttle": 0.4509493112564087, "milliseconds": 619900}