{"cam/image_array": "1068_cam-image_array_.jpg", "user/angle": 0.030396435438093204, "user/throttle": 0.0, "user/mode": "local", "pilot/angle": 0.018150970339775085, "pilot/throttle": 0.6760280132293701, "milliseconds": 248797}