{"cam/image_array": "978_cam-image_array_.jpg", "user/angle": 0.030396435438093204, "user/throttle": 0.0, "user/mode": "local", "pilot/angle": 0.0052977055311203, "pilot/throttle": 0.6140159964561462, "milliseconds": 228615}