{"cam/image_array": "1027_cam-image_array_.jpg", "user/angle": 0.030396435438093204, "user/throttle": 0.0, "user/mode": "local", "pilot/angle": 0.8831486105918884, "pilot/throttle": 0.5711504817008972, "milliseconds": 239602}