{"cam/image_array": "153_cam-image_array_.jpg", "user/angle": 0.030396435438093204, "user/throttle": 0.0, "user/mode": "local", "pilot/angle": 0.11389009654521942, "pilot/throttle": 0.5538719296455383, "milliseconds": 43634}