{"cam/image_array": "329_cam-image_array_.jpg", "user/angle": 0.030396435438093204, "user/throttle": 0.0, "user/mode": "local", "pilot/angle": 0.8994399309158325, "pilot/throttle": 0.27486246824264526, "milliseconds": 83102}