{"cam/image_array": "2610_cam-image_array_.jpg", "user/angle": 0.030396435438093204, "user/throttle": 0.0, "user/mode": "local", "pilot/angle": 0.6710828542709351, "pilot/throttle": 0.6100863218307495, "milliseconds": 594570}