{"cam/image_array": "2628_cam-image_array_.jpg", "user/angle": 0.030396435438093204, "user/throttle": 0.0, "user/mode": "local", "pilot/angle": 0.012419961392879486, "pilot/throttle": 0.6002783179283142, "milliseconds": 598605}