{"cam/image_array": "27_cam-image_array_.jpg", "user/angle": 0.030396435438093204, "user/throttle": 0.0, "user/mode": "local", "pilot/angle": 0.27850186824798584, "pilot/throttle": 0.4828536808490753, "milliseconds": 15355}