{"cam/image_array": "4237_cam-image_array_.jpg", "user/angle": 0.030396435438093204, "user/throttle": 0.0, "user/mode": "local", "pilot/angle": 0.6790816187858582, "pilot/throttle": 0.6761298775672913, "milliseconds": 959381}