{"cam/image_array": "33_cam-image_array_.jpg", "user/angle": 0.030396435438093204, "user/throttle": 0.0, "user/mode": "local", "pilot/angle": 0.26768890023231506, "pilot/throttle": 0.17550191283226013, "milliseconds": 16701}