{"cam/image_array": "1349_cam-image_array_.jpg", "user/angle": 0.030396435438093204, "user/throttle": 0.0, "user/mode": "local", "pilot/angle": 0.2334279716014862, "pilot/throttle": 0.7189241647720337, "milliseconds": 311799}