{"cam/image_array": "480_cam-image_array_.jpg", "user/angle": 0.030396435438093204, "user/throttle": 0.0, "user/mode": "local", "pilot/angle": 0.60209059715271, "pilot/throttle": 0.4317076504230499, "milliseconds": 116963}