{"cam/image_array": "3745_cam-image_array_.jpg", "user/angle": 0.030396435438093204, "user/throttle": 0.0, "user/mode": "local", "pilot/angle": 0.9218875169754028, "pilot/throttle": 0.5193083882331848, "milliseconds": 849057}