{"cam/image_array": "400_cam-image_array_.jpg", "user/angle": 0.030396435438093204, "user/throttle": 0.0, "user/mode": "local", "pilot/angle": 0.04622802138328552, "pilot/throttle": 0.6713780164718628, "milliseconds": 99028}