{"cam/image_array": "1542_cam-image_array_.jpg", "user/angle": 0.030396435438093204, "user/throttle": 0.0, "user/mode": "local", "pilot/angle": 0.3430873155593872, "pilot/throttle": 0.5733671188354492, "milliseconds": 355071}