{"cam/image_array": "3522_cam-image_array_.jpg", "user/angle": 0.030396435438093204, "user/throttle": 0.0, "user/mode": "local", "pilot/angle": 0.9117426872253418, "pilot/throttle": 0.4835972189903259, "milliseconds": 799054}