{"cam/image_array": "915_cam-image_array_.jpg", "user/angle": 0.030396435438093204, "user/throttle": 0.0, "user/mode": "local", "pilot/angle": 0.5992832779884338, "pilot/throttle": 0.6257173418998718, "milliseconds": 214485}