{"cam/image_array": "4284_cam-image_array_.jpg", "user/angle": 0.030396435438093204, "user/throttle": 0.0, "user/mode": "local", "pilot/angle": 0.5028594136238098, "pilot/throttle": 0.5776952505111694, "milliseconds": 969915}