{"cam/image_array": "2182_cam-image_array_.jpg", "user/angle": 0.030396435438093204, "user/throttle": 0.0, "user/mode": "local", "pilot/angle": -0.062323056161403656, "pilot/throttle": 0.6791206002235413, "milliseconds": 498599}