{"cam/image_array": "1215_cam-image_array_.jpg", "user/angle": 0.030396435438093204, "user/throttle": 0.0, "user/mode": "local", "pilot/angle": 0.8422881364822388, "pilot/throttle": 0.5347400903701782, "milliseconds": 281752}