{"cam/image_array": "3757_cam-image_array_.jpg", "user/angle": 0.030396435438093204, "user/throttle": 0.0, "user/mode": "local", "pilot/angle": -0.04194369167089462, "pilot/throttle": 0.6757670044898987, "milliseconds": 851748}