{"cam/image_array": "3789_cam-image_array_.jpg", "user/angle": 0.030396435438093204, "user/throttle": 0.0, "user/mode": "local", "pilot/angle": 0.1304117739200592, "pilot/throttle": 0.8486734628677368, "milliseconds": 858921}