{"cam/image_array": "2011_cam-image_array_.jpg", "user/angle": 0.030396435438093204, "user/throttle": 0.0, "user/mode": "local", "pilot/angle": 0.606478214263916, "pilot/throttle": 0.6242397427558899, "milliseconds": 460252}