{"cam/image_array": "2698_cam-image_array_.jpg", "user/angle": 0.030396435438093204, "user/throttle": 0.0, "user/mode": "local", "pilot/angle": -0.2651206851005554, "pilot/throttle": 0.7282916307449341, "milliseconds": 614294}