{"cam/image_array": "1848_cam-image_array_.jpg", "user/angle": 0.030396435438093204, "user/throttle": 0.0, "user/mode": "local", "pilot/angle": 0.33407682180404663, "pilot/throttle": 0.6934948563575745, "milliseconds": 423702}