{"cam/image_array": "4042_cam-image_array_.jpg", "user/angle": 0.030396435438093204, "user/throttle": 0.0, "user/mode": "local", "pilot/angle": 0.6830973625183105, "pilot/throttle": 0.19476380944252014, "milliseconds": 915652}