{"cam/image_array": "1668_cam-image_array_.jpg", "user/angle": 0.030396435438093204, "user/throttle": 0.0, "user/mode": "local", "pilot/angle": -0.41256940364837646, "pilot/throttle": 0.6340769529342651, "milliseconds": 383326}