{"cam/image_array": "2605_cam-image_array_.jpg", "user/angle": 0.030396435438093204, "user/throttle": 0.0, "user/mode": "local", "pilot/angle": -0.42133861780166626, "pilot/throttle": 0.631805956363678, "milliseconds": 593449}