{"cam/image_array": "2158_cam-image_array_.jpg", "user/angle": 0.030396435438093204, "user/throttle": 0.0, "user/mode": "local", "pilot/angle": -0.1779937744140625, "pilot/throttle": 0.7771971821784973, "milliseconds": 493220}