{"cam/image_array": "1053_cam-image_array_.jpg", "user/angle": 0.030396435438093204, "user/throttle": 0.0, "user/mode": "local", "pilot/angle": 0.20063740015029907, "pilot/throttle": 0.6681363582611084, "milliseconds": 245430}