{"cam/image_array": "3480_cam-image_array_.jpg", "user/angle": 0.030396435438093204, "user/throttle": 0.0, "user/mode": "local", "pilot/angle": 0.7074416875839233, "pilot/throttle": 0.2973310053348541, "milliseconds": 789641}