{"cam/image_array": "1026_cam-image_array_.jpg", "user/angle": 0.030396435438093204, "user/throttle": 0.0, "user/mode": "local", "pilot/angle": 0.8936536312103271, "pilot/throttle": 0.7318435907363892, "milliseconds": 239377}