{"cam/image_array": "306_cam-image_array_.jpg", "user/angle": 0.030396435438093204, "user/throttle": 0.0, "user/mode": "local", "pilot/angle": -0.09713170677423477, "pilot/throttle": 0.6081895232200623, "milliseconds": 77947}