{"cam/image_array": "4299_cam-image_array_.jpg", "user/angle": 0.030396435438093204, "user/throttle": 0.0, "user/mode": "local", "pilot/angle": -0.10037264972925186, "pilot/throttle": 0.7218619585037231, "milliseconds": 973277}