{"cam/image_array": "1915_cam-image_array_.jpg", "user/angle": 0.030396435438093204, "user/throttle": 0.0, "user/mode": "local", "pilot/angle": 0.17843231558799744, "pilot/throttle": 0.7460214495658875, "milliseconds": 438725}