{"cam/image_array": "1182_cam-image_array_.jpg", "user/angle": 0.030396435438093204, "user/throttle": 0.0, "user/mode": "local", "pilot/angle": 0.09895600378513336, "pilot/throttle": 0.7150758504867554, "milliseconds": 274355}