{"cam/image_array": "3965_cam-image_array_.jpg", "user/angle": 0.030396435438093204, "user/throttle": 0.0, "user/mode": "local", "pilot/angle": 0.15989288687705994, "pilot/throttle": 0.5204588770866394, "milliseconds": 898387}