{"cam/image_array": "4052_cam-image_array_.jpg", "user/angle": 0.030396435438093204, "user/throttle": 0.0, "user/mode": "local", "pilot/angle": -0.1584985852241516, "pilot/throttle": 0.8645182847976685, "milliseconds": 917892}