{"cam/image_array": "887_cam-image_array_.jpg", "user/angle": 0.030396435438093204, "user/throttle": 0.0, "user/mode": "local", "pilot/angle": 0.2766313850879669, "pilot/throttle": 0.4255250096321106, "milliseconds": 208208}