{"cam/image_array": "2259_cam-image_array_.jpg", "user/angle": 0.030396435438093204, "user/throttle": 0.0, "user/mode": "local", "pilot/angle": 0.8536142706871033, "pilot/throttle": 0.6980887651443481, "milliseconds": 515865}