{"cam/image_array": "474_cam-image_array_.jpg", "user/angle": 0.030396435438093204, "user/throttle": 0.0, "user/mode": "local", "pilot/angle": -0.03263118118047714, "pilot/throttle": 0.7505860924720764, "milliseconds": 115618}