{"cam/image_array": "2051_cam-image_array_.jpg", "user/angle": 0.030396435438093204, "user/throttle": 0.0, "user/mode": "local", "pilot/angle": 0.9439730644226074, "pilot/throttle": 0.6341657042503357, "milliseconds": 469225}