{"cam/image_array": "2620_cam-image_array_.jpg", "user/angle": 0.030396435438093204, "user/throttle": 0.0, "user/mode": "local", "pilot/angle": 0.738201379776001, "pilot/throttle": 0.6703554391860962, "milliseconds": 596812}