{"cam/image_array": "4471_cam-image_array_.jpg", "user/angle": 0.030396435438093204, "user/throttle": 0.0, "user/mode": "local", "pilot/angle": 0.0990520566701889, "pilot/throttle": 0.7181835770606995, "milliseconds": 1011837}