{"cam/image_array": "2863_cam-image_array_.jpg", "user/angle": 0.030396435438093204, "user/throttle": 0.0, "user/mode": "local", "pilot/angle": 0.2828586995601654, "pilot/throttle": 0.4285450279712677, "milliseconds": 651288}