{"cam/image_array": "2084_cam-image_array_.jpg", "user/angle": 0.030396435438093204, "user/throttle": 0.0, "user/mode": "local", "pilot/angle": -0.03607272356748581, "pilot/throttle": 0.5830331444740295, "milliseconds": 476627}