{"cam/image_array": "4282_cam-image_array_.jpg", "user/angle": 0.030396435438093204, "user/throttle": 0.0, "user/mode": "local", "pilot/angle": 0.005705125629901886, "pilot/throttle": 0.7412019968032837, "milliseconds": 969467}