{"cam/image_array": "1912_cam-image_array_.jpg", "user/angle": 0.030396435438093204, "user/throttle": 0.0, "user/mode": "local", "pilot/angle": 0.01264827698469162, "pilot/throttle": 0.7283093929290771, "milliseconds": 438053}