{"cam/image_array": "907_cam-image_array_.jpg", "user/angle": 0.030396435438093204, "user/throttle": 0.0, "user/mode": "local", "pilot/angle": -0.25456663966178894, "pilot/throttle": 0.6354685425758362, "milliseconds": 212690}