{"cam/image_array": "4133_cam-image_array_.jpg", "user/angle": 0.030396435438093204, "user/throttle": 0.0, "user/mode": "local", "pilot/angle": -0.043920084834098816, "pilot/throttle": 0.754647433757782, "milliseconds": 936051}