{"cam/image_array": "797_cam-image_array_.jpg", "user/angle": 0.030396435438093204, "user/throttle": 0.0, "user/mode": "local", "pilot/angle": 0.5877130627632141, "pilot/throttle": 0.510398805141449, "milliseconds": 188029}