{"cam/image_array": "1805_cam-image_array_.jpg", "user/angle": 0.030396435438093204, "user/throttle": 0.0, "user/mode": "local", "pilot/angle": -0.14191028475761414, "pilot/throttle": 0.8069326877593994, "milliseconds": 414061}