{"cam/image_array": "1180_cam-image_array_.jpg", "user/angle": 0.030396435438093204, "user/throttle": 0.0, "user/mode": "local", "pilot/angle": 0.5464958548545837, "pilot/throttle": 0.5302882790565491, "milliseconds": 273906}