{"cam/image_array": "4190_cam-image_array_.jpg", "user/angle": 0.030396435438093204, "user/throttle": 0.0, "user/mode": "local", "pilot/angle": 0.010493330657482147, "pilot/throttle": 0.7329476475715637, "milliseconds": 948837}