{"cam/image_array": "1838_cam-image_array_.jpg", "user/angle": 0.030396435438093204, "user/throttle": 0.0, "user/mode": "local", "pilot/angle": 0.7711960673332214, "pilot/throttle": 0.5274648070335388, "milliseconds": 421460}