{"cam/image_array": "1022_cam-image_array_.jpg", "user/angle": 0.030396435438093204, "user/throttle": 0.0, "user/mode": "local", "pilot/angle": 0.04976637288928032, "pilot/throttle": 0.7273147702217102, "milliseconds": 238480}