{"cam/image_array": "4549_cam-image_array_.jpg", "user/angle": 0.030396435438093204, "user/throttle": 0.0, "user/mode": "local", "pilot/angle": 0.9084967970848083, "pilot/throttle": 0.43072763085365295, "milliseconds": 1029326}