{"cam/image_array": "4534_cam-image_array_.jpg", "user/angle": 0.030396435438093204, "user/throttle": 0.0, "user/mode": "local", "pilot/angle": 0.034134067595005035, "pilot/throttle": 0.6575785875320435, "milliseconds": 1025962}