{"cam/image_array": "3948_cam-image_array_.jpg", "user/angle": 0.030396435438093204, "user/throttle": 0.0, "user/mode": "local", "pilot/angle": 0.943579375743866, "pilot/throttle": 0.7091616988182068, "milliseconds": 894576}