{"cam/image_array": "2842_cam-image_array_.jpg", "user/angle": 0.030396435438093204, "user/throttle": 0.0, "user/mode": "local", "pilot/angle": 0.13086198270320892, "pilot/throttle": 0.5290876030921936, "milliseconds": 646580}