{"cam/image_array": "838_cam-image_array_.jpg", "user/angle": 0.030396435438093204, "user/throttle": 0.0, "user/mode": "local", "pilot/angle": 0.7791769504547119, "pilot/throttle": 0.5598897933959961, "milliseconds": 197223}