{"cam/image_array": "4272_cam-image_array_.jpg", "user/angle": 0.030396435438093204, "user/throttle": 0.0, "user/mode": "local", "pilot/angle": 0.7586571574211121, "pilot/throttle": 0.5320479869842529, "milliseconds": 967226}