{"cam/image_array": "2887_cam-image_array_.jpg", "user/angle": 0.030396435438093204, "user/throttle": 0.0, "user/mode": "local", "pilot/angle": -0.6954108476638794, "pilot/throttle": 0.6725906729698181, "milliseconds": 656669}