{"cam/image_array": "4331_cam-image_array_.jpg", "user/angle": 0.030396435438093204, "user/throttle": 0.0, "user/mode": "local", "pilot/angle": 0.687315821647644, "pilot/throttle": 0.5702580213546753, "milliseconds": 980450}