{"cam/image_array": "3728_cam-image_array_.jpg", "user/angle": 0.030396435438093204, "user/throttle": 0.0, "user/mode": "local", "pilot/angle": 0.10671764612197876, "pilot/throttle": 0.6503090858459473, "milliseconds": 845244}