{"cam/image_array": "1244_cam-image_array_.jpg", "user/angle": 0.030396435438093204, "user/throttle": 0.0, "user/mode": "local", "pilot/angle": -0.08345042914152145, "pilot/throttle": 0.6611475944519043, "milliseconds": 288253}