{"cam/image_array": "1448_cam-image_array_.jpg", "user/angle": 0.030396435438093204, "user/throttle": 0.0, "user/mode": "local", "pilot/angle": 0.38039422035217285, "pilot/throttle": 0.40156427025794983, "milliseconds": 333996}