{"cam/image_array": "2968_cam-image_array_.jpg", "user/angle": 0.030396435438093204, "user/throttle": 0.0, "user/mode": "local", "pilot/angle": 0.4652881920337677, "pilot/throttle": 0.6881800293922424, "milliseconds": 674835}