{"cam/image_array": "1568_cam-image_array_.jpg", "user/angle": 0.030396435438093204, "user/throttle": 0.0, "user/mode": "local", "pilot/angle": 0.6139103174209595, "pilot/throttle": 0.741978645324707, "milliseconds": 360899}