{"cam/image_array": "4576_cam-image_array_.jpg", "user/angle": 0.030396435438093204, "user/throttle": 0.0, "user/mode": "local", "pilot/angle": -0.18231132626533508, "pilot/throttle": 0.5556265711784363, "milliseconds": 1035384}