{"cam/image_array": "37_cam-image_array_.jpg", "user/angle": 0.030396435438093204, "user/throttle": 0.0, "user/mode": "local", "pilot/angle": 0.5392134189605713, "pilot/throttle": 0.23678264021873474, "milliseconds": 17597}