{"cam/image_array": "291_cam-image_array_.jpg", "user/angle": 0.030396435438093204, "user/throttle": 0.0, "user/mode": "local", "pilot/angle": 0.5159050226211548, "pilot/throttle": 0.5667206645011902, "milliseconds": 74586}