{"cam/image_array": "2574_cam-image_array_.jpg", "user/angle": 0.030396435438093204, "user/throttle": 0.0, "user/mode": "local", "pilot/angle": 0.9145524501800537, "pilot/throttle": 0.36653101444244385, "milliseconds": 586496}