{"cam/image_array": "221_cam-image_array_.jpg", "user/angle": 0.030396435438093204, "user/throttle": 0.0, "user/mode": "local", "pilot/angle": 0.08471328020095825, "pilot/throttle": 0.814350962638855, "milliseconds": 58886}