{"cam/image_array": "3165_cam-image_array_.jpg", "user/angle": 0.030396435438093204, "user/throttle": 0.0, "user/mode": "local", "pilot/angle": -0.40056905150413513, "pilot/throttle": 0.3809502124786377, "milliseconds": 719011}