{"cam/image_array": "583_cam-image_array_.jpg", "user/angle": 0.030396435438093204, "user/throttle": 0.0, "user/mode": "local", "pilot/angle": 0.630241334438324, "pilot/throttle": 0.7590665221214294, "milliseconds": 140055}