{"cam/image_array": "3190_cam-image_array_.jpg", "user/angle": 0.030396435438093204, "user/throttle": 0.0, "user/mode": "local", "pilot/angle": -0.03252692520618439, "pilot/throttle": 0.8489699959754944, "milliseconds": 724616}