{"cam/image_array": "1077_cam-image_array_.jpg", "user/angle": 0.030396435438093204, "user/throttle": 0.0, "user/mode": "local", "pilot/angle": 0.34125766158103943, "pilot/throttle": 0.22887000441551208, "milliseconds": 250815}