{"cam/image_array": "4313_cam-image_array_.jpg", "user/angle": 0.030396435438093204, "user/throttle": 0.0, "user/mode": "local", "pilot/angle": 0.8277921080589294, "pilot/throttle": 0.5721443891525269, "milliseconds": 976415}