{"cam/image_array": "4586_cam-image_array_.jpg", "user/angle": 0.030396435438093204, "user/throttle": 0.0, "user/mode": "local", "pilot/angle": 0.4643697738647461, "pilot/throttle": 0.6798128485679626, "milliseconds": 1037624}