{"cam/image_array": "1263_cam-image_array_.jpg", "user/angle": 0.030396435438093204, "user/throttle": 0.0, "user/mode": "local", "pilot/angle": 0.6974325776100159, "pilot/throttle": 0.4271559715270996, "milliseconds": 292520}