{"cam/image_array": "4397_cam-image_array_.jpg", "user/angle": 0.030396435438093204, "user/throttle": 0.0, "user/mode": "local", "pilot/angle": 0.7747976779937744, "pilot/throttle": 0.6126109957695007, "milliseconds": 995250}