{"cam/image_array": "436_cam-image_array_.jpg", "user/angle": 0.030396435438093204, "user/throttle": 0.0, "user/mode": "local", "pilot/angle": 0.1623428463935852, "pilot/throttle": 0.6481742262840271, "milliseconds": 107097}