{"cam/image_array": "1473_cam-image_array_.jpg", "user/angle": 0.030396435438093204, "user/throttle": 0.0, "user/mode": "local", "pilot/angle": 0.7830439209938049, "pilot/throttle": 0.5792261362075806, "milliseconds": 339600}