{"cam/image_array": "3992_cam-image_array_.jpg", "user/angle": 0.030396435438093204, "user/throttle": 0.0, "user/mode": "local", "pilot/angle": 0.041877102106809616, "pilot/throttle": 0.7047300934791565, "milliseconds": 904440}