{"cam/image_array": "2061_cam-image_array_.jpg", "user/angle": 0.030396435438093204, "user/throttle": 0.0, "user/mode": "local", "pilot/angle": 0.6994510293006897, "pilot/throttle": 0.7332305312156677, "milliseconds": 471469}