{"cam/image_array": "2468_cam-image_array_.jpg", "user/angle": 0.030396435438093204, "user/throttle": 0.0, "user/mode": "local", "pilot/angle": 0.07874321937561035, "pilot/throttle": 0.7011927962303162, "milliseconds": 562727}