{"cam/image_array": "557_cam-image_array_.jpg", "user/angle": 0.030396435438093204, "user/throttle": 0.0, "user/mode": "local", "pilot/angle": 0.8560099601745605, "pilot/throttle": 0.7165555357933044, "milliseconds": 134226}