{"cam/image_array": "3887_cam-image_array_.jpg", "user/angle": 0.030396435438093204, "user/throttle": 0.0, "user/mode": "local", "pilot/angle": 0.8038030862808228, "pilot/throttle": 0.38149431347846985, "milliseconds": 880900}