{"cam/image_array": "3545_cam-image_array_.jpg", "user/angle": 0.030396435438093204, "user/throttle": 0.0, "user/mode": "local", "pilot/angle": -0.37447601556777954, "pilot/throttle": 0.7245845198631287, "milliseconds": 804209}