{"cam/image_array": "1028_cam-image_array_.jpg", "user/angle": 0.030396435438093204, "user/throttle": 0.0, "user/mode": "local", "pilot/angle": 0.8558002710342407, "pilot/throttle": 0.47501716017723083, "milliseconds": 239826}