{"cam/image_array": "1895_cam-image_array_.jpg", "user/angle": 0.030396435438093204, "user/throttle": 0.0, "user/mode": "local", "pilot/angle": 0.645965039730072, "pilot/throttle": 0.803077757358551, "milliseconds": 434243}