{"cam/image_array": "3126_cam-image_array_.jpg", "user/angle": 0.030396435438093204, "user/throttle": 0.0, "user/mode": "local", "pilot/angle": 0.04023735597729683, "pilot/throttle": 0.6422213315963745, "milliseconds": 710266}