{"cam/image_array": "4225_cam-image_array_.jpg", "user/angle": 0.030396435438093204, "user/throttle": 0.0, "user/mode": "local", "pilot/angle": -0.07006191462278366, "pilot/throttle": 0.6400908827781677, "milliseconds": 956691}