{"cam/image_array": "680_cam-image_array_.jpg", "user/angle": 0.030396435438093204, "user/throttle": 0.0, "user/mode": "local", "pilot/angle": -0.06156826764345169, "pilot/throttle": 0.7214519381523132, "milliseconds": 161794}