{"cam/image_array": "1651_cam-image_array_.jpg", "user/angle": 0.030396435438093204, "user/throttle": 0.0, "user/mode": "local", "pilot/angle": 0.12272259593009949, "pilot/throttle": 0.7499732375144958, "milliseconds": 379514}