{"cam/image_array": "1285_cam-image_array_.jpg", "user/angle": 0.030396435438093204, "user/throttle": 0.0, "user/mode": "local", "pilot/angle": 0.7316367626190186, "pilot/throttle": 0.6489124298095703, "milliseconds": 297450}