{"cam/image_array": "3633_cam-image_array_.jpg", "user/angle": 0.030396435438093204, "user/throttle": 0.0, "user/mode": "local", "pilot/angle": 0.07322566211223602, "pilot/throttle": 0.7091461420059204, "milliseconds": 823945}