{"cam/image_array": "4040_cam-image_array_.jpg", "user/angle": 0.030396435438093204, "user/throttle": 0.0, "user/mode": "local", "pilot/angle": 0.4995638430118561, "pilot/throttle": 0.7165815830230713, "milliseconds": 915204}