{"cam/image_array": "451_cam-image_array_.jpg", "user/angle": 0.030396435438093204, "user/throttle": 0.0, "user/mode": "local", "pilot/angle": -0.376960813999176, "pilot/throttle": 0.6596664190292358, "milliseconds": 110461}