{"cam/image_array": "4466_cam-image_array_.jpg", "user/angle": 0.030396435438093204, "user/throttle": 0.0, "user/mode": "local", "pilot/angle": -0.03271696716547012, "pilot/throttle": 0.8012552857398987, "milliseconds": 1010717}