{"cam/image_array": "74_cam-image_array_.jpg", "user/angle": 0.030396435438093204, "user/throttle": 0.0, "user/mode": "local", "pilot/angle": -0.22789475321769714, "pilot/throttle": 0.7526575326919556, "milliseconds": 25926}