{"cam/image_array": "2376_cam-image_array_.jpg", "user/angle": 0.030396435438093204, "user/throttle": 0.0, "user/mode": "local", "pilot/angle": 0.2140696942806244, "pilot/throttle": 0.7829740047454834, "milliseconds": 542098}