{"cam/image_array": "2206_cam-image_array_.jpg", "user/angle": 0.030396435438093204, "user/throttle": 0.0, "user/mode": "local", "pilot/angle": 0.6219841241836548, "pilot/throttle": 0.4560852646827698, "milliseconds": 503981}