{"cam/image_array": "594_cam-image_array_.jpg", "user/angle": 0.030396435438093204, "user/throttle": 0.0, "user/mode": "local", "pilot/angle": -0.06786207109689713, "pilot/throttle": 0.42971500754356384, "milliseconds": 142520}