{"cam/image_array": "3900_cam-image_array_.jpg", "user/angle": 0.030396435438093204, "user/throttle": 0.0, "user/mode": "local", "pilot/angle": -0.00779297947883606, "pilot/throttle": 0.6224327087402344, "milliseconds": 883814}