{"cam/image_array": "4254_cam-image_array_.jpg", "user/angle": 0.030396435438093204, "user/throttle": 0.0, "user/mode": "local", "pilot/angle": 0.03134246915578842, "pilot/throttle": 0.6032530069351196, "milliseconds": 963192}