{"cam/image_array": "1580_cam-image_array_.jpg", "user/angle": 0.030396435438093204, "user/throttle": 0.0, "user/mode": "local", "pilot/angle": -0.7302977442741394, "pilot/throttle": 0.6468225121498108, "milliseconds": 363591}