{"cam/image_array": "722_cam-image_array_.jpg", "user/angle": 0.030396435438093204, "user/throttle": 0.0, "user/mode": "local", "pilot/angle": -0.02009863406419754, "pilot/throttle": 0.7556352019309998, "milliseconds": 171209}