{"cam/image_array": "2005_cam-image_array_.jpg", "user/angle": 0.030396435438093204, "user/throttle": 0.0, "user/mode": "local", "pilot/angle": 0.0652022510766983, "pilot/throttle": 0.6398213505744934, "milliseconds": 458907}