{"cam/image_array": "2449_cam-image_array_.jpg", "user/angle": 0.030396435438093204, "user/throttle": 0.0, "user/mode": "local", "pilot/angle": -0.019252993166446686, "pilot/throttle": 0.6682183146476746, "milliseconds": 558468}