{"cam/image_array": "2535_cam-image_array_.jpg", "user/angle": 0.030396435438093204, "user/throttle": 0.0, "user/mode": "local", "pilot/angle": 0.11747106909751892, "pilot/throttle": 0.3881731331348419, "milliseconds": 577749}