{"cam/image_array": "3407_cam-image_array_.jpg", "user/angle": 0.030396435438093204, "user/throttle": 0.0, "user/mode": "local", "pilot/angle": -0.04048130661249161, "pilot/throttle": 0.7559146285057068, "milliseconds": 773270}