{"cam/image_array": "1103_cam-image_array_.jpg", "user/angle": 0.030396435438093204, "user/throttle": 0.0, "user/mode": "local", "pilot/angle": 0.37079164385795593, "pilot/throttle": 0.6810899972915649, "milliseconds": 256643}