{"cam/image_array": "4105_cam-image_array_.jpg", "user/angle": 0.030396435438093204, "user/throttle": 0.0, "user/mode": "local", "pilot/angle": -0.045416541397571564, "pilot/throttle": 0.6995245218276978, "milliseconds": 929774}