{"cam/image_array": "152_cam-image_array_.jpg", "user/angle": 0.030396435438093204, "user/throttle": 0.0, "user/mode": "local", "pilot/angle": 0.013002384454011917, "pilot/throttle": 0.7336992025375366, "milliseconds": 43409}