{"cam/image_array": "431_cam-image_array_.jpg", "user/angle": 0.030396435438093204, "user/throttle": 0.0, "user/mode": "local", "pilot/angle": -0.0599822923541069, "pilot/throttle": 0.7674686312675476, "milliseconds": 105977}