{"cam/image_array": "3182_cam-image_array_.jpg", "user/angle": 0.030396435438093204, "user/throttle": 0.0, "user/mode": "local", "pilot/angle": 1.016849398612976, "pilot/throttle": 0.6195791959762573, "milliseconds": 722823}