{"cam/image_array": "1525_cam-image_array_.jpg", "user/angle": 0.030396435438093204, "user/throttle": 0.0, "user/mode": "local", "pilot/angle": -0.07283241301774979, "pilot/throttle": 0.6767416000366211, "milliseconds": 351259}