{"cam/image_array": "3151_cam-image_array_.jpg", "user/angle": 0.030396435438093204, "user/throttle": 0.0, "user/mode": "local", "pilot/angle": -0.10768165439367294, "pilot/throttle": 0.7083298563957214, "milliseconds": 715871}