{"cam/image_array": "308_cam-image_array_.jpg", "user/angle": 0.030396435438093204, "user/throttle": 0.0, "user/mode": "local", "pilot/angle": -0.039211027324199677, "pilot/throttle": 0.7266415953636169, "milliseconds": 78396}