{"cam/image_array": "3278_cam-image_array_.jpg", "user/angle": 0.030396435438093204, "user/throttle": 0.0, "user/mode": "local", "pilot/angle": 0.6066588759422302, "pilot/throttle": 0.6008601784706116, "milliseconds": 744350}