{"cam/image_array": "4049_cam-image_array_.jpg", "user/angle": 0.030396435438093204, "user/throttle": 0.0, "user/mode": "local", "pilot/angle": -0.016265027225017548, "pilot/throttle": 0.7410185933113098, "milliseconds": 917220}