{"cam/image_array": "2445_cam-image_array_.jpg", "user/angle": 0.030396435438093204, "user/throttle": 0.0, "user/mode": "local", "pilot/angle": 0.8371860980987549, "pilot/throttle": 0.7073238492012024, "milliseconds": 557572}