{"cam/image_array": "2810_cam-image_array_.jpg", "user/angle": 0.030396435438093204, "user/throttle": 0.0, "user/mode": "local", "pilot/angle": 0.5177808403968811, "pilot/throttle": 0.7084976434707642, "milliseconds": 639405}