{"cam/image_array": "2031_cam-image_array_.jpg", "user/angle": 0.030396435438093204, "user/throttle": 0.0, "user/mode": "local", "pilot/angle": 0.038101598620414734, "pilot/throttle": 0.7343583703041077, "milliseconds": 464735}