{"cam/image_array": "537_cam-image_array_.jpg", "user/angle": 0.030396435438093204, "user/throttle": 0.0, "user/mode": "local", "pilot/angle": 0.6030173301696777, "pilot/throttle": 0.6360061168670654, "milliseconds": 129742}