{"cam/image_array": "1852_cam-image_array_.jpg", "user/angle": 0.030396435438093204, "user/throttle": 0.0, "user/mode": "local", "pilot/angle": 0.7334287166595459, "pilot/throttle": 0.6642941832542419, "milliseconds": 424598}