{"cam/image_array": "4227_cam-image_array_.jpg", "user/angle": 0.030396435438093204, "user/throttle": 0.0, "user/mode": "local", "pilot/angle": 0.03834933415055275, "pilot/throttle": 0.6809779405593872, "milliseconds": 957140}