{"cam/image_array": "4305_cam-image_array_.jpg", "user/angle": 0.030396435438093204, "user/throttle": 0.0, "user/mode": "local", "pilot/angle": 0.8058643937110901, "pilot/throttle": 0.5318607687950134, "milliseconds": 974621}