{"cam/image_array": "4246_cam-image_array_.jpg", "user/angle": 0.030396435438093204, "user/throttle": 0.0, "user/mode": "local", "pilot/angle": -0.09670192748308182, "pilot/throttle": 0.6752622127532959, "milliseconds": 961399}