{"cam/image_array": "1152_cam-image_array_.jpg", "user/angle": 0.030396435438093204, "user/throttle": 0.0, "user/mode": "local", "pilot/angle": -0.06991750746965408, "pilot/throttle": 0.6523553729057312, "milliseconds": 267629}