{"cam/image_array": "3246_cam-image_array_.jpg", "user/angle": 0.030396435438093204, "user/throttle": 0.0, "user/mode": "local", "pilot/angle": -0.05107259750366211, "pilot/throttle": 0.7125637531280518, "milliseconds": 737172}