{"cam/image_array": "1214_cam-image_array_.jpg", "user/angle": 0.030396435438093204, "user/throttle": 0.0, "user/mode": "local", "pilot/angle": 0.9744197130203247, "pilot/throttle": 0.7077430486679077, "milliseconds": 281527}