{"cam/image_array": "2361_cam-image_array_.jpg", "user/angle": 0.030396435438093204, "user/throttle": 0.0, "user/mode": "local", "pilot/angle": -0.07716808468103409, "pilot/throttle": 0.6246456503868103, "milliseconds": 538735}