{"cam/image_array": "4266_cam-image_array_.jpg", "user/angle": 0.030396435438093204, "user/throttle": 0.0, "user/mode": "local", "pilot/angle": 1.0406420230865479, "pilot/throttle": 0.3322978615760803, "milliseconds": 965881}