{"cam/image_array": "4386_cam-image_array_.jpg", "user/angle": 0.030396435438093204, "user/throttle": 0.0, "user/mode": "local", "pilot/angle": -0.567095935344696, "pilot/throttle": 0.8446835875511169, "milliseconds": 992784}