{"cam/image_array": "2102_cam-image_array_.jpg", "user/angle": 0.030396435438093204, "user/throttle": 0.0, "user/mode": "local", "pilot/angle": 0.6058294177055359, "pilot/throttle": 0.6030455231666565, "milliseconds": 480661}