{"cam/image_array": "310_cam-image_array_.jpg", "user/angle": 0.030396435438093204, "user/throttle": 0.0, "user/mode": "local", "pilot/angle": 0.06378091871738434, "pilot/throttle": 0.5822558403015137, "milliseconds": 78844}