{"cam/image_array": "293_cam-image_array_.jpg", "user/angle": 0.030396435438093204, "user/throttle": 0.0, "user/mode": "local", "pilot/angle": 0.924420952796936, "pilot/throttle": 0.6697510480880737, "milliseconds": 75034}