{"cam/image_array": "4405_cam-image_array_.jpg", "user/angle": 0.030396435438093204, "user/throttle": 0.0, "user/mode": "local", "pilot/angle": 0.9163399338722229, "pilot/throttle": 0.57763671875, "milliseconds": 997044}