{"cam/image_array": "1062_cam-image_array_.jpg", "user/angle": 0.030396435438093204, "user/throttle": 0.0, "user/mode": "local", "pilot/angle": -0.05769091099500656, "pilot/throttle": 0.6110538244247437, "milliseconds": 247447}