{"cam/image_array": "209_cam-image_array_.jpg", "user/angle": 0.030396435438093204, "user/throttle": 0.0, "user/mode": "local", "pilot/angle": -0.08678936213254929, "pilot/throttle": 0.6649985909461975, "milliseconds": 56196}