{"cam/image_array": "15_cam-image_array_.jpg", "user/angle": 0.030396435438093204, "user/throttle": 0.0, "user/mode": "local", "pilot/angle": -0.11115331202745438, "pilot/throttle": 0.7352757453918457, "milliseconds": 12663}