{"cam/image_array": "338_cam-image_array_.jpg", "user/angle": 0.030396435438093204, "user/throttle": 0.0, "user/mode": "local", "pilot/angle": -0.07715871185064316, "pilot/throttle": 0.5042224526405334, "milliseconds": 85124}