{"cam/image_array": "1517_cam-image_array_.jpg", "user/angle": 0.030396435438093204, "user/throttle": 0.0, "user/mode": "local", "pilot/angle": 1.0728133916854858, "pilot/throttle": 0.660114586353302, "milliseconds": 349467}