{"cam/image_array": "2446_cam-image_array_.jpg", "user/angle": 0.030396435438093204, "user/throttle": 0.0, "user/mode": "local", "pilot/angle": 0.8519067168235779, "pilot/throttle": 0.6674220561981201, "milliseconds": 557795}