{"cam/image_array": "4410_cam-image_array_.jpg", "user/angle": 0.030396435438093204, "user/throttle": 0.0, "user/mode": "local", "pilot/angle": 0.15045040845870972, "pilot/throttle": 0.7712960243225098, "milliseconds": 998164}