{"cam/image_array": "877_cam-image_array_.jpg", "user/angle": 0.030396435438093204, "user/throttle": 0.0, "user/mode": "local", "pilot/angle": -0.07510582357645035, "pilot/throttle": 0.6447164416313171, "milliseconds": 205968}