{"cam/image_array": "834_cam-image_array_.jpg", "user/angle": 0.030396435438093204, "user/throttle": 0.0, "user/mode": "local", "pilot/angle": -0.8525043725967407, "pilot/throttle": 0.7134509682655334, "milliseconds": 196326}