{"cam/image_array": "1355_cam-image_array_.jpg", "user/angle": 0.030396435438093204, "user/throttle": 0.0, "user/mode": "local", "pilot/angle": 0.8714137673377991, "pilot/throttle": 0.28197479248046875, "milliseconds": 313145}