{"cam/image_array": "548_cam-image_array_.jpg", "user/angle": 0.030396435438093204, "user/throttle": 0.0, "user/mode": "local", "pilot/angle": -0.5797224640846252, "pilot/throttle": 0.6756914258003235, "milliseconds": 132208}