{"cam/image_array": "950_cam-image_array_.jpg", "user/angle": 0.030396435438093204, "user/throttle": 0.0, "user/mode": "local", "pilot/angle": 0.09386491775512695, "pilot/throttle": 0.8330849409103394, "milliseconds": 222332}