{"cam/image_array": "4217_cam-image_array_.jpg", "user/angle": 0.030396435438093204, "user/throttle": 0.0, "user/mode": "local", "pilot/angle": 0.9724341034889221, "pilot/throttle": 0.6107983589172363, "milliseconds": 954897}