{"cam/image_array": "3560_cam-image_array_.jpg", "user/angle": 0.030396435438093204, "user/throttle": 0.0, "user/mode": "local", "pilot/angle": 0.8777518272399902, "pilot/throttle": 0.748288094997406, "milliseconds": 807574}