{"cam/image_array": "2862_cam-image_array_.jpg", "user/angle": 0.030396435438093204, "user/throttle": 0.0, "user/mode": "local", "pilot/angle": 0.6994314789772034, "pilot/throttle": 0.5438050627708435, "milliseconds": 651064}