{"cam/image_array": "803_cam-image_array_.jpg", "user/angle": 0.030396435438093204, "user/throttle": 0.0, "user/mode": "local", "pilot/angle": 0.8985130786895752, "pilot/throttle": 0.41312819719314575, "milliseconds": 189375}