{"cam/image_array": "2362_cam-image_array_.jpg", "user/angle": 0.030396435438093204, "user/throttle": 0.0, "user/mode": "local", "pilot/angle": -0.09265627712011337, "pilot/throttle": 0.6756802201271057, "milliseconds": 538959}