{"cam/image_array": "785_cam-image_array_.jpg", "user/angle": 0.030396435438093204, "user/throttle": 0.0, "user/mode": "local", "pilot/angle": 0.009636953473091125, "pilot/throttle": 0.6689634919166565, "milliseconds": 185339}