{"cam/image_array": "2658_cam-image_array_.jpg", "user/angle": 0.030396435438093204, "user/throttle": 0.0, "user/mode": "local", "pilot/angle": 0.010122627019882202, "pilot/throttle": 0.7246654629707336, "milliseconds": 605328}