{"cam/image_array": "1242_cam-image_array_.jpg", "user/angle": 0.030396435438093204, "user/throttle": 0.0, "user/mode": "local", "pilot/angle": -0.2708281874656677, "pilot/throttle": 0.7065767049789429, "milliseconds": 287805}