{"cam/image_array": "1776_cam-image_array_.jpg", "user/angle": 0.030396435438093204, "user/throttle": 0.0, "user/mode": "local", "pilot/angle": 1.0172388553619385, "pilot/throttle": 0.5773904323577881, "milliseconds": 407549}