{"cam/image_array": "2077_cam-image_array_.jpg", "user/angle": 0.030396435438093204, "user/throttle": 0.0, "user/mode": "local", "pilot/angle": 0.9567077159881592, "pilot/throttle": 0.7561004757881165, "milliseconds": 475058}