{"cam/image_array": "4278_cam-image_array_.jpg", "user/angle": 0.030396435438093204, "user/throttle": 0.0, "user/mode": "local", "pilot/angle": -0.05639506131410599, "pilot/throttle": 0.7641859650611877, "milliseconds": 968570}