{"cam/image_array": "2557_cam-image_array_.jpg", "user/angle": 0.030396435438093204, "user/throttle": 0.0, "user/mode": "local", "pilot/angle": -0.015553131699562073, "pilot/throttle": 0.5614066123962402, "milliseconds": 582685}