{"cam/image_array": "3569_cam-image_array_.jpg", "user/angle": 0.030396435438093204, "user/throttle": 0.0, "user/mode": "local", "pilot/angle": -0.01652313768863678, "pilot/throttle": 0.48109668493270874, "milliseconds": 809592}