{"cam/image_array": "1742_cam-image_array_.jpg", "user/angle": 0.030396435438093204, "user/throttle": 0.0, "user/mode": "local", "pilot/angle": 0.585719108581543, "pilot/throttle": 0.5384037494659424, "milliseconds": 399923}