{"cam/image_array": "1236_cam-image_array_.jpg", "user/angle": 0.030396435438093204, "user/throttle": 0.0, "user/mode": "local", "pilot/angle": 1.0357056856155396, "pilot/throttle": 0.7010295391082764, "milliseconds": 286460}