{"cam/image_array": "3323_cam-image_array_.jpg", "user/angle": 0.030396435438093204, "user/throttle": 0.0, "user/mode": "local", "pilot/angle": 0.5742806792259216, "pilot/throttle": 0.4733017086982727, "milliseconds": 754437}