{"cam/image_array": "4384_cam-image_array_.jpg", "user/angle": 0.030396435438093204, "user/throttle": 0.0, "user/mode": "local", "pilot/angle": 0.1526590883731842, "pilot/throttle": 0.5998201966285706, "milliseconds": 992336}