{"cam/image_array": "3295_cam-image_array_.jpg", "user/angle": 0.030396435438093204, "user/throttle": 0.0, "user/mode": "local", "pilot/angle": 0.9359079599380493, "pilot/throttle": 0.7328231930732727, "milliseconds": 748161}