{"cam/image_array": "1760_cam-image_array_.jpg", "user/angle": 0.030396435438093204, "user/throttle": 0.0, "user/mode": "local", "pilot/angle": -0.07110460847616196, "pilot/throttle": 0.6722162365913391, "milliseconds": 403960}