{"cam/image_array": "2523_cam-image_array_.jpg", "user/angle": 0.030396435438093204, "user/throttle": 0.0, "user/mode": "local", "pilot/angle": 0.8822504281997681, "pilot/throttle": 0.6135178804397583, "milliseconds": 575058}