{"cam/image_array": "2277_cam-image_array_.jpg", "user/angle": 0.030396435438093204, "user/throttle": 0.0, "user/mode": "local", "pilot/angle": 0.021307218819856644, "pilot/throttle": 0.6232397556304932, "milliseconds": 519901}