{"cam/image_array": "760_cam-image_array_.jpg", "user/angle": 0.030396435438093204, "user/throttle": 0.0, "user/mode": "local", "pilot/angle": -8.788704872131348e-05, "pilot/throttle": 0.6395859718322754, "milliseconds": 179729}