{"cam/image_array": "1192_cam-image_array_.jpg", "user/angle": 0.030396435438093204, "user/throttle": 0.0, "user/mode": "local", "pilot/angle": 0.5806604027748108, "pilot/throttle": 0.657157301902771, "milliseconds": 276596}