{"cam/image_array": "1781_cam-image_array_.jpg", "user/angle": 0.030396435438093204, "user/throttle": 0.0, "user/mode": "local", "pilot/angle": 0.9861239790916443, "pilot/throttle": 0.5655763149261475, "milliseconds": 408678}