{"cam/image_array": "4449_cam-image_array_.jpg", "user/angle": 0.030396435438093204, "user/throttle": 0.0, "user/mode": "local", "pilot/angle": 0.32149016857147217, "pilot/throttle": 0.384970486164093, "milliseconds": 1006907}