{"cam/image_array": "2961_cam-image_array_.jpg", "user/angle": 0.030396435438093204, "user/throttle": 0.0, "user/mode": "local", "pilot/angle": -0.02213224768638611, "pilot/throttle": 0.5900272130966187, "milliseconds": 673264}