{"cam/image_array": "4303_cam-image_array_.jpg", "user/angle": 0.030396435438093204, "user/throttle": 0.0, "user/mode": "local", "pilot/angle": 0.5569824576377869, "pilot/throttle": 0.5455561280250549, "milliseconds": 974173}