{"cam/image_array": "4146_cam-image_array_.jpg", "user/angle": 0.030396435438093204, "user/throttle": 0.0, "user/mode": "local", "pilot/angle": 0.10921234637498856, "pilot/throttle": 0.6604817509651184, "milliseconds": 938965}