{"cam/image_array": "3084_cam-image_array_.jpg", "user/angle": 0.030396435438093204, "user/throttle": 0.0, "user/mode": "local", "pilot/angle": 0.9754122495651245, "pilot/throttle": 0.6062220931053162, "milliseconds": 700852}