{"cam/image_array": "944_cam-image_array_.jpg", "user/angle": 0.030396435438093204, "user/throttle": 0.0, "user/mode": "local", "pilot/angle": 0.1256028264760971, "pilot/throttle": 0.7472885251045227, "milliseconds": 220987}