{"cam/image_array": "1338_cam-image_array_.jpg", "user/angle": 0.030396435438093204, "user/throttle": 0.0, "user/mode": "local", "pilot/angle": -0.05765385180711746, "pilot/throttle": 0.7470020055770874, "milliseconds": 309335}