{"cam/image_array": "824_cam-image_array_.jpg", "user/angle": 0.030396435438093204, "user/throttle": 0.0, "user/mode": "local", "pilot/angle": 0.6792451739311218, "pilot/throttle": 0.6571929454803467, "milliseconds": 194084}