{"cam/image_array": "1131_cam-image_array_.jpg", "user/angle": 0.030396435438093204, "user/throttle": 0.0, "user/mode": "local", "pilot/angle": 0.049583084881305695, "pilot/throttle": 0.7627761960029602, "milliseconds": 262921}