{"cam/image_array": "3787_cam-image_array_.jpg", "user/angle": 0.030396435438093204, "user/throttle": 0.0, "user/mode": "local", "pilot/angle": 0.03587771952152252, "pilot/throttle": 0.6642988324165344, "milliseconds": 858472}