{"cam/image_array": "361_cam-image_array_.jpg", "user/angle": 0.030396435438093204, "user/throttle": 0.0, "user/mode": "local", "pilot/angle": 0.012723509222269058, "pilot/throttle": 0.6776515245437622, "milliseconds": 90279}