{"cam/image_array": "4514_cam-image_array_.jpg", "user/angle": 0.030396435438093204, "user/throttle": 0.0, "user/mode": "local", "pilot/angle": 0.6443608999252319, "pilot/throttle": 0.3577727973461151, "milliseconds": 1021478}