{"cam/image_array": "2752_cam-image_array_.jpg", "user/angle": 0.030396435438093204, "user/throttle": 0.0, "user/mode": "local", "pilot/angle": 0.06832374632358551, "pilot/throttle": 0.67741858959198, "milliseconds": 626400}