{"cam/image_array": "3053_cam-image_array_.jpg", "user/angle": 0.030396435438093204, "user/throttle": 0.0, "user/mode": "local", "pilot/angle": 0.08316821604967117, "pilot/throttle": 0.7567782402038574, "milliseconds": 693898}