{"cam/image_array": "3748_cam-image_array_.jpg", "user/angle": 0.030396435438093204, "user/throttle": 0.0, "user/mode": "local", "pilot/angle": 1.0350762605667114, "pilot/throttle": 0.6881598234176636, "milliseconds": 849730}