{"cam/image_array": "2617_cam-image_array_.jpg", "user/angle": 0.030396435438093204, "user/throttle": 0.0, "user/mode": "local", "pilot/angle": 1.0531296730041504, "pilot/throttle": 0.560553789138794, "milliseconds": 596139}