{"cam/image_array": "2986_cam-image_array_.jpg", "user/angle": 0.030396435438093204, "user/throttle": 0.0, "user/mode": "local", "pilot/angle": 0.6718568801879883, "pilot/throttle": 0.745615541934967, "milliseconds": 678870}