{"cam/image_array": "1861_cam-image_array_.jpg", "user/angle": 0.030396435438093204, "user/throttle": 0.0, "user/mode": "local", "pilot/angle": -0.5169814825057983, "pilot/throttle": 0.734292209148407, "milliseconds": 426616}