{"cam/image_array": "4434_cam-image_array_.jpg", "user/angle": 0.030396435438093204, "user/throttle": 0.0, "user/mode": "local", "pilot/angle": -0.09111601859331131, "pilot/throttle": 0.7196487784385681, "milliseconds": 1003544}