{"cam/image_array": "1516_cam-image_array_.jpg", "user/angle": 0.030396435438093204, "user/throttle": 0.0, "user/mode": "local", "pilot/angle": 0.7505811452865601, "pilot/throttle": 0.7867337465286255, "milliseconds": 349242}