{"cam/image_array": "1984_cam-image_array_.jpg", "user/angle": 0.030396435438093204, "user/throttle": 0.0, "user/mode": "local", "pilot/angle": 0.8736063241958618, "pilot/throttle": 0.8016292452812195, "milliseconds": 454200}