{"cam/image_array": "2398_cam-image_array_.jpg", "user/angle": 0.030396435438093204, "user/throttle": 0.0, "user/mode": "local", "pilot/angle": -0.012186050415039062, "pilot/throttle": 0.7675580382347107, "milliseconds": 547028}