{"cam/image_array": "2856_cam-image_array_.jpg", "user/angle": 0.030396435438093204, "user/throttle": 0.0, "user/mode": "local", "pilot/angle": 0.9102241396903992, "pilot/throttle": 0.27147969603538513, "milliseconds": 649718}