{"cam/image_array": "4591_cam-image_array_.jpg", "user/angle": 0.030396435438093204, "user/throttle": 0.0, "user/mode": "local", "pilot/angle": 0.8689037561416626, "pilot/throttle": 0.49328362941741943, "milliseconds": 1038746}