{"cam/image_array": "2369_cam-image_array_.jpg", "user/angle": 0.030396435438093204, "user/throttle": 0.0, "user/mode": "local", "pilot/angle": 0.049381084740161896, "pilot/throttle": 0.6316403150558472, "milliseconds": 540528}