{"cam/image_array": "1364_cam-image_array_.jpg", "user/angle": 0.030396435438093204, "user/throttle": 0.0, "user/mode": "local", "pilot/angle": 0.8791059255599976, "pilot/throttle": 0.5429864525794983, "milliseconds": 315163}