{"cam/image_array": "3033_cam-image_array_.jpg", "user/angle": 0.030396435438093204, "user/throttle": 0.0, "user/mode": "local", "pilot/angle": 0.03795284032821655, "pilot/throttle": 0.6837119460105896, "milliseconds": 689414}