{"cam/image_array": "1260_cam-image_array_.jpg", "user/angle": 0.030396435438093204, "user/throttle": 0.0, "user/mode": "local", "pilot/angle": 0.3639694154262543, "pilot/throttle": 0.7608895301818848, "milliseconds": 291846}