{"cam/image_array": "3871_cam-image_array_.jpg", "user/angle": 0.030396435438093204, "user/throttle": 0.0, "user/mode": "local", "pilot/angle": -0.020205393433570862, "pilot/throttle": 0.689624011516571, "milliseconds": 877308}