{"cam/image_array": "1791_cam-image_array_.jpg", "user/angle": 0.030396435438093204, "user/throttle": 0.0, "user/mode": "local", "pilot/angle": 0.08213787525892258, "pilot/throttle": 0.7410191893577576, "milliseconds": 410921}