{"cam/image_array": "2091_cam-image_array_.jpg", "user/angle": 0.030396435438093204, "user/throttle": 0.0, "user/mode": "local", "pilot/angle": -0.06730549782514572, "pilot/throttle": 0.7673980593681335, "milliseconds": 478195}