{"cam/image_array": "2581_cam-image_array_.jpg", "user/angle": 0.030396435438093204, "user/throttle": 0.0, "user/mode": "local", "pilot/angle": 0.07441730052232742, "pilot/throttle": 0.6292084455490112, "milliseconds": 588065}