{"cam/image_array": "1333_cam-image_array_.jpg", "user/angle": 0.030396435438093204, "user/throttle": 0.0, "user/mode": "local", "pilot/angle": -0.1359664499759674, "pilot/throttle": 0.830345630645752, "milliseconds": 308215}