{"cam/image_array": "3702_cam-image_array_.jpg", "user/angle": 0.030396435438093204, "user/throttle": 0.0, "user/mode": "local", "pilot/angle": 0.8927369117736816, "pilot/throttle": 0.3800795376300812, "milliseconds": 839416}