{"cam/image_array": "107_cam-image_array_.jpg", "user/angle": 0.030396435438093204, "user/throttle": 0.0, "user/mode": "local", "pilot/angle": 0.10148835927248001, "pilot/throttle": 0.6525031924247742, "milliseconds": 33324}