{"cam/image_array": "1764_cam-image_array_.jpg", "user/angle": 0.030396435438093204, "user/throttle": 0.0, "user/mode": "local", "pilot/angle": -0.5841535925865173, "pilot/throttle": 0.6816585659980774, "milliseconds": 404856}