{"cam/image_array": "3718_cam-image_array_.jpg", "user/angle": 0.030396435438093204, "user/throttle": 0.0, "user/mode": "local", "pilot/angle": -0.036003366112709045, "pilot/throttle": 0.737170934677124, "milliseconds": 843001}