{"cam/image_array": "1203_cam-image_array_.jpg", "user/angle": 0.030396435438093204, "user/throttle": 0.0, "user/mode": "local", "pilot/angle": -0.5065415501594543, "pilot/throttle": 0.7422789335250854, "milliseconds": 279061}