{"cam/image_array": "1899_cam-image_array_.jpg", "user/angle": 0.030396435438093204, "user/throttle": 0.0, "user/mode": "local", "pilot/angle": 0.0158175490796566, "pilot/throttle": 0.7018201947212219, "milliseconds": 435140}