{"cam/image_array": "1543_cam-image_array_.jpg", "user/angle": 0.030396435438093204, "user/throttle": 0.0, "user/mode": "local", "pilot/angle": 0.5461757779121399, "pilot/throttle": 0.5565885305404663, "milliseconds": 355295}