{"cam/image_array": "1157_cam-image_array_.jpg", "user/angle": 0.030396435438093204, "user/throttle": 0.0, "user/mode": "local", "pilot/angle": -0.001913711428642273, "pilot/throttle": 0.5376741290092468, "milliseconds": 268750}