{"cam/image_array": "3108_cam-image_array_.jpg", "user/angle": 0.030396435438093204, "user/throttle": 0.0, "user/mode": "local", "pilot/angle": 0.9265933036804199, "pilot/throttle": 0.6918073296546936, "milliseconds": 706232}