{"cam/image_array": "1402_cam-image_array_.jpg", "user/angle": 0.030396435438093204, "user/throttle": 0.0, "user/mode": "local", "pilot/angle": 0.8500457406044006, "pilot/throttle": 0.48150500655174255, "milliseconds": 323682}