{"cam/image_array": "2980_cam-image_array_.jpg", "user/angle": 0.030396435438093204, "user/throttle": 0.0, "user/mode": "local", "pilot/angle": -0.6716710925102234, "pilot/throttle": 0.5497258305549622, "milliseconds": 677525}