{"cam/image_array": "1487_cam-image_array_.jpg", "user/angle": 0.030396435438093204, "user/throttle": 0.0, "user/mode": "local", "pilot/angle": -0.45116126537323, "pilot/throttle": 0.7516250610351562, "milliseconds": 342740}