{"cam/image_array": "2710_cam-image_array_.jpg", "user/angle": 0.030396435438093204, "user/throttle": 0.0, "user/mode": "local", "pilot/angle": 0.778684675693512, "pilot/throttle": 0.46035799384117126, "milliseconds": 616985}