{"cam/image_array": "1834_cam-image_array_.jpg", "user/angle": 0.030396435438093204, "user/throttle": 0.0, "user/mode": "local", "pilot/angle": 0.7830841541290283, "pilot/throttle": 0.41962170600891113, "milliseconds": 420564}