{"cam/image_array": "4588_cam-image_array_.jpg", "user/angle": 0.030396435438093204, "user/throttle": 0.0, "user/mode": "local", "pilot/angle": 0.7658261656761169, "pilot/throttle": 0.6019288301467896, "milliseconds": 1038073}