{"cam/image_array": "2946_cam-image_array_.jpg", "user/angle": 0.030396435438093204, "user/throttle": 0.0, "user/mode": "local", "pilot/angle": 0.7076259851455688, "pilot/throttle": 0.42571690678596497, "milliseconds": 669900}