{"cam/image_array": "1586_cam-image_array_.jpg", "user/angle": 0.030396435438093204, "user/throttle": 0.0, "user/mode": "local", "pilot/angle": 0.3799827992916107, "pilot/throttle": 0.8011465072631836, "milliseconds": 364937}