{"cam/image_array": "488_cam-image_array_.jpg", "user/angle": 0.030396435438093204, "user/throttle": 0.0, "user/mode": "local", "pilot/angle": -0.025855153799057007, "pilot/throttle": 0.7014120221138, "milliseconds": 118756}