{"cam/image_array": "645_cam-image_array_.jpg", "user/angle": 0.030396435438093204, "user/throttle": 0.0, "user/mode": "local", "pilot/angle": -0.055154673755168915, "pilot/throttle": 0.6786879897117615, "milliseconds": 153948}