{"cam/image_array": "282_cam-image_array_.jpg", "user/angle": 0.030396435438093204, "user/throttle": 0.0, "user/mode": "local", "pilot/angle": -0.04563501477241516, "pilot/throttle": 0.7821799516677856, "milliseconds": 72567}