{"cam/image_array": "2595_cam-image_array_.jpg", "user/angle": 0.030396435438093204, "user/throttle": 0.0, "user/mode": "local", "pilot/angle": 0.6414619088172913, "pilot/throttle": 0.6681987047195435, "milliseconds": 591205}