{"cam/image_array": "1277_cam-image_array_.jpg", "user/angle": 0.030396435438093204, "user/throttle": 0.0, "user/mode": "local", "pilot/angle": -0.06023593991994858, "pilot/throttle": 0.5700949430465698, "milliseconds": 295657}