{"cam/image_array": "692_cam-image_array_.jpg", "user/angle": 0.030396435438093204, "user/throttle": 0.0, "user/mode": "local", "pilot/angle": 0.03435318544507027, "pilot/throttle": 0.6646076440811157, "milliseconds": 164485}