{"cam/image_array": "3784_cam-image_array_.jpg", "user/angle": 0.030396435438093204, "user/throttle": 0.0, "user/mode": "local", "pilot/angle": 0.029795434325933456, "pilot/throttle": 0.6304016709327698, "milliseconds": 857800}