{"cam/image_array": "2127_cam-image_array_.jpg", "user/angle": 0.030396435438093204, "user/throttle": 0.0, "user/mode": "local", "pilot/angle": 0.5670930743217468, "pilot/throttle": 0.7146822810173035, "milliseconds": 486265}