{"cam/image_array": "3304_cam-image_array_.jpg", "user/angle": 0.030396435438093204, "user/throttle": 0.0, "user/mode": "local", "pilot/angle": -0.07955700904130936, "pilot/throttle": 0.7452728748321533, "milliseconds": 750177}