{"cam/image_array": "4528_cam-image_array_.jpg", "user/angle": 0.030396435438093204, "user/throttle": 0.0, "user/mode": "local", "pilot/angle": -0.06280218809843063, "pilot/throttle": 0.6371142268180847, "milliseconds": 1024616}