{"cam/image_array": "102_cam-image_array_.jpg", "user/angle": 0.030396435438093204, "user/throttle": 0.0, "user/mode": "local", "pilot/angle": 1.0653831958770752, "pilot/throttle": 0.7635158896446228, "milliseconds": 32202}