{"cam/image_array": "1933_cam-image_array_.jpg", "user/angle": 0.030396435438093204, "user/throttle": 0.0, "user/mode": "local", "pilot/angle": 0.06534061580896378, "pilot/throttle": 0.67509925365448, "milliseconds": 442765}