{"cam/image_array": "1269_cam-image_array_.jpg", "user/angle": 0.030396435438093204, "user/throttle": 0.0, "user/mode": "local", "pilot/angle": 0.552910566329956, "pilot/throttle": 0.5698033571243286, "milliseconds": 293864}