{"cam/image_array": "3097_cam-image_array_.jpg", "user/angle": 0.030396435438093204, "user/throttle": 0.0, "user/mode": "local", "pilot/angle": -0.024244077503681183, "pilot/throttle": 0.48942115902900696, "milliseconds": 703767}