{"cam/image_array": "1273_cam-image_array_.jpg", "user/angle": 0.030396435438093204, "user/throttle": 0.0, "user/mode": "local", "pilot/angle": 0.6215057373046875, "pilot/throttle": 0.4125055968761444, "milliseconds": 294761}