{"cam/image_array": "1432_cam-image_array_.jpg", "user/angle": 0.030396435438093204, "user/throttle": 0.0, "user/mode": "local", "pilot/angle": -0.048395588994026184, "pilot/throttle": 0.6650670170783997, "milliseconds": 330408}