{"cam/image_array": "3410_cam-image_array_.jpg", "user/angle": 0.030396435438093204, "user/throttle": 0.0, "user/mode": "local", "pilot/angle": -0.04918806999921799, "pilot/throttle": 0.7167574763298035, "milliseconds": 773943}