{"cam/image_array": "1209_cam-image_array_.jpg", "user/angle": 0.030396435438093204, "user/throttle": 0.0, "user/mode": "local", "pilot/angle": 0.16247515380382538, "pilot/throttle": 0.7288916707038879, "milliseconds": 280407}