{"cam/image_array": "4130_cam-image_array_.jpg", "user/angle": 0.030396435438093204, "user/throttle": 0.0, "user/mode": "local", "pilot/angle": 0.04231702536344528, "pilot/throttle": 0.7483247518539429, "milliseconds": 935379}