{"cam/image_array": "3453_cam-image_array_.jpg", "user/angle": 0.030396435438093204, "user/throttle": 0.0, "user/mode": "local", "pilot/angle": -0.24835708737373352, "pilot/throttle": 0.8182051181793213, "milliseconds": 783588}