{"cam/image_array": "1763_cam-image_array_.jpg", "user/angle": 0.030396435438093204, "user/throttle": 0.0, "user/mode": "local", "pilot/angle": -0.4678577184677124, "pilot/throttle": 0.7465784549713135, "milliseconds": 404632}