{"cam/image_array": "3598_cam-image_array_.jpg", "user/angle": 0.030396435438093204, "user/throttle": 0.0, "user/mode": "local", "pilot/angle": 0.12513014674186707, "pilot/throttle": 0.6549443006515503, "milliseconds": 816092}