{"cam/image_array": "1506_cam-image_array_.jpg", "user/angle": 0.030396435438093204, "user/throttle": 0.0, "user/mode": "local", "pilot/angle": -0.11225401610136032, "pilot/throttle": 0.6962908506393433, "milliseconds": 347000}