{"cam/image_array": "830_cam-image_array_.jpg", "user/angle": 0.030396435438093204, "user/throttle": 0.0, "user/mode": "local", "pilot/angle": -0.34513965249061584, "pilot/throttle": 0.6761541366577148, "milliseconds": 195429}