{"cam/image_array": "762_cam-image_array_.jpg", "user/angle": 0.030396435438093204, "user/throttle": 0.0, "user/mode": "local", "pilot/angle": 0.0535297766327858, "pilot/throttle": 0.5631265044212341, "milliseconds": 180177}