{"cam/image_array": "3280_cam-image_array_.jpg", "user/angle": 0.030396435438093204, "user/throttle": 0.0, "user/mode": "local", "pilot/angle": 0.5219541192054749, "pilot/throttle": 0.6816991567611694, "milliseconds": 744799}