{"cam/image_array": "381_cam-image_array_.jpg", "user/angle": 0.030396435438093204, "user/throttle": 0.0, "user/mode": "local", "pilot/angle": 0.2367689609527588, "pilot/throttle": 0.7136668562889099, "milliseconds": 94762}