{"cam/image_array": "626_cam-image_array_.jpg", "user/angle": 0.030396435438093204, "user/throttle": 0.0, "user/mode": "local", "pilot/angle": -0.00041219592094421387, "pilot/throttle": 0.7201831340789795, "milliseconds": 149690}