{"cam/image_array": "890_cam-image_array_.jpg", "user/angle": 0.030396435438093204, "user/throttle": 0.0, "user/mode": "local", "pilot/angle": 0.6857725381851196, "pilot/throttle": 0.5638350248336792, "milliseconds": 208880}