{"cam/image_array": "1730_cam-image_array_.jpg", "user/angle": 0.030396435438093204, "user/throttle": 0.0, "user/mode": "local", "pilot/angle": 0.3814312219619751, "pilot/throttle": 0.7525891065597534, "milliseconds": 397231}