{"cam/image_array": "3360_cam-image_array_.jpg", "user/angle": 0.030396435438093204, "user/throttle": 0.0, "user/mode": "local", "pilot/angle": 0.06975553184747696, "pilot/throttle": 0.6976988911628723, "milliseconds": 762735}