{"cam/image_array": "815_cam-image_array_.jpg", "user/angle": 0.030396435438093204, "user/throttle": 0.0, "user/mode": "local", "pilot/angle": -0.03468291461467743, "pilot/throttle": 0.6516624689102173, "milliseconds": 192066}