{"cam/image_array": "339_cam-image_array_.jpg", "user/angle": 0.030396435438093204, "user/throttle": 0.0, "user/mode": "local", "pilot/angle": -0.3355501890182495, "pilot/throttle": 0.625625729560852, "milliseconds": 85348}