{"cam/image_array": "3369_cam-image_array_.jpg", "user/angle": 0.030396435438093204, "user/throttle": 0.0, "user/mode": "local", "pilot/angle": 0.5770966410636902, "pilot/throttle": 0.507878839969635, "milliseconds": 764752}