{"cam/image_array": "3386_cam-image_array_.jpg", "user/angle": 0.030396435438093204, "user/throttle": 0.0, "user/mode": "local", "pilot/angle": 0.8593887090682983, "pilot/throttle": 0.7897189855575562, "milliseconds": 768562}