{"cam/image_array": "4563_cam-image_array_.jpg", "user/angle": 0.030396435438093204, "user/throttle": 0.0, "user/mode": "local", "pilot/angle": -0.004350148141384125, "pilot/throttle": 0.6969361305236816, "milliseconds": 1032468}