{"cam/image_array": "4044_cam-image_array_.jpg", "user/angle": 0.030396435438093204, "user/throttle": 0.0, "user/mode": "local", "pilot/angle": 1.033514142036438, "pilot/throttle": 0.7299609184265137, "milliseconds": 916100}