{"cam/image_array": "617_cam-image_array_.jpg", "user/angle": 0.030396435438093204, "user/throttle": 0.0, "user/mode": "local", "pilot/angle": 0.8945840001106262, "pilot/throttle": 0.527771532535553, "milliseconds": 147673}