{"cam/image_array": "2239_cam-image_array_.jpg", "user/angle": 0.030396435438093204, "user/throttle": 0.0, "user/mode": "local", "pilot/angle": 0.9186670184135437, "pilot/throttle": 0.539891242980957, "milliseconds": 511381}