{"cam/image_array": "3705_cam-image_array_.jpg", "user/angle": 0.030396435438093204, "user/throttle": 0.0, "user/mode": "local", "pilot/angle": 0.9750367999076843, "pilot/throttle": 0.3715962767601013, "milliseconds": 840088}