{"cam/image_array": "3526_cam-image_array_.jpg", "user/angle": 0.030396435438093204, "user/throttle": 0.0, "user/mode": "local", "pilot/angle": -0.02422601729631424, "pilot/throttle": 0.6545401215553284, "milliseconds": 799951}