{"cam/image_array": "1344_cam-image_array_.jpg", "user/angle": 0.030396435438093204, "user/throttle": 0.0, "user/mode": "local", "pilot/angle": 0.017401069402694702, "pilot/throttle": 0.7335430383682251, "milliseconds": 310679}