{"cam/image_array": "2152_cam-image_array_.jpg", "user/angle": 0.030396435438093204, "user/throttle": 0.0, "user/mode": "local", "pilot/angle": 0.8559208512306213, "pilot/throttle": 0.6084653735160828, "milliseconds": 491874}