{"cam/image_array": "2889_cam-image_array_.jpg", "user/angle": 0.030396435438093204, "user/throttle": 0.0, "user/mode": "local", "pilot/angle": -0.4019792675971985, "pilot/throttle": 0.6796135306358337, "milliseconds": 657117}