{"cam/image_array": "3894_cam-image_array_.jpg", "user/angle": 0.030396435438093204, "user/throttle": 0.0, "user/mode": "local", "pilot/angle": 0.9253810048103333, "pilot/throttle": 0.47496819496154785, "milliseconds": 882469}