{"cam/image_array": "2687_cam-image_array_.jpg", "user/angle": 0.030396435438093204, "user/throttle": 0.0, "user/mode": "local", "pilot/angle": 0.6471275091171265, "pilot/throttle": 0.5664790868759155, "milliseconds": 611828}