{"cam/image_array": "447_cam-image_array_.jpg", "user/angle": 0.030396435438093204, "user/throttle": 0.0, "user/mode": "local", "pilot/angle": -0.3716963827610016, "pilot/throttle": 0.7386136651039124, "milliseconds": 109563}