{"cam/image_array": "3392_cam-image_array_.jpg", "user/angle": 0.030396435438093204, "user/throttle": 0.0, "user/mode": "local", "pilot/angle": 0.0344686433672905, "pilot/throttle": 0.725368857383728, "milliseconds": 769908}