{"cam/image_array": "3925_cam-image_array_.jpg", "user/angle": 0.030396435438093204, "user/throttle": 0.0, "user/mode": "local", "pilot/angle": 0.661697506904602, "pilot/throttle": 0.5582376718521118, "milliseconds": 889419}