{"cam/image_array": "2719_cam-image_array_.jpg", "user/angle": 0.030396435438093204, "user/throttle": 0.0, "user/mode": "local", "pilot/angle": -0.07489601522684097, "pilot/throttle": 0.6765462756156921, "milliseconds": 619003}