{"cam/image_array": "3916_cam-image_array_.jpg", "user/angle": 0.030396435438093204, "user/throttle": 0.0, "user/mode": "local", "pilot/angle": -0.5802122950553894, "pilot/throttle": 0.7915555238723755, "milliseconds": 887400}