{"cam/image_array": "2311_cam-image_array_.jpg", "user/angle": 0.030396435438093204, "user/throttle": 0.0, "user/mode": "local", "pilot/angle": 0.5682098269462585, "pilot/throttle": 0.6695038080215454, "milliseconds": 527524}