{"cam/image_array": "2480_cam-image_array_.jpg", "user/angle": 0.030396435438093204, "user/throttle": 0.0, "user/mode": "local", "pilot/angle": 0.8386656641960144, "pilot/throttle": 0.3857195973396301, "milliseconds": 565418}