{"cam/image_array": "3600_cam-image_array_.jpg", "user/angle": 0.030396435438093204, "user/throttle": 0.0, "user/mode": "local", "pilot/angle": 0.14802110195159912, "pilot/throttle": 0.732072114944458, "milliseconds": 816540}