{"cam/image_array": "1936_cam-image_array_.jpg", "user/angle": 0.030396435438093204, "user/throttle": 0.0, "user/mode": "local", "pilot/angle": -0.04266774654388428, "pilot/throttle": 0.5290567278862, "milliseconds": 443437}