{"cam/image_array": "2180_cam-image_array_.jpg", "user/angle": 0.030396435438093204, "user/throttle": 0.0, "user/mode": "local", "pilot/angle": -0.12259102612733841, "pilot/throttle": 0.5985031723976135, "milliseconds": 498151}