{"cam/image_array": "1000_cam-image_array_.jpg", "user/angle": 0.030396435438093204, "user/throttle": 0.0, "user/mode": "local", "pilot/angle": -0.052456699311733246, "pilot/throttle": 0.7085550427436829, "milliseconds": 233549}