{"cam/image_array": "3449_cam-image_array_.jpg", "user/angle": 0.030396435438093204, "user/throttle": 0.0, "user/mode": "local", "pilot/angle": -0.6166368126869202, "pilot/throttle": 0.7935054898262024, "milliseconds": 782691}