{"cam/image_array": "4054_cam-image_array_.jpg", "user/angle": 0.030396435438093204, "user/throttle": 0.0, "user/mode": "local", "pilot/angle": -0.1201949343085289, "pilot/throttle": 0.7277089953422546, "milliseconds": 918341}