{"cam/image_array": "519_cam-image_array_.jpg", "user/angle": 0.030396435438093204, "user/throttle": 0.0, "user/mode": "local", "pilot/angle": 0.905968189239502, "pilot/throttle": 0.4428994059562683, "milliseconds": 125705}