{"cam/image_array": "1650_cam-image_array_.jpg", "user/angle": 0.030396435438093204, "user/throttle": 0.0, "user/mode": "local", "pilot/angle": 0.6513810753822327, "pilot/throttle": 0.4409782588481903, "milliseconds": 379289}