{"cam/image_array": "3200_cam-image_array_.jpg", "user/angle": 0.030396435438093204, "user/throttle": 0.0, "user/mode": "local", "pilot/angle": 1.0599637031555176, "pilot/throttle": 0.8138677477836609, "milliseconds": 726858}