{"cam/image_array": "1278_cam-image_array_.jpg", "user/angle": 0.030396435438093204, "user/throttle": 0.0, "user/mode": "local", "pilot/angle": -0.04950802028179169, "pilot/throttle": 0.7011383175849915, "milliseconds": 295881}