{"cam/image_array": "2937_cam-image_array_.jpg", "user/angle": 0.030396435438093204, "user/throttle": 0.0, "user/mode": "local", "pilot/angle": 0.011726312339305878, "pilot/throttle": 0.6407900452613831, "milliseconds": 667882}