{"cam/image_array": "4177_cam-image_array_.jpg", "user/angle": 0.030396435438093204, "user/throttle": 0.0, "user/mode": "local", "pilot/angle": 0.7375074028968811, "pilot/throttle": 0.23030462861061096, "milliseconds": 945923}