{"cam/image_array": "2363_cam-image_array_.jpg", "user/angle": 0.030396435438093204, "user/throttle": 0.0, "user/mode": "local", "pilot/angle": -0.07322376221418381, "pilot/throttle": 0.5842509269714355, "milliseconds": 539183}