{"cam/image_array": "321_cam-image_array_.jpg", "user/angle": 0.030396435438093204, "user/throttle": 0.0, "user/mode": "local", "pilot/angle": 0.5234354138374329, "pilot/throttle": 0.24655085802078247, "milliseconds": 81309}