{"cam/image_array": "2509_cam-image_array_.jpg", "user/angle": 0.030396435438093204, "user/throttle": 0.0, "user/mode": "local", "pilot/angle": -0.4477958083152771, "pilot/throttle": 0.6163801550865173, "milliseconds": 571919}