{"cam/image_array": "3519_cam-image_array_.jpg", "user/angle": 0.030396435438093204, "user/throttle": 0.0, "user/mode": "local", "pilot/angle": 0.9328131675720215, "pilot/throttle": 0.3226598799228668, "milliseconds": 798382}