{"cam/image_array": "1352_cam-image_array_.jpg", "user/angle": 0.030396435438093204, "user/throttle": 0.0, "user/mode": "local", "pilot/angle": 0.4512457847595215, "pilot/throttle": 0.6105290055274963, "milliseconds": 312472}