{"cam/image_array": "2200_cam-image_array_.jpg", "user/angle": 0.030396435438093204, "user/throttle": 0.0, "user/mode": "local", "pilot/angle": 0.8680835366249084, "pilot/throttle": 0.3828798532485962, "milliseconds": 502637}