{"cam/image_array": "1550_cam-image_array_.jpg", "user/angle": 0.030396435438093204, "user/throttle": 0.0, "user/mode": "local", "pilot/angle": 1.0002392530441284, "pilot/throttle": 0.40341508388519287, "milliseconds": 356865}