{"cam/image_array": "4161_cam-image_array_.jpg", "user/angle": 0.030396435438093204, "user/throttle": 0.0, "user/mode": "local", "pilot/angle": 0.07505057752132416, "pilot/throttle": 0.7376497387886047, "milliseconds": 942333}