{"cam/image_array": "719_cam-image_array_.jpg", "user/angle": 0.030396435438093204, "user/throttle": 0.0, "user/mode": "local", "pilot/angle": -0.18042859435081482, "pilot/throttle": 0.7721237540245056, "milliseconds": 170535}