{"cam/image_array": "4343_cam-image_array_.jpg", "user/angle": 0.030396435438093204, "user/throttle": 0.0, "user/mode": "local", "pilot/angle": 0.02262270823121071, "pilot/throttle": 0.6067669987678528, "milliseconds": 983144}