{"cam/image_array": "1443_cam-image_array_.jpg", "user/angle": 0.030396435438093204, "user/throttle": 0.0, "user/mode": "local", "pilot/angle": 0.07415220886468887, "pilot/throttle": 0.6066738367080688, "milliseconds": 332875}