{"cam/image_array": "372_cam-image_array_.jpg", "user/angle": 0.030396435438093204, "user/throttle": 0.0, "user/mode": "local", "pilot/angle": 1.0196727514266968, "pilot/throttle": 0.7418196797370911, "milliseconds": 92745}