{"cam/image_array": "4262_cam-image_array_.jpg", "user/angle": 0.030396435438093204, "user/throttle": 0.0, "user/mode": "local", "pilot/angle": 0.7404786348342896, "pilot/throttle": 0.5392225980758667, "milliseconds": 964984}