{"cam/image_array": "231_cam-image_array_.jpg", "user/angle": 0.030396435438093204, "user/throttle": 0.0, "user/mode": "local", "pilot/angle": 1.0069056749343872, "pilot/throttle": 0.3831298351287842, "milliseconds": 61134}