{"cam/image_array": "1702_cam-image_array_.jpg", "user/angle": 0.030396435438093204, "user/throttle": 0.0, "user/mode": "local", "pilot/angle": 0.6785140633583069, "pilot/throttle": 0.5403134226799011, "milliseconds": 390955}