{"cam/image_array": "1161_cam-image_array_.jpg", "user/angle": 0.030396435438093204, "user/throttle": 0.0, "user/mode": "local", "pilot/angle": 0.03297622501850128, "pilot/throttle": 0.7810235023498535, "milliseconds": 269646}