{"cam/image_array": "2268_cam-image_array_.jpg", "user/angle": 0.030396435438093204, "user/throttle": 0.0, "user/mode": "local", "pilot/angle": -0.09126368910074234, "pilot/throttle": 0.7662527561187744, "milliseconds": 517883}