{"cam/image_array": "1289_cam-image_array_.jpg", "user/angle": 0.030396435438093204, "user/throttle": 0.0, "user/mode": "local", "pilot/angle": 0.04771580174565315, "pilot/throttle": 0.6675350666046143, "milliseconds": 298348}