{"cam/image_array": "1312_cam-image_array_.jpg", "user/angle": 0.030396435438093204, "user/throttle": 0.0, "user/mode": "local", "pilot/angle": 0.6267790198326111, "pilot/throttle": 0.766101598739624, "milliseconds": 303507}