{"cam/image_array": "789_cam-image_array_.jpg", "user/angle": 0.030396435438093204, "user/throttle": 0.0, "user/mode": "local", "pilot/angle": 0.12747396528720856, "pilot/throttle": 0.6251303553581238, "milliseconds": 186236}