{"cam/image_array": "80_cam-image_array_.jpg", "user/angle": 0.030396435438093204, "user/throttle": 0.0, "user/mode": "local", "pilot/angle": 0.764422595500946, "pilot/throttle": 0.506672739982605, "milliseconds": 27272}