{"cam/image_array": "2030_cam-image_array_.jpg", "user/angle": 0.030396435438093204, "user/throttle": 0.0, "user/mode": "local", "pilot/angle": -0.04127135127782822, "pilot/throttle": 0.6915509104728699, "milliseconds": 464510}