{"cam/image_array": "2221_cam-image_array_.jpg", "user/angle": 0.030396435438093204, "user/throttle": 0.0, "user/mode": "local", "pilot/angle": 0.009381458163261414, "pilot/throttle": 0.7142057418823242, "milliseconds": 507344}