{"cam/image_array": "376_cam-image_array_.jpg", "user/angle": 0.030396435438093204, "user/throttle": 0.0, "user/mode": "local", "pilot/angle": 0.11775213479995728, "pilot/throttle": 0.8073706030845642, "milliseconds": 93642}