{"cam/image_array": "2280_cam-image_array_.jpg", "user/angle": 0.030396435438093204, "user/throttle": 0.0, "user/mode": "local", "pilot/angle": 0.08483238518238068, "pilot/throttle": 0.5794491767883301, "milliseconds": 520573}