{"cam/image_array": "1569_cam-image_array_.jpg", "user/angle": 0.030396435438093204, "user/throttle": 0.0, "user/mode": "local", "pilot/angle": 0.6385853886604309, "pilot/throttle": 0.5954720973968506, "milliseconds": 361123}