{"cam/image_array": "4342_cam-image_array_.jpg", "user/angle": 0.030396435438093204, "user/throttle": 0.0, "user/mode": "local", "pilot/angle": -0.04256827384233475, "pilot/throttle": 0.6378101706504822, "milliseconds": 982920}