{"cam/image_array": "4129_cam-image_array_.jpg", "user/angle": 0.030396435438093204, "user/throttle": 0.0, "user/mode": "local", "pilot/angle": 0.36283960938453674, "pilot/throttle": 0.85250324010849, "milliseconds": 935155}