{"cam/image_array": "635_cam-image_array_.jpg", "user/angle": 0.030396435438093204, "user/throttle": 0.0, "user/mode": "local", "pilot/angle": 0.048160795122385025, "pilot/throttle": 0.696490466594696, "milliseconds": 151707}