{"cam/image_array": "2172_cam-image_array_.jpg", "user/angle": 0.030396435438093204, "user/throttle": 0.0, "user/mode": "local", "pilot/angle": 0.24021202325820923, "pilot/throttle": 0.6802790760993958, "milliseconds": 496357}