{"cam/image_array": "4046_cam-image_array_.jpg", "user/angle": 0.030396435438093204, "user/throttle": 0.0, "user/mode": "local", "pilot/angle": 0.9148187637329102, "pilot/throttle": 0.6520698070526123, "milliseconds": 916548}