{"cam/image_array": "298_cam-image_array_.jpg", "user/angle": 0.030396435438093204, "user/throttle": 0.0, "user/mode": "local", "pilot/angle": 0.255715936422348, "pilot/throttle": 0.7269075512886047, "milliseconds": 76155}