{"cam/image_array": "3437_cam-image_array_.jpg", "user/angle": 0.030396435438093204, "user/throttle": 0.0, "user/mode": "local", "pilot/angle": 0.0334956981241703, "pilot/throttle": 0.7036518454551697, "milliseconds": 779996}