{"cam/image_array": "1275_cam-image_array_.jpg", "user/angle": 0.030396435438093204, "user/throttle": 0.0, "user/mode": "local", "pilot/angle": 0.06498275697231293, "pilot/throttle": 0.6933608055114746, "milliseconds": 295209}