{"cam/image_array": "2934_cam-image_array_.jpg", "user/angle": 0.030396435438093204, "user/throttle": 0.0, "user/mode": "local", "pilot/angle": -0.09735149890184402, "pilot/throttle": 0.6971291303634644, "milliseconds": 667209}