{"cam/image_array": "280_cam-image_array_.jpg", "user/angle": 0.030396435438093204, "user/throttle": 0.0, "user/mode": "local", "pilot/angle": 0.13948765397071838, "pilot/throttle": 0.6537248492240906, "milliseconds": 72118}