{"cam/image_array": "1945_cam-image_array_.jpg", "user/angle": 0.030396435438093204, "user/throttle": 0.0, "user/mode": "local", "pilot/angle": 0.27207711338996887, "pilot/throttle": 0.7617152333259583, "milliseconds": 445455}