{"cam/image_array": "2855_cam-image_array_.jpg", "user/angle": 0.030396435438093204, "user/throttle": 0.0, "user/mode": "local", "pilot/angle": 0.7923093438148499, "pilot/throttle": 0.4731879234313965, "milliseconds": 649494}