{"cam/image_array": "4378_cam-image_array_.jpg", "user/angle": 0.030396435438093204, "user/throttle": 0.0, "user/mode": "local", "pilot/angle": 0.43611401319503784, "pilot/throttle": 0.6544654965400696, "milliseconds": 990990}