{"cam/image_array": "4285_cam-image_array_.jpg", "user/angle": 0.030396435438093204, "user/throttle": 0.0, "user/mode": "local", "pilot/angle": 0.6132187247276306, "pilot/throttle": 0.6486895680427551, "milliseconds": 970139}