{"cam/image_array": "2875_cam-image_array_.jpg", "user/angle": 0.030396435438093204, "user/throttle": 0.0, "user/mode": "local", "pilot/angle": 0.30628952383995056, "pilot/throttle": 0.7502977252006531, "milliseconds": 653979}