{"cam/image_array": "3189_cam-image_array_.jpg", "user/angle": 0.030396435438093204, "user/throttle": 0.0, "user/mode": "local", "pilot/angle": -0.01145174354314804, "pilot/throttle": 0.7939655780792236, "milliseconds": 724392}