{"cam/image_array": "977_cam-image_array_.jpg", "user/angle": 0.030396435438093204, "user/throttle": 0.0, "user/mode": "local", "pilot/angle": 0.09044640511274338, "pilot/throttle": 0.5663813352584839, "milliseconds": 228390}