{"cam/image_array": "364_cam-image_array_.jpg", "user/angle": 0.030396435438093204, "user/throttle": 0.0, "user/mode": "local", "pilot/angle": 0.4717438817024231, "pilot/throttle": 0.5681468844413757, "milliseconds": 90951}