{"cam/image_array": "3402_cam-image_array_.jpg", "user/angle": 0.030396435438093204, "user/throttle": 0.0, "user/mode": "local", "pilot/angle": -0.02443741261959076, "pilot/throttle": 0.6959505677223206, "milliseconds": 772150}