{"cam/image_array": "2681_cam-image_array_.jpg", "user/angle": 0.030396435438093204, "user/throttle": 0.0, "user/mode": "local", "pilot/angle": -0.10825187712907791, "pilot/throttle": 0.5819694995880127, "milliseconds": 610483}