{"cam/image_array": "4015_cam-image_array_.jpg", "user/angle": 0.030396435438093204, "user/throttle": 0.0, "user/mode": "local", "pilot/angle": -0.18952405452728271, "pilot/throttle": 0.7406719326972961, "milliseconds": 909596}