{"cam/image_array": "2342_cam-image_array_.jpg", "user/angle": 0.030396435438093204, "user/throttle": 0.0, "user/mode": "local", "pilot/angle": -0.05284387618303299, "pilot/throttle": 0.6672033667564392, "milliseconds": 534476}