{"cam/image_array": "3327_cam-image_array_.jpg", "user/angle": 0.030396435438093204, "user/throttle": 0.0, "user/mode": "local", "pilot/angle": 0.5603620409965515, "pilot/throttle": 0.42137986421585083, "milliseconds": 755334}