{"cam/image_array": "972_cam-image_array_.jpg", "user/angle": 0.030396435438093204, "user/throttle": 0.0, "user/mode": "local", "pilot/angle": 0.11130273342132568, "pilot/throttle": 0.4895174205303192, "milliseconds": 227269}