{"cam/image_array": "36_cam-image_array_.jpg", "user/angle": 0.030396435438093204, "user/throttle": 0.0, "user/mode": "local", "pilot/angle": 0.364632248878479, "pilot/throttle": 0.10352001339197159, "milliseconds": 17374}