{"cam/image_array": "2952_cam-image_array_.jpg", "user/angle": 0.030396435438093204, "user/throttle": 0.0, "user/mode": "local", "pilot/angle": 0.8390305042266846, "pilot/throttle": 0.41110482811927795, "milliseconds": 671245}