{"cam/image_array": "370_cam-image_array_.jpg", "user/angle": 0.030396435438093204, "user/throttle": 0.0, "user/mode": "local", "pilot/angle": 0.5645322203636169, "pilot/throttle": 0.610702395439148, "milliseconds": 92297}