{"cam/image_array": "2417_cam-image_array_.jpg", "user/angle": 0.030396435438093204, "user/throttle": 0.0, "user/mode": "local", "pilot/angle": 0.03640386089682579, "pilot/throttle": 0.6752252578735352, "milliseconds": 551288}