{"cam/image_array": "3863_cam-image_array_.jpg", "user/angle": 0.030396435438093204, "user/throttle": 0.0, "user/mode": "local", "pilot/angle": 0.04718126729130745, "pilot/throttle": 0.7423878908157349, "milliseconds": 875516}