{"cam/image_array": "3843_cam-image_array_.jpg", "user/angle": 0.030396435438093204, "user/throttle": 0.0, "user/mode": "local", "pilot/angle": 0.5095005631446838, "pilot/throttle": 0.7420349717140198, "milliseconds": 871033}