{"cam/image_array": "1830_cam-image_array_.jpg", "user/angle": 0.030396435438093204, "user/throttle": 0.0, "user/mode": "local", "pilot/angle": 0.8887835144996643, "pilot/throttle": 0.3230120539665222, "milliseconds": 419666}