{"cam/image_array": "3510_cam-image_array_.jpg", "user/angle": 0.030396435438093204, "user/throttle": 0.0, "user/mode": "local", "pilot/angle": 0.2744019329547882, "pilot/throttle": 0.48746567964553833, "milliseconds": 796364}