{"cam/image_array": "3892_cam-image_array_.jpg", "user/angle": 0.030396435438093204, "user/throttle": 0.0, "user/mode": "local", "pilot/angle": 0.880271315574646, "pilot/throttle": 0.4062812030315399, "milliseconds": 882021}