{"cam/image_array": "3759_cam-image_array_.jpg", "user/angle": 0.030396435438093204, "user/throttle": 0.0, "user/mode": "local", "pilot/angle": 0.06950375437736511, "pilot/throttle": 0.7596441507339478, "milliseconds": 852197}