{"cam/image_array": "3368_cam-image_array_.jpg", "user/angle": 0.030396435438093204, "user/throttle": 0.0, "user/mode": "local", "pilot/angle": 0.224266916513443, "pilot/throttle": 0.47512415051460266, "milliseconds": 764528}