{"cam/image_array": "3061_cam-image_array_.jpg", "user/angle": 0.030396435438093204, "user/throttle": 0.0, "user/mode": "local", "pilot/angle": 0.24043580889701843, "pilot/throttle": 0.6788231134414673, "milliseconds": 695691}