{"cam/image_array": "1359_cam-image_array_.jpg", "user/angle": 0.030396435438093204, "user/throttle": 0.0, "user/mode": "local", "pilot/angle": 0.9427893757820129, "pilot/throttle": 0.3036207854747772, "milliseconds": 314041}