{"cam/image_array": "2049_cam-image_array_.jpg", "user/angle": 0.030396435438093204, "user/throttle": 0.0, "user/mode": "local", "pilot/angle": 0.027873732149600983, "pilot/throttle": 0.6792200803756714, "milliseconds": 468777}