{"cam/image_array": "2118_cam-image_array_.jpg", "user/angle": 0.030396435438093204, "user/throttle": 0.0, "user/mode": "local", "pilot/angle": -0.04246760159730911, "pilot/throttle": 0.6386258006095886, "milliseconds": 484248}