{"cam/image_array": "211_cam-image_array_.jpg", "user/angle": 0.030396435438093204, "user/throttle": 0.0, "user/mode": "local", "pilot/angle": -0.05614633113145828, "pilot/throttle": 0.6174582242965698, "milliseconds": 56644}