{"cam/image_array": "3256_cam-image_array_.jpg", "user/angle": 0.030396435438093204, "user/throttle": 0.0, "user/mode": "local", "pilot/angle": 0.20628681778907776, "pilot/throttle": 0.6436730623245239, "milliseconds": 739415}