{"cam/image_array": "1687_cam-image_array_.jpg", "user/angle": 0.030396435438093204, "user/throttle": 0.0, "user/mode": "local", "pilot/angle": 0.9598656892776489, "pilot/throttle": 0.6230395436286926, "milliseconds": 387593}