{"cam/image_array": "61_cam-image_array_.jpg", "user/angle": 0.030396435438093204, "user/throttle": 0.0, "user/mode": "local", "pilot/angle": 0.4758313298225403, "pilot/throttle": 0.5888034701347351, "milliseconds": 22979}