{"cam/image_array": "1095_cam-image_array_.jpg", "user/angle": 0.030396435438093204, "user/throttle": 0.0, "user/mode": "local", "pilot/angle": -0.07269615679979324, "pilot/throttle": 0.5410550832748413, "milliseconds": 254848}