{"cam/image_array": "2954_cam-image_array_.jpg", "user/angle": 0.030396435438093204, "user/throttle": 0.0, "user/mode": "local", "pilot/angle": 0.7463998794555664, "pilot/throttle": 0.465789258480072, "milliseconds": 671695}