{"cam/image_array": "786_cam-image_array_.jpg", "user/angle": 0.030396435438093204, "user/throttle": 0.0, "user/mode": "local", "pilot/angle": 0.004608377814292908, "pilot/throttle": 0.6660350561141968, "milliseconds": 185563}