{"cam/image_array": "3041_cam-image_array_.jpg", "user/angle": 0.030396435438093204, "user/throttle": 0.0, "user/mode": "local", "pilot/angle": 0.887097179889679, "pilot/throttle": 0.3162667453289032, "milliseconds": 691207}