{"cam/image_array": "3816_cam-image_array_.jpg", "user/angle": 0.030396435438093204, "user/throttle": 0.0, "user/mode": "local", "pilot/angle": 0.6286168694496155, "pilot/throttle": 0.6481103897094727, "milliseconds": 864974}