{"cam/image_array": "4442_cam-image_array_.jpg", "user/angle": 0.030396435438093204, "user/throttle": 0.0, "user/mode": "local", "pilot/angle": 0.0317344143986702, "pilot/throttle": 0.6517080664634705, "milliseconds": 1005338}