{"cam/image_array": "408_cam-image_array_.jpg", "user/angle": 0.030396435438093204, "user/throttle": 0.0, "user/mode": "local", "pilot/angle": 0.012155871838331223, "pilot/throttle": 0.7141354084014893, "milliseconds": 100822}