{"cam/image_array": "604_cam-image_array_.jpg", "user/angle": 0.030396435438093204, "user/throttle": 0.0, "user/mode": "local", "pilot/angle": 0.07829415798187256, "pilot/throttle": 0.822044849395752, "milliseconds": 144760}