{"cam/image_array": "2676_cam-image_array_.jpg", "user/angle": 0.030396435438093204, "user/throttle": 0.0, "user/mode": "local", "pilot/angle": 0.09826378524303436, "pilot/throttle": 0.7007704973220825, "milliseconds": 609362}