{"cam/image_array": "1601_cam-image_array_.jpg", "user/angle": 0.030396435438093204, "user/throttle": 0.0, "user/mode": "local", "pilot/angle": -0.019293762743473053, "pilot/throttle": 0.8473829030990601, "milliseconds": 368301}