{"cam/image_array": "4368_cam-image_array_.jpg", "user/angle": 0.030396435438093204, "user/throttle": 0.0, "user/mode": "local", "pilot/angle": 0.705044150352478, "pilot/throttle": 0.5803338289260864, "milliseconds": 988748}