{"cam/image_array": "1491_cam-image_array_.jpg", "user/angle": 0.030396435438093204, "user/throttle": 0.0, "user/mode": "local", "pilot/angle": 0.6779264211654663, "pilot/throttle": 0.5880791544914246, "milliseconds": 343637}