{"cam/image_array": "806_cam-image_array_.jpg", "user/angle": 0.030396435438093204, "user/throttle": 0.0, "user/mode": "local", "pilot/angle": 0.8092591166496277, "pilot/throttle": 0.46080586314201355, "milliseconds": 190049}