{"cam/image_array": "1160_cam-image_array_.jpg", "user/angle": 0.030396435438093204, "user/throttle": 0.0, "user/mode": "local", "pilot/angle": 0.026207435876131058, "pilot/throttle": 0.5826009511947632, "milliseconds": 269422}