{"cam/image_array": "998_cam-image_array_.jpg", "user/angle": 0.030396435438093204, "user/throttle": 0.0, "user/mode": "local", "pilot/angle": 0.011778600513935089, "pilot/throttle": 0.6747937202453613, "milliseconds": 233101}