{"cam/image_array": "1156_cam-image_array_.jpg", "user/angle": 0.030396435438093204, "user/throttle": 0.0, "user/mode": "local", "pilot/angle": -0.06927131861448288, "pilot/throttle": 0.7123151421546936, "milliseconds": 268526}