{"cam/image_array": "2601_cam-image_array_.jpg", "user/angle": 0.030396435438093204, "user/throttle": 0.0, "user/mode": "local", "pilot/angle": -0.529267430305481, "pilot/throttle": 0.46203768253326416, "milliseconds": 592552}