{"cam/image_array": "96_cam-image_array_.jpg", "user/angle": 0.030396435438093204, "user/throttle": 0.0, "user/mode": "local", "pilot/angle": 0.01021748036146164, "pilot/throttle": 0.6603204011917114, "milliseconds": 30858}