{"cam/image_array": "1659_cam-image_array_.jpg", "user/angle": 0.030396435438093204, "user/throttle": 0.0, "user/mode": "local", "pilot/angle": 0.12231558561325073, "pilot/throttle": 0.5613080263137817, "milliseconds": 381307}