{"cam/image_array": "1452_cam-image_array_.jpg", "user/angle": 0.030396435438093204, "user/throttle": 0.0, "user/mode": "local", "pilot/angle": 0.854482114315033, "pilot/throttle": 0.477036714553833, "milliseconds": 334892}