{"cam/image_array": "4075_cam-image_array_.jpg", "user/angle": 0.030396435438093204, "user/throttle": 0.0, "user/mode": "local", "pilot/angle": 0.9346063733100891, "pilot/throttle": 0.22629058361053467, "milliseconds": 923049}