{"cam/image_array": "4301_cam-image_array_.jpg", "user/angle": 0.030396435438093204, "user/throttle": 0.0, "user/mode": "local", "pilot/angle": 0.06122366338968277, "pilot/throttle": 0.7434884905815125, "milliseconds": 973725}