{"cam/image_array": "4202_cam-image_array_.jpg", "user/angle": 0.030396435438093204, "user/throttle": 0.0, "user/mode": "local", "pilot/angle": -0.6896622776985168, "pilot/throttle": 0.6600896716117859, "milliseconds": 951528}