{"cam/image_array": "3770_cam-image_array_.jpg", "user/angle": 0.030396435438093204, "user/throttle": 0.0, "user/mode": "local", "pilot/angle": 0.09160410612821579, "pilot/throttle": 0.6819254159927368, "milliseconds": 854662}