{"cam/image_array": "4499_cam-image_array_.jpg", "user/angle": 0.030396435438093204, "user/throttle": 0.0, "user/mode": "local", "pilot/angle": 0.9954580664634705, "pilot/throttle": 0.5925213694572449, "milliseconds": 1018117}