{"cam/image_array": "4157_cam-image_array_.jpg", "user/angle": 0.030396435438093204, "user/throttle": 0.0, "user/mode": "local", "pilot/angle": 0.04369477555155754, "pilot/throttle": 0.6852712631225586, "milliseconds": 941437}