{"cam/image_array": "3427_cam-image_array_.jpg", "user/angle": 0.030396435438093204, "user/throttle": 0.0, "user/mode": "local", "pilot/angle": 0.6640617847442627, "pilot/throttle": 0.6565338373184204, "milliseconds": 777754}