{"cam/image_array": "3603_cam-image_array_.jpg", "user/angle": 0.030396435438093204, "user/throttle": 0.0, "user/mode": "local", "pilot/angle": 0.15818393230438232, "pilot/throttle": 0.6614386439323425, "milliseconds": 817214}