{"cam/image_array": "699_cam-image_array_.jpg", "user/angle": 0.030396435438093204, "user/throttle": 0.0, "user/mode": "local", "pilot/angle": 0.04406464844942093, "pilot/throttle": 0.6058632731437683, "milliseconds": 166054}