{"cam/image_array": "239_cam-image_array_.jpg", "user/angle": 0.030396435438093204, "user/throttle": 0.0, "user/mode": "local", "pilot/angle": -0.0009009093046188354, "pilot/throttle": 0.645625114440918, "milliseconds": 62928}