{"cam/image_array": "2512_cam-image_array_.jpg", "user/angle": 0.030396435438093204, "user/throttle": 0.0, "user/mode": "local", "pilot/angle": 0.03141620382666588, "pilot/throttle": 0.6670541763305664, "milliseconds": 572591}