{"cam/image_array": "3778_cam-image_array_.jpg", "user/angle": 0.030396435438093204, "user/throttle": 0.0, "user/mode": "local", "pilot/angle": -0.06291832774877548, "pilot/throttle": 0.6744421124458313, "milliseconds": 856456}