{"cam/image_array": "903_cam-image_array_.jpg", "user/angle": 0.030396435438093204, "user/throttle": 0.0, "user/mode": "local", "pilot/angle": 0.028916556388139725, "pilot/throttle": 0.7950401902198792, "milliseconds": 211794}