{"cam/image_array": "1539_cam-image_array_.jpg", "user/angle": 0.030396435438093204, "user/throttle": 0.0, "user/mode": "local", "pilot/angle": 0.004298485815525055, "pilot/throttle": 0.7390486001968384, "milliseconds": 354399}