{"cam/image_array": "2394_cam-image_array_.jpg", "user/angle": 0.030396435438093204, "user/throttle": 0.0, "user/mode": "local", "pilot/angle": -0.01841576397418976, "pilot/throttle": 0.7143192291259766, "milliseconds": 546131}