{"cam/image_array": "4494_cam-image_array_.jpg", "user/angle": 0.030396435438093204, "user/throttle": 0.0, "user/mode": "local", "pilot/angle": 0.9021725058555603, "pilot/throttle": 0.6828029751777649, "milliseconds": 1016995}