{"cam/image_array": "260_cam-image_array_.jpg", "user/angle": 0.030396435438093204, "user/throttle": 0.0, "user/mode": "local", "pilot/angle": -0.6951752305030823, "pilot/throttle": 0.682868242263794, "milliseconds": 67634}