{"cam/image_array": "2806_cam-image_array_.jpg", "user/angle": 0.030396435438093204, "user/throttle": 0.0, "user/mode": "local", "pilot/angle": 0.8792954683303833, "pilot/throttle": 0.5652704238891602, "milliseconds": 638508}