{"cam/image_array": "723_cam-image_array_.jpg", "user/angle": 0.030396435438093204, "user/throttle": 0.0, "user/mode": "local", "pilot/angle": 0.11611634492874146, "pilot/throttle": 0.3554133176803589, "milliseconds": 171433}