{"cam/image_array": "1939_cam-image_array_.jpg", "user/angle": 0.030396435438093204, "user/throttle": 0.0, "user/mode": "local", "pilot/angle": -0.021707698702812195, "pilot/throttle": 0.5770570635795593, "milliseconds": 444110}