{"cam/image_array": "3797_cam-image_array_.jpg", "user/angle": 0.030396435438093204, "user/throttle": 0.0, "user/mode": "local", "pilot/angle": 0.8861594200134277, "pilot/throttle": 0.48408612608909607, "milliseconds": 860715}