{"cam/image_array": "3270_cam-image_array_.jpg", "user/angle": 0.030396435438093204, "user/throttle": 0.0, "user/mode": "local", "pilot/angle": 0.989945113658905, "pilot/throttle": 0.572894275188446, "milliseconds": 742557}