{"cam/image_array": "225_cam-image_array_.jpg", "user/angle": 0.030396435438093204, "user/throttle": 0.0, "user/mode": "local", "pilot/angle": 0.5838043093681335, "pilot/throttle": 0.2580166161060333, "milliseconds": 59784}