{"cam/image_array": "3924_cam-image_array_.jpg", "user/angle": 0.030396435438093204, "user/throttle": 0.0, "user/mode": "local", "pilot/angle": 0.27799344062805176, "pilot/throttle": 0.7268211245536804, "milliseconds": 889195}