{"cam/image_array": "460_cam-image_array_.jpg", "user/angle": 0.030396435438093204, "user/throttle": 0.0, "user/mode": "local", "pilot/angle": 0.8406552672386169, "pilot/throttle": 0.45341625809669495, "milliseconds": 112480}