{"cam/image_array": "741_cam-image_array_.jpg", "user/angle": 0.030396435438093204, "user/throttle": 0.0, "user/mode": "local", "pilot/angle": -0.0005370527505874634, "pilot/throttle": 0.690072238445282, "milliseconds": 175469}