{"cam/image_array": "859_cam-image_array_.jpg", "user/angle": 0.030396435438093204, "user/throttle": 0.0, "user/mode": "local", "pilot/angle": 0.4808429181575775, "pilot/throttle": 0.24692794680595398, "milliseconds": 201930}