{"cam/image_array": "4183_cam-image_array_.jpg", "user/angle": 0.030396435438093204, "user/throttle": 0.0, "user/mode": "local", "pilot/angle": 0.08888037502765656, "pilot/throttle": 0.7477166056632996, "milliseconds": 947269}