{"cam/image_array": "1709_cam-image_array_.jpg", "user/angle": 0.030396435438093204, "user/throttle": 0.0, "user/mode": "local", "pilot/angle": 0.059191253036260605, "pilot/throttle": 0.7677262425422668, "milliseconds": 392523}