{"cam/image_array": "3081_cam-image_array_.jpg", "user/angle": 0.030396435438093204, "user/throttle": 0.0, "user/mode": "local", "pilot/angle": 0.5000654458999634, "pilot/throttle": 0.6743173003196716, "milliseconds": 700179}