{"cam/image_array": "2264_cam-image_array_.jpg", "user/angle": 0.030396435438093204, "user/throttle": 0.0, "user/mode": "local", "pilot/angle": -0.004701435565948486, "pilot/throttle": 0.6822198629379272, "milliseconds": 516986}