{"cam/image_array": "3235_cam-image_array_.jpg", "user/angle": 0.030396435438093204, "user/throttle": 0.0, "user/mode": "local", "pilot/angle": 0.8032587766647339, "pilot/throttle": 0.4133993983268738, "milliseconds": 734706}