{"cam/image_array": "2429_cam-image_array_.jpg", "user/angle": 0.030396435438093204, "user/throttle": 0.0, "user/mode": "local", "pilot/angle": 0.8586109280586243, "pilot/throttle": 0.6722719669342041, "milliseconds": 553983}