{"cam/image_array": "1176_cam-image_array_.jpg", "user/angle": 0.030396435438093204, "user/throttle": 0.0, "user/mode": "local", "pilot/angle": 0.8672015070915222, "pilot/throttle": 0.37447431683540344, "milliseconds": 273010}