{"cam/image_array": "2194_cam-image_array_.jpg", "user/angle": 0.030396435438093204, "user/throttle": 0.0, "user/mode": "local", "pilot/angle": 0.6094911098480225, "pilot/throttle": 0.4023921489715576, "milliseconds": 501292}