{"cam/image_array": "389_cam-image_array_.jpg", "user/angle": 0.030396435438093204, "user/throttle": 0.0, "user/mode": "local", "pilot/angle": 0.4376421868801117, "pilot/throttle": 0.6821681261062622, "milliseconds": 96562}