{"cam/image_array": "1085_cam-image_array_.jpg", "user/angle": 0.030396435438093204, "user/throttle": 0.0, "user/mode": "local", "pilot/angle": 0.7555310726165771, "pilot/throttle": 0.4478934407234192, "milliseconds": 252607}