{"cam/image_array": "3450_cam-image_array_.jpg", "user/angle": 0.030396435438093204, "user/throttle": 0.0, "user/mode": "local", "pilot/angle": -0.6465756893157959, "pilot/throttle": 0.7412216067314148, "milliseconds": 782915}