{"cam/image_array": "2416_cam-image_array_.jpg", "user/angle": 0.030396435438093204, "user/throttle": 0.0, "user/mode": "local", "pilot/angle": -0.04561314731836319, "pilot/throttle": 0.7811722755432129, "milliseconds": 551064}