{"cam/image_array": "993_cam-image_array_.jpg", "user/angle": 0.030396435438093204, "user/throttle": 0.0, "user/mode": "local", "pilot/angle": 0.919984757900238, "pilot/throttle": 0.5580990314483643, "milliseconds": 231980}