{"cam/image_array": "2267_cam-image_array_.jpg", "user/angle": 0.030396435438093204, "user/throttle": 0.0, "user/mode": "local", "pilot/angle": -0.032680511474609375, "pilot/throttle": 0.6089223623275757, "milliseconds": 517659}