{"cam/image_array": "4222_cam-image_array_.jpg", "user/angle": 0.030396435438093204, "user/throttle": 0.0, "user/mode": "local", "pilot/angle": 0.3867470622062683, "pilot/throttle": 0.7243916392326355, "milliseconds": 956019}