{"cam/image_array": "69_cam-image_array_.jpg", "user/angle": 0.030396435438093204, "user/throttle": 0.0, "user/mode": "local", "pilot/angle": -0.4368889331817627, "pilot/throttle": 0.8431817889213562, "milliseconds": 24773}