{"cam/image_array": "2126_cam-image_array_.jpg", "user/angle": 0.030396435438093204, "user/throttle": 0.0, "user/mode": "local", "pilot/angle": 0.6934662461280823, "pilot/throttle": 0.7215813398361206, "milliseconds": 486041}