{"cam/image_array": "831_cam-image_array_.jpg", "user/angle": 0.030396435438093204, "user/throttle": 0.0, "user/mode": "local", "pilot/angle": -0.7355107665061951, "pilot/throttle": 0.6499794125556946, "milliseconds": 195653}