{"cam/image_array": "702_cam-image_array_.jpg", "user/angle": 0.030396435438093204, "user/throttle": 0.0, "user/mode": "local", "pilot/angle": 0.8223372101783752, "pilot/throttle": 0.44451045989990234, "milliseconds": 166726}