{"cam/image_array": "3313_cam-image_array_.jpg", "user/angle": 0.030396435438093204, "user/throttle": 0.0, "user/mode": "local", "pilot/angle": 0.07046385109424591, "pilot/throttle": 0.5625445246696472, "milliseconds": 752194}