{"cam/image_array": "1357_cam-image_array_.jpg", "user/angle": 0.030396435438093204, "user/throttle": 0.0, "user/mode": "local", "pilot/angle": 0.8743465542793274, "pilot/throttle": 0.28757333755493164, "milliseconds": 313593}