{"cam/image_array": "1141_cam-image_array_.jpg", "user/angle": 0.030396435438093204, "user/throttle": 0.0, "user/mode": "local", "pilot/angle": 0.9493410587310791, "pilot/throttle": 0.8634554147720337, "milliseconds": 265163}