{"cam/image_array": "1165_cam-image_array_.jpg", "user/angle": 0.030396435438093204, "user/throttle": 0.0, "user/mode": "local", "pilot/angle": 0.22939470410346985, "pilot/throttle": 0.614169180393219, "milliseconds": 270543}