{"cam/image_array": "1246_cam-image_array_.jpg", "user/angle": 0.030396435438093204, "user/throttle": 0.0, "user/mode": "local", "pilot/angle": -0.07081683725118637, "pilot/throttle": 0.7052749991416931, "milliseconds": 288701}