{"cam/image_array": "3599_cam-image_array_.jpg", "user/angle": 0.030396435438093204, "user/throttle": 0.0, "user/mode": "local", "pilot/angle": 0.10518419742584229, "pilot/throttle": 0.5463229417800903, "milliseconds": 816316}