{"cam/image_array": "3150_cam-image_array_.jpg", "user/angle": 0.030396435438093204, "user/throttle": 0.0, "user/mode": "local", "pilot/angle": -0.05391675978899002, "pilot/throttle": 0.6151710152626038, "milliseconds": 715647}