{"cam/image_array": "1685_cam-image_array_.jpg", "user/angle": 0.030396435438093204, "user/throttle": 0.0, "user/mode": "local", "pilot/angle": 0.9502788782119751, "pilot/throttle": 0.5424354076385498, "milliseconds": 387145}