{"cam/image_array": "1429_cam-image_array_.jpg", "user/angle": 0.030396435438093204, "user/throttle": 0.0, "user/mode": "local", "pilot/angle": -0.09020862728357315, "pilot/throttle": 0.6585387587547302, "milliseconds": 329734}