{"cam/image_array": "2813_cam-image_array_.jpg", "user/angle": 0.030396435438093204, "user/throttle": 0.0, "user/mode": "local", "pilot/angle": -0.1817779541015625, "pilot/throttle": 0.6846556067466736, "milliseconds": 640078}