{"cam/image_array": "3357_cam-image_array_.jpg", "user/angle": 0.030396435438093204, "user/throttle": 0.0, "user/mode": "local", "pilot/angle": -0.44668203592300415, "pilot/throttle": 0.580102801322937, "milliseconds": 762062}