{"cam/image_array": "1102_cam-image_array_.jpg", "user/angle": 0.030396435438093204, "user/throttle": 0.0, "user/mode": "local", "pilot/angle": 0.728947639465332, "pilot/throttle": 0.6873394250869751, "milliseconds": 256418}