{"cam/image_array": "1188_cam-image_array_.jpg", "user/angle": 0.030396435438093204, "user/throttle": 0.0, "user/mode": "local", "pilot/angle": -0.029703155159950256, "pilot/throttle": 0.6169725060462952, "milliseconds": 275699}