{"cam/image_array": "3318_cam-image_array_.jpg", "user/angle": 0.030396435438093204, "user/throttle": 0.0, "user/mode": "local", "pilot/angle": 0.06454453617334366, "pilot/throttle": 0.8182035684585571, "milliseconds": 753315}