{"cam/image_array": "134_cam-image_array_.jpg", "user/angle": 0.030396435438093204, "user/throttle": 0.0, "user/mode": "local", "pilot/angle": 0.8876610994338989, "pilot/throttle": 0.39530280232429504, "milliseconds": 39375}