{"cam/image_array": "265_cam-image_array_.jpg", "user/angle": 0.030396435438093204, "user/throttle": 0.0, "user/mode": "local", "pilot/angle": -0.005317941308021545, "pilot/throttle": 0.7882159352302551, "milliseconds": 68755}