{"cam/image_array": "1546_cam-image_array_.jpg", "user/angle": 0.030396435438093204, "user/throttle": 0.0, "user/mode": "local", "pilot/angle": 0.9112433791160583, "pilot/throttle": 0.4178169071674347, "milliseconds": 355967}