{"cam/image_array": "2447_cam-image_array_.jpg", "user/angle": 0.030396435438093204, "user/throttle": 0.0, "user/mode": "local", "pilot/angle": 0.6764442920684814, "pilot/throttle": 0.5919509530067444, "milliseconds": 558020}