{"cam/image_array": "3524_cam-image_array_.jpg", "user/angle": 0.030396435438093204, "user/throttle": 0.0, "user/mode": "local", "pilot/angle": 0.4141803979873657, "pilot/throttle": 0.5048489570617676, "milliseconds": 799502}