{"cam/image_array": "3346_cam-image_array_.jpg", "user/angle": 0.030396435438093204, "user/throttle": 0.0, "user/mode": "local", "pilot/angle": 0.751084566116333, "pilot/throttle": 0.7073602080345154, "milliseconds": 759595}