{"cam/image_array": "133_cam-image_array_.jpg", "user/angle": 0.030396435438093204, "user/throttle": 0.0, "user/mode": "local", "pilot/angle": 0.8795153498649597, "pilot/throttle": 0.4682965576648712, "milliseconds": 39150}