{"cam/image_array": "1697_cam-image_array_.jpg", "user/angle": 0.030396435438093204, "user/throttle": 0.0, "user/mode": "local", "pilot/angle": 0.0321180485188961, "pilot/throttle": 0.7304648160934448, "milliseconds": 389834}