{"cam/image_array": "539_cam-image_array_.jpg", "user/angle": 0.030396435438093204, "user/throttle": 0.0, "user/mode": "local", "pilot/angle": 0.7404152154922485, "pilot/throttle": 0.6435919404029846, "milliseconds": 130190}