{"cam/image_array": "412_cam-image_array_.jpg", "user/angle": 0.030396435438093204, "user/throttle": 0.0, "user/mode": "local", "pilot/angle": 0.5870677828788757, "pilot/throttle": 0.5621189475059509, "milliseconds": 101718}