{"cam/image_array": "3970_cam-image_array_.jpg", "user/angle": 0.030396435438093204, "user/throttle": 0.0, "user/mode": "local", "pilot/angle": 0.03182588517665863, "pilot/throttle": 0.6344642639160156, "milliseconds": 899509}