{"cam/image_array": "2657_cam-image_array_.jpg", "user/angle": 0.030396435438093204, "user/throttle": 0.0, "user/mode": "local", "pilot/angle": 0.12580856680870056, "pilot/throttle": 0.2921317219734192, "milliseconds": 605104}