{"cam/image_array": "3806_cam-image_array_.jpg", "user/angle": 0.030396435438093204, "user/throttle": 0.0, "user/mode": "local", "pilot/angle": 0.08143460750579834, "pilot/throttle": 0.6742628812789917, "milliseconds": 862733}