{"cam/image_array": "4463_cam-image_array_.jpg", "user/angle": 0.030396435438093204, "user/throttle": 0.0, "user/mode": "local", "pilot/angle": 0.13503995537757874, "pilot/throttle": 0.7032657265663147, "milliseconds": 1010044}