{"cam/image_array": "2174_cam-image_array_.jpg", "user/angle": 0.030396435438093204, "user/throttle": 0.0, "user/mode": "local", "pilot/angle": -0.017649315297603607, "pilot/throttle": 0.7541614174842834, "milliseconds": 496806}