{"cam/image_array": "67_cam-image_array_.jpg", "user/angle": 0.030396435438093204, "user/throttle": 0.0, "user/mode": "local", "pilot/angle": -0.33022385835647583, "pilot/throttle": 0.6395146250724792, "milliseconds": 24325}