{"cam/image_array": "3512_cam-image_array_.jpg", "user/angle": 0.030396435438093204, "user/throttle": 0.0, "user/mode": "local", "pilot/angle": 0.5815176963806152, "pilot/throttle": 0.3046759366989136, "milliseconds": 796812}