{"cam/image_array": "580_cam-image_array_.jpg", "user/angle": 0.030396435438093204, "user/throttle": 0.0, "user/mode": "local", "pilot/angle": 1.037282109260559, "pilot/throttle": 0.8192209005355835, "milliseconds": 139383}