{"cam/image_array": "4443_cam-image_array_.jpg", "user/angle": 0.030396435438093204, "user/throttle": 0.0, "user/mode": "local", "pilot/angle": 0.023354843258857727, "pilot/throttle": 0.7433279752731323, "milliseconds": 1005562}