{"cam/image_array": "4452_cam-image_array_.jpg", "user/angle": 0.030396435438093204, "user/throttle": 0.0, "user/mode": "local", "pilot/angle": 0.8359329700469971, "pilot/throttle": 0.3459424674510956, "milliseconds": 1007579}