{"cam/image_array": "3474_cam-image_array_.jpg", "user/angle": 0.030396435438093204, "user/throttle": 0.0, "user/mode": "local", "pilot/angle": -0.012802213430404663, "pilot/throttle": 0.6384909152984619, "milliseconds": 788296}