{"cam/image_array": "1325_cam-image_array_.jpg", "user/angle": 0.030396435438093204, "user/throttle": 0.0, "user/mode": "local", "pilot/angle": 1.0280624628067017, "pilot/throttle": 0.7962406277656555, "milliseconds": 306422}