{"cam/image_array": "1600_cam-image_array_.jpg", "user/angle": 0.030396435438093204, "user/throttle": 0.0, "user/mode": "local", "pilot/angle": -0.0022375956177711487, "pilot/throttle": 0.7826231718063354, "milliseconds": 368077}