{"cam/image_array": "317_cam-image_array_.jpg", "user/angle": 0.030396435438093204, "user/throttle": 0.0, "user/mode": "local", "pilot/angle": -0.007985830307006836, "pilot/throttle": 0.6875020265579224, "milliseconds": 80412}