{"cam/image_array": "4349_cam-image_array_.jpg", "user/angle": 0.030396435438093204, "user/throttle": 0.0, "user/mode": "local", "pilot/angle": 0.02859947830438614, "pilot/throttle": 0.6824911236763, "milliseconds": 984488}