{"cam/image_array": "3230_cam-image_array_.jpg", "user/angle": 0.030396435438093204, "user/throttle": 0.0, "user/mode": "local", "pilot/angle": 0.9044744968414307, "pilot/throttle": 0.34634464979171753, "milliseconds": 733585}