{"cam/image_array": "1394_cam-image_array_.jpg", "user/angle": 0.030396435438093204, "user/throttle": 0.0, "user/mode": "local", "pilot/angle": -0.08112794905900955, "pilot/throttle": 0.675861120223999, "milliseconds": 321889}