{"cam/image_array": "621_cam-image_array_.jpg", "user/angle": 0.030396435438093204, "user/throttle": 0.0, "user/mode": "local", "pilot/angle": 0.004351578652858734, "pilot/throttle": 0.7282080054283142, "milliseconds": 148569}