{"cam/image_array": "103_cam-image_array_.jpg", "user/angle": 0.030396435438093204, "user/throttle": 0.0, "user/mode": "local", "pilot/angle": 0.9782133102416992, "pilot/throttle": 0.8425248265266418, "milliseconds": 32427}