{"cam/image_array": "751_cam-image_array_.jpg", "user/angle": 0.030396435438093204, "user/throttle": 0.0, "user/mode": "local", "pilot/angle": 0.9379190802574158, "pilot/throttle": 0.6385048627853394, "milliseconds": 177712}