{"cam/image_array": "2254_cam-image_array_.jpg", "user/angle": 0.030396435438093204, "user/throttle": 0.0, "user/mode": "local", "pilot/angle": 0.3044552505016327, "pilot/throttle": 0.5294283032417297, "milliseconds": 514743}