{"cam/image_array": "3891_cam-image_array_.jpg", "user/angle": 0.030396435438093204, "user/throttle": 0.0, "user/mode": "local", "pilot/angle": 0.9351674914360046, "pilot/throttle": 0.31639400124549866, "milliseconds": 881797}