{"cam/image_array": "3648_cam-image_array_.jpg", "user/angle": 0.030396435438093204, "user/throttle": 0.0, "user/mode": "local", "pilot/angle": 0.8342821002006531, "pilot/throttle": 0.5246946215629578, "milliseconds": 827310}