{"cam/image_array": "475_cam-image_array_.jpg", "user/angle": 0.030396435438093204, "user/throttle": 0.0, "user/mode": "local", "pilot/angle": 0.05924522876739502, "pilot/throttle": 0.39113640785217285, "milliseconds": 115842}