{"cam/image_array": "2424_cam-image_array_.jpg", "user/angle": 0.030396435438093204, "user/throttle": 0.0, "user/mode": "local", "pilot/angle": 0.8313244581222534, "pilot/throttle": 0.512620210647583, "milliseconds": 552862}