{"cam/image_array": "1071_cam-image_array_.jpg", "user/angle": 0.030396435438093204, "user/throttle": 0.0, "user/mode": "local", "pilot/angle": 0.14397934079170227, "pilot/throttle": 0.6810925602912903, "milliseconds": 249470}