{"cam/image_array": "1025_cam-image_array_.jpg", "user/angle": 0.030396435438093204, "user/throttle": 0.0, "user/mode": "local", "pilot/angle": 0.7571629881858826, "pilot/throttle": 0.39895865321159363, "milliseconds": 239153}