{"cam/image_array": "2549_cam-image_array_.jpg", "user/angle": 0.030396435438093204, "user/throttle": 0.0, "user/mode": "local", "pilot/angle": -0.09205880016088486, "pilot/throttle": 0.6529656052589417, "milliseconds": 580891}