{"cam/image_array": "1988_cam-image_array_.jpg", "user/angle": 0.030396435438093204, "user/throttle": 0.0, "user/mode": "local", "pilot/angle": 0.47882401943206787, "pilot/throttle": 0.6074301600456238, "milliseconds": 455097}