{"cam/image_array": "4308_cam-image_array_.jpg", "user/angle": 0.030396435438093204, "user/throttle": 0.0, "user/mode": "local", "pilot/angle": 0.9197532534599304, "pilot/throttle": 0.5469020009040833, "milliseconds": 975294}