{"cam/image_array": "880_cam-image_array_.jpg", "user/angle": 0.030396435438093204, "user/throttle": 0.0, "user/mode": "local", "pilot/angle": 0.02776944637298584, "pilot/throttle": 0.6668774485588074, "milliseconds": 206640}