{"cam/image_array": "268_cam-image_array_.jpg", "user/angle": 0.030396435438093204, "user/throttle": 0.0, "user/mode": "local", "pilot/angle": 0.7106761932373047, "pilot/throttle": 0.6441147327423096, "milliseconds": 69428}