{"cam/image_array": "1812_cam-image_array_.jpg", "user/angle": 0.030396435438093204, "user/throttle": 0.0, "user/mode": "local", "pilot/angle": 0.011291660368442535, "pilot/throttle": 0.6519781947135925, "milliseconds": 415631}