{"cam/image_array": "959_cam-image_array_.jpg", "user/angle": 0.030396435438093204, "user/throttle": 0.0, "user/mode": "local", "pilot/angle": 0.8981399536132812, "pilot/throttle": 0.7004386782646179, "milliseconds": 224354}