{"cam/image_array": "1410_cam-image_array_.jpg", "user/angle": 0.030396435438093204, "user/throttle": 0.0, "user/mode": "local", "pilot/angle": 0.09283307194709778, "pilot/throttle": 0.670983076095581, "milliseconds": 325476}