{"cam/image_array": "104_cam-image_array_.jpg", "user/angle": 0.030396435438093204, "user/throttle": 0.0, "user/mode": "local", "pilot/angle": 0.9309653639793396, "pilot/throttle": 0.6432247161865234, "milliseconds": 32651}