{"cam/image_array": "3907_cam-image_array_.jpg", "user/angle": 0.030396435438093204, "user/throttle": 0.0, "user/mode": "local", "pilot/angle": 0.478577584028244, "pilot/throttle": 0.6615324020385742, "milliseconds": 885383}