{"cam/image_array": "2817_cam-image_array_.jpg", "user/angle": 0.030396435438093204, "user/throttle": 0.0, "user/mode": "local", "pilot/angle": 0.042772095650434494, "pilot/throttle": 0.7840448617935181, "milliseconds": 640974}