{"cam/image_array": "756_cam-image_array_.jpg", "user/angle": 0.030396435438093204, "user/throttle": 0.0, "user/mode": "local", "pilot/angle": 0.8215510249137878, "pilot/throttle": 0.5986689329147339, "milliseconds": 178832}