{"cam/image_array": "516_cam-image_array_.jpg", "user/angle": 0.030396435438093204, "user/throttle": 0.0, "user/mode": "local", "pilot/angle": 0.9250229597091675, "pilot/throttle": 0.26077136397361755, "milliseconds": 125032}