{"cam/image_array": "1280_cam-image_array_.jpg", "user/angle": 0.030396435438093204, "user/throttle": 0.0, "user/mode": "local", "pilot/angle": -0.011014029383659363, "pilot/throttle": 0.7871308922767639, "milliseconds": 296329}