{"cam/image_array": "3715_cam-image_array_.jpg", "user/angle": 0.030396435438093204, "user/throttle": 0.0, "user/mode": "local", "pilot/angle": -0.06387754529714584, "pilot/throttle": 0.7703121304512024, "milliseconds": 842329}