{"cam/image_array": "418_cam-image_array_.jpg", "user/angle": 0.030396435438093204, "user/throttle": 0.0, "user/mode": "local", "pilot/angle": 0.9380061030387878, "pilot/throttle": 0.5394205451011658, "milliseconds": 103062}