{"cam/image_array": "2618_cam-image_array_.jpg", "user/angle": 0.030396435438093204, "user/throttle": 0.0, "user/mode": "local", "pilot/angle": 0.7700685858726501, "pilot/throttle": 0.7838497757911682, "milliseconds": 596364}