{"cam/image_array": "3023_cam-image_array_.jpg", "user/angle": 0.030396435438093204, "user/throttle": 0.0, "user/mode": "local", "pilot/angle": -0.09647557884454727, "pilot/throttle": 0.7061149477958679, "milliseconds": 687173}