{"cam/image_array": "1254_cam-image_array_.jpg", "user/angle": 0.030396435438093204, "user/throttle": 0.0, "user/mode": "local", "pilot/angle": 0.022916000336408615, "pilot/throttle": 0.7643209099769592, "milliseconds": 290501}