{"cam/image_array": "4526_cam-image_array_.jpg", "user/angle": 0.030396435438093204, "user/throttle": 0.0, "user/mode": "local", "pilot/angle": -0.09536095708608627, "pilot/throttle": 0.708442747592926, "milliseconds": 1024168}