{"cam/image_array": "2755_cam-image_array_.jpg", "user/angle": 0.030396435438093204, "user/throttle": 0.0, "user/mode": "local", "pilot/angle": 0.19899648427963257, "pilot/throttle": 0.6126241683959961, "milliseconds": 627073}