{"cam/image_array": "1972_cam-image_array_.jpg", "user/angle": 0.030396435438093204, "user/throttle": 0.0, "user/mode": "local", "pilot/angle": 0.04873048514127731, "pilot/throttle": 0.7574254870414734, "milliseconds": 451510}