{"cam/image_array": "2173_cam-image_array_.jpg", "user/angle": 0.030396435438093204, "user/throttle": 0.0, "user/mode": "local", "pilot/angle": 0.042383335530757904, "pilot/throttle": 0.7403053045272827, "milliseconds": 496582}