{"cam/image_array": "1340_cam-image_array_.jpg", "user/angle": 0.030396435438093204, "user/throttle": 0.0, "user/mode": "local", "pilot/angle": -0.0061074793338775635, "pilot/throttle": 0.5656680464744568, "milliseconds": 309783}