{"cam/image_array": "2245_cam-image_array_.jpg", "user/angle": 0.030396435438093204, "user/throttle": 0.0, "user/mode": "local", "pilot/angle": 0.8925253748893738, "pilot/throttle": 0.5307455062866211, "milliseconds": 512726}