{"cam/image_array": "2627_cam-image_array_.jpg", "user/angle": 0.030396435438093204, "user/throttle": 0.0, "user/mode": "local", "pilot/angle": -0.04176536947488785, "pilot/throttle": 0.6723263263702393, "milliseconds": 598381}