{"cam/image_array": "3793_cam-image_array_.jpg", "user/angle": 0.030396435438093204, "user/throttle": 0.0, "user/mode": "local", "pilot/angle": 0.675269603729248, "pilot/throttle": 0.4779431223869324, "milliseconds": 859818}