{"cam/image_array": "2490_cam-image_array_.jpg", "user/angle": 0.030396435438093204, "user/throttle": 0.0, "user/mode": "local", "pilot/angle": -0.08657123893499374, "pilot/throttle": 0.7584981322288513, "milliseconds": 567659}