{"cam/image_array": "1383_cam-image_array_.jpg", "user/angle": 0.030396435438093204, "user/throttle": 0.0, "user/mode": "local", "pilot/angle": 0.099588543176651, "pilot/throttle": 0.663320004940033, "milliseconds": 319423}