{"cam/image_array": "1051_cam-image_array_.jpg", "user/angle": 0.030396435438093204, "user/throttle": 0.0, "user/mode": "local", "pilot/angle": 0.9010219573974609, "pilot/throttle": 0.6811841130256653, "milliseconds": 244982}