{"cam/image_array": "2282_cam-image_array_.jpg", "user/angle": 0.030396435438093204, "user/throttle": 0.0, "user/mode": "local", "pilot/angle": 0.06699442863464355, "pilot/throttle": 0.8359612226486206, "milliseconds": 521022}