{"cam/image_array": "3703_cam-image_array_.jpg", "user/angle": 0.030396435438093204, "user/throttle": 0.0, "user/mode": "local", "pilot/angle": 0.8997805118560791, "pilot/throttle": 0.17550340294837952, "milliseconds": 839640}