{"cam/image_array": "3094_cam-image_array_.jpg", "user/angle": 0.030396435438093204, "user/throttle": 0.0, "user/mode": "local", "pilot/angle": 0.05636759102344513, "pilot/throttle": 0.6726086139678955, "milliseconds": 703094}