{"cam/image_array": "4532_cam-image_array_.jpg", "user/angle": 0.030396435438093204, "user/throttle": 0.0, "user/mode": "local", "pilot/angle": -0.0605892613530159, "pilot/throttle": 0.7363154292106628, "milliseconds": 1025513}