{"cam/image_array": "1770_cam-image_array_.jpg", "user/angle": 0.030396435438093204, "user/throttle": 0.0, "user/mode": "local", "pilot/angle": -0.047611117362976074, "pilot/throttle": 0.760621190071106, "milliseconds": 406203}