{"cam/image_array": "2874_cam-image_array_.jpg", "user/angle": 0.030396435438093204, "user/throttle": 0.0, "user/mode": "local", "pilot/angle": 0.07809678465127945, "pilot/throttle": 0.7368766665458679, "milliseconds": 653755}