{"cam/image_array": "3243_cam-image_array_.jpg", "user/angle": 0.030396435438093204, "user/throttle": 0.0, "user/mode": "local", "pilot/angle": -0.0690344050526619, "pilot/throttle": 0.6490892171859741, "milliseconds": 736500}