{"cam/image_array": "2849_cam-image_array_.jpg", "user/angle": 0.030396435438093204, "user/throttle": 0.0, "user/mode": "local", "pilot/angle": 0.07646990567445755, "pilot/throttle": 0.46405988931655884, "milliseconds": 648151}