{"cam/image_array": "356_cam-image_array_.jpg", "user/angle": 0.030396435438093204, "user/throttle": 0.0, "user/mode": "local", "pilot/angle": -0.405781090259552, "pilot/throttle": 0.8122602701187134, "milliseconds": 89158}