{"cam/image_array": "3085_cam-image_array_.jpg", "user/angle": 0.030396435438093204, "user/throttle": 0.0, "user/mode": "local", "pilot/angle": 0.8582579493522644, "pilot/throttle": 0.608396053314209, "milliseconds": 701076}