{"cam/image_array": "1521_cam-image_array_.jpg", "user/angle": 0.030396435438093204, "user/throttle": 0.0, "user/mode": "local", "pilot/angle": 0.15013518929481506, "pilot/throttle": 0.7215604782104492, "milliseconds": 350363}