{"cam/image_array": "791_cam-image_array_.jpg", "user/angle": 0.030396435438093204, "user/throttle": 0.0, "user/mode": "local", "pilot/angle": 0.17800942063331604, "pilot/throttle": 0.7035111784934998, "milliseconds": 186684}