{"cam/image_array": "4426_cam-image_array_.jpg", "user/angle": 0.030396435438093204, "user/throttle": 0.0, "user/mode": "local", "pilot/angle": 0.9062981605529785, "pilot/throttle": 0.6860911250114441, "milliseconds": 1001751}