{"cam/image_array": "3103_cam-image_array_.jpg", "user/angle": 0.030396435438093204, "user/throttle": 0.0, "user/mode": "local", "pilot/angle": 0.6705926060676575, "pilot/throttle": 0.21804937720298767, "milliseconds": 705112}