{"cam/image_array": "670_cam-image_array_.jpg", "user/angle": 0.030396435438093204, "user/throttle": 0.0, "user/mode": "local", "pilot/angle": 0.6392006278038025, "pilot/throttle": 0.5696096420288086, "milliseconds": 159553}