{"cam/image_array": "4189_cam-image_array_.jpg", "user/angle": 0.030396435438093204, "user/throttle": 0.0, "user/mode": "local", "pilot/angle": -0.11105375736951828, "pilot/throttle": 0.5750081539154053, "milliseconds": 948613}