{"cam/image_array": "4371_cam-image_array_.jpg", "user/angle": 0.030396435438093204, "user/throttle": 0.0, "user/mode": "local", "pilot/angle": 0.012720618396997452, "pilot/throttle": 0.6722534894943237, "milliseconds": 989421}