{"cam/image_array": "2757_cam-image_array_.jpg", "user/angle": 0.030396435438093204, "user/throttle": 0.0, "user/mode": "local", "pilot/angle": 0.3029378354549408, "pilot/throttle": 0.6676419973373413, "milliseconds": 627521}