{"cam/image_array": "971_cam-image_array_.jpg", "user/angle": 0.030396435438093204, "user/throttle": 0.0, "user/mode": "local", "pilot/angle": -0.06432188302278519, "pilot/throttle": 0.6066713929176331, "milliseconds": 227045}