{"cam/image_array": "3409_cam-image_array_.jpg", "user/angle": 0.030396435438093204, "user/throttle": 0.0, "user/mode": "local", "pilot/angle": 0.00035309791564941406, "pilot/throttle": 0.4982863664627075, "milliseconds": 773718}