{"cam/image_array": "3129_cam-image_array_.jpg", "user/angle": 0.030396435438093204, "user/throttle": 0.0, "user/mode": "local", "pilot/angle": 0.18149322271347046, "pilot/throttle": 0.5967657566070557, "milliseconds": 710938}