{"cam/image_array": "1897_cam-image_array_.jpg", "user/angle": 0.030396435438093204, "user/throttle": 0.0, "user/mode": "local", "pilot/angle": 0.41085517406463623, "pilot/throttle": 0.6243467330932617, "milliseconds": 434691}