{"cam/image_array": "4103_cam-image_array_.jpg", "user/angle": 0.030396435438093204, "user/throttle": 0.0, "user/mode": "local", "pilot/angle": 0.10395295917987823, "pilot/throttle": 0.7182679772377014, "milliseconds": 929325}