{"cam/image_array": "4500_cam-image_array_.jpg", "user/angle": 0.030396435438093204, "user/throttle": 0.0, "user/mode": "local", "pilot/angle": 0.8912562727928162, "pilot/throttle": 0.6950951814651489, "milliseconds": 1018341}