{"cam/image_array": "4432_cam-image_array_.jpg", "user/angle": 0.030396435438093204, "user/throttle": 0.0, "user/mode": "local", "pilot/angle": -0.15137621760368347, "pilot/throttle": 0.7502737641334534, "milliseconds": 1003095}