{"cam/image_array": "2250_cam-image_array_.jpg", "user/angle": 0.030396435438093204, "user/throttle": 0.0, "user/mode": "local", "pilot/angle": -0.06822381168603897, "pilot/throttle": 0.6573740839958191, "milliseconds": 513847}