{"cam/image_array": "841_cam-image_array_.jpg", "user/angle": 0.030396435438093204, "user/throttle": 0.0, "user/mode": "local", "pilot/angle": 0.8318147659301758, "pilot/throttle": 0.5019415616989136, "milliseconds": 197895}