{"cam/image_array": "794_cam-image_array_.jpg", "user/angle": 0.030396435438093204, "user/throttle": 0.0, "user/mode": "local", "pilot/angle": 0.17106255888938904, "pilot/throttle": 0.7238245606422424, "milliseconds": 187356}