{"cam/image_array": "1647_cam-image_array_.jpg", "user/angle": 0.030396435438093204, "user/throttle": 0.0, "user/mode": "local", "pilot/angle": 0.7069546580314636, "pilot/throttle": 0.3853323757648468, "milliseconds": 378617}