{"cam/image_array": "3209_cam-image_array_.jpg", "user/angle": 0.030396435438093204, "user/throttle": 0.0, "user/mode": "local", "pilot/angle": -0.07778947800397873, "pilot/throttle": 0.7106354236602783, "milliseconds": 728875}