{"cam/image_array": "901_cam-image_array_.jpg", "user/angle": 0.030396435438093204, "user/throttle": 0.0, "user/mode": "local", "pilot/angle": 0.5942754745483398, "pilot/throttle": 0.4433950185775757, "milliseconds": 211345}