{"cam/image_array": "2008_cam-image_array_.jpg", "user/angle": 0.030396435438093204, "user/throttle": 0.0, "user/mode": "local", "pilot/angle": 0.3366423547267914, "pilot/throttle": 0.5701634883880615, "milliseconds": 459580}