{"cam/image_array": "2919_cam-image_array_.jpg", "user/angle": 0.030396435438093204, "user/throttle": 0.0, "user/mode": "local", "pilot/angle": 0.719708263874054, "pilot/throttle": 0.8192659020423889, "milliseconds": 663845}