{"cam/image_array": "4168_cam-image_array_.jpg", "user/angle": 0.030396435438093204, "user/throttle": 0.0, "user/mode": "local", "pilot/angle": 0.6241785883903503, "pilot/throttle": 0.5085095167160034, "milliseconds": 943904}