{"cam/image_array": "4050_cam-image_array_.jpg", "user/angle": 0.030396435438093204, "user/throttle": 0.0, "user/mode": "local", "pilot/angle": -0.018559403717517853, "pilot/throttle": 0.7937176823616028, "milliseconds": 917444}