{"cam/image_array": "174_cam-image_array_.jpg", "user/angle": 0.030396435438093204, "user/throttle": 0.0, "user/mode": "local", "pilot/angle": 0.6512823104858398, "pilot/throttle": 0.5588407516479492, "milliseconds": 48342}