{"cam/image_array": "1965_cam-image_array_.jpg", "user/angle": 0.030396435438093204, "user/throttle": 0.0, "user/mode": "local", "pilot/angle": 0.759907066822052, "pilot/throttle": 0.4085608422756195, "milliseconds": 449941}