{"cam/image_array": "746_cam-image_array_.jpg", "user/angle": 0.030396435438093204, "user/throttle": 0.0, "user/mode": "local", "pilot/angle": 0.5941801071166992, "pilot/throttle": 0.3610989451408386, "milliseconds": 176591}