{"cam/image_array": "2145_cam-image_array_.jpg", "user/angle": 0.030396435438093204, "user/throttle": 0.0, "user/mode": "local", "pilot/angle": 0.9202793836593628, "pilot/throttle": 0.6427794098854065, "milliseconds": 490303}