{"cam/image_array": "2970_cam-image_array_.jpg", "user/angle": 0.030396435438093204, "user/throttle": 0.0, "user/mode": "local", "pilot/angle": 0.5035343766212463, "pilot/throttle": 0.6184757351875305, "milliseconds": 675283}