{"cam/image_array": "2469_cam-image_array_.jpg", "user/angle": 0.030396435438093204, "user/throttle": 0.0, "user/mode": "local", "pilot/angle": 0.15113794803619385, "pilot/throttle": 0.6189754009246826, "milliseconds": 562951}