{"cam/image_array": "123_cam-image_array_.jpg", "user/angle": 0.030396435438093204, "user/throttle": 0.0, "user/mode": "local", "pilot/angle": 0.06325111538171768, "pilot/throttle": 0.6495490670204163, "milliseconds": 36910}