{"cam/image_array": "3542_cam-image_array_.jpg", "user/angle": 0.030396435438093204, "user/throttle": 0.0, "user/mode": "local", "pilot/angle": -0.3299013376235962, "pilot/throttle": 0.472934365272522, "milliseconds": 803536}