{"cam/image_array": "1515_cam-image_array_.jpg", "user/angle": 0.030396435438093204, "user/throttle": 0.0, "user/mode": "local", "pilot/angle": 0.7037461996078491, "pilot/throttle": 0.2271091341972351, "milliseconds": 349018}