{"cam/image_array": "2955_cam-image_array_.jpg", "user/angle": 0.030396435438093204, "user/throttle": 0.0, "user/mode": "local", "pilot/angle": 0.7961713671684265, "pilot/throttle": 0.44752609729766846, "milliseconds": 671919}