{"cam/image_array": "363_cam-image_array_.jpg", "user/angle": 0.030396435438093204, "user/throttle": 0.0, "user/mode": "local", "pilot/angle": 0.2879280149936676, "pilot/throttle": 0.659497082233429, "milliseconds": 90727}