{"cam/image_array": "577_cam-image_array_.jpg", "user/angle": 0.030396435438093204, "user/throttle": 0.0, "user/mode": "local", "pilot/angle": 0.6361392140388489, "pilot/throttle": 0.7016367316246033, "milliseconds": 138709}