{"cam/image_array": "1751_cam-image_array_.jpg", "user/angle": 0.030396435438093204, "user/throttle": 0.0, "user/mode": "local", "pilot/angle": -0.08413264900445938, "pilot/throttle": 0.7410285472869873, "milliseconds": 401943}