{"cam/image_array": "2725_cam-image_array_.jpg", "user/angle": 0.030396435438093204, "user/throttle": 0.0, "user/mode": "local", "pilot/angle": 0.40610572695732117, "pilot/throttle": 0.6947599649429321, "milliseconds": 620349}