{"cam/image_array": "1466_cam-image_array_.jpg", "user/angle": 0.030396435438093204, "user/throttle": 0.0, "user/mode": "local", "pilot/angle": -0.07068290561437607, "pilot/throttle": 0.6099786758422852, "milliseconds": 338032}