{"cam/image_array": "3192_cam-image_array_.jpg", "user/angle": 0.030396435438093204, "user/throttle": 0.0, "user/mode": "local", "pilot/angle": -0.039349816739559174, "pilot/throttle": 0.723679780960083, "milliseconds": 725065}