{"cam/image_array": "777_cam-image_array_.jpg", "user/angle": 0.030396435438093204, "user/throttle": 0.0, "user/mode": "local", "pilot/angle": -0.09382129460573196, "pilot/throttle": 0.7853868007659912, "milliseconds": 183545}