{"cam/image_array": "3963_cam-image_array_.jpg", "user/angle": 0.030396435438093204, "user/throttle": 0.0, "user/mode": "local", "pilot/angle": -0.05459853261709213, "pilot/throttle": 0.734131932258606, "milliseconds": 897939}