{"cam/image_array": "1024_cam-image_array_.jpg", "user/angle": 0.030396435438093204, "user/throttle": 0.0, "user/mode": "local", "pilot/angle": 0.6794280409812927, "pilot/throttle": 0.6152082085609436, "milliseconds": 238929}