{"cam/image_array": "3798_cam-image_array_.jpg", "user/angle": 0.030396435438093204, "user/throttle": 0.0, "user/mode": "local", "pilot/angle": 0.8383340239524841, "pilot/throttle": 0.3851448893547058, "milliseconds": 860939}