{"cam/image_array": "1305_cam-image_array_.jpg", "user/angle": 0.030396435438093204, "user/throttle": 0.0, "user/mode": "local", "pilot/angle": 1.0290322303771973, "pilot/throttle": 0.6296430230140686, "milliseconds": 301939}