{"cam/image_array": "3337_cam-image_array_.jpg", "user/angle": 0.030396435438093204, "user/throttle": 0.0, "user/mode": "local", "pilot/angle": -0.008856341242790222, "pilot/throttle": 0.5974769592285156, "milliseconds": 757576}