{"cam/image_array": "2013_cam-image_array_.jpg", "user/angle": 0.030396435438093204, "user/throttle": 0.0, "user/mode": "local", "pilot/angle": 0.6913256645202637, "pilot/throttle": 0.3042362928390503, "milliseconds": 460700}