{"cam/image_array": "3529_cam-image_array_.jpg", "user/angle": 0.030396435438093204, "user/throttle": 0.0, "user/mode": "local", "pilot/angle": -0.013051912188529968, "pilot/throttle": 0.5804658532142639, "milliseconds": 800624}