{"cam/image_array": "2521_cam-image_array_.jpg", "user/angle": 0.030396435438093204, "user/throttle": 0.0, "user/mode": "local", "pilot/angle": 0.8897090554237366, "pilot/throttle": 0.5536041259765625, "milliseconds": 574609}