{"cam/image_array": "4207_cam-image_array_.jpg", "user/angle": 0.030396435438093204, "user/throttle": 0.0, "user/mode": "local", "pilot/angle": -0.013946853578090668, "pilot/throttle": 0.7523654699325562, "milliseconds": 952654}