{"cam/image_array": "2859_cam-image_array_.jpg", "user/angle": 0.030396435438093204, "user/throttle": 0.0, "user/mode": "local", "pilot/angle": 0.9623939990997314, "pilot/throttle": 0.3171922266483307, "milliseconds": 650391}