{"cam/image_array": "3225_cam-image_array_.jpg", "user/angle": 0.030396435438093204, "user/throttle": 0.0, "user/mode": "local", "pilot/angle": 0.16688013076782227, "pilot/throttle": 0.791073203086853, "milliseconds": 732464}