{"cam/image_array": "3118_cam-image_array_.jpg", "user/angle": 0.030396435438093204, "user/throttle": 0.0, "user/mode": "local", "pilot/angle": -0.041717529296875, "pilot/throttle": 0.5994470715522766, "milliseconds": 708473}