{"cam/image_array": "2300_cam-image_array_.jpg", "user/angle": 0.030396435438093204, "user/throttle": 0.0, "user/mode": "local", "pilot/angle": 0.012811977416276932, "pilot/throttle": 0.6719174981117249, "milliseconds": 525057}