{"cam/image_array": "2731_cam-image_array_.jpg", "user/angle": 0.030396435438093204, "user/throttle": 0.0, "user/mode": "local", "pilot/angle": 0.9344303011894226, "pilot/throttle": 0.7083128094673157, "milliseconds": 621695}