{"cam/image_array": "4431_cam-image_array_.jpg", "user/angle": 0.030396435438093204, "user/throttle": 0.0, "user/mode": "local", "pilot/angle": -0.026073865592479706, "pilot/throttle": 0.5926165580749512, "milliseconds": 1002871}