{"cam/image_array": "1084_cam-image_array_.jpg", "user/angle": 0.030396435438093204, "user/throttle": 0.0, "user/mode": "local", "pilot/angle": 0.9129525423049927, "pilot/throttle": 0.3506009876728058, "milliseconds": 252383}