{"cam/image_array": "490_cam-image_array_.jpg", "user/angle": 0.030396435438093204, "user/throttle": 0.0, "user/mode": "local", "pilot/angle": -0.11378172785043716, "pilot/throttle": 0.6971971988677979, "milliseconds": 119204}