{"cam/image_array": "1420_cam-image_array_.jpg", "user/angle": 0.030396435438093204, "user/throttle": 0.0, "user/mode": "local", "pilot/angle": 0.9574132561683655, "pilot/throttle": 0.7066245079040527, "milliseconds": 327719}