{"cam/image_array": "2443_cam-image_array_.jpg", "user/angle": 0.030396435438093204, "user/throttle": 0.0, "user/mode": "local", "pilot/angle": 1.0593030452728271, "pilot/throttle": 0.5829998850822449, "milliseconds": 557123}