{"cam/image_array": "2483_cam-image_array_.jpg", "user/angle": 0.030396435438093204, "user/throttle": 0.0, "user/mode": "local", "pilot/angle": 0.7103559970855713, "pilot/throttle": 0.6333680748939514, "milliseconds": 566090}