{"cam/image_array": "3764_cam-image_array_.jpg", "user/angle": 0.030396435438093204, "user/throttle": 0.0, "user/mode": "local", "pilot/angle": 0.5843451619148254, "pilot/throttle": 0.7575820684432983, "milliseconds": 853317}