{"cam/image_array": "1652_cam-image_array_.jpg", "user/angle": 0.030396435438093204, "user/throttle": 0.0, "user/mode": "local", "pilot/angle": 0.06326629966497421, "pilot/throttle": 0.7119284272193909, "milliseconds": 379738}