{"cam/image_array": "3405_cam-image_array_.jpg", "user/angle": 0.030396435438093204, "user/throttle": 0.0, "user/mode": "local", "pilot/angle": 0.019145097583532333, "pilot/throttle": 0.7916087508201599, "milliseconds": 772822}