{"cam/image_array": "4182_cam-image_array_.jpg", "user/angle": 0.030396435438093204, "user/throttle": 0.0, "user/mode": "local", "pilot/angle": 0.39084383845329285, "pilot/throttle": 0.7121258974075317, "milliseconds": 947044}