{"cam/image_array": "2408_cam-image_array_.jpg", "user/angle": 0.030396435438093204, "user/throttle": 0.0, "user/mode": "local", "pilot/angle": -0.4220390021800995, "pilot/throttle": 0.7268922924995422, "milliseconds": 549269}