{"cam/image_array": "3424_cam-image_array_.jpg", "user/angle": 0.030396435438093204, "user/throttle": 0.0, "user/mode": "local", "pilot/angle": 0.8848947286605835, "pilot/throttle": 0.45329388976097107, "milliseconds": 777082}