{"cam/image_array": "4002_cam-image_array_.jpg", "user/angle": 0.030396435438093204, "user/throttle": 0.0, "user/mode": "local", "pilot/angle": 0.7818212509155273, "pilot/throttle": 0.6735867857933044, "milliseconds": 906681}