{"cam/image_array": "2641_cam-image_array_.jpg", "user/angle": 0.030396435438093204, "user/throttle": 0.0, "user/mode": "local", "pilot/angle": -0.03460541367530823, "pilot/throttle": 0.7325547933578491, "milliseconds": 601519}