{"cam/image_array": "3926_cam-image_array_.jpg", "user/angle": 0.030396435438093204, "user/throttle": 0.0, "user/mode": "local", "pilot/angle": 0.9511692523956299, "pilot/throttle": 0.6445879340171814, "milliseconds": 889644}