{"cam/image_array": "3574_cam-image_array_.jpg", "user/angle": 0.030396435438093204, "user/throttle": 0.0, "user/mode": "local", "pilot/angle": 0.5811178684234619, "pilot/throttle": 0.662041962146759, "milliseconds": 810714}