{"cam/image_array": "2550_cam-image_array_.jpg", "user/angle": 0.030396435438093204, "user/throttle": 0.0, "user/mode": "local", "pilot/angle": -0.06516984850168228, "pilot/throttle": 0.6768777966499329, "milliseconds": 581116}