{"cam/image_array": "377_cam-image_array_.jpg", "user/angle": 0.030396435438093204, "user/throttle": 0.0, "user/mode": "local", "pilot/angle": 0.058474812656641006, "pilot/throttle": 0.7217878103256226, "milliseconds": 93866}