{"cam/image_array": "383_cam-image_array_.jpg", "user/angle": 0.030396435438093204, "user/throttle": 0.0, "user/mode": "local", "pilot/angle": 0.6867280006408691, "pilot/throttle": 0.41741618514060974, "milliseconds": 95210}