{"cam/image_array": "1208_cam-image_array_.jpg", "user/angle": 0.030396435438093204, "user/throttle": 0.0, "user/mode": "local", "pilot/angle": -0.0662742480635643, "pilot/throttle": 0.6990852952003479, "milliseconds": 280183}