{"cam/image_array": "379_cam-image_array_.jpg", "user/angle": 0.030396435438093204, "user/throttle": 0.0, "user/mode": "local", "pilot/angle": -0.001190684735774994, "pilot/throttle": 0.742841362953186, "milliseconds": 94315}