{"cam/image_array": "1424_cam-image_array_.jpg", "user/angle": 0.030396435438093204, "user/throttle": 0.0, "user/mode": "local", "pilot/angle": 0.6161672472953796, "pilot/throttle": 0.7408086061477661, "milliseconds": 328614}