{"cam/image_array": "2078_cam-image_array_.jpg", "user/angle": 0.030396435438093204, "user/throttle": 0.0, "user/mode": "local", "pilot/angle": 0.7627841830253601, "pilot/throttle": 0.7541354894638062, "milliseconds": 475282}