{"cam/image_array": "160_cam-image_array_.jpg", "user/angle": 0.030396435438093204, "user/throttle": 0.0, "user/mode": "local", "pilot/angle": 0.05247294157743454, "pilot/throttle": 0.672595202922821, "milliseconds": 45202}