{"cam/image_array": "885_cam-image_array_.jpg", "user/angle": 0.030396435438093204, "user/throttle": 0.0, "user/mode": "local", "pilot/angle": 0.11792533844709396, "pilot/throttle": 0.7086635828018188, "milliseconds": 207760}