{"cam/image_array": "1599_cam-image_array_.jpg", "user/angle": 0.030396435438093204, "user/throttle": 0.0, "user/mode": "local", "pilot/angle": 0.154130220413208, "pilot/throttle": 0.7764979600906372, "milliseconds": 367853}