{"cam/image_array": "2528_cam-image_array_.jpg", "user/angle": 0.030396435438093204, "user/throttle": 0.0, "user/mode": "local", "pilot/angle": -0.007055982947349548, "pilot/throttle": 0.7619974613189697, "milliseconds": 576179}