{"cam/image_array": "2209_cam-image_array_.jpg", "user/angle": 0.030396435438093204, "user/throttle": 0.0, "user/mode": "local", "pilot/angle": -0.02706814557313919, "pilot/throttle": 0.5914828181266785, "milliseconds": 504654}