{"cam/image_array": "3232_cam-image_array_.jpg", "user/angle": 0.030396435438093204, "user/throttle": 0.0, "user/mode": "local", "pilot/angle": 0.8503865599632263, "pilot/throttle": 0.40008819103240967, "milliseconds": 734034}