{"cam/image_array": "1522_cam-image_array_.jpg", "user/angle": 0.030396435438093204, "user/throttle": 0.0, "user/mode": "local", "pilot/angle": 0.02323068305850029, "pilot/throttle": 0.7277579307556152, "milliseconds": 350586}