{"cam/image_array": "3008_cam-image_array_.jpg", "user/angle": 0.030396435438093204, "user/throttle": 0.0, "user/mode": "local", "pilot/angle": 0.6242002844810486, "pilot/throttle": 0.7209768891334534, "milliseconds": 683807}