{"cam/image_array": "764_cam-image_array_.jpg", "user/angle": 0.030396435438093204, "user/throttle": 0.0, "user/mode": "local", "pilot/angle": 0.3447570204734802, "pilot/throttle": 0.4360893964767456, "milliseconds": 180625}