{"cam/image_array": "613_cam-image_array_.jpg", "user/angle": 0.030396435438093204, "user/throttle": 0.0, "user/mode": "local", "pilot/angle": 0.9510089159011841, "pilot/throttle": 0.2235959768295288, "milliseconds": 146777}