{"cam/image_array": "256_cam-image_array_.jpg", "user/angle": 0.030396435438093204, "user/throttle": 0.0, "user/mode": "local", "pilot/angle": -0.5498085618019104, "pilot/throttle": 0.7925447225570679, "milliseconds": 66737}