{"cam/image_array": "3430_cam-image_array_.jpg", "user/angle": 0.030396435438093204, "user/throttle": 0.0, "user/mode": "local", "pilot/angle": -0.002922549843788147, "pilot/throttle": 0.677086591720581, "milliseconds": 778427}