{"cam/image_array": "2802_cam-image_array_.jpg", "user/angle": 0.030396435438093204, "user/throttle": 0.0, "user/mode": "local", "pilot/angle": 0.7940107583999634, "pilot/throttle": 0.5733398795127869, "milliseconds": 637611}