{"cam/image_array": "4003_cam-image_array_.jpg", "user/angle": 0.030396435438093204, "user/throttle": 0.0, "user/mode": "local", "pilot/angle": 0.42379871010780334, "pilot/throttle": 0.6981004476547241, "milliseconds": 906906}