{"cam/image_array": "3699_cam-image_array_.jpg", "user/angle": 0.030396435438093204, "user/throttle": 0.0, "user/mode": "local", "pilot/angle": 0.7834342122077942, "pilot/throttle": 0.6199412941932678, "milliseconds": 838744}