{"cam/image_array": "2662_cam-image_array_.jpg", "user/angle": 0.030396435438093204, "user/throttle": 0.0, "user/mode": "local", "pilot/angle": 0.5275227427482605, "pilot/throttle": 0.4034970700740814, "milliseconds": 606224}