{"cam/image_array": "3567_cam-image_array_.jpg", "user/angle": 0.030396435438093204, "user/throttle": 0.0, "user/mode": "local", "pilot/angle": -0.0233466699719429, "pilot/throttle": 0.6524624824523926, "milliseconds": 809144}