{"cam/image_array": "4322_cam-image_array_.jpg", "user/angle": 0.030396435438093204, "user/throttle": 0.0, "user/mode": "local", "pilot/angle": 0.07046907395124435, "pilot/throttle": 0.6603211164474487, "milliseconds": 978432}