{"cam/image_array": "843_cam-image_array_.jpg", "user/angle": 0.030396435438093204, "user/throttle": 0.0, "user/mode": "local", "pilot/angle": 0.8285161256790161, "pilot/throttle": 0.533710777759552, "milliseconds": 198343}