{"cam/image_array": "4013_cam-image_array_.jpg", "user/angle": 0.030396435438093204, "user/throttle": 0.0, "user/mode": "local", "pilot/angle": -0.238506019115448, "pilot/throttle": 0.7413966059684753, "milliseconds": 909147}