{"cam/image_array": "87_cam-image_array_.jpg", "user/angle": 0.030396435438093204, "user/throttle": 0.0, "user/mode": "local", "pilot/angle": 0.7820329666137695, "pilot/throttle": 0.7675584554672241, "milliseconds": 28841}