{"cam/image_array": "500_cam-image_array_.jpg", "user/angle": 0.030396435438093204, "user/throttle": 0.0, "user/mode": "local", "pilot/angle": 0.06477133929729462, "pilot/throttle": 0.6685924530029297, "milliseconds": 121445}