{"cam/image_array": "2541_cam-image_array_.jpg", "user/angle": 0.030396435438093204, "user/throttle": 0.0, "user/mode": "local", "pilot/angle": 0.8785010576248169, "pilot/throttle": 0.765485942363739, "milliseconds": 579096}