{"cam/image_array": "183_cam-image_array_.jpg", "user/angle": 0.030396435438093204, "user/throttle": 0.0, "user/mode": "local", "pilot/angle": 0.34449392557144165, "pilot/throttle": 0.5976430773735046, "milliseconds": 50361}