{"cam/image_array": "1241_cam-image_array_.jpg", "user/angle": 0.030396435438093204, "user/throttle": 0.0, "user/mode": "local", "pilot/angle": -0.029263943433761597, "pilot/throttle": 0.7500137090682983, "milliseconds": 287581}