{"cam/image_array": "3401_cam-image_array_.jpg", "user/angle": 0.030396435438093204, "user/throttle": 0.0, "user/mode": "local", "pilot/angle": 0.22270765900611877, "pilot/throttle": 0.44500869512557983, "milliseconds": 771925}