{"cam/image_array": "2872_cam-image_array_.jpg", "user/angle": 0.030396435438093204, "user/throttle": 0.0, "user/mode": "local", "pilot/angle": -0.004343360662460327, "pilot/throttle": 0.8003647923469543, "milliseconds": 653306}