{"cam/image_array": "4261_cam-image_array_.jpg", "user/angle": 0.030396435438093204, "user/throttle": 0.0, "user/mode": "local", "pilot/angle": 0.467849463224411, "pilot/throttle": 0.6583840250968933, "milliseconds": 964760}