{"cam/image_array": "1609_cam-image_array_.jpg", "user/angle": 0.030396435438093204, "user/throttle": 0.0, "user/mode": "local", "pilot/angle": 0.5461771488189697, "pilot/throttle": 0.6735501885414124, "milliseconds": 370095}