{"cam/image_array": "1540_cam-image_array_.jpg", "user/angle": 0.030396435438093204, "user/throttle": 0.0, "user/mode": "local", "pilot/angle": 0.026641245931386948, "pilot/throttle": 0.7398461103439331, "milliseconds": 354623}