{"cam/image_array": "1120_cam-image_array_.jpg", "user/angle": 0.030396435438093204, "user/throttle": 0.0, "user/mode": "local", "pilot/angle": 0.7784987092018127, "pilot/throttle": 0.5765117406845093, "milliseconds": 260455}