{"cam/image_array": "1708_cam-image_array_.jpg", "user/angle": 0.030396435438093204, "user/throttle": 0.0, "user/mode": "local", "pilot/angle": 0.5095987915992737, "pilot/throttle": 0.6816735863685608, "milliseconds": 392299}