{"cam/image_array": "146_cam-image_array_.jpg", "user/angle": 0.030396435438093204, "user/throttle": 0.0, "user/mode": "local", "pilot/angle": -0.038571007549762726, "pilot/throttle": 0.6118780970573425, "milliseconds": 42064}