{"cam/image_array": "3325_cam-image_array_.jpg", "user/angle": 0.030396435438093204, "user/throttle": 0.0, "user/mode": "local", "pilot/angle": 0.5345117449760437, "pilot/throttle": 0.253033846616745, "milliseconds": 754886}