{"cam/image_array": "3_cam-image_array_.jpg", "user/angle": 0.03057954649494919, "user/throttle": 0.0, "user/mode": "local_angle", "pilot/angle": -0.02109804004430771, "pilot/throttle": 0.2164960354566574, "milliseconds": 9971}