{"cam/image_array": "173_cam-image_array_.jpg", "user/angle": 0.030396435438093204, "user/throttle": 0.0, "user/mode": "local", "pilot/angle": 0.6501767635345459, "pilot/throttle": 0.7311397790908813, "milliseconds": 48118}