{"cam/image_array": "1235_cam-image_array_.jpg", "user/angle": 0.030396435438093204, "user/throttle": 0.0, "user/mode": "local", "pilot/angle": 1.010160207748413, "pilot/throttle": 0.7288296818733215, "milliseconds": 286236}