{"cam/image_array": "3119_cam-image_array_.jpg", "user/angle": 0.030396435438093204, "user/throttle": 0.0, "user/mode": "local", "pilot/angle": -0.08222221583127975, "pilot/throttle": 0.6110923886299133, "milliseconds": 708698}