{"cam/image_array": "508_cam-image_array_.jpg", "user/angle": 0.030396435438093204, "user/throttle": 0.0, "user/mode": "local", "pilot/angle": -0.049969837069511414, "pilot/throttle": 0.5919507145881653, "milliseconds": 123238}