{"cam/image_array": "2647_cam-image_array_.jpg", "user/angle": 0.030396435438093204, "user/throttle": 0.0, "user/mode": "local", "pilot/angle": -0.08349434286355972, "pilot/throttle": 0.6885140538215637, "milliseconds": 602864}