{"cam/image_array": "2317_cam-image_array_.jpg", "user/angle": 0.030396435438093204, "user/throttle": 0.0, "user/mode": "local", "pilot/angle": -0.628059983253479, "pilot/throttle": 0.6615602374076843, "milliseconds": 528870}