{"cam/image_array": "2057_cam-image_array_.jpg", "user/angle": 0.030396435438093204, "user/throttle": 0.0, "user/mode": "local", "pilot/angle": 0.8751620054244995, "pilot/throttle": 0.4646967053413391, "milliseconds": 470572}