{"cam/image_array": "2037_cam-image_array_.jpg", "user/angle": 0.030396435438093204, "user/throttle": 0.0, "user/mode": "local", "pilot/angle": 0.6358441114425659, "pilot/throttle": 0.7459483742713928, "milliseconds": 466080}