{"cam/image_array": "2779_cam-image_array_.jpg", "user/angle": 0.030396435438093204, "user/throttle": 0.0, "user/mode": "local", "pilot/angle": 0.13909266889095306, "pilot/throttle": 0.7547746300697327, "milliseconds": 632453}