{"cam/image_array": "2758_cam-image_array_.jpg", "user/angle": 0.030396435438093204, "user/throttle": 0.0, "user/mode": "local", "pilot/angle": 0.4124622642993927, "pilot/throttle": 0.48628002405166626, "milliseconds": 627745}