{"cam/image_array": "2365_cam-image_array_.jpg", "user/angle": 0.030396435438093204, "user/throttle": 0.0, "user/mode": "local", "pilot/angle": -0.002359911799430847, "pilot/throttle": 0.6016616821289062, "milliseconds": 539632}