{"cam/image_array": "468_cam-image_array_.jpg", "user/angle": 0.030396435438093204, "user/throttle": 0.0, "user/mode": "local", "pilot/angle": 0.15751557052135468, "pilot/throttle": 0.7390859723091125, "milliseconds": 114274}