{"cam/image_array": "1135_cam-image_array_.jpg", "user/angle": 0.030396435438093204, "user/throttle": 0.0, "user/mode": "local", "pilot/angle": -0.029239945113658905, "pilot/throttle": 0.7535077929496765, "milliseconds": 263819}