{"cam/image_array": "1484_cam-image_array_.jpg", "user/angle": 0.030396435438093204, "user/throttle": 0.0, "user/mode": "local", "pilot/angle": -0.7236489653587341, "pilot/throttle": 0.7097859978675842, "milliseconds": 342067}