{"cam/image_array": "2635_cam-image_array_.jpg", "user/angle": 0.030396435438093204, "user/throttle": 0.0, "user/mode": "local", "pilot/angle": 0.9910430908203125, "pilot/throttle": 0.759626030921936, "milliseconds": 600174}