{"cam/image_array": "891_cam-image_array_.jpg", "user/angle": 0.030396435438093204, "user/throttle": 0.0, "user/mode": "local", "pilot/angle": 0.8411189913749695, "pilot/throttle": 0.48668816685676575, "milliseconds": 209104}