{"cam/image_array": "4321_cam-image_array_.jpg", "user/angle": 0.030396435438093204, "user/throttle": 0.0, "user/mode": "local", "pilot/angle": 0.028327737003564835, "pilot/throttle": 0.5797179937362671, "milliseconds": 978208}