{"cam/image_array": "1758_cam-image_array_.jpg", "user/angle": 0.030396435438093204, "user/throttle": 0.0, "user/mode": "local", "pilot/angle": 0.3432455062866211, "pilot/throttle": 0.7307902574539185, "milliseconds": 403512}