{"cam/image_array": "4073_cam-image_array_.jpg", "user/angle": 0.030396435438093204, "user/throttle": 0.0, "user/mode": "local", "pilot/angle": 0.7297579050064087, "pilot/throttle": 0.6609342694282532, "milliseconds": 922601}