{"cam/image_array": "3544_cam-image_array_.jpg", "user/angle": 0.030396435438093204, "user/throttle": 0.0, "user/mode": "local", "pilot/angle": -0.36885955929756165, "pilot/throttle": 0.6393001079559326, "milliseconds": 803985}