{"cam/image_array": "3837_cam-image_array_.jpg", "user/angle": 0.030396435438093204, "user/throttle": 0.0, "user/mode": "local", "pilot/angle": 0.9169009923934937, "pilot/throttle": 0.6260799169540405, "milliseconds": 869688}