{"cam/image_array": "2156_cam-image_array_.jpg", "user/angle": 0.030396435438093204, "user/throttle": 0.0, "user/mode": "local", "pilot/angle": 0.007291801273822784, "pilot/throttle": 0.7409658432006836, "milliseconds": 492771}