{"cam/image_array": "2555_cam-image_array_.jpg", "user/angle": 0.030396435438093204, "user/throttle": 0.0, "user/mode": "local", "pilot/angle": -0.005785666406154633, "pilot/throttle": 0.6302570700645447, "milliseconds": 582236}