{"cam/image_array": "2121_cam-image_array_.jpg", "user/angle": 0.030396435438093204, "user/throttle": 0.0, "user/mode": "local", "pilot/angle": 0.0014989674091339111, "pilot/throttle": 0.7267186641693115, "milliseconds": 484921}