{"cam/image_array": "2358_cam-image_array_.jpg", "user/angle": 0.030396435438093204, "user/throttle": 0.0, "user/mode": "local", "pilot/angle": -0.0881776288151741, "pilot/throttle": 0.6449477672576904, "milliseconds": 538063}