{"cam/image_array": "809_cam-image_array_.jpg", "user/angle": 0.030396435438093204, "user/throttle": 0.0, "user/mode": "local", "pilot/angle": 0.7697423696517944, "pilot/throttle": 0.6518120169639587, "milliseconds": 190722}