{"cam/image_array": "1865_cam-image_array_.jpg", "user/angle": 0.030396435438093204, "user/throttle": 0.0, "user/mode": "local", "pilot/angle": 0.0034553632140159607, "pilot/throttle": 0.7151331901550293, "milliseconds": 427513}