{"cam/image_array": "1504_cam-image_array_.jpg", "user/angle": 0.030396435438093204, "user/throttle": 0.0, "user/mode": "local", "pilot/angle": 0.04533076658844948, "pilot/throttle": 0.6804003119468689, "milliseconds": 346551}