{"cam/image_array": "1252_cam-image_array_.jpg", "user/angle": 0.030396435438093204, "user/throttle": 0.0, "user/mode": "local", "pilot/angle": 0.0061962902545928955, "pilot/throttle": 0.6443110704421997, "milliseconds": 290052}