{"cam/image_array": "1073_cam-image_array_.jpg", "user/angle": 0.030396435438093204, "user/throttle": 0.0, "user/mode": "local", "pilot/angle": 0.032541535794734955, "pilot/throttle": 0.5167219638824463, "milliseconds": 249918}