{"cam/image_array": "1471_cam-image_array_.jpg", "user/angle": 0.030396435438093204, "user/throttle": 0.0, "user/mode": "local", "pilot/angle": 0.0543304979801178, "pilot/throttle": 0.7327883839607239, "milliseconds": 339152}