{"cam/image_array": "1845_cam-image_array_.jpg", "user/angle": 0.030396435438093204, "user/throttle": 0.0, "user/mode": "local", "pilot/angle": -0.08739516884088516, "pilot/throttle": 0.7891056537628174, "milliseconds": 423029}