{"cam/image_array": "821_cam-image_array_.jpg", "user/angle": 0.030396435438093204, "user/throttle": 0.0, "user/mode": "local", "pilot/angle": 0.72276771068573, "pilot/throttle": 0.6032940745353699, "milliseconds": 193411}