{"cam/image_array": "3637_cam-image_array_.jpg", "user/angle": 0.030396435438093204, "user/throttle": 0.0, "user/mode": "local", "pilot/angle": -0.4185672700405121, "pilot/throttle": 0.6639790534973145, "milliseconds": 824842}