{"cam/image_array": "3139_cam-image_array_.jpg", "user/angle": 0.030396435438093204, "user/throttle": 0.0, "user/mode": "local", "pilot/angle": 0.7936000227928162, "pilot/throttle": 0.5044604539871216, "milliseconds": 713179}