{"cam/image_array": "2921_cam-image_array_.jpg", "user/angle": 0.030396435438093204, "user/throttle": 0.0, "user/mode": "local", "pilot/angle": 0.925881564617157, "pilot/throttle": 0.7212083339691162, "milliseconds": 664294}