{"cam/image_array": "1855_cam-image_array_.jpg", "user/angle": 0.030396435438093204, "user/throttle": 0.0, "user/mode": "local", "pilot/angle": 0.06835281103849411, "pilot/throttle": 0.628701388835907, "milliseconds": 425271}