{"cam/image_array": "2431_cam-image_array_.jpg", "user/angle": 0.030396435438093204, "user/throttle": 0.0, "user/mode": "local", "pilot/angle": 0.35283464193344116, "pilot/throttle": 0.6977636814117432, "milliseconds": 554431}