{"cam/image_array": "4446_cam-image_array_.jpg", "user/angle": 0.030396435438093204, "user/throttle": 0.0, "user/mode": "local", "pilot/angle": 0.0900803804397583, "pilot/throttle": 0.7368612885475159, "milliseconds": 1006234}