{"cam/image_array": "740_cam-image_array_.jpg", "user/angle": 0.030396435438093204, "user/throttle": 0.0, "user/mode": "local", "pilot/angle": -0.011141374707221985, "pilot/throttle": 0.6623359322547913, "milliseconds": 175245}