{"cam/image_array": "1225_cam-image_array_.jpg", "user/angle": 0.030396435438093204, "user/throttle": 0.0, "user/mode": "local", "pilot/angle": -0.17015814781188965, "pilot/throttle": 0.6955375075340271, "milliseconds": 283994}