{"cam/image_array": "556_cam-image_array_.jpg", "user/angle": 0.030396435438093204, "user/throttle": 0.0, "user/mode": "local", "pilot/angle": 0.8441550135612488, "pilot/throttle": 0.4744228720664978, "milliseconds": 134002}