{"cam/image_array": "1678_cam-image_array_.jpg", "user/angle": 0.030396435438093204, "user/throttle": 0.0, "user/mode": "local", "pilot/angle": 0.12791238725185394, "pilot/throttle": 0.7516451478004456, "milliseconds": 385569}