{"cam/image_array": "3561_cam-image_array_.jpg", "user/angle": 0.030396435438093204, "user/throttle": 0.0, "user/mode": "local", "pilot/angle": 0.893700361251831, "pilot/throttle": 0.7329782843589783, "milliseconds": 807798}