{"cam/image_array": "4077_cam-image_array_.jpg", "user/angle": 0.030396435438093204, "user/throttle": 0.0, "user/mode": "local", "pilot/angle": 0.8789002895355225, "pilot/throttle": 0.33636799454689026, "milliseconds": 923497}