{"cam/image_array": "4041_cam-image_array_.jpg", "user/angle": 0.030396435438093204, "user/throttle": 0.0, "user/mode": "local", "pilot/angle": 0.7184727787971497, "pilot/throttle": 0.5353419780731201, "milliseconds": 915428}