{"cam/image_array": "4326_cam-image_array_.jpg", "user/angle": 0.030396435438093204, "user/throttle": 0.0, "user/mode": "local", "pilot/angle": 0.5361196398735046, "pilot/throttle": 0.5807698965072632, "milliseconds": 979329}