{"cam/image_array": "1679_cam-image_array_.jpg", "user/angle": 0.030396435438093204, "user/throttle": 0.0, "user/mode": "local", "pilot/angle": 0.29187989234924316, "pilot/throttle": 0.657201886177063, "milliseconds": 385795}