{"cam/image_array": "1733_cam-image_array_.jpg", "user/angle": 0.030396435438093204, "user/throttle": 0.0, "user/mode": "local", "pilot/angle": 0.8016181588172913, "pilot/throttle": 0.42851462960243225, "milliseconds": 397905}