{"cam/image_array": "3566_cam-image_array_.jpg", "user/angle": 0.030396435438093204, "user/throttle": 0.0, "user/mode": "local", "pilot/angle": 0.04811735823750496, "pilot/throttle": 0.6081125736236572, "milliseconds": 808919}