{"cam/image_array": "529_cam-image_array_.jpg", "user/angle": 0.030396435438093204, "user/throttle": 0.0, "user/mode": "local", "pilot/angle": -0.05574057251214981, "pilot/throttle": 0.6865557432174683, "milliseconds": 127948}