{"cam/image_array": "4125_cam-image_array_.jpg", "user/angle": 0.030396435438093204, "user/throttle": 0.0, "user/mode": "local", "pilot/angle": 0.9597299695014954, "pilot/throttle": 0.6963135600090027, "milliseconds": 934259}