{"cam/image_array": "845_cam-image_array_.jpg", "user/angle": 0.030396435438093204, "user/throttle": 0.0, "user/mode": "local", "pilot/angle": 0.4782305955886841, "pilot/throttle": 0.5258837342262268, "milliseconds": 198792}