{"cam/image_array": "1530_cam-image_array_.jpg", "user/angle": 0.030396435438093204, "user/throttle": 0.0, "user/mode": "local", "pilot/angle": -0.049970634281635284, "pilot/throttle": 0.7218248248100281, "milliseconds": 352379}