{"cam/image_array": "2110_cam-image_array_.jpg", "user/angle": 0.030396435438093204, "user/throttle": 0.0, "user/mode": "local", "pilot/angle": 0.7591468095779419, "pilot/throttle": 0.4776066541671753, "milliseconds": 482455}