{"cam/image_array": "1005_cam-image_array_.jpg", "user/angle": 0.030396435438093204, "user/throttle": 0.0, "user/mode": "local", "pilot/angle": 0.453991562128067, "pilot/throttle": 0.7549984455108643, "milliseconds": 234669}