{"cam/image_array": "2205_cam-image_array_.jpg", "user/angle": 0.030396435438093204, "user/throttle": 0.0, "user/mode": "local", "pilot/angle": 0.9158172607421875, "pilot/throttle": 0.5436896085739136, "milliseconds": 503757}