{"cam/image_array": "66_cam-image_array_.jpg", "user/angle": 0.030396435438093204, "user/throttle": 0.0, "user/mode": "local", "pilot/angle": -0.25812095403671265, "pilot/throttle": 0.7609593868255615, "milliseconds": 24100}