{"cam/image_array": "4058_cam-image_array_.jpg", "user/angle": 0.030396435438093204, "user/throttle": 0.0, "user/mode": "local", "pilot/angle": -0.04919787496328354, "pilot/throttle": 0.7186816930770874, "milliseconds": 919237}