{"cam/image_array": "4163_cam-image_array_.jpg", "user/angle": 0.030396435438093204, "user/throttle": 0.0, "user/mode": "local", "pilot/angle": 0.09574735164642334, "pilot/throttle": 0.8019024729728699, "milliseconds": 942782}