{"cam/image_array": "3596_cam-image_array_.jpg", "user/angle": 0.030396435438093204, "user/throttle": 0.0, "user/mode": "local", "pilot/angle": 0.11169205605983734, "pilot/throttle": 0.544184148311615, "milliseconds": 815644}