{"cam/image_array": "4448_cam-image_array_.jpg", "user/angle": 0.030396435438093204, "user/throttle": 0.0, "user/mode": "local", "pilot/angle": 0.23580515384674072, "pilot/throttle": 0.6831444501876831, "milliseconds": 1006683}