{"cam/image_array": "3638_cam-image_array_.jpg", "user/angle": 0.030396435438093204, "user/throttle": 0.0, "user/mode": "local", "pilot/angle": -0.48646122217178345, "pilot/throttle": 0.7348757386207581, "milliseconds": 825067}