{"cam/image_array": "4137_cam-image_array_.jpg", "user/angle": 0.030396435438093204, "user/throttle": 0.0, "user/mode": "local", "pilot/angle": 0.16598258912563324, "pilot/throttle": 0.718895673751831, "milliseconds": 936947}