{"cam/image_array": "1527_cam-image_array_.jpg", "user/angle": 0.030396435438093204, "user/throttle": 0.0, "user/mode": "local", "pilot/angle": -0.07631022483110428, "pilot/throttle": 0.6860030889511108, "milliseconds": 351706}