{"cam/image_array": "2140_cam-image_array_.jpg", "user/angle": 0.030396435438093204, "user/throttle": 0.0, "user/mode": "local", "pilot/angle": 0.056634195148944855, "pilot/throttle": 0.6274380683898926, "milliseconds": 489181}