{"cam/image_array": "440_cam-image_array_.jpg", "user/angle": 0.030396435438093204, "user/throttle": 0.0, "user/mode": "local", "pilot/angle": 0.5333535671234131, "pilot/throttle": 0.4776642918586731, "milliseconds": 107994}