{"cam/image_array": "1843_cam-image_array_.jpg", "user/angle": 0.030396435438093204, "user/throttle": 0.0, "user/mode": "local", "pilot/angle": -0.09146039932966232, "pilot/throttle": 0.736894428730011, "milliseconds": 422581}