{"cam/image_array": "1238_cam-image_array_.jpg", "user/angle": 0.030396435438093204, "user/throttle": 0.0, "user/mode": "local", "pilot/angle": 0.8329730033874512, "pilot/throttle": 0.5948818325996399, "milliseconds": 286908}