{"cam/image_array": "1082_cam-image_array_.jpg", "user/angle": 0.030396435438093204, "user/throttle": 0.0, "user/mode": "local", "pilot/angle": 0.8269819021224976, "pilot/throttle": 0.33506259322166443, "milliseconds": 251935}