{"cam/image_array": "3690_cam-image_array_.jpg", "user/angle": 0.030396435438093204, "user/throttle": 0.0, "user/mode": "local", "pilot/angle": -0.0018342509865760803, "pilot/throttle": 0.6821667551994324, "milliseconds": 836727}