{"cam/image_array": "2161_cam-image_array_.jpg", "user/angle": 0.030396435438093204, "user/throttle": 0.0, "user/mode": "local", "pilot/angle": 0.03324566408991814, "pilot/throttle": 0.6762652397155762, "milliseconds": 493892}