{"cam/image_array": "3961_cam-image_array_.jpg", "user/angle": 0.030396435438093204, "user/throttle": 0.0, "user/mode": "local", "pilot/angle": -0.08678504079580307, "pilot/throttle": 0.7890772223472595, "milliseconds": 897490}