{"cam/image_array": "688_cam-image_array_.jpg", "user/angle": 0.030396435438093204, "user/throttle": 0.0, "user/mode": "local", "pilot/angle": -0.08036396652460098, "pilot/throttle": 0.7144958972930908, "milliseconds": 163588}