{"cam/image_array": "4029_cam-image_array_.jpg", "user/angle": 0.030396435438093204, "user/throttle": 0.0, "user/mode": "local", "pilot/angle": 0.8980507254600525, "pilot/throttle": 0.6881906986236572, "milliseconds": 912739}