{"cam/image_array": "2035_cam-image_array_.jpg", "user/angle": 0.030396435438093204, "user/throttle": 0.0, "user/mode": "local", "pilot/angle": 0.45930197834968567, "pilot/throttle": 0.6528876423835754, "milliseconds": 465632}