{"cam/image_array": "2440_cam-image_array_.jpg", "user/angle": 0.030396435438093204, "user/throttle": 0.0, "user/mode": "local", "pilot/angle": 0.6023176908493042, "pilot/throttle": 0.6028836965560913, "milliseconds": 556450}