{"cam/image_array": "665_cam-image_array_.jpg", "user/angle": 0.030396435438093204, "user/throttle": 0.0, "user/mode": "local", "pilot/angle": -0.056418128311634064, "pilot/throttle": 0.644634485244751, "milliseconds": 158432}