{"cam/image_array": "421_cam-image_array_.jpg", "user/angle": 0.030396435438093204, "user/throttle": 0.0, "user/mode": "local", "pilot/angle": 0.792178213596344, "pilot/throttle": 0.5279240012168884, "milliseconds": 103735}