{"cam/image_array": "2789_cam-image_array_.jpg", "user/angle": 0.030396435438093204, "user/throttle": 0.0, "user/mode": "local", "pilot/angle": -0.47713446617126465, "pilot/throttle": 0.7056301832199097, "milliseconds": 634695}