{"cam/image_array": "3847_cam-image_array_.jpg", "user/angle": 0.030396435438093204, "user/throttle": 0.0, "user/mode": "local", "pilot/angle": 0.050728462636470795, "pilot/throttle": 0.764826774597168, "milliseconds": 871930}