{"cam/image_array": "4268_cam-image_array_.jpg", "user/angle": 0.030396435438093204, "user/throttle": 0.0, "user/mode": "local", "pilot/angle": 0.9988570809364319, "pilot/throttle": 0.3310755789279938, "milliseconds": 966329}