{"cam/image_array": "3105_cam-image_array_.jpg", "user/angle": 0.030396435438093204, "user/throttle": 0.0, "user/mode": "local", "pilot/angle": 1.0296472311019897, "pilot/throttle": 0.6716634035110474, "milliseconds": 705560}