{"cam/image_array": "4017_cam-image_array_.jpg", "user/angle": 0.030396435438093204, "user/throttle": 0.0, "user/mode": "local", "pilot/angle": 0.002893514931201935, "pilot/throttle": 0.7667650580406189, "milliseconds": 910050}