{"cam/image_array": "2925_cam-image_array_.jpg", "user/angle": 0.030396435438093204, "user/throttle": 0.0, "user/mode": "local", "pilot/angle": 0.04585966467857361, "pilot/throttle": 0.6897481083869934, "milliseconds": 665191}