{"cam/image_array": "3356_cam-image_array_.jpg", "user/angle": 0.030396435438093204, "user/throttle": 0.0, "user/mode": "local", "pilot/angle": -0.7174999713897705, "pilot/throttle": 0.6457325220108032, "milliseconds": 761837}