{"cam/image_array": "425_cam-image_array_.jpg", "user/angle": 0.030396435438093204, "user/throttle": 0.0, "user/mode": "local", "pilot/angle": 0.6737392544746399, "pilot/throttle": 0.5885630249977112, "milliseconds": 104632}