{"cam/image_array": "1439_cam-image_array_.jpg", "user/angle": 0.030396435438093204, "user/throttle": 0.0, "user/mode": "local", "pilot/angle": 0.013108760118484497, "pilot/throttle": 0.637179434299469, "milliseconds": 331979}