{"cam/image_array": "2217_cam-image_array_.jpg", "user/angle": 0.030396435438093204, "user/throttle": 0.0, "user/mode": "local", "pilot/angle": 0.6528598666191101, "pilot/throttle": 0.5860012173652649, "milliseconds": 506447}