{"cam/image_array": "3976_cam-image_array_.jpg", "user/angle": 0.030396435438093204, "user/throttle": 0.0, "user/mode": "local", "pilot/angle": 0.38937947154045105, "pilot/throttle": 0.30607664585113525, "milliseconds": 900853}