{"cam/image_array": "55_cam-image_array_.jpg", "user/angle": 0.030396435438093204, "user/throttle": 0.0, "user/mode": "local", "pilot/angle": 0.33384695649147034, "pilot/throttle": 0.8499691486358643, "milliseconds": 21634}