{"cam/image_array": "1015_cam-image_array_.jpg", "user/angle": 0.030396435438093204, "user/throttle": 0.0, "user/mode": "local", "pilot/angle": -0.4360964298248291, "pilot/throttle": 0.7540044784545898, "milliseconds": 236911}