{"cam/image_array": "1774_cam-image_array_.jpg", "user/angle": 0.030396435438093204, "user/throttle": 0.0, "user/mode": "local", "pilot/angle": 0.8035131692886353, "pilot/throttle": 0.4775365889072418, "milliseconds": 407100}