{"cam/image_array": "2978_cam-image_array_.jpg", "user/angle": 0.030396435438093204, "user/throttle": 0.0, "user/mode": "local", "pilot/angle": -0.5912603139877319, "pilot/throttle": 0.6486398577690125, "milliseconds": 677077}