{"cam/image_array": "228_cam-image_array_.jpg", "user/angle": 0.030396435438093204, "user/throttle": 0.0, "user/mode": "local", "pilot/angle": 0.8458166718482971, "pilot/throttle": 0.321471244096756, "milliseconds": 60457}