{"cam/image_array": "2666_cam-image_array_.jpg", "user/angle": 0.030396435438093204, "user/throttle": 0.0, "user/mode": "local", "pilot/angle": 0.47348475456237793, "pilot/throttle": 0.46384456753730774, "milliseconds": 607120}