{"cam/image_array": "2764_cam-image_array_.jpg", "user/angle": 0.030396435438093204, "user/throttle": 0.0, "user/mode": "local", "pilot/angle": 1.0038596391677856, "pilot/throttle": 0.5121042132377625, "milliseconds": 629090}