{"cam/image_array": "2992_cam-image_array_.jpg", "user/angle": 0.030396435438093204, "user/throttle": 0.0, "user/mode": "local", "pilot/angle": 0.8547857999801636, "pilot/throttle": 0.5259169340133667, "milliseconds": 680217}