{"cam/image_array": "3090_cam-image_array_.jpg", "user/angle": 0.030396435438093204, "user/throttle": 0.0, "user/mode": "local", "pilot/angle": 0.7577611804008484, "pilot/throttle": 0.7931540012359619, "milliseconds": 702197}