{"cam/image_array": "210_cam-image_array_.jpg", "user/angle": 0.030396435438093204, "user/throttle": 0.0, "user/mode": "local", "pilot/angle": -0.07446940988302231, "pilot/throttle": 0.6542978286743164, "milliseconds": 56420}