{"cam/image_array": "4149_cam-image_array_.jpg", "user/angle": 0.030396435438093204, "user/throttle": 0.0, "user/mode": "local", "pilot/angle": -0.07941827923059464, "pilot/throttle": 0.7520825862884521, "milliseconds": 939639}