{"cam/image_array": "4238_cam-image_array_.jpg", "user/angle": 0.030396435438093204, "user/throttle": 0.0, "user/mode": "local", "pilot/angle": 0.510124683380127, "pilot/throttle": 0.6368256211280823, "milliseconds": 959605}