{"cam/image_array": "1075_cam-image_array_.jpg", "user/angle": 0.030396435438093204, "user/throttle": 0.0, "user/mode": "local", "pilot/angle": 0.04468635469675064, "pilot/throttle": 0.45192641019821167, "milliseconds": 250367}