{"cam/image_array": "1488_cam-image_array_.jpg", "user/angle": 0.030396435438093204, "user/throttle": 0.0, "user/mode": "local", "pilot/angle": -0.1317058503627777, "pilot/throttle": 0.6698024868965149, "milliseconds": 342964}