{"cam/image_array": "3130_cam-image_array_.jpg", "user/angle": 0.030396435438093204, "user/throttle": 0.0, "user/mode": "local", "pilot/angle": 0.1415632963180542, "pilot/throttle": 0.7501369714736938, "milliseconds": 711162}