{"cam/image_array": "1307_cam-image_array_.jpg", "user/angle": 0.030396435438093204, "user/throttle": 0.0, "user/mode": "local", "pilot/angle": 0.8564005494117737, "pilot/throttle": 0.5091465711593628, "milliseconds": 302387}