{"cam/image_array": "2042_cam-image_array_.jpg", "user/angle": 0.030396435438093204, "user/throttle": 0.0, "user/mode": "local", "pilot/angle": -0.597794771194458, "pilot/throttle": 0.7330693602561951, "milliseconds": 467202}