{"cam/image_array": "157_cam-image_array_.jpg", "user/angle": 0.030396435438093204, "user/throttle": 0.0, "user/mode": "local", "pilot/angle": 0.6917067766189575, "pilot/throttle": 0.6410793662071228, "milliseconds": 44530}