{"cam/image_array": "201_cam-image_array_.jpg", "user/angle": 0.030396435438093204, "user/throttle": 0.0, "user/mode": "local", "pilot/angle": 0.7244463562965393, "pilot/throttle": 0.53722083568573, "milliseconds": 54402}