{"cam/image_array": "3913_cam-image_array_.jpg", "user/angle": 0.030396435438093204, "user/throttle": 0.0, "user/mode": "local", "pilot/angle": 0.03160027042031288, "pilot/throttle": 0.6546257734298706, "milliseconds": 886728}