{"cam/image_array": "2415_cam-image_array_.jpg", "user/angle": 0.030396435438093204, "user/throttle": 0.0, "user/mode": "local", "pilot/angle": -0.13535058498382568, "pilot/throttle": 0.7914415597915649, "milliseconds": 550839}