{"cam/image_array": "4337_cam-image_array_.jpg", "user/angle": 0.030396435438093204, "user/throttle": 0.0, "user/mode": "local", "pilot/angle": -0.11464204639196396, "pilot/throttle": 0.7186022400856018, "milliseconds": 981795}