{"cam/image_array": "2743_cam-image_array_.jpg", "user/angle": 0.030396435438093204, "user/throttle": 0.0, "user/mode": "local", "pilot/angle": -0.06605399399995804, "pilot/throttle": 0.6664685606956482, "milliseconds": 624384}