{"cam/image_array": "3695_cam-image_array_.jpg", "user/angle": 0.030396435438093204, "user/throttle": 0.0, "user/mode": "local", "pilot/angle": 0.215427428483963, "pilot/throttle": 0.596643328666687, "milliseconds": 837848}