{"cam/image_array": "3655_cam-image_array_.jpg", "user/angle": 0.030396435438093204, "user/throttle": 0.0, "user/mode": "local", "pilot/angle": 0.9415111541748047, "pilot/throttle": 0.6663311123847961, "milliseconds": 828880}