{"cam/image_array": "2021_cam-image_array_.jpg", "user/angle": 0.030396435438093204, "user/throttle": 0.0, "user/mode": "local", "pilot/angle": 0.7338991761207581, "pilot/throttle": 0.47009631991386414, "milliseconds": 462493}