{"cam/image_array": "544_cam-image_array_.jpg", "user/angle": 0.030396435438093204, "user/throttle": 0.0, "user/mode": "local", "pilot/angle": -0.5045676231384277, "pilot/throttle": 0.8636928200721741, "milliseconds": 131311}