{"cam/image_array": "3238_cam-image_array_.jpg", "user/angle": 0.030396435438093204, "user/throttle": 0.0, "user/mode": "local", "pilot/angle": 0.845450758934021, "pilot/throttle": 0.5672762393951416, "milliseconds": 735379}