{"cam/image_array": "2597_cam-image_array_.jpg", "user/angle": 0.030396435438093204, "user/throttle": 0.0, "user/mode": "local", "pilot/angle": 0.01883290335536003, "pilot/throttle": 0.6818450689315796, "milliseconds": 591654}