{"cam/image_array": "1575_cam-image_array_.jpg", "user/angle": 0.030396435438093204, "user/throttle": 0.0, "user/mode": "local", "pilot/angle": -0.4054766893386841, "pilot/throttle": 0.7091782093048096, "milliseconds": 362468}