{"cam/image_array": "1106_cam-image_array_.jpg", "user/angle": 0.030396435438093204, "user/throttle": 0.0, "user/mode": "local", "pilot/angle": -0.03580386936664581, "pilot/throttle": 0.7113414406776428, "milliseconds": 257315}