{"cam/image_array": "3242_cam-image_array_.jpg", "user/angle": 0.030396435438093204, "user/throttle": 0.0, "user/mode": "local", "pilot/angle": -0.019778341054916382, "pilot/throttle": 0.5844507217407227, "milliseconds": 736275}