{"cam/image_array": "105_cam-image_array_.jpg", "user/angle": 0.030396435438093204, "user/throttle": 0.0, "user/mode": "local", "pilot/angle": 0.8440727591514587, "pilot/throttle": 0.7059609889984131, "milliseconds": 32875}