{"cam/image_array": "3951_cam-image_array_.jpg", "user/angle": 0.030396435438093204, "user/throttle": 0.0, "user/mode": "local", "pilot/angle": 0.8520411849021912, "pilot/throttle": 0.7292645573616028, "milliseconds": 895249}