{"cam/image_array": "867_cam-image_array_.jpg", "user/angle": 0.030396435438093204, "user/throttle": 0.0, "user/mode": "local", "pilot/angle": 0.06310292333364487, "pilot/throttle": 0.7124859690666199, "milliseconds": 203725}