{"cam/image_array": "473_cam-image_array_.jpg", "user/angle": 0.030396435438093204, "user/throttle": 0.0, "user/mode": "local", "pilot/angle": -0.032287128269672394, "pilot/throttle": 0.5195322632789612, "milliseconds": 115394}