{"cam/image_array": "3583_cam-image_array_.jpg", "user/angle": 0.030396435438093204, "user/throttle": 0.0, "user/mode": "local", "pilot/angle": -0.034748852252960205, "pilot/throttle": 0.7689443230628967, "milliseconds": 812731}