{"cam/image_array": "2504_cam-image_array_.jpg", "user/angle": 0.030396435438093204, "user/throttle": 0.0, "user/mode": "local", "pilot/angle": -0.44153642654418945, "pilot/throttle": 0.5898822546005249, "milliseconds": 570798}