{"cam/image_array": "1418_cam-image_array_.jpg", "user/angle": 0.030396435438093204, "user/throttle": 0.0, "user/mode": "local", "pilot/angle": 0.6849951148033142, "pilot/throttle": 0.4573087692260742, "milliseconds": 327270}