{"cam/image_array": "482_cam-image_array_.jpg", "user/angle": 0.030396435438093204, "user/throttle": 0.0, "user/mode": "local", "pilot/angle": 0.9289692044258118, "pilot/throttle": 0.7164213061332703, "milliseconds": 117412}