{"cam/image_array": "1149_cam-image_array_.jpg", "user/angle": 0.030396435438093204, "user/throttle": 0.0, "user/mode": "local", "pilot/angle": -0.05157269537448883, "pilot/throttle": 0.6125196218490601, "milliseconds": 266957}