{"cam/image_array": "2104_cam-image_array_.jpg", "user/angle": 0.030396435438093204, "user/throttle": 0.0, "user/mode": "local", "pilot/angle": 0.680227518081665, "pilot/throttle": 0.2470129430294037, "milliseconds": 481109}