{"cam/image_array": "504_cam-image_array_.jpg", "user/angle": 0.030396435438093204, "user/throttle": 0.0, "user/mode": "local", "pilot/angle": 0.026132099330425262, "pilot/throttle": 0.48942315578460693, "milliseconds": 122342}