{"cam/image_array": "327_cam-image_array_.jpg", "user/angle": 0.030396435438093204, "user/throttle": 0.0, "user/mode": "local", "pilot/angle": 0.9627162218093872, "pilot/throttle": 0.3510121703147888, "milliseconds": 82654}