{"cam/image_array": "4186_cam-image_array_.jpg", "user/angle": 0.030396435438093204, "user/throttle": 0.0, "user/mode": "local", "pilot/angle": -0.06429044157266617, "pilot/throttle": 0.5757701396942139, "milliseconds": 947941}