{"cam/image_array": "3213_cam-image_array_.jpg", "user/angle": 0.030396435438093204, "user/throttle": 0.0, "user/mode": "local", "pilot/angle": -0.03813100606203079, "pilot/throttle": 0.6837669014930725, "milliseconds": 729772}