{"cam/image_array": "1783_cam-image_array_.jpg", "user/angle": 0.030396435438093204, "user/throttle": 0.0, "user/mode": "local", "pilot/angle": 0.6909531354904175, "pilot/throttle": 0.658354640007019, "milliseconds": 409126}