{"cam/image_array": "3436_cam-image_array_.jpg", "user/angle": 0.030396435438093204, "user/throttle": 0.0, "user/mode": "local", "pilot/angle": -0.045480385422706604, "pilot/throttle": 0.7447257041931152, "milliseconds": 779771}