{"cam/image_array": "1786_cam-image_array_.jpg", "user/angle": 0.030396435438093204, "user/throttle": 0.0, "user/mode": "local", "pilot/angle": 0.02797405794262886, "pilot/throttle": 0.7407935261726379, "milliseconds": 409799}