{"cam/image_array": "1125_cam-image_array_.jpg", "user/angle": 0.030396435438093204, "user/throttle": 0.0, "user/mode": "local", "pilot/angle": 1.066267490386963, "pilot/throttle": 0.6961374282836914, "milliseconds": 261576}