{"cam/image_array": "1804_cam-image_array_.jpg", "user/angle": 0.030396435438093204, "user/throttle": 0.0, "user/mode": "local", "pilot/angle": -0.07846752554178238, "pilot/throttle": 0.6278802156448364, "milliseconds": 413836}