{"cam/image_array": "3538_cam-image_array_.jpg", "user/angle": 0.030396435438093204, "user/throttle": 0.0, "user/mode": "local", "pilot/angle": 0.09882012009620667, "pilot/throttle": 0.7508358955383301, "milliseconds": 802640}