{"cam/image_array": "595_cam-image_array_.jpg", "user/angle": 0.030396435438093204, "user/throttle": 0.0, "user/mode": "local", "pilot/angle": -0.0620565190911293, "pilot/throttle": 0.5230680108070374, "milliseconds": 142743}