{"cam/image_array": "3872_cam-image_array_.jpg", "user/angle": 0.030396435438093204, "user/throttle": 0.0, "user/mode": "local", "pilot/angle": -0.03267012536525726, "pilot/throttle": 0.5241320729255676, "milliseconds": 877532}