{"cam/image_array": "1006_cam-image_array_.jpg", "user/angle": 0.030396435438093204, "user/throttle": 0.0, "user/mode": "local", "pilot/angle": 0.640154242515564, "pilot/throttle": 0.7407636046409607, "milliseconds": 234892}