{"cam/image_array": "1489_cam-image_array_.jpg", "user/angle": 0.030396435438093204, "user/throttle": 0.0, "user/mode": "local", "pilot/angle": 0.029963839799165726, "pilot/throttle": 0.6541100740432739, "milliseconds": 343188}