{"cam/image_array": "2822_cam-image_array_.jpg", "user/angle": 0.030396435438093204, "user/throttle": 0.0, "user/mode": "local", "pilot/angle": 0.7022578716278076, "pilot/throttle": 0.8625794053077698, "milliseconds": 642095}