{"cam/image_array": "2527_cam-image_array_.jpg", "user/angle": 0.030396435438093204, "user/throttle": 0.0, "user/mode": "local", "pilot/angle": 0.053452715277671814, "pilot/throttle": 0.6757581830024719, "milliseconds": 575955}