{"cam/image_array": "1159_cam-image_array_.jpg", "user/angle": 0.030396435438093204, "user/throttle": 0.0, "user/mode": "local", "pilot/angle": 0.012856017798185349, "pilot/throttle": 0.6976465582847595, "milliseconds": 269198}