{"cam/image_array": "1220_cam-image_array_.jpg", "user/angle": 0.030396435438093204, "user/throttle": 0.0, "user/mode": "local", "pilot/angle": 0.7450828552246094, "pilot/throttle": 0.7517914175987244, "milliseconds": 282873}