{"cam/image_array": "1773_cam-image_array_.jpg", "user/angle": 0.030396435438093204, "user/throttle": 0.0, "user/mode": "local", "pilot/angle": 0.642190158367157, "pilot/throttle": 0.5133896470069885, "milliseconds": 406876}