{"cam/image_array": "3456_cam-image_array_.jpg", "user/angle": 0.030396435438093204, "user/throttle": 0.0, "user/mode": "local", "pilot/angle": 0.3497392237186432, "pilot/throttle": 0.7196089029312134, "milliseconds": 784260}