{"cam/image_array": "354_cam-image_array_.jpg", "user/angle": 0.030396435438093204, "user/throttle": 0.0, "user/mode": "local", "pilot/angle": -0.2669180929660797, "pilot/throttle": 0.666485607624054, "milliseconds": 88709}