{"cam/image_array": "4112_cam-image_array_.jpg", "user/angle": 0.030396435438093204, "user/throttle": 0.0, "user/mode": "local", "pilot/angle": -0.7918273210525513, "pilot/throttle": 0.6654494404792786, "milliseconds": 931344}