{"cam/image_array": "4171_cam-image_array_.jpg", "user/angle": 0.030396435438093204, "user/throttle": 0.0, "user/mode": "local", "pilot/angle": 0.9187772870063782, "pilot/throttle": 0.45027995109558105, "milliseconds": 944576}