{"cam/image_array": "2953_cam-image_array_.jpg", "user/angle": 0.030396435438093204, "user/throttle": 0.0, "user/mode": "local", "pilot/angle": 0.9157955050468445, "pilot/throttle": 0.45179200172424316, "milliseconds": 671470}