{"cam/image_array": "2456_cam-image_array_.jpg", "user/angle": 0.030396435438093204, "user/throttle": 0.0, "user/mode": "local", "pilot/angle": -0.04487432539463043, "pilot/throttle": 0.6166269183158875, "milliseconds": 560037}