{"cam/image_array": "2100_cam-image_array_.jpg", "user/angle": 0.030396435438093204, "user/throttle": 0.0, "user/mode": "local", "pilot/angle": 0.3934115469455719, "pilot/throttle": 0.5962035655975342, "milliseconds": 480212}