{"cam/image_array": "3115_cam-image_array_.jpg", "user/angle": 0.030396435438093204, "user/throttle": 0.0, "user/mode": "local", "pilot/angle": -0.12512528896331787, "pilot/throttle": 0.7082098126411438, "milliseconds": 707801}