{"cam/image_array": "759_cam-image_array_.jpg", "user/angle": 0.030396435438093204, "user/throttle": 0.0, "user/mode": "local", "pilot/angle": -0.10988514870405197, "pilot/throttle": 0.587692141532898, "milliseconds": 179505}