{"cam/image_array": "517_cam-image_array_.jpg", "user/angle": 0.030396435438093204, "user/throttle": 0.0, "user/mode": "local", "pilot/angle": 0.9685132503509521, "pilot/throttle": 0.33348265290260315, "milliseconds": 125257}