{"cam/image_array": "1928_cam-image_array_.jpg", "user/angle": 0.030396435438093204, "user/throttle": 0.0, "user/mode": "local", "pilot/angle": 0.742950975894928, "pilot/throttle": 0.47774919867515564, "milliseconds": 441638}