{"cam/image_array": "3619_cam-image_array_.jpg", "user/angle": 0.030396435438093204, "user/throttle": 0.0, "user/mode": "local", "pilot/angle": 0.04584532976150513, "pilot/throttle": 0.7811957597732544, "milliseconds": 820799}