{"cam/image_array": "2981_cam-image_array_.jpg", "user/angle": 0.030396435438093204, "user/throttle": 0.0, "user/mode": "local", "pilot/angle": -0.6543489694595337, "pilot/throttle": 0.7082055807113647, "milliseconds": 677749}