{"cam/image_array": "694_cam-image_array_.jpg", "user/angle": 0.030396435438093204, "user/throttle": 0.0, "user/mode": "local", "pilot/angle": 0.027904845774173737, "pilot/throttle": 0.7641136050224304, "milliseconds": 164934}