{"cam/image_array": "2374_cam-image_array_.jpg", "user/angle": 0.030396435438093204, "user/throttle": 0.0, "user/mode": "local", "pilot/angle": 0.13252966105937958, "pilot/throttle": 0.8416699767112732, "milliseconds": 541650}