{"cam/image_array": "3032_cam-image_array_.jpg", "user/angle": 0.030396435438093204, "user/throttle": 0.0, "user/mode": "local", "pilot/angle": 0.06911801546812057, "pilot/throttle": 0.6043844223022461, "milliseconds": 689190}