{"cam/image_array": "3078_cam-image_array_.jpg", "user/angle": 0.030396435438093204, "user/throttle": 0.0, "user/mode": "local", "pilot/angle": 0.0012794062495231628, "pilot/throttle": 0.7494396567344666, "milliseconds": 699505}