{"cam/image_array": "2864_cam-image_array_.jpg", "user/angle": 0.030396435438093204, "user/throttle": 0.0, "user/mode": "local", "pilot/angle": 0.5535827279090881, "pilot/throttle": 0.5307888388633728, "milliseconds": 651512}