{"cam/image_array": "4376_cam-image_array_.jpg", "user/angle": 0.030396435438093204, "user/throttle": 0.0, "user/mode": "local", "pilot/angle": 0.038990046828985214, "pilot/throttle": 0.7889881134033203, "milliseconds": 990542}