{"cam/image_array": "279_cam-image_array_.jpg", "user/angle": 0.030396435438093204, "user/throttle": 0.0, "user/mode": "local", "pilot/angle": 0.6461837291717529, "pilot/throttle": 0.6238934397697449, "milliseconds": 71894}