{"cam/image_array": "4216_cam-image_array_.jpg", "user/angle": 0.030396435438093204, "user/throttle": 0.0, "user/mode": "local", "pilot/angle": 0.9576771855354309, "pilot/throttle": 0.5975046157836914, "milliseconds": 954673}