{"cam/image_array": "3581_cam-image_array_.jpg", "user/angle": 0.030396435438093204, "user/throttle": 0.0, "user/mode": "local", "pilot/angle": 0.04265231639146805, "pilot/throttle": 0.7131578326225281, "milliseconds": 812282}