{"cam/image_array": "4038_cam-image_array_.jpg", "user/angle": 0.030396435438093204, "user/throttle": 0.0, "user/mode": "local", "pilot/angle": 0.1013508215546608, "pilot/throttle": 0.7411285042762756, "milliseconds": 914755}