{"cam/image_array": "3920_cam-image_array_.jpg", "user/angle": 0.030396435438093204, "user/throttle": 0.0, "user/mode": "local", "pilot/angle": -0.3086143434047699, "pilot/throttle": 0.7544780373573303, "milliseconds": 888297}