{"cam/image_array": "3794_cam-image_array_.jpg", "user/angle": 0.030396435438093204, "user/throttle": 0.0, "user/mode": "local", "pilot/angle": 0.7217984795570374, "pilot/throttle": 0.4055817425251007, "milliseconds": 860042}