{"cam/image_array": "4433_cam-image_array_.jpg", "user/angle": 0.030396435438093204, "user/throttle": 0.0, "user/mode": "local", "pilot/angle": -0.0839696004986763, "pilot/throttle": 0.6872479915618896, "milliseconds": 1003319}