{"cam/image_array": "2900_cam-image_array_.jpg", "user/angle": 0.030396435438093204, "user/throttle": 0.0, "user/mode": "local", "pilot/angle": 0.7856771349906921, "pilot/throttle": 0.4739994704723358, "milliseconds": 659586}