{"cam/image_array": "3927_cam-image_array_.jpg", "user/angle": 0.030396435438093204, "user/throttle": 0.0, "user/mode": "local", "pilot/angle": 0.8244136571884155, "pilot/throttle": 0.8130815029144287, "milliseconds": 889868}