{"cam/image_array": "2188_cam-image_array_.jpg", "user/angle": 0.030396435438093204, "user/throttle": 0.0, "user/mode": "local", "pilot/angle": 0.09125004708766937, "pilot/throttle": 0.559597909450531, "milliseconds": 499946}