{"cam/image_array": "2655_cam-image_array_.jpg", "user/angle": 0.030396435438093204, "user/throttle": 0.0, "user/mode": "local", "pilot/angle": 0.013670768588781357, "pilot/throttle": 0.7940471172332764, "milliseconds": 604656}