{"cam/image_array": "169_cam-image_array_.jpg", "user/angle": 0.030396435438093204, "user/throttle": 0.0, "user/mode": "local", "pilot/angle": -0.4914814233779907, "pilot/throttle": 0.6376073360443115, "milliseconds": 47221}