{"cam/image_array": "1732_cam-image_array_.jpg", "user/angle": 0.030396435438093204, "user/throttle": 0.0, "user/mode": "local", "pilot/angle": 0.7712401151657104, "pilot/throttle": 0.4803115427494049, "milliseconds": 397679}