{"cam/image_array": "3623_cam-image_array_.jpg", "user/angle": 0.030396435438093204, "user/throttle": 0.0, "user/mode": "local", "pilot/angle": -0.25344178080558777, "pilot/throttle": 0.6796175241470337, "milliseconds": 821701}