{"cam/image_array": "245_cam-image_array_.jpg", "user/angle": 0.030396435438093204, "user/throttle": 0.0, "user/mode": "local", "pilot/angle": -0.006419703364372253, "pilot/throttle": 0.7152936458587646, "milliseconds": 64272}