{"cam/image_array": "2488_cam-image_array_.jpg", "user/angle": 0.030396435438093204, "user/throttle": 0.0, "user/mode": "local", "pilot/angle": -0.05084576457738876, "pilot/throttle": 0.6578416228294373, "milliseconds": 567210}