{"cam/image_array": "242_cam-image_array_.jpg", "user/angle": 0.030396435438093204, "user/throttle": 0.0, "user/mode": "local", "pilot/angle": -0.1098312959074974, "pilot/throttle": 0.7027143836021423, "milliseconds": 63600}