{"cam/image_array": "1664_cam-image_array_.jpg", "user/angle": 0.030396435438093204, "user/throttle": 0.0, "user/mode": "local", "pilot/angle": 0.5647171139717102, "pilot/throttle": 0.7229605317115784, "milliseconds": 382428}