{"cam/image_array": "349_cam-image_array_.jpg", "user/angle": 0.030396435438093204, "user/throttle": 0.0, "user/mode": "local", "pilot/angle": 0.11397163569927216, "pilot/throttle": 0.8003178238868713, "milliseconds": 87588}