{"cam/image_array": "543_cam-image_array_.jpg", "user/angle": 0.030396435438093204, "user/throttle": 0.0, "user/mode": "local", "pilot/angle": -0.04137970507144928, "pilot/throttle": 0.6588954329490662, "milliseconds": 131087}