{"cam/image_array": "2062_cam-image_array_.jpg", "user/angle": 0.030396435438093204, "user/throttle": 0.0, "user/mode": "local", "pilot/angle": 0.662009596824646, "pilot/throttle": 0.7219062447547913, "milliseconds": 471693}