{"cam/image_array": "4001_cam-image_array_.jpg", "user/angle": 0.030396435438093204, "user/throttle": 0.0, "user/mode": "local", "pilot/angle": 0.7316268086433411, "pilot/throttle": 0.5929408669471741, "milliseconds": 906458}