{"cam/image_array": "4545_cam-image_array_.jpg", "user/angle": 0.030396435438093204, "user/throttle": 0.0, "user/mode": "local", "pilot/angle": 0.5507038831710815, "pilot/throttle": 0.1805650144815445, "milliseconds": 1028429}