{"cam/image_array": "937_cam-image_array_.jpg", "user/angle": 0.030396435438093204, "user/throttle": 0.0, "user/mode": "local", "pilot/angle": 0.9218604564666748, "pilot/throttle": 0.5905068516731262, "milliseconds": 219419}