{"cam/image_array": "2043_cam-image_array_.jpg", "user/angle": 0.030396435438093204, "user/throttle": 0.0, "user/mode": "local", "pilot/angle": -0.5682927370071411, "pilot/throttle": 0.6311342716217041, "milliseconds": 467426}