{"cam/image_array": "3532_cam-image_array_.jpg", "user/angle": 0.030396435438093204, "user/throttle": 0.0, "user/mode": "local", "pilot/angle": 0.2123274803161621, "pilot/throttle": 0.6412415504455566, "milliseconds": 801296}