{"cam/image_array": "2441_cam-image_array_.jpg", "user/angle": 0.030396435438093204, "user/throttle": 0.0, "user/mode": "local", "pilot/angle": 0.6934775114059448, "pilot/throttle": 0.398375928401947, "milliseconds": 556674}