{"cam/image_array": "3735_cam-image_array_.jpg", "user/angle": 0.030396435438093204, "user/throttle": 0.0, "user/mode": "local", "pilot/angle": -0.5524151921272278, "pilot/throttle": 0.6390441656112671, "milliseconds": 846815}