{"cam/image_array": "748_cam-image_array_.jpg", "user/angle": 0.030396435438093204, "user/throttle": 0.0, "user/mode": "local", "pilot/angle": 0.957902729511261, "pilot/throttle": 0.5174617171287537, "milliseconds": 177039}