{"cam/image_array": "2191_cam-image_array_.jpg", "user/angle": 0.030396435438093204, "user/throttle": 0.0, "user/mode": "local", "pilot/angle": 0.25050705671310425, "pilot/throttle": 0.5385023355484009, "milliseconds": 500618}