{"cam/image_array": "1676_cam-image_array_.jpg", "user/angle": 0.030396435438093204, "user/throttle": 0.0, "user/mode": "local", "pilot/angle": -0.42116492986679077, "pilot/throttle": 0.7320778369903564, "milliseconds": 385121}