{"cam/image_array": "1621_cam-image_array_.jpg", "user/angle": 0.030396435438093204, "user/throttle": 0.0, "user/mode": "local", "pilot/angle": -0.06702933460474014, "pilot/throttle": 0.7187478542327881, "milliseconds": 372785}