{"cam/image_array": "4422_cam-image_array_.jpg", "user/angle": 0.030396435438093204, "user/throttle": 0.0, "user/mode": "local", "pilot/angle": 0.7016236782073975, "pilot/throttle": 0.8620997667312622, "milliseconds": 1000854}