{"cam/image_array": "1376_cam-image_array_.jpg", "user/angle": 0.030396435438093204, "user/throttle": 0.0, "user/mode": "local", "pilot/angle": 0.9622004628181458, "pilot/throttle": 0.5980772972106934, "milliseconds": 317853}