{"cam/image_array": "2972_cam-image_array_.jpg", "user/angle": 0.030396435438093204, "user/throttle": 0.0, "user/mode": "local", "pilot/angle": 0.37805643677711487, "pilot/throttle": 0.6917543411254883, "milliseconds": 675732}