{"cam/image_array": "2475_cam-image_array_.jpg", "user/angle": 0.030396435438093204, "user/throttle": 0.0, "user/mode": "local", "pilot/angle": 1.0215812921524048, "pilot/throttle": 0.2803005278110504, "milliseconds": 564297}