{"cam/image_array": "479_cam-image_array_.jpg", "user/angle": 0.030396435438093204, "user/throttle": 0.0, "user/mode": "local", "pilot/angle": 0.6658285856246948, "pilot/throttle": 0.22270172834396362, "milliseconds": 116739}