{"cam/image_array": "2089_cam-image_array_.jpg", "user/angle": 0.030396435438093204, "user/throttle": 0.0, "user/mode": "local", "pilot/angle": -0.01240454614162445, "pilot/throttle": 0.7108725309371948, "milliseconds": 477747}