{"cam/image_array": "3316_cam-image_array_.jpg", "user/angle": 0.030396435438093204, "user/throttle": 0.0, "user/mode": "local", "pilot/angle": 0.048808954656124115, "pilot/throttle": 0.5980322957038879, "milliseconds": 752866}