{"cam/image_array": "2722_cam-image_array_.jpg", "user/angle": 0.030396435438093204, "user/throttle": 0.0, "user/mode": "local", "pilot/angle": 0.006750650703907013, "pilot/throttle": 0.6079229712486267, "milliseconds": 619676}