{"cam/image_array": "2233_cam-image_array_.jpg", "user/angle": 0.030396435438093204, "user/throttle": 0.0, "user/mode": "local", "pilot/angle": 0.16807687282562256, "pilot/throttle": 0.7302922606468201, "milliseconds": 510035}