{"cam/image_array": "3245_cam-image_array_.jpg", "user/angle": 0.030396435438093204, "user/throttle": 0.0, "user/mode": "local", "pilot/angle": -0.10754428058862686, "pilot/throttle": 0.6150071024894714, "milliseconds": 736948}