{"cam/image_array": "47_cam-image_array_.jpg", "user/angle": 0.030396435438093204, "user/throttle": 0.0, "user/mode": "local", "pilot/angle": -0.04619496315717697, "pilot/throttle": 0.5048093795776367, "milliseconds": 19840}