{"cam/image_array": "1727_cam-image_array_.jpg", "user/angle": 0.030396435438093204, "user/throttle": 0.0, "user/mode": "local", "pilot/angle": 0.10006069391965866, "pilot/throttle": 0.7223966717720032, "milliseconds": 396558}