{"cam/image_array": "1222_cam-image_array_.jpg", "user/angle": 0.030396435438093204, "user/throttle": 0.0, "user/mode": "local", "pilot/angle": 0.2966470718383789, "pilot/throttle": 0.7614178657531738, "milliseconds": 283321}