{"cam/image_array": "4023_cam-image_array_.jpg", "user/angle": 0.030396435438093204, "user/throttle": 0.0, "user/mode": "local", "pilot/angle": 0.8757829070091248, "pilot/throttle": 0.5543416142463684, "milliseconds": 911395}