{"cam/image_array": "2804_cam-image_array_.jpg", "user/angle": 0.030396435438093204, "user/throttle": 0.0, "user/mode": "local", "pilot/angle": 0.8171427249908447, "pilot/throttle": 0.5249046087265015, "milliseconds": 638059}