{"cam/image_array": "4474_cam-image_array_.jpg", "user/angle": 0.030396435438093204, "user/throttle": 0.0, "user/mode": "local", "pilot/angle": 0.5882689952850342, "pilot/throttle": 0.720596432685852, "milliseconds": 1012509}