{"cam/image_array": "3298_cam-image_array_.jpg", "user/angle": 0.030396435438093204, "user/throttle": 0.0, "user/mode": "local", "pilot/angle": 0.7934825420379639, "pilot/throttle": 0.5187076926231384, "milliseconds": 748834}