{"cam/image_array": "780_cam-image_array_.jpg", "user/angle": 0.030396435438093204, "user/throttle": 0.0, "user/mode": "local", "pilot/angle": -0.08758027106523514, "pilot/throttle": 0.8239559531211853, "milliseconds": 184217}