{"cam/image_array": "3076_cam-image_array_.jpg", "user/angle": 0.030396435438093204, "user/throttle": 0.0, "user/mode": "local", "pilot/angle": -0.14417630434036255, "pilot/throttle": 0.6767005324363708, "milliseconds": 699057}