{"cam/image_array": "3011_cam-image_array_.jpg", "user/angle": 0.030396435438093204, "user/throttle": 0.0, "user/mode": "local", "pilot/angle": 0.8863912224769592, "pilot/throttle": 0.8225690126419067, "milliseconds": 684480}