{"cam/image_array": "1413_cam-image_array_.jpg", "user/angle": 0.030396435438093204, "user/throttle": 0.0, "user/mode": "local", "pilot/angle": 0.0344710610806942, "pilot/throttle": 0.6061750650405884, "milliseconds": 326149}