{"cam/image_array": "3026_cam-image_array_.jpg", "user/angle": 0.030396435438093204, "user/throttle": 0.0, "user/mode": "local", "pilot/angle": -0.04914575070142746, "pilot/throttle": 0.5939798355102539, "milliseconds": 687845}