{"cam/image_array": "1293_cam-image_array_.jpg", "user/angle": 0.030396435438093204, "user/throttle": 0.0, "user/mode": "local", "pilot/angle": -0.6104114651679993, "pilot/throttle": 0.7033127546310425, "milliseconds": 299250}