{"cam/image_array": "2745_cam-image_array_.jpg", "user/angle": 0.030396435438093204, "user/throttle": 0.0, "user/mode": "local", "pilot/angle": -0.03869777172803879, "pilot/throttle": 0.7039154171943665, "milliseconds": 624832}