{"cam/image_array": "2637_cam-image_array_.jpg", "user/angle": 0.030396435438093204, "user/throttle": 0.0, "user/mode": "local", "pilot/angle": 0.8947515487670898, "pilot/throttle": 0.7093443274497986, "milliseconds": 600622}