{"cam/image_array": "3856_cam-image_array_.jpg", "user/angle": 0.030396435438093204, "user/throttle": 0.0, "user/mode": "local", "pilot/angle": 0.6732721924781799, "pilot/throttle": 0.6165549755096436, "milliseconds": 873948}