{"cam/image_array": "63_cam-image_array_.jpg", "user/angle": 0.030396435438093204, "user/throttle": 0.0, "user/mode": "local", "pilot/angle": 0.3664441704750061, "pilot/throttle": 0.773190975189209, "milliseconds": 23428}