{"cam/image_array": "2776_cam-image_array_.jpg", "user/angle": 0.030396435438093204, "user/throttle": 0.0, "user/mode": "local", "pilot/angle": -0.16271090507507324, "pilot/throttle": 0.6668129563331604, "milliseconds": 631780}