{"cam/image_array": "1533_cam-image_array_.jpg", "user/angle": 0.030396435438093204, "user/throttle": 0.0, "user/mode": "local", "pilot/angle": 0.012686207890510559, "pilot/throttle": 0.7087047100067139, "milliseconds": 353054}