{"cam/image_array": "1955_cam-image_array_.jpg", "user/angle": 0.030396435438093204, "user/throttle": 0.0, "user/mode": "local", "pilot/angle": -0.47038114070892334, "pilot/throttle": 0.7748556733131409, "milliseconds": 447698}