{"cam/image_array": "3676_cam-image_array_.jpg", "user/angle": 0.030396435438093204, "user/throttle": 0.0, "user/mode": "local", "pilot/angle": 0.04155455902218819, "pilot/throttle": 0.6892108917236328, "milliseconds": 833589}