{"cam/image_array": "2029_cam-image_array_.jpg", "user/angle": 0.030396435438093204, "user/throttle": 0.0, "user/mode": "local", "pilot/angle": -0.06746985763311386, "pilot/throttle": 0.696368932723999, "milliseconds": 464286}