{"cam/image_array": "3886_cam-image_array_.jpg", "user/angle": 0.030396435438093204, "user/throttle": 0.0, "user/mode": "local", "pilot/angle": 0.9176502227783203, "pilot/throttle": 0.4560476243495941, "milliseconds": 880676}