{"cam/image_array": "2355_cam-image_array_.jpg", "user/angle": 0.030396435438093204, "user/throttle": 0.0, "user/mode": "local", "pilot/angle": 0.12190753221511841, "pilot/throttle": 0.7164431214332581, "milliseconds": 537390}