{"cam/image_array": "4387_cam-image_array_.jpg", "user/angle": 0.030396435438093204, "user/throttle": 0.0, "user/mode": "local", "pilot/angle": -0.3961879014968872, "pilot/throttle": 0.5000845193862915, "milliseconds": 993008}