{"cam/image_array": "4538_cam-image_array_.jpg", "user/angle": 0.030396435438093204, "user/throttle": 0.0, "user/mode": "local", "pilot/angle": 0.006659053266048431, "pilot/throttle": 0.7302959561347961, "milliseconds": 1026859}