{"cam/image_array": "3324_cam-image_array_.jpg", "user/angle": 0.030396435438093204, "user/throttle": 0.0, "user/mode": "local", "pilot/angle": 0.7220028638839722, "pilot/throttle": 0.17935577034950256, "milliseconds": 754661}