{"cam/image_array": "307_cam-image_array_.jpg", "user/angle": 0.030396435438093204, "user/throttle": 0.0, "user/mode": "local", "pilot/angle": -0.08704150468111038, "pilot/throttle": 0.6520587205886841, "milliseconds": 78172}