{"cam/image_array": "2844_cam-image_array_.jpg", "user/angle": 0.030396435438093204, "user/throttle": 0.0, "user/mode": "local", "pilot/angle": 0.08083540946245193, "pilot/throttle": 0.2802236080169678, "milliseconds": 647028}