{"cam/image_array": "2128_cam-image_array_.jpg", "user/angle": 0.030396435438093204, "user/throttle": 0.0, "user/mode": "local", "pilot/angle": 0.11675591766834259, "pilot/throttle": 0.7088438272476196, "milliseconds": 486489}