{"cam/image_array": "1136_cam-image_array_.jpg", "user/angle": 0.030396435438093204, "user/throttle": 0.0, "user/mode": "local", "pilot/angle": 0.018391910940408707, "pilot/throttle": 0.6821535229682922, "milliseconds": 264043}