{"cam/image_array": "2092_cam-image_array_.jpg", "user/angle": 0.030396435438093204, "user/throttle": 0.0, "user/mode": "local", "pilot/angle": -0.005247078835964203, "pilot/throttle": 0.6316670775413513, "milliseconds": 478419}