{"cam/image_array": "3111_cam-image_array_.jpg", "user/angle": 0.030396435438093204, "user/throttle": 0.0, "user/mode": "local", "pilot/angle": -0.011806167662143707, "pilot/throttle": 0.7820968627929688, "milliseconds": 706905}