{"cam/image_array": "3874_cam-image_array_.jpg", "user/angle": 0.030396435438093204, "user/throttle": 0.0, "user/mode": "local", "pilot/angle": 0.12291792780160904, "pilot/throttle": 0.5615576505661011, "milliseconds": 877981}