{"cam/image_array": "3562_cam-image_array_.jpg", "user/angle": 0.030396435438093204, "user/throttle": 0.0, "user/mode": "local", "pilot/angle": 0.8117973208427429, "pilot/throttle": 0.7207666635513306, "milliseconds": 808022}