{"cam/image_array": "1707_cam-image_array_.jpg", "user/angle": 0.030396435438093204, "user/throttle": 0.0, "user/mode": "local", "pilot/angle": 0.8873311281204224, "pilot/throttle": 0.5623161196708679, "milliseconds": 392075}