{"cam/image_array": "1446_cam-image_array_.jpg", "user/angle": 0.030396435438093204, "user/throttle": 0.0, "user/mode": "local", "pilot/angle": 0.24651989340782166, "pilot/throttle": 0.7290792465209961, "milliseconds": 333548}