{"cam/image_array": "4515_cam-image_array_.jpg", "user/angle": 0.030396435438093204, "user/throttle": 0.0, "user/mode": "local", "pilot/angle": 0.5933217406272888, "pilot/throttle": 0.7739927768707275, "milliseconds": 1021702}