{"cam/image_array": "1110_cam-image_array_.jpg", "user/angle": 0.030396435438093204, "user/throttle": 0.0, "user/mode": "local", "pilot/angle": -0.4289986491203308, "pilot/throttle": 0.7239817380905151, "milliseconds": 258211}