{"cam/image_array": "4573_cam-image_array_.jpg", "user/angle": 0.030396435438093204, "user/throttle": 0.0, "user/mode": "local", "pilot/angle": -0.04992072284221649, "pilot/throttle": 0.6390653252601624, "milliseconds": 1034711}