{"cam/image_array": "3609_cam-image_array_.jpg", "user/angle": 0.030396435438093204, "user/throttle": 0.0, "user/mode": "local", "pilot/angle": 0.8403170108795166, "pilot/throttle": 0.41706183552742004, "milliseconds": 818559}