{"cam/image_array": "3800_cam-image_array_.jpg", "user/angle": 0.030396435438093204, "user/throttle": 0.0, "user/mode": "local", "pilot/angle": 0.8763415813446045, "pilot/throttle": 0.46402639150619507, "milliseconds": 861388}