{"cam/image_array": "2901_cam-image_array_.jpg", "user/angle": 0.030396435438093204, "user/throttle": 0.0, "user/mode": "local", "pilot/angle": 0.747577428817749, "pilot/throttle": 0.43759337067604065, "milliseconds": 659810}