{"cam/image_array": "2137_cam-image_array_.jpg", "user/angle": 0.030396435438093204, "user/throttle": 0.0, "user/mode": "local", "pilot/angle": -0.4684637188911438, "pilot/throttle": 0.6258556246757507, "milliseconds": 488508}