{"cam/image_array": "386_cam-image_array_.jpg", "user/angle": 0.030396435438093204, "user/throttle": 0.0, "user/mode": "local", "pilot/angle": 0.8442487716674805, "pilot/throttle": 0.7784566283226013, "milliseconds": 95883}