{"cam/image_array": "2575_cam-image_array_.jpg", "user/angle": 0.030396435438093204, "user/throttle": 0.0, "user/mode": "local", "pilot/angle": 0.8848042488098145, "pilot/throttle": 0.3859313130378723, "milliseconds": 586721}