{"cam/image_array": "2839_cam-image_array_.jpg", "user/angle": 0.030396435438093204, "user/throttle": 0.0, "user/mode": "local", "pilot/angle": 0.21031224727630615, "pilot/throttle": 0.4699472486972809, "milliseconds": 645907}