{"cam/image_array": "1497_cam-image_array_.jpg", "user/angle": 0.030396435438093204, "user/throttle": 0.0, "user/mode": "local", "pilot/angle": 0.8757824897766113, "pilot/throttle": 0.5535282492637634, "milliseconds": 344983}