{"cam/image_array": "2007_cam-image_array_.jpg", "user/angle": 0.030396435438093204, "user/throttle": 0.0, "user/mode": "local", "pilot/angle": 0.14969152212142944, "pilot/throttle": 0.8096281290054321, "milliseconds": 459356}