{"cam/image_array": "2106_cam-image_array_.jpg", "user/angle": 0.030396435438093204, "user/throttle": 0.0, "user/mode": "local", "pilot/angle": 0.7729401588439941, "pilot/throttle": 0.36778661608695984, "milliseconds": 481558}