{"cam/image_array": "3162_cam-image_array_.jpg", "user/angle": 0.030396435438093204, "user/throttle": 0.0, "user/mode": "local", "pilot/angle": -0.018709972500801086, "pilot/throttle": 0.6839079856872559, "milliseconds": 718338}