{"cam/image_array": "148_cam-image_array_.jpg", "user/angle": 0.030396435438093204, "user/throttle": 0.0, "user/mode": "local", "pilot/angle": -0.09353090077638626, "pilot/throttle": 0.46580830216407776, "milliseconds": 42512}