{"cam/image_array": "984_cam-image_array_.jpg", "user/angle": 0.030396435438093204, "user/throttle": 0.0, "user/mode": "local", "pilot/angle": 0.632277250289917, "pilot/throttle": 0.5462342500686646, "milliseconds": 229962}