{"cam/image_array": "3472_cam-image_array_.jpg", "user/angle": 0.030396435438093204, "user/throttle": 0.0, "user/mode": "local", "pilot/angle": -0.0918322429060936, "pilot/throttle": 0.7285390496253967, "milliseconds": 787848}