{"cam/image_array": "3319_cam-image_array_.jpg", "user/angle": 0.030396435438093204, "user/throttle": 0.0, "user/mode": "local", "pilot/angle": 0.2702423930168152, "pilot/throttle": 0.5100833773612976, "milliseconds": 753539}