{"cam/image_array": "3389_cam-image_array_.jpg", "user/angle": 0.030396435438093204, "user/throttle": 0.0, "user/mode": "local", "pilot/angle": 0.8629451394081116, "pilot/throttle": 0.6979013681411743, "milliseconds": 769235}