{"cam/image_array": "2525_cam-image_array_.jpg", "user/angle": 0.030396435438093204, "user/throttle": 0.0, "user/mode": "local", "pilot/angle": 0.7045184969902039, "pilot/throttle": 0.7638253569602966, "milliseconds": 575506}