{"cam/image_array": "4233_cam-image_array_.jpg", "user/angle": 0.030396435438093204, "user/throttle": 0.0, "user/mode": "local", "pilot/angle": 0.8172091841697693, "pilot/throttle": 0.48259854316711426, "milliseconds": 958484}