{"cam/image_array": "4035_cam-image_array_.jpg", "user/angle": 0.030396435438093204, "user/throttle": 0.0, "user/mode": "local", "pilot/angle": -0.06690607219934464, "pilot/throttle": 0.8229063153266907, "milliseconds": 914083}