{"cam/image_array": "4076_cam-image_array_.jpg", "user/angle": 0.030396435438093204, "user/throttle": 0.0, "user/mode": "local", "pilot/angle": 0.889604389667511, "pilot/throttle": 0.504612922668457, "milliseconds": 923273}