{"cam/image_array": "3832_cam-image_array_.jpg", "user/angle": 0.030396435438093204, "user/throttle": 0.0, "user/mode": "local", "pilot/angle": 0.5071390867233276, "pilot/throttle": 0.7336410880088806, "milliseconds": 868562}