{"cam/image_array": "3277_cam-image_array_.jpg", "user/angle": 0.030396435438093204, "user/throttle": 0.0, "user/mode": "local", "pilot/angle": 0.597601056098938, "pilot/throttle": 0.6456594467163086, "milliseconds": 744127}