{"cam/image_array": "3966_cam-image_array_.jpg", "user/angle": 0.030396435438093204, "user/throttle": 0.0, "user/mode": "local", "pilot/angle": 0.023041993379592896, "pilot/throttle": 0.7681707739830017, "milliseconds": 898611}