{"cam/image_array": "60_cam-image_array_.jpg", "user/angle": 0.030396435438093204, "user/throttle": 0.0, "user/mode": "local", "pilot/angle": 0.460206001996994, "pilot/throttle": 0.6868637800216675, "milliseconds": 22755}