{"cam/image_array": "3654_cam-image_array_.jpg", "user/angle": 0.030396435438093204, "user/throttle": 0.0, "user/mode": "local", "pilot/angle": 0.9821911454200745, "pilot/throttle": 0.708344042301178, "milliseconds": 828656}