{"cam/image_array": "3488_cam-image_array_.jpg", "user/angle": 0.030396435438093204, "user/throttle": 0.0, "user/mode": "local", "pilot/angle": 0.014515258371829987, "pilot/throttle": 0.7430938482284546, "milliseconds": 791434}