{"cam/image_array": "2593_cam-image_array_.jpg", "user/angle": 0.030396435438093204, "user/throttle": 0.0, "user/mode": "local", "pilot/angle": 0.5178914070129395, "pilot/throttle": 0.5140280723571777, "milliseconds": 590757}