{"cam/image_array": "2632_cam-image_array_.jpg", "user/angle": 0.030396435438093204, "user/throttle": 0.0, "user/mode": "local", "pilot/angle": 0.5828424692153931, "pilot/throttle": 0.5498048067092896, "milliseconds": 599501}