{"cam/image_array": "459_cam-image_array_.jpg", "user/angle": 0.030396435438093204, "user/throttle": 0.0, "user/mode": "local", "pilot/angle": 0.8735239505767822, "pilot/throttle": 0.4966292083263397, "milliseconds": 112255}