{"cam/image_array": "162_cam-image_array_.jpg", "user/angle": 0.030396435438093204, "user/throttle": 0.0, "user/mode": "local", "pilot/angle": -0.221305251121521, "pilot/throttle": 0.6591631174087524, "milliseconds": 45651}