{"cam/image_array": "3142_cam-image_array_.jpg", "user/angle": 0.030396435438093204, "user/throttle": 0.0, "user/mode": "local", "pilot/angle": 0.7872244715690613, "pilot/throttle": 0.32574912905693054, "milliseconds": 713852}