{"cam/image_array": "4438_cam-image_array_.jpg", "user/angle": 0.030396435438093204, "user/throttle": 0.0, "user/mode": "local", "pilot/angle": -0.015372514724731445, "pilot/throttle": 0.5679243206977844, "milliseconds": 1004440}