{"cam/image_array": "3493_cam-image_array_.jpg", "user/angle": 0.030396435438093204, "user/throttle": 0.0, "user/mode": "local", "pilot/angle": -0.10063936561346054, "pilot/throttle": 0.47938811779022217, "milliseconds": 792554}