{"cam/image_array": "1775_cam-image_array_.jpg", "user/angle": 0.030396435438093204, "user/throttle": 0.0, "user/mode": "local", "pilot/angle": 0.9017423391342163, "pilot/throttle": 0.590935468673706, "milliseconds": 407324}