{"cam/image_array": "4220_cam-image_array_.jpg", "user/angle": 0.030396435438093204, "user/throttle": 0.0, "user/mode": "local", "pilot/angle": 0.8022376298904419, "pilot/throttle": 0.6472684144973755, "milliseconds": 955571}