{"cam/image_array": "2195_cam-image_array_.jpg", "user/angle": 0.030396435438093204, "user/throttle": 0.0, "user/mode": "local", "pilot/angle": 0.7668416500091553, "pilot/throttle": 0.4611284136772156, "milliseconds": 501516}