{"cam/image_array": "2339_cam-image_array_.jpg", "user/angle": 0.030396435438093204, "user/throttle": 0.0, "user/mode": "local", "pilot/angle": 0.0651744082570076, "pilot/throttle": 0.7765718698501587, "milliseconds": 533804}