{"cam/image_array": "2761_cam-image_array_.jpg", "user/angle": 0.030396435438093204, "user/throttle": 0.0, "user/mode": "local", "pilot/angle": 0.5828524231910706, "pilot/throttle": 0.3719949424266815, "milliseconds": 628417}