{"cam/image_array": "1392_cam-image_array_.jpg", "user/angle": 0.030396435438093204, "user/throttle": 0.0, "user/mode": "local", "pilot/angle": -0.36464864015579224, "pilot/throttle": 0.6500710844993591, "milliseconds": 321441}