{"cam/image_array": "1633_cam-image_array_.jpg", "user/angle": 0.030396435438093204, "user/throttle": 0.0, "user/mode": "local", "pilot/angle": 0.09543557465076447, "pilot/throttle": 0.5834945440292358, "milliseconds": 375475}