{"cam/image_array": "215_cam-image_array_.jpg", "user/angle": 0.030396435438093204, "user/throttle": 0.0, "user/mode": "local", "pilot/angle": 0.010959230363368988, "pilot/throttle": 0.6324721574783325, "milliseconds": 57541}