{"cam/image_array": "884_cam-image_array_.jpg", "user/angle": 0.030396435438093204, "user/throttle": 0.0, "user/mode": "local", "pilot/angle": 0.07157327234745026, "pilot/throttle": 0.6024715304374695, "milliseconds": 207536}