{"cam/image_array": "3004_cam-image_array_.jpg", "user/angle": 0.030396435438093204, "user/throttle": 0.0, "user/mode": "local", "pilot/angle": 0.07786798477172852, "pilot/throttle": 0.6230273842811584, "milliseconds": 682911}