{"cam/image_array": "1445_cam-image_array_.jpg", "user/angle": 0.030396435438093204, "user/throttle": 0.0, "user/mode": "local", "pilot/angle": 0.20537176728248596, "pilot/throttle": 0.5981435179710388, "milliseconds": 333324}