{"cam/image_array": "28_cam-image_array_.jpg", "user/angle": 0.030396435438093204, "user/throttle": 0.0, "user/mode": "local", "pilot/angle": 0.42767655849456787, "pilot/throttle": 0.13348662853240967, "milliseconds": 15579}