{"cam/image_array": "2988_cam-image_array_.jpg", "user/angle": 0.030396435438093204, "user/throttle": 0.0, "user/mode": "local", "pilot/angle": 0.5618285536766052, "pilot/throttle": 0.5737453699111938, "milliseconds": 679319}