{"cam/image_array": "3317_cam-image_array_.jpg", "user/angle": 0.030396435438093204, "user/throttle": 0.0, "user/mode": "local", "pilot/angle": 0.03310086578130722, "pilot/throttle": 0.6639584302902222, "milliseconds": 753090}