{"cam/image_array": "2176_cam-image_array_.jpg", "user/angle": 0.030396435438093204, "user/throttle": 0.0, "user/mode": "local", "pilot/angle": -0.1706029772758484, "pilot/throttle": 0.7395745515823364, "milliseconds": 497254}