{"cam/image_array": "3446_cam-image_array_.jpg", "user/angle": 0.030396435438093204, "user/throttle": 0.0, "user/mode": "local", "pilot/angle": -0.5626639723777771, "pilot/throttle": 0.8898642063140869, "milliseconds": 782018}