{"cam/image_array": "207_cam-image_array_.jpg", "user/angle": 0.030396435438093204, "user/throttle": 0.0, "user/mode": "local", "pilot/angle": -0.12855276465415955, "pilot/throttle": 0.7118273377418518, "milliseconds": 55748}