{"cam/image_array": "309_cam-image_array_.jpg", "user/angle": 0.030396435438093204, "user/throttle": 0.0, "user/mode": "local", "pilot/angle": 0.13324613869190216, "pilot/throttle": 0.4901929497718811, "milliseconds": 78620}