{"cam/image_array": "2778_cam-image_array_.jpg", "user/angle": 0.030396435438093204, "user/throttle": 0.0, "user/mode": "local", "pilot/angle": -0.0732533261179924, "pilot/throttle": 0.5041221976280212, "milliseconds": 632228}