{"cam/image_array": "2812_cam-image_array_.jpg", "user/angle": 0.030396435438093204, "user/throttle": 0.0, "user/mode": "local", "pilot/angle": -0.04788149893283844, "pilot/throttle": 0.7508063316345215, "milliseconds": 639853}