{"cam/image_array": "255_cam-image_array_.jpg", "user/angle": 0.030396435438093204, "user/throttle": 0.0, "user/mode": "local", "pilot/angle": -0.34285229444503784, "pilot/throttle": 0.6564333438873291, "milliseconds": 66513}