{"cam/image_array": "1718_cam-image_array_.jpg", "user/angle": 0.030396435438093204, "user/throttle": 0.0, "user/mode": "local", "pilot/angle": -0.054660625755786896, "pilot/throttle": 0.6572983264923096, "milliseconds": 394540}