{"cam/image_array": "4351_cam-image_array_.jpg", "user/angle": 0.030396435438093204, "user/throttle": 0.0, "user/mode": "local", "pilot/angle": 0.0356803722679615, "pilot/throttle": 0.6932320594787598, "milliseconds": 984936}