{"cam/image_array": "1918_cam-image_array_.jpg", "user/angle": 0.030396435438093204, "user/throttle": 0.0, "user/mode": "local", "pilot/angle": 0.4466293156147003, "pilot/throttle": 0.6594430804252625, "milliseconds": 439397}