{"cam/image_array": "2391_cam-image_array_.jpg", "user/angle": 0.030396435438093204, "user/throttle": 0.0, "user/mode": "local", "pilot/angle": 0.3112068772315979, "pilot/throttle": 0.6254773736000061, "milliseconds": 545459}