{"cam/image_array": "2341_cam-image_array_.jpg", "user/angle": 0.030396435438093204, "user/throttle": 0.0, "user/mode": "local", "pilot/angle": -0.15336182713508606, "pilot/throttle": 0.7681941986083984, "milliseconds": 534252}