{"cam/image_array": "2450_cam-image_array_.jpg", "user/angle": 0.030396435438093204, "user/throttle": 0.0, "user/mode": "local", "pilot/angle": -0.07474852353334427, "pilot/throttle": 0.6061885356903076, "milliseconds": 558692}