{"cam/image_array": "387_cam-image_array_.jpg", "user/angle": 0.030396435438093204, "user/throttle": 0.0, "user/mode": "local", "pilot/angle": 0.758931040763855, "pilot/throttle": 0.8193983435630798, "milliseconds": 96113}