{"cam/image_array": "1748_cam-image_array_.jpg", "user/angle": 0.030396435438093204, "user/throttle": 0.0, "user/mode": "local", "pilot/angle": -0.031123630702495575, "pilot/throttle": 0.6034970879554749, "milliseconds": 401270}