{"cam/image_array": "3024_cam-image_array_.jpg", "user/angle": 0.030396435438093204, "user/throttle": 0.0, "user/mode": "local", "pilot/angle": -0.06657413393259048, "pilot/throttle": 0.6371082663536072, "milliseconds": 687397}