{"cam/image_array": "1854_cam-image_array_.jpg", "user/angle": 0.030396435438093204, "user/throttle": 0.0, "user/mode": "local", "pilot/angle": 0.14961597323417664, "pilot/throttle": 0.6895956993103027, "milliseconds": 425046}