{"cam/image_array": "3768_cam-image_array_.jpg", "user/angle": 0.030396435438093204, "user/throttle": 0.0, "user/mode": "local", "pilot/angle": 0.9308508038520813, "pilot/throttle": 0.6883314847946167, "milliseconds": 854213}