{"cam/image_array": "4372_cam-image_array_.jpg", "user/angle": 0.030396435438093204, "user/throttle": 0.0, "user/mode": "local", "pilot/angle": -0.07430406659841537, "pilot/throttle": 0.5581135749816895, "milliseconds": 989645}