{"cam/image_array": "126_cam-image_array_.jpg", "user/angle": 0.030396435438093204, "user/throttle": 0.0, "user/mode": "local", "pilot/angle": 0.09031428396701813, "pilot/throttle": 0.6115927696228027, "milliseconds": 37582}