{"cam/image_array": "2025_cam-image_array_.jpg", "user/angle": 0.030396435438093204, "user/throttle": 0.0, "user/mode": "local", "pilot/angle": 0.0020051375031471252, "pilot/throttle": 0.6880948543548584, "milliseconds": 463389}