{"cam/image_array": "518_cam-image_array_.jpg", "user/angle": 0.030396435438093204, "user/throttle": 0.0, "user/mode": "local", "pilot/angle": 0.8795354962348938, "pilot/throttle": 0.4820042550563812, "milliseconds": 125481}