{"cam/image_array": "3975_cam-image_array_.jpg", "user/angle": 0.030396435438093204, "user/throttle": 0.0, "user/mode": "local", "pilot/angle": 0.07197578251361847, "pilot/throttle": 0.759028434753418, "milliseconds": 900629}