{"cam/image_array": "292_cam-image_array_.jpg", "user/angle": 0.030396435438093204, "user/throttle": 0.0, "user/mode": "local", "pilot/angle": 0.8348397016525269, "pilot/throttle": 0.6720447540283203, "milliseconds": 74810}