{"cam/image_array": "3025_cam-image_array_.jpg", "user/angle": 0.030396435438093204, "user/throttle": 0.0, "user/mode": "local", "pilot/angle": -0.08635275810956955, "pilot/throttle": 0.6356035470962524, "milliseconds": 687621}