{"cam/image_array": "2067_cam-image_array_.jpg", "user/angle": 0.030396435438093204, "user/throttle": 0.0, "user/mode": "local", "pilot/angle": -0.026663705706596375, "pilot/throttle": 0.692713737487793, "milliseconds": 472814}