{"cam/image_array": "3484_cam-image_array_.jpg", "user/angle": 0.030396435438093204, "user/throttle": 0.0, "user/mode": "local", "pilot/angle": 0.9832347631454468, "pilot/throttle": 0.7388704419136047, "milliseconds": 790537}