{"cam/image_array": "4306_cam-image_array_.jpg", "user/angle": 0.030396435438093204, "user/throttle": 0.0, "user/mode": "local", "pilot/angle": 0.8656074404716492, "pilot/throttle": 0.5753061771392822, "milliseconds": 974845}