{"cam/image_array": "2564_cam-image_array_.jpg", "user/angle": 0.030396435438093204, "user/throttle": 0.0, "user/mode": "local", "pilot/angle": 0.2874065339565277, "pilot/throttle": 0.7206761240959167, "milliseconds": 584254}