{"cam/image_array": "4546_cam-image_array_.jpg", "user/angle": 0.030396435438093204, "user/throttle": 0.0, "user/mode": "local", "pilot/angle": 0.7805425524711609, "pilot/throttle": 0.5091837048530579, "milliseconds": 1028653}