{"cam/image_array": "1070_cam-image_array_.jpg", "user/angle": 0.030396435438093204, "user/throttle": 0.0, "user/mode": "local", "pilot/angle": 0.10036824643611908, "pilot/throttle": 0.535412609577179, "milliseconds": 249246}