{"cam/image_array": "1710_cam-image_array_.jpg", "user/angle": 0.030396435438093204, "user/throttle": 0.0, "user/mode": "local", "pilot/angle": -0.012578867375850677, "pilot/throttle": 0.7477107644081116, "milliseconds": 392747}