{"cam/image_array": "775_cam-image_array_.jpg", "user/angle": 0.030396435438093204, "user/throttle": 0.0, "user/mode": "local", "pilot/angle": -0.12397641688585281, "pilot/throttle": 0.7452629208564758, "milliseconds": 183097}