{"cam/image_array": "1818_cam-image_array_.jpg", "user/angle": 0.030396435438093204, "user/throttle": 0.0, "user/mode": "local", "pilot/angle": 0.06922993063926697, "pilot/throttle": 0.7056302428245544, "milliseconds": 416976}