{"cam/image_array": "1926_cam-image_array_.jpg", "user/angle": 0.030396435438093204, "user/throttle": 0.0, "user/mode": "local", "pilot/angle": 0.839821994304657, "pilot/throttle": 0.5455775856971741, "milliseconds": 441190}