{"cam/image_array": "3558_cam-image_array_.jpg", "user/angle": 0.030396435438093204, "user/throttle": 0.0, "user/mode": "local", "pilot/angle": 0.7257864475250244, "pilot/throttle": 0.49786192178726196, "milliseconds": 807125}