{"cam/image_array": "4507_cam-image_array_.jpg", "user/angle": 0.030396435438093204, "user/throttle": 0.0, "user/mode": "local", "pilot/angle": -0.11816906183958054, "pilot/throttle": 0.8512098789215088, "milliseconds": 1019909}