{"cam/image_array": "3934_cam-image_array_.jpg", "user/angle": 0.030396435438093204, "user/throttle": 0.0, "user/mode": "local", "pilot/angle": 0.7946925759315491, "pilot/throttle": 0.6437011361122131, "milliseconds": 891437}