{"cam/image_array": "677_cam-image_array_.jpg", "user/angle": 0.030396435438093204, "user/throttle": 0.0, "user/mode": "local", "pilot/angle": 0.8922434449195862, "pilot/throttle": 0.6235647797584534, "milliseconds": 161122}