{"cam/image_array": "647_cam-image_array_.jpg", "user/angle": 0.030396435438093204, "user/throttle": 0.0, "user/mode": "local", "pilot/angle": 0.2652512490749359, "pilot/throttle": 0.7524282932281494, "milliseconds": 154397}