{"cam/image_array": "4486_cam-image_array_.jpg", "user/angle": 0.030396435438093204, "user/throttle": 0.0, "user/mode": "local", "pilot/angle": -0.498742938041687, "pilot/throttle": 0.7000992894172668, "milliseconds": 1015200}