{"cam/image_array": "3704_cam-image_array_.jpg", "user/angle": 0.030396435438093204, "user/throttle": 0.0, "user/mode": "local", "pilot/angle": 0.9854987263679504, "pilot/throttle": 0.44620922207832336, "milliseconds": 839865}