{"cam/image_array": "4472_cam-image_array_.jpg", "user/angle": 0.030396435438093204, "user/throttle": 0.0, "user/mode": "local", "pilot/angle": 0.4546199142932892, "pilot/throttle": 0.7032802104949951, "milliseconds": 1012061}