{"cam/image_array": "3374_cam-image_array_.jpg", "user/angle": 0.030396435438093204, "user/throttle": 0.0, "user/mode": "local", "pilot/angle": 0.5253356099128723, "pilot/throttle": 0.7588039636611938, "milliseconds": 765873}