{"cam/image_array": "3196_cam-image_array_.jpg", "user/angle": 0.030396435438093204, "user/throttle": 0.0, "user/mode": "local", "pilot/angle": 0.4417606592178345, "pilot/throttle": 0.7146360278129578, "milliseconds": 725961}