{"cam/image_array": "2539_cam-image_array_.jpg", "user/angle": 0.030396435438093204, "user/throttle": 0.0, "user/mode": "local", "pilot/angle": 0.8189430832862854, "pilot/throttle": 0.8226513266563416, "milliseconds": 578647}