{"cam/image_array": "1995_cam-image_array_.jpg", "user/angle": 0.030396435438093204, "user/throttle": 0.0, "user/mode": "local", "pilot/angle": -0.09532997757196426, "pilot/throttle": 0.7388246655464172, "milliseconds": 456666}