{"cam/image_array": "662_cam-image_array_.jpg", "user/angle": 0.030396435438093204, "user/throttle": 0.0, "user/mode": "local", "pilot/angle": 0.01693068817257881, "pilot/throttle": 0.6776875853538513, "milliseconds": 157759}