{"cam/image_array": "190_cam-image_array_.jpg", "user/angle": 0.030396435438093204, "user/throttle": 0.0, "user/mode": "local", "pilot/angle": -0.012767307460308075, "pilot/throttle": 0.6554625034332275, "milliseconds": 51935}