{"cam/image_array": "2474_cam-image_array_.jpg", "user/angle": 0.030396435438093204, "user/throttle": 0.0, "user/mode": "local", "pilot/angle": 0.9244445562362671, "pilot/throttle": 0.261733740568161, "milliseconds": 564073}