{"cam/image_array": "257_cam-image_array_.jpg", "user/angle": 0.030396435438093204, "user/throttle": 0.0, "user/mode": "local", "pilot/angle": -0.3398652970790863, "pilot/throttle": 0.5464968681335449, "milliseconds": 66961}