{"cam/image_array": "3071_cam-image_array_.jpg", "user/angle": 0.030396435438093204, "user/throttle": 0.0, "user/mode": "local", "pilot/angle": -0.3439207673072815, "pilot/throttle": 0.45346638560295105, "milliseconds": 697935}