{"cam/image_array": "3536_cam-image_array_.jpg", "user/angle": 0.030396435438093204, "user/throttle": 0.0, "user/mode": "local", "pilot/angle": 0.6821726560592651, "pilot/throttle": 0.7263802289962769, "milliseconds": 802192}