{"cam/image_array": "3022_cam-image_array_.jpg", "user/angle": 0.030396435438093204, "user/throttle": 0.0, "user/mode": "local", "pilot/angle": -0.09714845567941666, "pilot/throttle": 0.6949884295463562, "milliseconds": 686949}