{"cam/image_array": "2312_cam-image_array_.jpg", "user/angle": 0.030396435438093204, "user/throttle": 0.0, "user/mode": "local", "pilot/angle": 0.36598658561706543, "pilot/throttle": 0.7227461338043213, "milliseconds": 527749}