{"cam/image_array": "4156_cam-image_array_.jpg", "user/angle": 0.030396435438093204, "user/throttle": 0.0, "user/mode": "local", "pilot/angle": 0.035952113568782806, "pilot/throttle": 0.5670949816703796, "milliseconds": 941213}