{"cam/image_array": "2414_cam-image_array_.jpg", "user/angle": 0.030396435438093204, "user/throttle": 0.0, "user/mode": "local", "pilot/angle": -0.25432533025741577, "pilot/throttle": 0.7532550692558289, "milliseconds": 550615}