{"cam/image_array": "1937_cam-image_array_.jpg", "user/angle": 0.030396435438093204, "user/throttle": 0.0, "user/mode": "local", "pilot/angle": -0.07344097644090652, "pilot/throttle": 0.731451690196991, "milliseconds": 443661}