{"cam/image_array": "1450_cam-image_array_.jpg", "user/angle": 0.030396435438093204, "user/throttle": 0.0, "user/mode": "local", "pilot/angle": 0.6902144551277161, "pilot/throttle": 0.5140721201896667, "milliseconds": 334444}