{"cam/image_array": "2364_cam-image_array_.jpg", "user/angle": 0.030396435438093204, "user/throttle": 0.0, "user/mode": "local", "pilot/angle": -0.06037513166666031, "pilot/throttle": 0.6070525646209717, "milliseconds": 539407}