{"cam/image_array": "1890_cam-image_array_.jpg", "user/angle": 0.030396435438093204, "user/throttle": 0.0, "user/mode": "local", "pilot/angle": 0.5908900499343872, "pilot/throttle": 0.7328163385391235, "milliseconds": 433124}