{"cam/image_array": "392_cam-image_array_.jpg", "user/angle": 0.030396435438093204, "user/throttle": 0.0, "user/mode": "local", "pilot/angle": -0.08420316129922867, "pilot/throttle": 0.7471297383308411, "milliseconds": 97235}