{"cam/image_array": "3423_cam-image_array_.jpg", "user/angle": 0.030396435438093204, "user/throttle": 0.0, "user/mode": "local", "pilot/angle": 0.8442921042442322, "pilot/throttle": 0.3849475383758545, "milliseconds": 776857}