{"cam/image_array": "879_cam-image_array_.jpg", "user/angle": 0.030396435438093204, "user/throttle": 0.0, "user/mode": "local", "pilot/angle": 0.011232048273086548, "pilot/throttle": 0.5868053436279297, "milliseconds": 206416}