{"cam/image_array": "4061_cam-image_array_.jpg", "user/angle": 0.030396435438093204, "user/throttle": 0.0, "user/mode": "local", "pilot/angle": 0.05640169233083725, "pilot/throttle": 0.6801002621650696, "milliseconds": 919910}