{"cam/image_array": "2944_cam-image_array_.jpg", "user/angle": 0.030396435438093204, "user/throttle": 0.0, "user/mode": "local", "pilot/angle": 0.2672156095504761, "pilot/throttle": 0.7195375561714172, "milliseconds": 669452}