{"cam/image_array": "3426_cam-image_array_.jpg", "user/angle": 0.030396435438093204, "user/throttle": 0.0, "user/mode": "local", "pilot/angle": 0.8535407185554504, "pilot/throttle": 0.47547823190689087, "milliseconds": 777530}