{"cam/image_array": "3116_cam-image_array_.jpg", "user/angle": 0.030396435438093204, "user/throttle": 0.0, "user/mode": "local", "pilot/angle": -0.13366973400115967, "pilot/throttle": 0.6360294222831726, "milliseconds": 708025}