{"cam/image_array": "2668_cam-image_array_.jpg", "user/angle": 0.030396435438093204, "user/throttle": 0.0, "user/mode": "local", "pilot/angle": 0.8888947367668152, "pilot/throttle": 0.15344098210334778, "milliseconds": 607569}