{"cam/image_array": "3958_cam-image_array_.jpg", "user/angle": 0.030396435438093204, "user/throttle": 0.0, "user/mode": "local", "pilot/angle": -0.09226521104574203, "pilot/throttle": 0.7539811730384827, "milliseconds": 896818}