{"cam/image_array": "3127_cam-image_array_.jpg", "user/angle": 0.030396435438093204, "user/throttle": 0.0, "user/mode": "local", "pilot/angle": 0.06971191614866257, "pilot/throttle": 0.49074459075927734, "milliseconds": 710490}