{"cam/image_array": "3388_cam-image_array_.jpg", "user/angle": 0.030396435438093204, "user/throttle": 0.0, "user/mode": "local", "pilot/angle": 0.9760285019874573, "pilot/throttle": 0.7257872819900513, "milliseconds": 769011}