{"cam/image_array": "1080_cam-image_array_.jpg", "user/angle": 0.030396435438093204, "user/throttle": 0.0, "user/mode": "local", "pilot/angle": 0.8263904452323914, "pilot/throttle": 0.36052051186561584, "milliseconds": 251487}