{"cam/image_array": "2796_cam-image_array_.jpg", "user/angle": 0.030396435438093204, "user/throttle": 0.0, "user/mode": "local", "pilot/angle": 0.19176246225833893, "pilot/throttle": 0.7170957326889038, "milliseconds": 636265}