{"cam/image_array": "115_cam-image_array_.jpg", "user/angle": 0.030396435438093204, "user/throttle": 0.0, "user/mode": "local", "pilot/angle": -0.05623028427362442, "pilot/throttle": 0.6598842144012451, "milliseconds": 35118}