{"cam/image_array": "2157_cam-image_array_.jpg", "user/angle": 0.030396435438093204, "user/throttle": 0.0, "user/mode": "local", "pilot/angle": -0.04663234204053879, "pilot/throttle": 0.821276068687439, "milliseconds": 492996}