{"cam/image_array": "4568_cam-image_array_.jpg", "user/angle": 0.030396435438093204, "user/throttle": 0.0, "user/mode": "local", "pilot/angle": 0.5434869527816772, "pilot/throttle": 0.7032238841056824, "milliseconds": 1033590}