{"cam/image_array": "2499_cam-image_array_.jpg", "user/angle": 0.030396435438093204, "user/throttle": 0.0, "user/mode": "local", "pilot/angle": 0.30533456802368164, "pilot/throttle": 0.7584123015403748, "milliseconds": 569676}