{"cam/image_array": "3429_cam-image_array_.jpg", "user/angle": 0.030396435438093204, "user/throttle": 0.0, "user/mode": "local", "pilot/angle": -0.0024913623929023743, "pilot/throttle": 0.77171391248703, "milliseconds": 778203}