{"cam/image_array": "4008_cam-image_array_.jpg", "user/angle": 0.030396435438093204, "user/throttle": 0.0, "user/mode": "local", "pilot/angle": -0.4986687898635864, "pilot/throttle": 0.8017132878303528, "milliseconds": 908027}