{"cam/image_array": "2237_cam-image_array_.jpg", "user/angle": 0.030396435438093204, "user/throttle": 0.0, "user/mode": "local", "pilot/angle": 0.9728102087974548, "pilot/throttle": 0.5773850083351135, "milliseconds": 510933}