{"cam/image_array": "1943_cam-image_array_.jpg", "user/angle": 0.030396435438093204, "user/throttle": 0.0, "user/mode": "local", "pilot/angle": 0.5799869298934937, "pilot/throttle": 0.7443284392356873, "milliseconds": 445006}