{"cam/image_array": "249_cam-image_array_.jpg", "user/angle": 0.030396435438093204, "user/throttle": 0.0, "user/mode": "local", "pilot/angle": 0.7343941926956177, "pilot/throttle": 0.6511081457138062, "milliseconds": 65168}