{"cam/image_array": "2074_cam-image_array_.jpg", "user/angle": 0.030396435438093204, "user/throttle": 0.0, "user/mode": "local", "pilot/angle": 0.6947792172431946, "pilot/throttle": 0.5883722901344299, "milliseconds": 474385}