{"cam/image_array": "3707_cam-image_array_.jpg", "user/angle": 0.030396435438093204, "user/throttle": 0.0, "user/mode": "local", "pilot/angle": 0.7541049718856812, "pilot/throttle": 0.46771714091300964, "milliseconds": 840536}