{"cam/image_array": "2105_cam-image_array_.jpg", "user/angle": 0.030396435438093204, "user/throttle": 0.0, "user/mode": "local", "pilot/angle": 0.5109867453575134, "pilot/throttle": 0.46769627928733826, "milliseconds": 481333}