{"cam/image_array": "1091_cam-image_array_.jpg", "user/angle": 0.030396435438093204, "user/throttle": 0.0, "user/mode": "local", "pilot/angle": 0.06901194155216217, "pilot/throttle": 0.7235340476036072, "milliseconds": 253952}