{"cam/image_array": "2229_cam-image_array_.jpg", "user/angle": 0.030396435438093204, "user/throttle": 0.0, "user/mode": "local", "pilot/angle": -0.20691877603530884, "pilot/throttle": 0.6675438284873962, "milliseconds": 509138}