{"cam/image_array": "1962_cam-image_array_.jpg", "user/angle": 0.030396435438093204, "user/throttle": 0.0, "user/mode": "local", "pilot/angle": 0.9781780242919922, "pilot/throttle": 0.5510295629501343, "milliseconds": 449268}