{"cam/image_array": "3179_cam-image_array_.jpg", "user/angle": 0.030396435438093204, "user/throttle": 0.0, "user/mode": "local", "pilot/angle": 0.942184329032898, "pilot/throttle": 0.49449190497398376, "milliseconds": 722150}