{"cam/image_array": "1639_cam-image_array_.jpg", "user/angle": 0.030396435438093204, "user/throttle": 0.0, "user/mode": "local", "pilot/angle": 0.5828821659088135, "pilot/throttle": 0.4906323552131653, "milliseconds": 376823}