{"cam/image_array": "1720_cam-image_array_.jpg", "user/angle": 0.030396435438093204, "user/throttle": 0.0, "user/mode": "local", "pilot/angle": -0.005029886960983276, "pilot/throttle": 0.6387090086936951, "milliseconds": 394988}