{"cam/image_array": "4451_cam-image_array_.jpg", "user/angle": 0.030396435438093204, "user/throttle": 0.0, "user/mode": "local", "pilot/angle": 0.4297802746295929, "pilot/throttle": 0.5490934252738953, "milliseconds": 1007355}