{"cam/image_array": "652_cam-image_array_.jpg", "user/angle": 0.030396435438093204, "user/throttle": 0.0, "user/mode": "local", "pilot/angle": 0.8508697748184204, "pilot/throttle": 0.576070249080658, "milliseconds": 155517}