{"cam/image_array": "3997_cam-image_array_.jpg", "user/angle": 0.030396435438093204, "user/throttle": 0.0, "user/mode": "local", "pilot/angle": -0.03680277615785599, "pilot/throttle": 0.693699061870575, "milliseconds": 905561}