{"cam/image_array": "10_cam-image_array_.jpg", "user/angle": 0.030396435438093204, "user/throttle": 0.0, "user/mode": "local", "pilot/angle": -0.14525792002677917, "pilot/throttle": 0.7559391260147095, "milliseconds": 11540}