{"cam/image_array": "3666_cam-image_array_.jpg", "user/angle": 0.030396435438093204, "user/throttle": 0.0, "user/mode": "local", "pilot/angle": 0.038728948682546616, "pilot/throttle": 0.48018574714660645, "milliseconds": 831348}