{"cam/image_array": "3855_cam-image_array_.jpg", "user/angle": 0.030396435438093204, "user/throttle": 0.0, "user/mode": "local", "pilot/angle": 0.6877748370170593, "pilot/throttle": 0.6289730072021484, "milliseconds": 873724}