{"cam/image_array": "416_cam-image_array_.jpg", "user/angle": 0.030396435438093204, "user/throttle": 0.0, "user/mode": "local", "pilot/angle": 0.8186163306236267, "pilot/throttle": 0.45952120423316956, "milliseconds": 102614}