{"cam/image_array": "520_cam-image_array_.jpg", "user/angle": 0.030396435438093204, "user/throttle": 0.0, "user/mode": "local", "pilot/angle": 0.8464540243148804, "pilot/throttle": 0.471265584230423, "milliseconds": 125929}