{"cam/image_array": "2770_cam-image_array_.jpg", "user/angle": 0.030396435438093204, "user/throttle": 0.0, "user/mode": "local", "pilot/angle": 0.7845593690872192, "pilot/throttle": 0.5329365730285645, "milliseconds": 630434}