{"cam/image_array": "1798_cam-image_array_.jpg", "user/angle": 0.030396435438093204, "user/throttle": 0.0, "user/mode": "local", "pilot/angle": 1.0044993162155151, "pilot/throttle": 0.6204376816749573, "milliseconds": 412491}