{"cam/image_array": "4589_cam-image_array_.jpg", "user/angle": 0.030396435438093204, "user/throttle": 0.0, "user/mode": "local", "pilot/angle": 0.8652641773223877, "pilot/throttle": 0.6269274353981018, "milliseconds": 1038297}