{"cam/image_array": "150_cam-image_array_.jpg", "user/angle": 0.030396435438093204, "user/throttle": 0.0, "user/mode": "local", "pilot/angle": -0.30967047810554504, "pilot/throttle": 0.5842233300209045, "milliseconds": 42961}