{"cam/image_array": "2334_cam-image_array_.jpg", "user/angle": 0.030396435438093204, "user/throttle": 0.0, "user/mode": "local", "pilot/angle": 0.9044215679168701, "pilot/throttle": 0.6378167271614075, "milliseconds": 532682}