{"cam/image_array": "2533_cam-image_array_.jpg", "user/angle": 0.030396435438093204, "user/throttle": 0.0, "user/mode": "local", "pilot/angle": 0.06431332230567932, "pilot/throttle": 0.6245118379592896, "milliseconds": 577301}