{"cam/image_array": "1908_cam-image_array_.jpg", "user/angle": 0.030396435438093204, "user/throttle": 0.0, "user/mode": "local", "pilot/angle": -0.034006886184215546, "pilot/throttle": 0.5970028638839722, "milliseconds": 437157}