{"cam/image_array": "3353_cam-image_array_.jpg", "user/angle": 0.030396435438093204, "user/throttle": 0.0, "user/mode": "local", "pilot/angle": -0.46080052852630615, "pilot/throttle": 0.5642760396003723, "milliseconds": 761165}