{"cam/image_array": "2028_cam-image_array_.jpg", "user/angle": 0.030396435438093204, "user/throttle": 0.0, "user/mode": "local", "pilot/angle": -0.053611285984516144, "pilot/throttle": 0.7784333229064941, "milliseconds": 464062}