{"cam/image_array": "3985_cam-image_array_.jpg", "user/angle": 0.030396435438093204, "user/throttle": 0.0, "user/mode": "local", "pilot/angle": 0.8196223378181458, "pilot/throttle": 0.35538449883461, "milliseconds": 902872}