{"cam/image_array": "212_cam-image_array_.jpg", "user/angle": 0.030396435438093204, "user/throttle": 0.0, "user/mode": "local", "pilot/angle": -0.0692143514752388, "pilot/throttle": 0.660317063331604, "milliseconds": 56868}