{"cam/image_array": "3677_cam-image_array_.jpg", "user/angle": 0.030396435438093204, "user/throttle": 0.0, "user/mode": "local", "pilot/angle": -0.0050083547830581665, "pilot/throttle": 0.6982054114341736, "milliseconds": 833813}