{"cam/image_array": "3668_cam-image_array_.jpg", "user/angle": 0.030396435438093204, "user/throttle": 0.0, "user/mode": "local", "pilot/angle": 0.6121789813041687, "pilot/throttle": 0.7191853523254395, "milliseconds": 831797}