{"cam/image_array": "1681_cam-image_array_.jpg", "user/angle": 0.030396435438093204, "user/throttle": 0.0, "user/mode": "local", "pilot/angle": 0.7033540606498718, "pilot/throttle": 0.5987311601638794, "milliseconds": 386243}