{"cam/image_array": "2979_cam-image_array_.jpg", "user/angle": 0.030396435438093204, "user/throttle": 0.0, "user/mode": "local", "pilot/angle": -0.7662253975868225, "pilot/throttle": 0.5988595485687256, "milliseconds": 677301}