{"cam/image_array": "3691_cam-image_array_.jpg", "user/angle": 0.030396435438093204, "user/throttle": 0.0, "user/mode": "local", "pilot/angle": -0.006661713123321533, "pilot/throttle": 0.7216094136238098, "milliseconds": 836951}