{"cam/image_array": "1100_cam-image_array_.jpg", "user/angle": 0.030396435438093204, "user/throttle": 0.0, "user/mode": "local", "pilot/angle": 0.5333993434906006, "pilot/throttle": 0.5386115908622742, "milliseconds": 255969}