{"cam/image_array": "1311_cam-image_array_.jpg", "user/angle": 0.030396435438093204, "user/throttle": 0.0, "user/mode": "local", "pilot/angle": 0.6681923866271973, "pilot/throttle": 0.6298161745071411, "milliseconds": 303283}