{"cam/image_array": "3945_cam-image_array_.jpg", "user/angle": 0.030396435438093204, "user/throttle": 0.0, "user/mode": "local", "pilot/angle": 0.3892347812652588, "pilot/throttle": 0.6577414870262146, "milliseconds": 893904}