{"cam/image_array": "3460_cam-image_array_.jpg", "user/angle": 0.030396435438093204, "user/throttle": 0.0, "user/mode": "local", "pilot/angle": 0.8274527788162231, "pilot/throttle": 0.5807313919067383, "milliseconds": 785157}