{"cam/image_array": "3910_cam-image_array_.jpg", "user/angle": 0.030396435438093204, "user/throttle": 0.0, "user/mode": "local", "pilot/angle": 0.4504188895225525, "pilot/throttle": 0.5926192998886108, "milliseconds": 886056}