{"cam/image_array": "40_cam-image_array_.jpg", "user/angle": 0.030396435438093204, "user/throttle": 0.0, "user/mode": "local", "pilot/angle": 0.7894570231437683, "pilot/throttle": 0.5050480961799622, "milliseconds": 18270}