{"cam/image_array": "3607_cam-image_array_.jpg", "user/angle": 0.030396435438093204, "user/throttle": 0.0, "user/mode": "local", "pilot/angle": 1.001383900642395, "pilot/throttle": 0.2259771227836609, "milliseconds": 818110}