{"cam/image_array": "1570_cam-image_array_.jpg", "user/angle": 0.030396435438093204, "user/throttle": 0.0, "user/mode": "local", "pilot/angle": 0.6707731485366821, "pilot/throttle": 0.6953662037849426, "milliseconds": 361347}