{"cam/image_array": "3046_cam-image_array_.jpg", "user/angle": 0.030396435438093204, "user/throttle": 0.0, "user/mode": "local", "pilot/angle": 0.9124366641044617, "pilot/throttle": 0.44058069586753845, "milliseconds": 692328}