{"cam/image_array": "1434_cam-image_array_.jpg", "user/angle": 0.030396435438093204, "user/throttle": 0.0, "user/mode": "local", "pilot/angle": -0.023339852690696716, "pilot/throttle": 0.5974366664886475, "milliseconds": 330856}