{"cam/image_array": "1605_cam-image_array_.jpg", "user/angle": 0.030396435438093204, "user/throttle": 0.0, "user/mode": "local", "pilot/angle": 0.031248725950717926, "pilot/throttle": 0.6528804302215576, "milliseconds": 369199}