{"cam/image_array": "1286_cam-image_array_.jpg", "user/angle": 0.030396435438093204, "user/throttle": 0.0, "user/mode": "local", "pilot/angle": 0.42046910524368286, "pilot/throttle": 0.6799942255020142, "milliseconds": 297675}