{"cam/image_array": "2702_cam-image_array_.jpg", "user/angle": 0.030396435438093204, "user/throttle": 0.0, "user/mode": "local", "pilot/angle": -0.04900287836790085, "pilot/throttle": 0.7291147708892822, "milliseconds": 615191}