{"cam/image_array": "2694_cam-image_array_.jpg", "user/angle": 0.030396435438093204, "user/throttle": 0.0, "user/mode": "local", "pilot/angle": -0.47690683603286743, "pilot/throttle": 0.5807532668113708, "milliseconds": 613397}