{"cam/image_array": "3145_cam-image_array_.jpg", "user/angle": 0.030396435438093204, "user/throttle": 0.0, "user/mode": "local", "pilot/angle": 0.6393161416053772, "pilot/throttle": 0.6301281452178955, "milliseconds": 714524}