{"cam/image_array": "2316_cam-image_array_.jpg", "user/angle": 0.030396435438093204, "user/throttle": 0.0, "user/mode": "local", "pilot/angle": -0.6492652893066406, "pilot/throttle": 0.7831577062606812, "milliseconds": 528646}