{"cam/image_array": "259_cam-image_array_.jpg", "user/angle": 0.030396435438093204, "user/throttle": 0.0, "user/mode": "local", "pilot/angle": -0.6903215050697327, "pilot/throttle": 0.7943636775016785, "milliseconds": 67410}