{"cam/image_array": "2401_cam-image_array_.jpg", "user/angle": 0.030396435438093204, "user/throttle": 0.0, "user/mode": "local", "pilot/angle": 0.6861035823822021, "pilot/throttle": 0.675546407699585, "milliseconds": 547700}