{"cam/image_array": "586_cam-image_array_.jpg", "user/angle": 0.030396435438093204, "user/throttle": 0.0, "user/mode": "local", "pilot/angle": -0.035683006048202515, "pilot/throttle": 0.6761848330497742, "milliseconds": 140727}