{"cam/image_array": "3903_cam-image_array_.jpg", "user/angle": 0.030396435438093204, "user/throttle": 0.0, "user/mode": "local", "pilot/angle": -0.03995916247367859, "pilot/throttle": 0.7653684616088867, "milliseconds": 884486}