{"cam/image_array": "2935_cam-image_array_.jpg", "user/angle": 0.030396435438093204, "user/throttle": 0.0, "user/mode": "local", "pilot/angle": -0.05348602682352066, "pilot/throttle": 0.6877526044845581, "milliseconds": 667433}