{"cam/image_array": "678_cam-image_array_.jpg", "user/angle": 0.030396435438093204, "user/throttle": 0.0, "user/mode": "local", "pilot/angle": 0.190487802028656, "pilot/throttle": 0.700114369392395, "milliseconds": 161346}