{"cam/image_array": "2865_cam-image_array_.jpg", "user/angle": 0.030396435438093204, "user/throttle": 0.0, "user/mode": "local", "pilot/angle": 0.3026876747608185, "pilot/throttle": 0.6552228331565857, "milliseconds": 651736}