{"cam/image_array": "3110_cam-image_array_.jpg", "user/angle": 0.030396435438093204, "user/throttle": 0.0, "user/mode": "local", "pilot/angle": 0.02539919689297676, "pilot/throttle": 0.7351199984550476, "milliseconds": 706681}