{"cam/image_array": "319_cam-image_array_.jpg", "user/angle": 0.030396435438093204, "user/throttle": 0.0, "user/mode": "local", "pilot/angle": -0.011256679892539978, "pilot/throttle": 0.7490739226341248, "milliseconds": 80860}