{"cam/image_array": "3279_cam-image_array_.jpg", "user/angle": 0.030396435438093204, "user/throttle": 0.0, "user/mode": "local", "pilot/angle": 0.4485397934913635, "pilot/throttle": 0.5048772096633911, "milliseconds": 744575}