{"cam/image_array": "918_cam-image_array_.jpg", "user/angle": 0.030396435438093204, "user/throttle": 0.0, "user/mode": "local", "pilot/angle": 0.10059656202793121, "pilot/throttle": 0.6078211665153503, "milliseconds": 215158}