{"cam/image_array": "3347_cam-image_array_.jpg", "user/angle": 0.030396435438093204, "user/throttle": 0.0, "user/mode": "local", "pilot/angle": 0.33497297763824463, "pilot/throttle": 0.6264830231666565, "milliseconds": 759819}