{"cam/image_array": "2154_cam-image_array_.jpg", "user/angle": 0.030396435438093204, "user/throttle": 0.0, "user/mode": "local", "pilot/angle": 0.8437901139259338, "pilot/throttle": 0.6616020798683167, "milliseconds": 492323}