{"cam/image_array": "1755_cam-image_array_.jpg", "user/angle": 0.030396435438093204, "user/throttle": 0.0, "user/mode": "local", "pilot/angle": 0.6388520002365112, "pilot/throttle": 0.5323275923728943, "milliseconds": 402840}