{"cam/image_array": "3099_cam-image_array_.jpg", "user/angle": 0.030396435438093204, "user/throttle": 0.0, "user/mode": "local", "pilot/angle": 0.07191069424152374, "pilot/throttle": 0.4308437407016754, "milliseconds": 704216}