{"cam/image_array": "2695_cam-image_array_.jpg", "user/angle": 0.030396435438093204, "user/throttle": 0.0, "user/mode": "local", "pilot/angle": -0.48569709062576294, "pilot/throttle": 0.6960813403129578, "milliseconds": 613621}