{"cam/image_array": "4459_cam-image_array_.jpg", "user/angle": 0.030396435438093204, "user/throttle": 0.0, "user/mode": "local", "pilot/angle": 0.7209647297859192, "pilot/throttle": 0.22100290656089783, "milliseconds": 1009148}