{"cam/image_array": "1396_cam-image_array_.jpg", "user/angle": 0.030396435438093204, "user/throttle": 0.0, "user/mode": "local", "pilot/angle": 0.6288145184516907, "pilot/throttle": 0.5915154218673706, "milliseconds": 322337}