{"cam/image_array": "2044_cam-image_array_.jpg", "user/angle": 0.030396435438093204, "user/throttle": 0.0, "user/mode": "local", "pilot/angle": -0.7065858244895935, "pilot/throttle": 0.6930661797523499, "milliseconds": 467655}