{"cam/image_array": "3101_cam-image_array_.jpg", "user/angle": 0.030396435438093204, "user/throttle": 0.0, "user/mode": "local", "pilot/angle": 0.5362409353256226, "pilot/throttle": 0.6481166481971741, "milliseconds": 704664}