{"cam/image_array": "564_cam-image_array_.jpg", "user/angle": 0.030396435438093204, "user/throttle": 0.0, "user/mode": "local", "pilot/angle": 0.9363064169883728, "pilot/throttle": 0.6287460327148438, "milliseconds": 135796}