{"cam/image_array": "825_cam-image_array_.jpg", "user/angle": 0.030396435438093204, "user/throttle": 0.0, "user/mode": "local", "pilot/angle": 0.32425421476364136, "pilot/throttle": 0.6821503639221191, "milliseconds": 194308}