{"cam/image_array": "4045_cam-image_array_.jpg", "user/angle": 0.030396435438093204, "user/throttle": 0.0, "user/mode": "local", "pilot/angle": 1.0083427429199219, "pilot/throttle": 0.7121366858482361, "milliseconds": 916325}