{"cam/image_array": "2048_cam-image_array_.jpg", "user/angle": 0.030396435438093204, "user/throttle": 0.0, "user/mode": "local", "pilot/angle": -0.4055950939655304, "pilot/throttle": 0.773598849773407, "milliseconds": 468552}