{"cam/image_array": "110_cam-image_array_.jpg", "user/angle": 0.030396435438093204, "user/throttle": 0.0, "user/mode": "local", "pilot/angle": -0.0762200579047203, "pilot/throttle": 0.7325050234794617, "milliseconds": 33996}