{"cam/image_array": "2097_cam-image_array_.jpg", "user/angle": 0.030396435438093204, "user/throttle": 0.0, "user/mode": "local", "pilot/angle": 0.013201739639043808, "pilot/throttle": 0.6929634213447571, "milliseconds": 479540}