{"cam/image_array": "4555_cam-image_array_.jpg", "user/angle": 0.030396435438093204, "user/throttle": 0.0, "user/mode": "local", "pilot/angle": 0.7390005588531494, "pilot/throttle": 0.5212517976760864, "milliseconds": 1030672}