{"cam/image_array": "2908_cam-image_array_.jpg", "user/angle": 0.030396435438093204, "user/throttle": 0.0, "user/mode": "local", "pilot/angle": 0.04688718169927597, "pilot/throttle": 0.6961091756820679, "milliseconds": 661379}