{"cam/image_array": "663_cam-image_array_.jpg", "user/angle": 0.030396435438093204, "user/throttle": 0.0, "user/mode": "local", "pilot/angle": -0.0673486515879631, "pilot/throttle": 0.7869613170623779, "milliseconds": 157984}