{"cam/image_array": "1686_cam-image_array_.jpg", "user/angle": 0.030396435438093204, "user/throttle": 0.0, "user/mode": "local", "pilot/angle": 0.9451516270637512, "pilot/throttle": 0.5212516784667969, "milliseconds": 387369}