{"cam/image_array": "1816_cam-image_array_.jpg", "user/angle": 0.030396435438093204, "user/throttle": 0.0, "user/mode": "local", "pilot/angle": 0.011667177081108093, "pilot/throttle": 0.7560291290283203, "milliseconds": 416527}