{"cam/image_array": "1992_cam-image_array_.jpg", "user/angle": 0.030396435438093204, "user/throttle": 0.0, "user/mode": "local", "pilot/angle": -0.133905827999115, "pilot/throttle": 0.799739420413971, "milliseconds": 455993}