{"cam/image_array": "3549_cam-image_array_.jpg", "user/angle": 0.030396435438093204, "user/throttle": 0.0, "user/mode": "local", "pilot/angle": -0.10028300434350967, "pilot/throttle": 0.7874810695648193, "milliseconds": 805106}