{"cam/image_array": "3977_cam-image_array_.jpg", "user/angle": 0.030396435438093204, "user/throttle": 0.0, "user/mode": "local", "pilot/angle": 0.6647219061851501, "pilot/throttle": 0.44181039929389954, "milliseconds": 901077}