{"cam/image_array": "1862_cam-image_array_.jpg", "user/angle": 0.030396435438093204, "user/throttle": 0.0, "user/mode": "local", "pilot/angle": -0.5445333123207092, "pilot/throttle": 0.7076165080070496, "milliseconds": 426841}