{"cam/image_array": "1826_cam-image_array_.jpg", "user/angle": 0.030396435438093204, "user/throttle": 0.0, "user/mode": "local", "pilot/angle": 0.57277512550354, "pilot/throttle": 0.51824951171875, "milliseconds": 418769}