{"cam/image_array": "1922_cam-image_array_.jpg", "user/angle": 0.030396435438093204, "user/throttle": 0.0, "user/mode": "local", "pilot/angle": 0.5451962947845459, "pilot/throttle": 0.39057907462120056, "milliseconds": 440293}