{"cam/image_array": "2677_cam-image_array_.jpg", "user/angle": 0.030396435438093204, "user/throttle": 0.0, "user/mode": "local", "pilot/angle": 0.045318156480789185, "pilot/throttle": 0.6938070058822632, "milliseconds": 609586}