{"cam/image_array": "4123_cam-image_array_.jpg", "user/angle": 0.030396435438093204, "user/throttle": 0.0, "user/mode": "local", "pilot/angle": 0.9410791993141174, "pilot/throttle": 0.4845987558364868, "milliseconds": 933810}