{"cam/image_array": "894_cam-image_array_.jpg", "user/angle": 0.030396435438093204, "user/throttle": 0.0, "user/mode": "local", "pilot/angle": 0.8739273548126221, "pilot/throttle": 0.3538557291030884, "milliseconds": 209776}