{"cam/image_array": "515_cam-image_array_.jpg", "user/angle": 0.030396435438093204, "user/throttle": 0.0, "user/mode": "local", "pilot/angle": 0.8831000924110413, "pilot/throttle": 0.3961513340473175, "milliseconds": 124808}