{"cam/image_array": "3272_cam-image_array_.jpg", "user/angle": 0.030396435438093204, "user/throttle": 0.0, "user/mode": "local", "pilot/angle": 0.9629371762275696, "pilot/throttle": 0.47412657737731934, "milliseconds": 743005}