{"cam/image_array": "961_cam-image_array_.jpg", "user/angle": 0.030396435438093204, "user/throttle": 0.0, "user/mode": "local", "pilot/angle": 0.06703358143568039, "pilot/throttle": 0.7566347122192383, "milliseconds": 224803}