{"cam/image_array": "4497_cam-image_array_.jpg", "user/angle": 0.030396435438093204, "user/throttle": 0.0, "user/mode": "local", "pilot/angle": 0.9082751274108887, "pilot/throttle": 0.44718003273010254, "milliseconds": 1017669}