{"cam/image_array": "2343_cam-image_array_.jpg", "user/angle": 0.030396435438093204, "user/throttle": 0.0, "user/mode": "local", "pilot/angle": -0.01617785543203354, "pilot/throttle": 0.746152937412262, "milliseconds": 534701}