{"cam/image_array": "2982_cam-image_array_.jpg", "user/angle": 0.030396435438093204, "user/throttle": 0.0, "user/mode": "local", "pilot/angle": -0.5144467949867249, "pilot/throttle": 0.5611413717269897, "milliseconds": 677973}