{"cam/image_array": "1249_cam-image_array_.jpg", "user/angle": 0.030396435438093204, "user/throttle": 0.0, "user/mode": "local", "pilot/angle": -0.04975090175867081, "pilot/throttle": 0.6239646673202515, "milliseconds": 289380}