{"cam/image_array": "145_cam-image_array_.jpg", "user/angle": 0.030396435438093204, "user/throttle": 0.0, "user/mode": "local", "pilot/angle": 0.06864456087350845, "pilot/throttle": 0.7143570184707642, "milliseconds": 41840}