{"cam/image_array": "2177_cam-image_array_.jpg", "user/angle": 0.030396435438093204, "user/throttle": 0.0, "user/mode": "local", "pilot/angle": -0.10470593720674515, "pilot/throttle": 0.7125328183174133, "milliseconds": 497478}