{"cam/image_array": "570_cam-image_array_.jpg", "user/angle": 0.030396435438093204, "user/throttle": 0.0, "user/mode": "local", "pilot/angle": -0.051879189908504486, "pilot/throttle": 0.8052100539207458, "milliseconds": 137139}