{"cam/image_array": "1367_cam-image_array_.jpg", "user/angle": 0.030396435438093204, "user/throttle": 0.0, "user/mode": "local", "pilot/angle": 0.00929519534111023, "pilot/throttle": 0.7636483907699585, "milliseconds": 315835}