{"cam/image_array": "1074_cam-image_array_.jpg", "user/angle": 0.030396435438093204, "user/throttle": 0.0, "user/mode": "local", "pilot/angle": 0.05731363594532013, "pilot/throttle": 0.5140707492828369, "milliseconds": 250143}