{"cam/image_array": "4228_cam-image_array_.jpg", "user/angle": 0.030396435438093204, "user/throttle": 0.0, "user/mode": "local", "pilot/angle": 0.03982645273208618, "pilot/throttle": 0.5728756785392761, "milliseconds": 957364}