{"cam/image_array": "1193_cam-image_array_.jpg", "user/angle": 0.030396435438093204, "user/throttle": 0.0, "user/mode": "local", "pilot/angle": 0.5951815247535706, "pilot/throttle": 0.34347832202911377, "milliseconds": 276820}