{"cam/image_array": "131_cam-image_array_.jpg", "user/angle": 0.030396435438093204, "user/throttle": 0.0, "user/mode": "local", "pilot/angle": 0.8122280240058899, "pilot/throttle": 0.49769169092178345, "milliseconds": 38702}