{"cam/image_array": "273_cam-image_array_.jpg", "user/angle": 0.030396435438093204, "user/throttle": 0.0, "user/mode": "local", "pilot/angle": 0.7615712881088257, "pilot/throttle": 0.45767995715141296, "milliseconds": 70549}