{"cam/image_array": "1518_cam-image_array_.jpg", "user/angle": 0.030396435438093204, "user/throttle": 0.0, "user/mode": "local", "pilot/angle": 0.848881721496582, "pilot/throttle": 0.7849943041801453, "milliseconds": 349691}