{"cam/image_array": "2083_cam-image_array_.jpg", "user/angle": 0.030396435438093204, "user/throttle": 0.0, "user/mode": "local", "pilot/angle": -0.05812520533800125, "pilot/throttle": 0.7182899117469788, "milliseconds": 476402}