{"cam/image_array": "1513_cam-image_array_.jpg", "user/angle": 0.030396435438093204, "user/throttle": 0.0, "user/mode": "local", "pilot/angle": 0.5386711359024048, "pilot/throttle": 0.6925676465034485, "milliseconds": 348570}