{"cam/image_array": "3210_cam-image_array_.jpg", "user/angle": 0.030396435438093204, "user/throttle": 0.0, "user/mode": "local", "pilot/angle": -0.0454682931303978, "pilot/throttle": 0.7055476903915405, "milliseconds": 729100}