{"cam/image_array": "2460_cam-image_array_.jpg", "user/angle": 0.030396435438093204, "user/throttle": 0.0, "user/mode": "local", "pilot/angle": 0.17035770416259766, "pilot/throttle": 0.5710060596466064, "milliseconds": 560934}