{"cam/image_array": "476_cam-image_array_.jpg", "user/angle": 0.030396435438093204, "user/throttle": 0.0, "user/mode": "local", "pilot/angle": 0.08599109202623367, "pilot/throttle": 0.496406614780426, "milliseconds": 116066}