{"cam/image_array": "3363_cam-image_array_.jpg", "user/angle": 0.030396435438093204, "user/throttle": 0.0, "user/mode": "local", "pilot/angle": 0.7747395634651184, "pilot/throttle": 0.4870944619178772, "milliseconds": 763407}