{"cam/image_array": "98_cam-image_array_.jpg", "user/angle": 0.030396435438093204, "user/throttle": 0.0, "user/mode": "local", "pilot/angle": 0.16117408871650696, "pilot/throttle": 0.7074084877967834, "milliseconds": 31306}