{"cam/image_array": "2411_cam-image_array_.jpg", "user/angle": 0.030396435438093204, "user/throttle": 0.0, "user/mode": "local", "pilot/angle": -0.5722399353981018, "pilot/throttle": 0.754938542842865, "milliseconds": 549942}