{"cam/image_array": "2150_cam-image_array_.jpg", "user/angle": 0.030396435438093204, "user/throttle": 0.0, "user/mode": "local", "pilot/angle": 0.9875630736351013, "pilot/throttle": 0.5824679732322693, "milliseconds": 491425}