{"cam/image_array": "2494_cam-image_array_.jpg", "user/angle": 0.030396435438093204, "user/throttle": 0.0, "user/mode": "local", "pilot/angle": 0.291361004114151, "pilot/throttle": 0.66060870885849, "milliseconds": 568555}