{"cam/image_array": "2910_cam-image_array_.jpg", "user/angle": 0.030396435438093204, "user/throttle": 0.0, "user/mode": "local", "pilot/angle": -0.06550344079732895, "pilot/throttle": 0.7955458760261536, "milliseconds": 661828}