{"cam/image_array": "2514_cam-image_array_.jpg", "user/angle": 0.030396435438093204, "user/throttle": 0.0, "user/mode": "local", "pilot/angle": 0.7856965661048889, "pilot/throttle": 0.5751852989196777, "milliseconds": 573040}