{"cam/image_array": "1389_cam-image_array_.jpg", "user/angle": 0.030396435438093204, "user/throttle": 0.0, "user/mode": "local", "pilot/angle": -0.7382726073265076, "pilot/throttle": 0.6432732343673706, "milliseconds": 320767}