{"cam/image_array": "2481_cam-image_array_.jpg", "user/angle": 0.030396435438093204, "user/throttle": 0.0, "user/mode": "local", "pilot/angle": 0.8039994835853577, "pilot/throttle": 0.4514802396297455, "milliseconds": 565642}