{"cam/image_array": "2405_cam-image_array_.jpg", "user/angle": 0.030396435438093204, "user/throttle": 0.0, "user/mode": "local", "pilot/angle": 0.1420018970966339, "pilot/throttle": 0.7523677945137024, "milliseconds": 548597}