{"cam/image_array": "3880_cam-image_array_.jpg", "user/angle": 0.030396435438093204, "user/throttle": 0.0, "user/mode": "local", "pilot/angle": 0.0750650092959404, "pilot/throttle": 0.7316224575042725, "milliseconds": 879326}