{"cam/image_array": "2997_cam-image_array_.jpg", "user/angle": 0.030396435438093204, "user/throttle": 0.0, "user/mode": "local", "pilot/angle": 0.46323516964912415, "pilot/throttle": 0.6213120818138123, "milliseconds": 681341}