{"cam/image_array": "2572_cam-image_array_.jpg", "user/angle": 0.030396435438093204, "user/throttle": 0.0, "user/mode": "local", "pilot/angle": 0.8768051266670227, "pilot/throttle": 0.3880787193775177, "milliseconds": 586048}