{"cam/image_array": "765_cam-image_array_.jpg", "user/angle": 0.030396435438093204, "user/throttle": 0.0, "user/mode": "local", "pilot/angle": 0.6823714971542358, "pilot/throttle": 0.2005721628665924, "milliseconds": 180855}