{"cam/image_array": "3983_cam-image_array_.jpg", "user/angle": 0.030396435438093204, "user/throttle": 0.0, "user/mode": "local", "pilot/angle": 0.9162759184837341, "pilot/throttle": 0.27690058946609497, "milliseconds": 902422}