{"cam/image_array": "1334_cam-image_array_.jpg", "user/angle": 0.030396435438093204, "user/throttle": 0.0, "user/mode": "local", "pilot/angle": -0.04573401063680649, "pilot/throttle": 0.6301706433296204, "milliseconds": 308439}