{"cam/image_array": "1964_cam-image_array_.jpg", "user/angle": 0.030396435438093204, "user/throttle": 0.0, "user/mode": "local", "pilot/angle": 0.951346218585968, "pilot/throttle": 0.605736494064331, "milliseconds": 449716}