{"cam/image_array": "2675_cam-image_array_.jpg", "user/angle": 0.030396435438093204, "user/throttle": 0.0, "user/mode": "local", "pilot/angle": 0.5402936339378357, "pilot/throttle": 0.5454355478286743, "milliseconds": 609138}