{"cam/image_array": "2973_cam-image_array_.jpg", "user/angle": 0.030396435438093204, "user/throttle": 0.0, "user/mode": "local", "pilot/angle": 0.10451765358448029, "pilot/throttle": 0.7141189575195312, "milliseconds": 675956}