{"cam/image_array": "828_cam-image_array_.jpg", "user/angle": 0.030396435438093204, "user/throttle": 0.0, "user/mode": "local", "pilot/angle": -0.46791356801986694, "pilot/throttle": 0.6967536807060242, "milliseconds": 194981}