{"cam/image_array": "614_cam-image_array_.jpg", "user/angle": 0.030396435438093204, "user/throttle": 0.0, "user/mode": "local", "pilot/angle": 0.9543353915214539, "pilot/throttle": 0.3593640923500061, "milliseconds": 147001}