{"cam/image_array": "1116_cam-image_array_.jpg", "user/angle": 0.030396435438093204, "user/throttle": 0.0, "user/mode": "local", "pilot/angle": -0.020600028336048126, "pilot/throttle": 0.7442659139633179, "milliseconds": 259558}