{"cam/image_array": "407_cam-image_array_.jpg", "user/angle": 0.030396435438093204, "user/throttle": 0.0, "user/mode": "local", "pilot/angle": 0.04500085487961769, "pilot/throttle": 0.7297525405883789, "milliseconds": 100598}