{"cam/image_array": "574_cam-image_array_.jpg", "user/angle": 0.030396435438093204, "user/throttle": 0.0, "user/mode": "local", "pilot/angle": 0.006840549409389496, "pilot/throttle": 0.6865813136100769, "milliseconds": 138037}