{"cam/image_array": "113_cam-image_array_.jpg", "user/angle": 0.030396435438093204, "user/throttle": 0.0, "user/mode": "local", "pilot/angle": -0.09051608294248581, "pilot/throttle": 0.761167049407959, "milliseconds": 34669}