{"cam/image_array": "3577_cam-image_array_.jpg", "user/angle": 0.030396435438093204, "user/throttle": 0.0, "user/mode": "local", "pilot/angle": 0.9628193974494934, "pilot/throttle": 0.7094631791114807, "milliseconds": 811386}