{"cam/image_array": "2712_cam-image_array_.jpg", "user/angle": 0.030396435438093204, "user/throttle": 0.0, "user/mode": "local", "pilot/angle": 1.0272215604782104, "pilot/throttle": 0.687235414981842, "milliseconds": 617434}