{"cam/image_array": "4336_cam-image_array_.jpg", "user/angle": 0.030396435438093204, "user/throttle": 0.0, "user/mode": "local", "pilot/angle": -0.14781275391578674, "pilot/throttle": 0.7093435525894165, "milliseconds": 981571}