{"cam/image_array": "1961_cam-image_array_.jpg", "user/angle": 0.030396435438093204, "user/throttle": 0.0, "user/mode": "local", "pilot/angle": 0.8318166136741638, "pilot/throttle": 0.472657173871994, "milliseconds": 449044}