{"cam/image_array": "262_cam-image_array_.jpg", "user/angle": 0.030396435438093204, "user/throttle": 0.0, "user/mode": "local", "pilot/angle": -0.2953139543533325, "pilot/throttle": 0.6821810007095337, "milliseconds": 68083}