{"cam/image_array": "4537_cam-image_array_.jpg", "user/angle": 0.030396435438093204, "user/throttle": 0.0, "user/mode": "local", "pilot/angle": 0.0014472752809524536, "pilot/throttle": 0.7532895803451538, "milliseconds": 1026635}