{"cam/image_array": "1873_cam-image_array_.jpg", "user/angle": 0.030396435438093204, "user/throttle": 0.0, "user/mode": "local", "pilot/angle": 0.8534541130065918, "pilot/throttle": 0.5095948576927185, "milliseconds": 429311}