{"cam/image_array": "1451_cam-image_array_.jpg", "user/angle": 0.030396435438093204, "user/throttle": 0.0, "user/mode": "local", "pilot/angle": 0.9136773347854614, "pilot/throttle": 0.3717234134674072, "milliseconds": 334668}