{"cam/image_array": "679_cam-image_array_.jpg", "user/angle": 0.030396435438093204, "user/throttle": 0.0, "user/mode": "local", "pilot/angle": -0.0091685950756073, "pilot/throttle": 0.7126023173332214, "milliseconds": 161570}