{"cam/image_array": "4553_cam-image_array_.jpg", "user/angle": 0.030396435438093204, "user/throttle": 0.0, "user/mode": "local", "pilot/angle": 0.7336074709892273, "pilot/throttle": 0.28515511751174927, "milliseconds": 1030223}