{"cam/image_array": "1731_cam-image_array_.jpg", "user/angle": 0.030396435438093204, "user/throttle": 0.0, "user/mode": "local", "pilot/angle": 0.6301923394203186, "pilot/throttle": 0.5762021541595459, "milliseconds": 397455}