{"cam/image_array": "2020_cam-image_array_.jpg", "user/angle": 0.030396435438093204, "user/throttle": 0.0, "user/mode": "local", "pilot/angle": 0.827633798122406, "pilot/throttle": 0.5132855772972107, "milliseconds": 462269}