{"cam/image_array": "4584_cam-image_array_.jpg", "user/angle": 0.030396435438093204, "user/throttle": 0.0, "user/mode": "local", "pilot/angle": -0.23601025342941284, "pilot/throttle": 0.6387411952018738, "milliseconds": 1037176}