{"cam/image_array": "3726_cam-image_array_.jpg", "user/angle": 0.030396435438093204, "user/throttle": 0.0, "user/mode": "local", "pilot/angle": 0.5448618531227112, "pilot/throttle": 0.7278071641921997, "milliseconds": 844795}