{"cam/image_array": "1803_cam-image_array_.jpg", "user/angle": 0.030396435438093204, "user/throttle": 0.0, "user/mode": "local", "pilot/angle": -0.02834031730890274, "pilot/throttle": 0.7160857915878296, "milliseconds": 413612}