{"cam/image_array": "350_cam-image_array_.jpg", "user/angle": 0.030396435438093204, "user/throttle": 0.0, "user/mode": "local", "pilot/angle": 0.026817545294761658, "pilot/throttle": 0.7165029644966125, "milliseconds": 87812}