{"cam/image_array": "1923_cam-image_array_.jpg", "user/angle": 0.030396435438093204, "user/throttle": 0.0, "user/mode": "local", "pilot/angle": 0.7726846933364868, "pilot/throttle": 0.41560128331184387, "milliseconds": 440517}