{"cam/image_array": "763_cam-image_array_.jpg", "user/angle": 0.030396435438093204, "user/throttle": 0.0, "user/mode": "local", "pilot/angle": 0.18235516548156738, "pilot/throttle": 0.7007208466529846, "milliseconds": 180401}