{"cam/image_array": "2964_cam-image_array_.jpg", "user/angle": 0.030396435438093204, "user/throttle": 0.0, "user/mode": "local", "pilot/angle": -0.04912625998258591, "pilot/throttle": 0.6309672594070435, "milliseconds": 673938}