{"cam/image_array": "3972_cam-image_array_.jpg", "user/angle": 0.030396435438093204, "user/throttle": 0.0, "user/mode": "local", "pilot/angle": 0.01683087646961212, "pilot/throttle": 0.7539142966270447, "milliseconds": 899957}