{"cam/image_array": "1859_cam-image_array_.jpg", "user/angle": 0.030396435438093204, "user/throttle": 0.0, "user/mode": "local", "pilot/angle": -0.5725331902503967, "pilot/throttle": 0.6196230053901672, "milliseconds": 426168}