{"cam/image_array": "4170_cam-image_array_.jpg", "user/angle": 0.030396435438093204, "user/throttle": 0.0, "user/mode": "local", "pilot/angle": 0.9355104565620422, "pilot/throttle": 0.45032817125320435, "milliseconds": 944352}