{"cam/image_array": "3734_cam-image_array_.jpg", "user/angle": 0.030396435438093204, "user/throttle": 0.0, "user/mode": "local", "pilot/angle": -0.6518892645835876, "pilot/throttle": 0.6243664026260376, "milliseconds": 846591}