{"cam/image_array": "4318_cam-image_array_.jpg", "user/angle": 0.030396435438093204, "user/throttle": 0.0, "user/mode": "local", "pilot/angle": -0.08320743590593338, "pilot/throttle": 0.6987254619598389, "milliseconds": 977535}