{"cam/image_array": "579_cam-image_array_.jpg", "user/angle": 0.030396435438093204, "user/throttle": 0.0, "user/mode": "local", "pilot/angle": 0.8294672966003418, "pilot/throttle": 0.7781606316566467, "milliseconds": 139158}