{"cam/image_array": "2959_cam-image_array_.jpg", "user/angle": 0.030396435438093204, "user/throttle": 0.0, "user/mode": "local", "pilot/angle": 0.1862219274044037, "pilot/throttle": 0.6402350068092346, "milliseconds": 672815}