{"cam/image_array": "4567_cam-image_array_.jpg", "user/angle": 0.030396435438093204, "user/throttle": 0.0, "user/mode": "local", "pilot/angle": 0.6086047887802124, "pilot/throttle": 0.6809068918228149, "milliseconds": 1033365}