{"cam/image_array": "4064_cam-image_array_.jpg", "user/angle": 0.030396435438093204, "user/throttle": 0.0, "user/mode": "local", "pilot/angle": 0.03055965155363083, "pilot/throttle": 0.7715791463851929, "milliseconds": 920583}