{"cam/image_array": "687_cam-image_array_.jpg", "user/angle": 0.030396435438093204, "user/throttle": 0.0, "user/mode": "local", "pilot/angle": -0.09660663455724716, "pilot/throttle": 0.4843732416629791, "milliseconds": 163364}