{"cam/image_array": "417_cam-image_array_.jpg", "user/angle": 0.030396435438093204, "user/throttle": 0.0, "user/mode": "local", "pilot/angle": 0.8478266596794128, "pilot/throttle": 0.2650987207889557, "milliseconds": 102838}