{"cam/image_array": "3860_cam-image_array_.jpg", "user/angle": 0.030396435438093204, "user/throttle": 0.0, "user/mode": "local", "pilot/angle": 0.9583892822265625, "pilot/throttle": 0.6774983406066895, "milliseconds": 874844}