{"cam/image_array": "2906_cam-image_array_.jpg", "user/angle": 0.030396435438093204, "user/throttle": 0.0, "user/mode": "local", "pilot/angle": 0.8330780267715454, "pilot/throttle": 0.5663288831710815, "milliseconds": 660930}