{"cam/image_array": "2409_cam-image_array_.jpg", "user/angle": 0.030396435438093204, "user/throttle": 0.0, "user/mode": "local", "pilot/angle": -0.5470160841941833, "pilot/throttle": 0.6658101081848145, "milliseconds": 549493}