{"cam/image_array": "1290_cam-image_array_.jpg", "user/angle": 0.030396435438093204, "user/throttle": 0.0, "user/mode": "local", "pilot/angle": -0.2704489827156067, "pilot/throttle": 0.6916466951370239, "milliseconds": 298572}