{"cam/image_array": "1537_cam-image_array_.jpg", "user/angle": 0.030396435438093204, "user/throttle": 0.0, "user/mode": "local", "pilot/angle": -0.028276406228542328, "pilot/throttle": 0.603141188621521, "milliseconds": 353951}