{"cam/image_array": "1127_cam-image_array_.jpg", "user/angle": 0.030396435438093204, "user/throttle": 0.0, "user/mode": "local", "pilot/angle": 0.9200156331062317, "pilot/throttle": 0.7335447669029236, "milliseconds": 262024}