{"cam/image_array": "619_cam-image_array_.jpg", "user/angle": 0.030396435438093204, "user/throttle": 0.0, "user/mode": "local", "pilot/angle": 0.21682977676391602, "pilot/throttle": 0.6974970102310181, "milliseconds": 148121}