{"cam/image_array": "1611_cam-image_array_.jpg", "user/angle": 0.030396435438093204, "user/throttle": 0.0, "user/mode": "local", "pilot/angle": 1.0174018144607544, "pilot/throttle": 0.7541594505310059, "milliseconds": 370544}