{"cam/image_array": "4398_cam-image_array_.jpg", "user/angle": 0.030396435438093204, "user/throttle": 0.0, "user/mode": "local", "pilot/angle": 0.8863007426261902, "pilot/throttle": 0.5215444564819336, "milliseconds": 995474}