{"cam/image_array": "345_cam-image_array_.jpg", "user/angle": 0.030396435438093204, "user/throttle": 0.0, "user/mode": "local", "pilot/angle": 0.8247379064559937, "pilot/throttle": 0.5855515599250793, "milliseconds": 86692}