{"cam/image_array": "4401_cam-image_array_.jpg", "user/angle": 0.030396435438093204, "user/throttle": 0.0, "user/mode": "local", "pilot/angle": 0.823826789855957, "pilot/throttle": 0.43772271275520325, "milliseconds": 996147}