{"cam/image_array": "286_cam-image_array_.jpg", "user/angle": 0.030396435438093204, "user/throttle": 0.0, "user/mode": "local", "pilot/angle": -0.03621085733175278, "pilot/throttle": 0.6859867572784424, "milliseconds": 73464}