{"cam/image_array": "4548_cam-image_array_.jpg", "user/angle": 0.030396435438093204, "user/throttle": 0.0, "user/mode": "local", "pilot/angle": 0.8635575175285339, "pilot/throttle": 0.31220951676368713, "milliseconds": 1029101}