{"cam/image_array": "1970_cam-image_array_.jpg", "user/angle": 0.030396435438093204, "user/throttle": 0.0, "user/mode": "local", "pilot/angle": 0.8299954533576965, "pilot/throttle": 0.6686772108078003, "milliseconds": 451061}