{"cam/image_array": "958_cam-image_array_.jpg", "user/angle": 0.030396435438093204, "user/throttle": 0.0, "user/mode": "local", "pilot/angle": 1.0301154851913452, "pilot/throttle": 0.7717801928520203, "milliseconds": 224130}