{"cam/image_array": "81_cam-image_array_.jpg", "user/angle": 0.030396435438093204, "user/throttle": 0.0, "user/mode": "local", "pilot/angle": 0.8916252851486206, "pilot/throttle": 0.6580885052680969, "milliseconds": 27496}