{"cam/image_array": "818_cam-image_array_.jpg", "user/angle": 0.030396435438093204, "user/throttle": 0.0, "user/mode": "local", "pilot/angle": -0.10602284222841263, "pilot/throttle": 0.6990129351615906, "milliseconds": 192739}