{"cam/image_array": "4083_cam-image_array_.jpg", "user/angle": 0.030396435438093204, "user/throttle": 0.0, "user/mode": "local", "pilot/angle": 0.9007319211959839, "pilot/throttle": 0.4780721962451935, "milliseconds": 924842}