{"cam/image_array": "2811_cam-image_array_.jpg", "user/angle": 0.030396435438093204, "user/throttle": 0.0, "user/mode": "local", "pilot/angle": 0.00694497674703598, "pilot/throttle": 0.7464196085929871, "milliseconds": 639629}