{"cam/image_array": "904_cam-image_array_.jpg", "user/angle": 0.030396435438093204, "user/throttle": 0.0, "user/mode": "local", "pilot/angle": -0.038005560636520386, "pilot/throttle": 0.5485221147537231, "milliseconds": 212018}