{"cam/image_array": "962_cam-image_array_.jpg", "user/angle": 0.030396435438093204, "user/throttle": 0.0, "user/mode": "local", "pilot/angle": 0.002336159348487854, "pilot/throttle": 0.7040317058563232, "milliseconds": 225028}