{"cam/image_array": "2459_cam-image_array_.jpg", "user/angle": 0.030396435438093204, "user/throttle": 0.0, "user/mode": "local", "pilot/angle": 0.05154106765985489, "pilot/throttle": 0.616805374622345, "milliseconds": 560709}