{"cam/image_array": "819_cam-image_array_.jpg", "user/angle": 0.030396435438093204, "user/throttle": 0.0, "user/mode": "local", "pilot/angle": 0.026794716715812683, "pilot/throttle": 0.693635880947113, "milliseconds": 192963}