{"cam/image_array": "4356_cam-image_array_.jpg", "user/angle": 0.030396435438093204, "user/throttle": 0.0, "user/mode": "local", "pilot/angle": 0.6206015944480896, "pilot/throttle": 0.2717607319355011, "milliseconds": 986058}