{"cam/image_array": "51_cam-image_array_.jpg", "user/angle": 0.030396435438093204, "user/throttle": 0.0, "user/mode": "local", "pilot/angle": 0.017426446080207825, "pilot/throttle": 0.5950964093208313, "milliseconds": 20736}