{"cam/image_array": "1688_cam-image_array_.jpg", "user/angle": 0.030396435438093204, "user/throttle": 0.0, "user/mode": "local", "pilot/angle": 0.7297322154045105, "pilot/throttle": 0.7031801342964172, "milliseconds": 387817}