{"cam/image_array": "414_cam-image_array_.jpg", "user/angle": 0.030396435438093204, "user/throttle": 0.0, "user/mode": "local", "pilot/angle": 0.9336068630218506, "pilot/throttle": 0.3719985783100128, "milliseconds": 102167}