{"cam/image_array": "2329_cam-image_array_.jpg", "user/angle": 0.030396435438093204, "user/throttle": 0.0, "user/mode": "local", "pilot/angle": 0.5151379704475403, "pilot/throttle": 0.5124582648277283, "milliseconds": 531561}