{"cam/image_array": "237_cam-image_array_.jpg", "user/angle": 0.030396435438093204, "user/throttle": 0.0, "user/mode": "local", "pilot/angle": 0.41815799474716187, "pilot/throttle": 0.5751628279685974, "milliseconds": 62479}