{"cam/image_array": "1181_cam-image_array_.jpg", "user/angle": 0.030396435438093204, "user/throttle": 0.0, "user/mode": "local", "pilot/angle": 0.7196733951568604, "pilot/throttle": 0.577521800994873, "milliseconds": 274130}