{"cam/image_array": "390_cam-image_array_.jpg", "user/angle": 0.030396435438093204, "user/throttle": 0.0, "user/mode": "local", "pilot/angle": 0.07034498453140259, "pilot/throttle": 0.6639318466186523, "milliseconds": 96786}