{"cam/image_array": "396_cam-image_array_.jpg", "user/angle": 0.030396435438093204, "user/throttle": 0.0, "user/mode": "local", "pilot/angle": -0.058960311114788055, "pilot/throttle": 0.6464682817459106, "milliseconds": 98131}