{"cam/image_array": "2680_cam-image_array_.jpg", "user/angle": 0.030396435438093204, "user/throttle": 0.0, "user/mode": "local", "pilot/angle": -0.056320734322071075, "pilot/throttle": 0.6725366711616516, "milliseconds": 610259}