{"cam/image_array": "814_cam-image_array_.jpg", "user/angle": 0.030396435438093204, "user/throttle": 0.0, "user/mode": "local", "pilot/angle": -0.040502749383449554, "pilot/throttle": 0.734781801700592, "milliseconds": 191842}