{"cam/image_array": "1836_cam-image_array_.jpg", "user/angle": 0.030396435438093204, "user/throttle": 0.0, "user/mode": "local", "pilot/angle": 0.8850889801979065, "pilot/throttle": 0.47622916102409363, "milliseconds": 421012}