{"cam/image_array": "4276_cam-image_array_.jpg", "user/angle": 0.030396435438093204, "user/throttle": 0.0, "user/mode": "local", "pilot/angle": 0.06261318176984787, "pilot/throttle": 0.6870107054710388, "milliseconds": 968122}