{"cam/image_array": "223_cam-image_array_.jpg", "user/angle": 0.030396435438093204, "user/throttle": 0.0, "user/mode": "local", "pilot/angle": 0.12795546650886536, "pilot/throttle": 0.8336465358734131, "milliseconds": 59335}