{"cam/image_array": "1089_cam-image_array_.jpg", "user/angle": 0.030396435438093204, "user/throttle": 0.0, "user/mode": "local", "pilot/angle": 0.7183693051338196, "pilot/throttle": 0.43344175815582275, "milliseconds": 253503}