{"cam/image_array": "4063_cam-image_array_.jpg", "user/angle": 0.030396435438093204, "user/throttle": 0.0, "user/mode": "local", "pilot/angle": 0.021972350776195526, "pilot/throttle": 0.6509135365486145, "milliseconds": 920358}