{"cam/image_array": "3639_cam-image_array_.jpg", "user/angle": 0.030396435438093204, "user/throttle": 0.0, "user/mode": "local", "pilot/angle": -0.782494843006134, "pilot/throttle": 0.650492787361145, "milliseconds": 825292}