{"cam/image_array": "3152_cam-image_array_.jpg", "user/angle": 0.030396435438093204, "user/throttle": 0.0, "user/mode": "local", "pilot/angle": -0.042055629193782806, "pilot/throttle": 0.6611949801445007, "milliseconds": 716095}