{"cam/image_array": "925_cam-image_array_.jpg", "user/angle": 0.030396435438093204, "user/throttle": 0.0, "user/mode": "local", "pilot/angle": -0.5887739658355713, "pilot/throttle": 0.7017583250999451, "milliseconds": 216727}