{"cam/image_array": "3753_cam-image_array_.jpg", "user/angle": 0.030396435438093204, "user/throttle": 0.0, "user/mode": "local", "pilot/angle": 0.03951368108391762, "pilot/throttle": 0.8084123730659485, "milliseconds": 850851}