{"cam/image_array": "2809_cam-image_array_.jpg", "user/angle": 0.030396435438093204, "user/throttle": 0.0, "user/mode": "local", "pilot/angle": 0.8130317330360413, "pilot/throttle": 0.6013157367706299, "milliseconds": 639180}