{"cam/image_array": "4106_cam-image_array_.jpg", "user/angle": 0.030396435438093204, "user/throttle": 0.0, "user/mode": "local", "pilot/angle": -0.5412231087684631, "pilot/throttle": 0.816023051738739, "milliseconds": 929998}