{"cam/image_array": "1119_cam-image_array_.jpg", "user/angle": 0.030396435438093204, "user/throttle": 0.0, "user/mode": "local", "pilot/angle": 0.6938688158988953, "pilot/throttle": 0.4545353651046753, "milliseconds": 260231}