{"cam/image_array": "568_cam-image_array_.jpg", "user/angle": 0.030396435438093204, "user/throttle": 0.0, "user/mode": "local", "pilot/angle": 0.03275667876005173, "pilot/throttle": 0.782241702079773, "milliseconds": 136692}