{"cam/image_array": "2586_cam-image_array_.jpg", "user/angle": 0.030396435438093204, "user/throttle": 0.0, "user/mode": "local", "pilot/angle": -0.08373831957578659, "pilot/throttle": 0.7041897177696228, "milliseconds": 589186}