{"cam/image_array": "184_cam-image_array_.jpg", "user/angle": 0.030396435438093204, "user/throttle": 0.0, "user/mode": "local", "pilot/angle": 0.5592508316040039, "pilot/throttle": 0.7045585513114929, "milliseconds": 50590}