{"cam/image_array": "304_cam-image_array_.jpg", "user/angle": 0.030396435438093204, "user/throttle": 0.0, "user/mode": "local", "pilot/angle": -0.07622133940458298, "pilot/throttle": 0.6985062956809998, "milliseconds": 77499}