{"cam/image_array": "952_cam-image_array_.jpg", "user/angle": 0.030396435438093204, "user/throttle": 0.0, "user/mode": "local", "pilot/angle": 0.4200703203678131, "pilot/throttle": 0.7611839175224304, "milliseconds": 222781}