{"cam/image_array": "1677_cam-image_array_.jpg", "user/angle": 0.030396435438093204, "user/throttle": 0.0, "user/mode": "local", "pilot/angle": -0.07255514711141586, "pilot/throttle": 0.6774953007698059, "milliseconds": 385345}