{"cam/image_array": "3021_cam-image_array_.jpg", "user/angle": 0.030396435438093204, "user/throttle": 0.0, "user/mode": "local", "pilot/angle": -0.08876661211252213, "pilot/throttle": 0.6883736252784729, "milliseconds": 686725}