{"cam/image_array": "2265_cam-image_array_.jpg", "user/angle": 0.030396435438093204, "user/throttle": 0.0, "user/mode": "local", "pilot/angle": -0.028978444635868073, "pilot/throttle": 0.7334427833557129, "milliseconds": 517210}