{"cam/image_array": "3422_cam-image_array_.jpg", "user/angle": 0.030396435438093204, "user/throttle": 0.0, "user/mode": "local", "pilot/angle": 0.9117518067359924, "pilot/throttle": 0.4318642318248749, "milliseconds": 776633}