{"cam/image_array": "3617_cam-image_array_.jpg", "user/angle": 0.030396435438093204, "user/throttle": 0.0, "user/mode": "local", "pilot/angle": 0.5147892832756042, "pilot/throttle": 0.6562660932540894, "milliseconds": 820351}