{"cam/image_array": "2621_cam-image_array_.jpg", "user/angle": 0.030396435438093204, "user/throttle": 0.0, "user/mode": "local", "pilot/angle": 0.7504134178161621, "pilot/throttle": 0.7211012244224548, "milliseconds": 597036}