{"cam/image_array": "1014_cam-image_array_.jpg", "user/angle": 0.030396435438093204, "user/throttle": 0.0, "user/mode": "local", "pilot/angle": -0.46912693977355957, "pilot/throttle": 0.5400220155715942, "milliseconds": 236686}