{"cam/image_array": "290_cam-image_array_.jpg", "user/angle": 0.030396435438093204, "user/throttle": 0.0, "user/mode": "local", "pilot/angle": 0.5404811501502991, "pilot/throttle": 0.5636997818946838, "milliseconds": 74361}