{"cam/image_array": "3841_cam-image_array_.jpg", "user/angle": 0.030396435438093204, "user/throttle": 0.0, "user/mode": "local", "pilot/angle": 0.41203054785728455, "pilot/throttle": 0.6171969771385193, "milliseconds": 870585}