{"cam/image_array": "3998_cam-image_array_.jpg", "user/angle": 0.030396435438093204, "user/throttle": 0.0, "user/mode": "local", "pilot/angle": 0.021216947585344315, "pilot/throttle": 0.6076982021331787, "milliseconds": 905785}