{"cam/image_array": "3220_cam-image_array_.jpg", "user/angle": 0.030396435438093204, "user/throttle": 0.0, "user/mode": "local", "pilot/angle": 0.042642489075660706, "pilot/throttle": 0.6861762404441833, "milliseconds": 731343}