{"cam/image_array": "4007_cam-image_array_.jpg", "user/angle": 0.030396435438093204, "user/throttle": 0.0, "user/mode": "local", "pilot/angle": -0.12012339383363724, "pilot/throttle": 0.722129762172699, "milliseconds": 907803}