{"cam/image_array": "3661_cam-image_array_.jpg", "user/angle": 0.030396435438093204, "user/throttle": 0.0, "user/mode": "local", "pilot/angle": -0.091420017182827, "pilot/throttle": 0.6375463604927063, "milliseconds": 830225}