{"cam/image_array": "1648_cam-image_array_.jpg", "user/angle": 0.030396435438093204, "user/throttle": 0.0, "user/mode": "local", "pilot/angle": 0.6813486218452454, "pilot/throttle": 0.28700268268585205, "milliseconds": 378841}