{"cam/image_array": "566_cam-image_array_.jpg", "user/angle": 0.030396435438093204, "user/throttle": 0.0, "user/mode": "local", "pilot/angle": 0.807517409324646, "pilot/throttle": 0.6319931745529175, "milliseconds": 136243}