{"cam/image_array": "2905_cam-image_array_.jpg", "user/angle": 0.030396435438093204, "user/throttle": 0.0, "user/mode": "local", "pilot/angle": 0.7999159097671509, "pilot/throttle": 0.6510829329490662, "milliseconds": 660706}