{"cam/image_array": "849_cam-image_array_.jpg", "user/angle": 0.030396435438093204, "user/throttle": 0.0, "user/mode": "local", "pilot/angle": 0.813797116279602, "pilot/throttle": 0.7155210375785828, "milliseconds": 199688}