{"cam/image_array": "3899_cam-image_array_.jpg", "user/angle": 0.030396435438093204, "user/throttle": 0.0, "user/mode": "local", "pilot/angle": 0.02784528210759163, "pilot/throttle": 0.6099117398262024, "milliseconds": 883590}