{"cam/image_array": "714_cam-image_array_.jpg", "user/angle": 0.030396435438093204, "user/throttle": 0.0, "user/mode": "local", "pilot/angle": 0.8743621706962585, "pilot/throttle": 0.5938137173652649, "milliseconds": 169415}