{"cam/image_array": "230_cam-image_array_.jpg", "user/angle": 0.030396435438093204, "user/throttle": 0.0, "user/mode": "local", "pilot/angle": 0.913146436214447, "pilot/throttle": 0.37663066387176514, "milliseconds": 60909}