{"cam/image_array": "3297_cam-image_array_.jpg", "user/angle": 0.030396435438093204, "user/throttle": 0.0, "user/mode": "local", "pilot/angle": 0.806242048740387, "pilot/throttle": 0.6770473718643188, "milliseconds": 748609}