{"cam/image_array": "931_cam-image_array_.jpg", "user/angle": 0.030396435438093204, "user/throttle": 0.0, "user/mode": "local", "pilot/angle": 0.5256381630897522, "pilot/throttle": 0.721198558807373, "milliseconds": 218073}