{"cam/image_array": "435_cam-image_array_.jpg", "user/angle": 0.030396435438093204, "user/throttle": 0.0, "user/mode": "local", "pilot/angle": 0.01765308901667595, "pilot/throttle": 0.7328333854675293, "milliseconds": 106873}