{"cam/image_array": "842_cam-image_array_.jpg", "user/angle": 0.030396435438093204, "user/throttle": 0.0, "user/mode": "local", "pilot/angle": 0.9376735687255859, "pilot/throttle": 0.48106491565704346, "milliseconds": 198119}