{"cam/image_array": "2178_cam-image_array_.jpg", "user/angle": 0.030396435438093204, "user/throttle": 0.0, "user/mode": "local", "pilot/angle": -0.07052583247423172, "pilot/throttle": 0.6161655187606812, "milliseconds": 497702}