{"cam/image_array": "2216_cam-image_array_.jpg", "user/angle": 0.030396435438093204, "user/throttle": 0.0, "user/mode": "local", "pilot/angle": 0.638066828250885, "pilot/throttle": 0.7223263382911682, "milliseconds": 506223}