{"cam/image_array": "1684_cam-image_array_.jpg", "user/angle": 0.030396435438093204, "user/throttle": 0.0, "user/mode": "local", "pilot/angle": 0.9298042058944702, "pilot/throttle": 0.572740912437439, "milliseconds": 386921}