{"cam/image_array": "2410_cam-image_array_.jpg", "user/angle": 0.030396435438093204, "user/throttle": 0.0, "user/mode": "local", "pilot/angle": -0.5616112947463989, "pilot/throttle": 0.7899872064590454, "milliseconds": 549718}