{"cam/image_array": "2079_cam-image_array_.jpg", "user/angle": 0.030396435438093204, "user/throttle": 0.0, "user/mode": "local", "pilot/angle": 0.6870327591896057, "pilot/throttle": 0.6903346180915833, "milliseconds": 475506}