{"cam/image_array": "340_cam-image_array_.jpg", "user/angle": 0.030396435438093204, "user/throttle": 0.0, "user/mode": "local", "pilot/angle": -0.35528188943862915, "pilot/throttle": 0.49636924266815186, "milliseconds": 85572}