{"cam/image_array": "3188_cam-image_array_.jpg", "user/angle": 0.030396435438093204, "user/throttle": 0.0, "user/mode": "local", "pilot/angle": 0.07133208215236664, "pilot/throttle": 0.7629916667938232, "milliseconds": 724168}