{"cam/image_array": "4194_cam-image_array_.jpg", "user/angle": 0.030396435438093204, "user/throttle": 0.0, "user/mode": "local", "pilot/angle": 0.7428027391433716, "pilot/throttle": 0.54928058385849, "milliseconds": 949734}