{"cam/image_array": "1405_cam-image_array_.jpg", "user/angle": 0.030396435438093204, "user/throttle": 0.0, "user/mode": "local", "pilot/angle": 0.5430058836936951, "pilot/throttle": 0.5714448094367981, "milliseconds": 324355}