{"cam/image_array": "2545_cam-image_array_.jpg", "user/angle": 0.030396435438093204, "user/throttle": 0.0, "user/mode": "local", "pilot/angle": 0.025658011436462402, "pilot/throttle": 0.6982230544090271, "milliseconds": 579993}