{"cam/image_array": "2939_cam-image_array_.jpg", "user/angle": 0.030396435438093204, "user/throttle": 0.0, "user/mode": "local", "pilot/angle": 0.018562577664852142, "pilot/throttle": 0.6391834616661072, "milliseconds": 668330}