{"cam/image_array": "823_cam-image_array_.jpg", "user/angle": 0.030396435438093204, "user/throttle": 0.0, "user/mode": "local", "pilot/angle": 0.761976957321167, "pilot/throttle": 0.6293455958366394, "milliseconds": 193860}