{"cam/image_array": "365_cam-image_array_.jpg", "user/angle": 0.030396435438093204, "user/throttle": 0.0, "user/mode": "local", "pilot/angle": 0.6017849445343018, "pilot/throttle": 0.46857210993766785, "milliseconds": 91175}