{"cam/image_array": "1205_cam-image_array_.jpg", "user/angle": 0.030396435438093204, "user/throttle": 0.0, "user/mode": "local", "pilot/angle": -0.24367138743400574, "pilot/throttle": 0.6937295198440552, "milliseconds": 279510}