{"cam/image_array": "472_cam-image_array_.jpg", "user/angle": 0.030396435438093204, "user/throttle": 0.0, "user/mode": "local", "pilot/angle": -0.01896652579307556, "pilot/throttle": 0.6610544919967651, "milliseconds": 115170}