{"cam/image_array": "2582_cam-image_array_.jpg", "user/angle": 0.030396435438093204, "user/throttle": 0.0, "user/mode": "local", "pilot/angle": 0.010944891721010208, "pilot/throttle": 0.6735199689865112, "milliseconds": 588289}