{"cam/image_array": "4060_cam-image_array_.jpg", "user/angle": 0.030396435438093204, "user/throttle": 0.0, "user/mode": "local", "pilot/angle": 0.11233748495578766, "pilot/throttle": 0.5413726568222046, "milliseconds": 919686}