{"cam/image_array": "1267_cam-image_array_.jpg", "user/angle": 0.030396435438093204, "user/throttle": 0.0, "user/mode": "local", "pilot/angle": 0.3890198767185211, "pilot/throttle": 0.5349494218826294, "milliseconds": 293416}