{"cam/image_array": "2366_cam-image_array_.jpg", "user/angle": 0.030396435438093204, "user/throttle": 0.0, "user/mode": "local", "pilot/angle": 0.021062616258859634, "pilot/throttle": 0.5681138038635254, "milliseconds": 539856}