{"cam/image_array": "3710_cam-image_array_.jpg", "user/angle": 0.030396435438093204, "user/throttle": 0.0, "user/mode": "local", "pilot/angle": 0.624498188495636, "pilot/throttle": 0.5932739973068237, "milliseconds": 841208}