{"cam/image_array": "767_cam-image_array_.jpg", "user/angle": 0.030396435438093204, "user/throttle": 0.0, "user/mode": "local", "pilot/angle": 0.9068114161491394, "pilot/throttle": 0.7166438102722168, "milliseconds": 181303}