{"cam/image_array": "2120_cam-image_array_.jpg", "user/angle": 0.030396435438093204, "user/throttle": 0.0, "user/mode": "local", "pilot/angle": -0.041078194975852966, "pilot/throttle": 0.707549512386322, "milliseconds": 484697}