{"cam/image_array": "3335_cam-image_array_.jpg", "user/angle": 0.030396435438093204, "user/throttle": 0.0, "user/mode": "local", "pilot/angle": 0.14027449488639832, "pilot/throttle": 0.712621808052063, "milliseconds": 757128}