{"cam/image_array": "3570_cam-image_array_.jpg", "user/angle": 0.030396435438093204, "user/throttle": 0.0, "user/mode": "local", "pilot/angle": 0.07263685762882233, "pilot/throttle": 0.7552682161331177, "milliseconds": 809816}