{"cam/image_array": "2426_cam-image_array_.jpg", "user/angle": 0.030396435438093204, "user/throttle": 0.0, "user/mode": "local", "pilot/angle": 0.8163743615150452, "pilot/throttle": 0.5624102354049683, "milliseconds": 553310}