{"cam/image_array": "1440_cam-image_array_.jpg", "user/angle": 0.030396435438093204, "user/throttle": 0.0, "user/mode": "local", "pilot/angle": 0.04797344654798508, "pilot/throttle": 0.6020050644874573, "milliseconds": 332203}