{"cam/image_array": "427_cam-image_array_.jpg", "user/angle": 0.030396435438093204, "user/throttle": 0.0, "user/mode": "local", "pilot/angle": 0.09167762100696564, "pilot/throttle": 0.7240771055221558, "milliseconds": 105080}