{"cam/image_array": "399_cam-image_array_.jpg", "user/angle": 0.030396435438093204, "user/throttle": 0.0, "user/mode": "local", "pilot/angle": -0.04707767814397812, "pilot/throttle": 0.6619386672973633, "milliseconds": 98803}