{"cam/image_array": "3559_cam-image_array_.jpg", "user/angle": 0.030396435438093204, "user/throttle": 0.0, "user/mode": "local", "pilot/angle": 0.9265539050102234, "pilot/throttle": 0.5834352374076843, "milliseconds": 807349}