{"cam/image_array": "964_cam-image_array_.jpg", "user/angle": 0.030396435438093204, "user/throttle": 0.0, "user/mode": "local", "pilot/angle": -0.1078680232167244, "pilot/throttle": 0.6381103992462158, "milliseconds": 225476}