{"cam/image_array": "3485_cam-image_array_.jpg", "user/angle": 0.030396435438093204, "user/throttle": 0.0, "user/mode": "local", "pilot/angle": 0.9544447660446167, "pilot/throttle": 0.6707098484039307, "milliseconds": 790762}