{"cam/image_array": "204_cam-image_array_.jpg", "user/angle": 0.030396435438093204, "user/throttle": 0.0, "user/mode": "local", "pilot/angle": -0.019226759672164917, "pilot/throttle": 0.740284264087677, "milliseconds": 55074}