{"cam/image_array": "651_cam-image_array_.jpg", "user/angle": 0.030396435438093204, "user/throttle": 0.0, "user/mode": "local", "pilot/angle": 0.7725477814674377, "pilot/throttle": 0.37750279903411865, "milliseconds": 155293}