{"cam/image_array": "3651_cam-image_array_.jpg", "user/angle": 0.030396435438093204, "user/throttle": 0.0, "user/mode": "local", "pilot/angle": 0.8478238582611084, "pilot/throttle": 0.47921445965766907, "milliseconds": 827982}