{"cam/image_array": "3043_cam-image_array_.jpg", "user/angle": 0.030396435438093204, "user/throttle": 0.0, "user/mode": "local", "pilot/angle": 0.9084601402282715, "pilot/throttle": 0.32080361247062683, "milliseconds": 691656}