{"cam/image_array": "593_cam-image_array_.jpg", "user/angle": 0.030396435438093204, "user/throttle": 0.0, "user/mode": "local", "pilot/angle": -0.0804542675614357, "pilot/throttle": 0.7562810182571411, "milliseconds": 142296}