{"cam/image_array": "3586_cam-image_array_.jpg", "user/angle": 0.030396435438093204, "user/throttle": 0.0, "user/mode": "local", "pilot/angle": -0.10582376271486282, "pilot/throttle": 0.7701022624969482, "milliseconds": 813403}