{"cam/image_array": "3657_cam-image_array_.jpg", "user/angle": 0.030396435438093204, "user/throttle": 0.0, "user/mode": "local", "pilot/angle": 0.7406924366950989, "pilot/throttle": 0.6132707595825195, "milliseconds": 829329}