{"cam/image_array": "50_cam-image_array_.jpg", "user/angle": 0.030396435438093204, "user/throttle": 0.0, "user/mode": "local", "pilot/angle": -0.0007473155856132507, "pilot/throttle": 0.5270029902458191, "milliseconds": 20512}