{"cam/image_array": "1969_cam-image_array_.jpg", "user/angle": 0.030396435438093204, "user/throttle": 0.0, "user/mode": "local", "pilot/angle": 0.8231693506240845, "pilot/throttle": 0.6949213743209839, "milliseconds": 450837}