{"cam/image_array": "725_cam-image_array_.jpg", "user/angle": 0.030396435438093204, "user/throttle": 0.0, "user/mode": "local", "pilot/angle": 0.6416851282119751, "pilot/throttle": 0.7757944464683533, "milliseconds": 171881}