{"cam/image_array": "3932_cam-image_array_.jpg", "user/angle": 0.030396435438093204, "user/throttle": 0.0, "user/mode": "local", "pilot/angle": 0.992514431476593, "pilot/throttle": 0.6318332552909851, "milliseconds": 890989}