{"cam/image_array": "4547_cam-image_array_.jpg", "user/angle": 0.030396435438093204, "user/throttle": 0.0, "user/mode": "local", "pilot/angle": 0.7990667819976807, "pilot/throttle": 0.14998067915439606, "milliseconds": 1028877}