{"cam/image_array": "790_cam-image_array_.jpg", "user/angle": 0.030396435438093204, "user/throttle": 0.0, "user/mode": "local", "pilot/angle": 0.0845523253083229, "pilot/throttle": 0.560719907283783, "milliseconds": 186460}