{"cam/image_array": "1039_cam-image_array_.jpg", "user/angle": 0.030396435438093204, "user/throttle": 0.0, "user/mode": "local", "pilot/angle": -0.05016590654850006, "pilot/throttle": 0.6453049778938293, "milliseconds": 242292}