{"cam/image_array": "1422_cam-image_array_.jpg", "user/angle": 0.030396435438093204, "user/throttle": 0.0, "user/mode": "local", "pilot/angle": 0.8944437503814697, "pilot/throttle": 0.7467374801635742, "milliseconds": 328167}