{"cam/image_array": "4080_cam-image_array_.jpg", "user/angle": 0.030396435438093204, "user/throttle": 0.0, "user/mode": "local", "pilot/angle": 0.9647214412689209, "pilot/throttle": 0.370991587638855, "milliseconds": 924170}