{"cam/image_array": "1099_cam-image_array_.jpg", "user/angle": 0.030396435438093204, "user/throttle": 0.0, "user/mode": "local", "pilot/angle": 0.25848111510276794, "pilot/throttle": 0.7808560132980347, "milliseconds": 255745}