{"cam/image_array": "489_cam-image_array_.jpg", "user/angle": 0.030396435438093204, "user/throttle": 0.0, "user/mode": "local", "pilot/angle": -0.09918548911809921, "pilot/throttle": 0.7722743153572083, "milliseconds": 118980}