{"cam/image_array": "235_cam-image_array_.jpg", "user/angle": 0.030396435438093204, "user/throttle": 0.0, "user/mode": "local", "pilot/angle": 0.8288164734840393, "pilot/throttle": 0.4407300651073456, "milliseconds": 62031}