{"cam/image_array": "3331_cam-image_array_.jpg", "user/angle": 0.030396435438093204, "user/throttle": 0.0, "user/mode": "local", "pilot/angle": 0.8495506048202515, "pilot/throttle": 0.523047149181366, "milliseconds": 756231}