{"cam/image_array": "3905_cam-image_array_.jpg", "user/angle": 0.030396435438093204, "user/throttle": 0.0, "user/mode": "local", "pilot/angle": -0.07852127403020859, "pilot/throttle": 0.38819411396980286, "milliseconds": 884935}