{"cam/image_array": "1045_cam-image_array_.jpg", "user/angle": 0.030396435438093204, "user/throttle": 0.0, "user/mode": "local", "pilot/angle": 0.42821553349494934, "pilot/throttle": 0.6937856078147888, "milliseconds": 243638}