{"cam/image_array": "3366_cam-image_array_.jpg", "user/angle": 0.030396435438093204, "user/throttle": 0.0, "user/mode": "local", "pilot/angle": 0.9742683172225952, "pilot/throttle": 0.5161101818084717, "milliseconds": 764079}