{"cam/image_array": "1430_cam-image_array_.jpg", "user/angle": 0.030396435438093204, "user/throttle": 0.0, "user/mode": "local", "pilot/angle": -0.07499540597200394, "pilot/throttle": 0.7130003571510315, "milliseconds": 329959}