{"cam/image_array": "2386_cam-image_array_.jpg", "user/angle": 0.030396435438093204, "user/throttle": 0.0, "user/mode": "local", "pilot/angle": 0.7742274403572083, "pilot/throttle": 0.47344502806663513, "milliseconds": 544339}