{"cam/image_array": "1206_cam-image_array_.jpg", "user/angle": 0.030396435438093204, "user/throttle": 0.0, "user/mode": "local", "pilot/angle": -0.1620587706565857, "pilot/throttle": 0.7282690405845642, "milliseconds": 279735}