{"cam/image_array": "2139_cam-image_array_.jpg", "user/angle": 0.030396435438093204, "user/throttle": 0.0, "user/mode": "local", "pilot/angle": -0.12833136320114136, "pilot/throttle": 0.6143230199813843, "milliseconds": 488957}