{"cam/image_array": "1820_cam-image_array_.jpg", "user/angle": 0.030396435438093204, "user/throttle": 0.0, "user/mode": "local", "pilot/angle": 0.07897639274597168, "pilot/throttle": 0.7339531779289246, "milliseconds": 417424}