{"cam/image_array": "2244_cam-image_array_.jpg", "user/angle": 0.030396435438093204, "user/throttle": 0.0, "user/mode": "local", "pilot/angle": 0.9144170880317688, "pilot/throttle": 0.6382880806922913, "milliseconds": 512502}