{"cam/image_array": "1038_cam-image_array_.jpg", "user/angle": 0.030396435438093204, "user/throttle": 0.0, "user/mode": "local", "pilot/angle": -0.004717625677585602, "pilot/throttle": 0.6467276215553284, "milliseconds": 242068}