{"cam/image_array": "1960_cam-image_array_.jpg", "user/angle": 0.030396435438093204, "user/throttle": 0.0, "user/mode": "local", "pilot/angle": 0.8700418472290039, "pilot/throttle": 0.4817107319831848, "milliseconds": 448820}