{"cam/image_array": "3350_cam-image_array_.jpg", "user/angle": 0.030396435438093204, "user/throttle": 0.0, "user/mode": "local", "pilot/angle": 0.06230922043323517, "pilot/throttle": 0.6658555865287781, "milliseconds": 760492}