{"cam/image_array": "2924_cam-image_array_.jpg", "user/angle": 0.030396435438093204, "user/throttle": 0.0, "user/mode": "local", "pilot/angle": 0.2704980969429016, "pilot/throttle": 0.6420059204101562, "milliseconds": 664967}