{"cam/image_array": "705_cam-image_array_.jpg", "user/angle": 0.030396435438093204, "user/throttle": 0.0, "user/mode": "local", "pilot/angle": 0.9078301787376404, "pilot/throttle": 0.3626546561717987, "milliseconds": 167399}