{"cam/image_array": "3406_cam-image_array_.jpg", "user/angle": 0.030396435438093204, "user/throttle": 0.0, "user/mode": "local", "pilot/angle": 0.15974226593971252, "pilot/throttle": 0.4168443977832794, "milliseconds": 773045}