{"cam/image_array": "800_cam-image_array_.jpg", "user/angle": 0.030396435438093204, "user/throttle": 0.0, "user/mode": "local", "pilot/angle": 0.9422104954719543, "pilot/throttle": 0.469420850276947, "milliseconds": 188702}