{"cam/image_array": "938_cam-image_array_.jpg", "user/angle": 0.030396435438093204, "user/throttle": 0.0, "user/mode": "local", "pilot/angle": 1.0102342367172241, "pilot/throttle": 0.6189572811126709, "milliseconds": 219643}