{"cam/image_array": "1974_cam-image_array_.jpg", "user/angle": 0.030396435438093204, "user/throttle": 0.0, "user/mode": "local", "pilot/angle": -0.03131736069917679, "pilot/throttle": 0.8448546528816223, "milliseconds": 451959}