{"cam/image_array": "2591_cam-image_array_.jpg", "user/angle": 0.030396435438093204, "user/throttle": 0.0, "user/mode": "local", "pilot/angle": 0.7291364073753357, "pilot/throttle": 0.6864014267921448, "milliseconds": 590308}