{"cam/image_array": "454_cam-image_array_.jpg", "user/angle": 0.030396435438093204, "user/throttle": 0.0, "user/mode": "local", "pilot/angle": -0.013177350163459778, "pilot/throttle": 0.7216349840164185, "milliseconds": 111134}