{"cam/image_array": "2554_cam-image_array_.jpg", "user/angle": 0.030396435438093204, "user/throttle": 0.0, "user/mode": "local", "pilot/angle": 0.018244512379169464, "pilot/throttle": 0.5158305764198303, "milliseconds": 582012}