{"cam/image_array": "1797_cam-image_array_.jpg", "user/angle": 0.030396435438093204, "user/throttle": 0.0, "user/mode": "local", "pilot/angle": 1.0098552703857422, "pilot/throttle": 0.6926307082176208, "milliseconds": 412267}