{"cam/image_array": "3799_cam-image_array_.jpg", "user/angle": 0.030396435438093204, "user/throttle": 0.0, "user/mode": "local", "pilot/angle": 0.8920113444328308, "pilot/throttle": 0.47509250044822693, "milliseconds": 861164}