{"cam/image_array": "415_cam-image_array_.jpg", "user/angle": 0.030396435438093204, "user/throttle": 0.0, "user/mode": "local", "pilot/angle": 0.9250905513763428, "pilot/throttle": 0.41668739914894104, "milliseconds": 102390}