{"cam/image_array": "4377_cam-image_array_.jpg", "user/angle": 0.030396435438093204, "user/throttle": 0.0, "user/mode": "local", "pilot/angle": 0.10227404534816742, "pilot/throttle": 0.6562418937683105, "milliseconds": 990766}