{"cam/image_array": "2645_cam-image_array_.jpg", "user/angle": 0.030396435438093204, "user/throttle": 0.0, "user/mode": "local", "pilot/angle": -0.08269835263490677, "pilot/throttle": 0.6751838326454163, "milliseconds": 602416}