{"cam/image_array": "644_cam-image_array_.jpg", "user/angle": 0.030396435438093204, "user/throttle": 0.0, "user/mode": "local", "pilot/angle": -0.2544158101081848, "pilot/throttle": 0.780421793460846, "milliseconds": 153724}