{"cam/image_array": "1124_cam-image_array_.jpg", "user/angle": 0.030396435438093204, "user/throttle": 0.0, "user/mode": "local", "pilot/angle": 0.9854073524475098, "pilot/throttle": 0.4226367175579071, "milliseconds": 261352}