{"cam/image_array": "4424_cam-image_array_.jpg", "user/angle": 0.030396435438093204, "user/throttle": 0.0, "user/mode": "local", "pilot/angle": 0.9523366689682007, "pilot/throttle": 0.772511899471283, "milliseconds": 1001303}