{"cam/image_array": "1281_cam-image_array_.jpg", "user/angle": 0.030396435438093204, "user/throttle": 0.0, "user/mode": "local", "pilot/angle": 0.09006689488887787, "pilot/throttle": 0.7174768447875977, "milliseconds": 296553}