{"cam/image_array": "2803_cam-image_array_.jpg", "user/angle": 0.030396435438093204, "user/throttle": 0.0, "user/mode": "local", "pilot/angle": 0.7741663455963135, "pilot/throttle": 0.3787882328033447, "milliseconds": 637835}