{"cam/image_array": "1498_cam-image_array_.jpg", "user/angle": 0.030396435438093204, "user/throttle": 0.0, "user/mode": "local", "pilot/angle": 0.9819825291633606, "pilot/throttle": 0.6217447519302368, "milliseconds": 345207}