{"cam/image_array": "1695_cam-image_array_.jpg", "user/angle": 0.030396435438093204, "user/throttle": 0.0, "user/mode": "local", "pilot/angle": -0.0776074156165123, "pilot/throttle": 0.67427659034729, "milliseconds": 389386}