{"cam/image_array": "3629_cam-image_array_.jpg", "user/angle": 0.030396435438093204, "user/throttle": 0.0, "user/mode": "local", "pilot/angle": 0.7464737892150879, "pilot/throttle": 0.6733318567276001, "milliseconds": 823047}