{"cam/image_array": "2927_cam-image_array_.jpg", "user/angle": 0.030396435438093204, "user/throttle": 0.0, "user/mode": "local", "pilot/angle": -0.028261683881282806, "pilot/throttle": 0.6720728874206543, "milliseconds": 665639}