{"cam/image_array": "1567_cam-image_array_.jpg", "user/angle": 0.030396435438093204, "user/throttle": 0.0, "user/mode": "local", "pilot/angle": 0.4411877691745758, "pilot/throttle": 0.47793883085250854, "milliseconds": 360675}