{"cam/image_array": "4250_cam-image_array_.jpg", "user/angle": 0.030396435438093204, "user/throttle": 0.0, "user/mode": "local", "pilot/angle": 0.005864523351192474, "pilot/throttle": 0.6414494514465332, "milliseconds": 962295}