{"cam/image_array": "3382_cam-image_array_.jpg", "user/angle": 0.030396435438093204, "user/throttle": 0.0, "user/mode": "local", "pilot/angle": 0.4610288143157959, "pilot/throttle": 0.7334874868392944, "milliseconds": 767666}