{"cam/image_array": "4030_cam-image_array_.jpg", "user/angle": 0.030396435438093204, "user/throttle": 0.0, "user/mode": "local", "pilot/angle": 0.9269534945487976, "pilot/throttle": 0.6026365756988525, "milliseconds": 912963}