{"cam/image_array": "4136_cam-image_array_.jpg", "user/angle": 0.030396435438093204, "user/throttle": 0.0, "user/mode": "local", "pilot/angle": 0.021986693143844604, "pilot/throttle": 0.7920112013816833, "milliseconds": 936723}