{"cam/image_array": "2720_cam-image_array_.jpg", "user/angle": 0.030396435438093204, "user/throttle": 0.0, "user/mode": "local", "pilot/angle": -0.1169380322098732, "pilot/throttle": 0.7384305596351624, "milliseconds": 619228}