{"cam/image_array": "4393_cam-image_array_.jpg", "user/angle": 0.030396435438093204, "user/throttle": 0.0, "user/mode": "local", "pilot/angle": -0.31193891167640686, "pilot/throttle": 0.7661171555519104, "milliseconds": 994353}