{"cam/image_array": "395_cam-image_array_.jpg", "user/angle": 0.030396435438093204, "user/throttle": 0.0, "user/mode": "local", "pilot/angle": -0.04514305293560028, "pilot/throttle": 0.6830154657363892, "milliseconds": 97907}