{"cam/image_array": "2315_cam-image_array_.jpg", "user/angle": 0.030396435438093204, "user/throttle": 0.0, "user/mode": "local", "pilot/angle": -0.25865641236305237, "pilot/throttle": 0.7349603772163391, "milliseconds": 528421}