{"cam/image_array": "3056_cam-image_array_.jpg", "user/angle": 0.030396435438093204, "user/throttle": 0.0, "user/mode": "local", "pilot/angle": -0.06703070551156998, "pilot/throttle": 0.798460841178894, "milliseconds": 694570}