{"cam/image_array": "3864_cam-image_array_.jpg", "user/angle": 0.030396435438093204, "user/throttle": 0.0, "user/mode": "local", "pilot/angle": -0.0202743262052536, "pilot/throttle": 0.5946999788284302, "milliseconds": 875740}