{"cam/image_array": "642_cam-image_array_.jpg", "user/angle": 0.030396435438093204, "user/throttle": 0.0, "user/mode": "local", "pilot/angle": -0.46454840898513794, "pilot/throttle": 0.7632725834846497, "milliseconds": 153276}