{"cam/image_array": "565_cam-image_array_.jpg", "user/angle": 0.030396435438093204, "user/throttle": 0.0, "user/mode": "local", "pilot/angle": 0.7933699488639832, "pilot/throttle": 0.6777001023292542, "milliseconds": 136019}