{"cam/image_array": "3375_cam-image_array_.jpg", "user/angle": 0.030396435438093204, "user/throttle": 0.0, "user/mode": "local", "pilot/angle": 0.20795461535453796, "pilot/throttle": 0.7397424578666687, "milliseconds": 766098}