{"cam/image_array": "1458_cam-image_array_.jpg", "user/angle": 0.030396435438093204, "user/throttle": 0.0, "user/mode": "local", "pilot/angle": 0.7606858611106873, "pilot/throttle": 0.4932878315448761, "milliseconds": 336237}