{"cam/image_array": "2054_cam-image_array_.jpg", "user/angle": 0.030396435438093204, "user/throttle": 0.0, "user/mode": "local", "pilot/angle": 0.9265541434288025, "pilot/throttle": 0.4847482144832611, "milliseconds": 469898}