{"cam/image_array": "1318_cam-image_array_.jpg", "user/angle": 0.030396435438093204, "user/throttle": 0.0, "user/mode": "local", "pilot/angle": 0.03687413036823273, "pilot/throttle": 0.6101888418197632, "milliseconds": 304853}