{"cam/image_array": "3378_cam-image_array_.jpg", "user/angle": 0.030396435438093204, "user/throttle": 0.0, "user/mode": "local", "pilot/angle": -0.1591559648513794, "pilot/throttle": 0.6400201916694641, "milliseconds": 766770}