{"cam/image_array": "655_cam-image_array_.jpg", "user/angle": 0.030396435438093204, "user/throttle": 0.0, "user/mode": "local", "pilot/angle": 0.936579167842865, "pilot/throttle": 0.5692331194877625, "milliseconds": 156190}