{"cam/image_array": "3684_cam-image_array_.jpg", "user/angle": 0.030396435438093204, "user/throttle": 0.0, "user/mode": "local", "pilot/angle": -0.02936086803674698, "pilot/throttle": 0.615562915802002, "milliseconds": 835382}