{"cam/image_array": "77_cam-image_array_.jpg", "user/angle": 0.030396435438093204, "user/throttle": 0.0, "user/mode": "local", "pilot/angle": 0.07197046279907227, "pilot/throttle": 0.7888010740280151, "milliseconds": 26599}