{"cam/image_array": "582_cam-image_array_.jpg", "user/angle": 0.030396435438093204, "user/throttle": 0.0, "user/mode": "local", "pilot/angle": 0.775373637676239, "pilot/throttle": 0.8000869750976562, "milliseconds": 139830}