{"cam/image_array": "3830_cam-image_array_.jpg", "user/angle": 0.030396435438093204, "user/throttle": 0.0, "user/mode": "local", "pilot/angle": -0.20586901903152466, "pilot/throttle": 0.6901395916938782, "milliseconds": 868113}