{"cam/image_array": "1966_cam-image_array_.jpg", "user/angle": 0.030396435438093204, "user/throttle": 0.0, "user/mode": "local", "pilot/angle": 0.8994283080101013, "pilot/throttle": 0.5431496500968933, "milliseconds": 450165}