{"cam/image_array": "3819_cam-image_array_.jpg", "user/angle": 0.030396435438093204, "user/throttle": 0.0, "user/mode": "local", "pilot/angle": 0.34606021642684937, "pilot/throttle": 0.7468482851982117, "milliseconds": 865647}