{"cam/image_array": "2071_cam-image_array_.jpg", "user/angle": 0.030396435438093204, "user/throttle": 0.0, "user/mode": "local", "pilot/angle": 0.053764648735523224, "pilot/throttle": 0.6902058720588684, "milliseconds": 473712}