{"cam/image_array": "2427_cam-image_array_.jpg", "user/angle": 0.030396435438093204, "user/throttle": 0.0, "user/mode": "local", "pilot/angle": 0.9393936991691589, "pilot/throttle": 0.673890233039856, "milliseconds": 553535}