{"cam/image_array": "2298_cam-image_array_.jpg", "user/angle": 0.030396435438093204, "user/throttle": 0.0, "user/mode": "local", "pilot/angle": 0.5904099941253662, "pilot/throttle": 0.5484805107116699, "milliseconds": 524609}