{"cam/image_array": "553_cam-image_array_.jpg", "user/angle": 0.030396435438093204, "user/throttle": 0.0, "user/mode": "local", "pilot/angle": 0.035744559019804, "pilot/throttle": 0.6790560483932495, "milliseconds": 133330}