{"cam/image_array": "3180_cam-image_array_.jpg", "user/angle": 0.030396435438093204, "user/throttle": 0.0, "user/mode": "local", "pilot/angle": 0.8749778866767883, "pilot/throttle": 0.6035488843917847, "milliseconds": 722374}