{"cam/image_array": "3058_cam-image_array_.jpg", "user/angle": 0.030396435438093204, "user/throttle": 0.0, "user/mode": "local", "pilot/angle": -0.328882098197937, "pilot/throttle": 0.6961809992790222, "milliseconds": 695018}