{"cam/image_array": "274_cam-image_array_.jpg", "user/angle": 0.030396435438093204, "user/throttle": 0.0, "user/mode": "local", "pilot/angle": 0.8185325860977173, "pilot/throttle": 0.49823158979415894, "milliseconds": 70773}