{"cam/image_array": "2800_cam-image_array_.jpg", "user/angle": 0.030396435438093204, "user/throttle": 0.0, "user/mode": "local", "pilot/angle": 0.943157434463501, "pilot/throttle": 0.6389467716217041, "milliseconds": 637162}