{"cam/image_array": "3214_cam-image_array_.jpg", "user/angle": 0.030396435438093204, "user/throttle": 0.0, "user/mode": "local", "pilot/angle": 0.015472866594791412, "pilot/throttle": 0.7115069627761841, "milliseconds": 729997}