{"cam/image_array": "2344_cam-image_array_.jpg", "user/angle": 0.030396435438093204, "user/throttle": 0.0, "user/mode": "local", "pilot/angle": 0.045690763741731644, "pilot/throttle": 0.7246366739273071, "milliseconds": 534924}