{"cam/image_array": "802_cam-image_array_.jpg", "user/angle": 0.030396435438093204, "user/throttle": 0.0, "user/mode": "local", "pilot/angle": 0.9849690794944763, "pilot/throttle": 0.4164888560771942, "milliseconds": 189150}