{"cam/image_array": "1503_cam-image_array_.jpg", "user/angle": 0.030396435438093204, "user/throttle": 0.0, "user/mode": "local", "pilot/angle": 0.28347718715667725, "pilot/throttle": 0.7499529123306274, "milliseconds": 346327}