{"cam/image_array": "2058_cam-image_array_.jpg", "user/angle": 0.030396435438093204, "user/throttle": 0.0, "user/mode": "local", "pilot/angle": 0.8780984878540039, "pilot/throttle": 0.5490066409111023, "milliseconds": 470796}