{"cam/image_array": "1576_cam-image_array_.jpg", "user/angle": 0.030396435438093204, "user/throttle": 0.0, "user/mode": "local", "pilot/angle": -0.3224577009677887, "pilot/throttle": 0.6483659744262695, "milliseconds": 362693}