{"cam/image_array": "494_cam-image_array_.jpg", "user/angle": 0.030396435438093204, "user/throttle": 0.0, "user/mode": "local", "pilot/angle": -0.07425916939973831, "pilot/throttle": 0.7449807524681091, "milliseconds": 120101}