{"cam/image_array": "1330_cam-image_array_.jpg", "user/angle": 0.030396435438093204, "user/throttle": 0.0, "user/mode": "local", "pilot/angle": 0.031134646385908127, "pilot/throttle": 0.7488012313842773, "milliseconds": 307543}