{"cam/image_array": "4300_cam-image_array_.jpg", "user/angle": 0.030396435438093204, "user/throttle": 0.0, "user/mode": "local", "pilot/angle": -0.030904695391654968, "pilot/throttle": 0.8255375623703003, "milliseconds": 973501}