{"cam/image_array": "2422_cam-image_array_.jpg", "user/angle": 0.030396435438093204, "user/throttle": 0.0, "user/mode": "local", "pilot/angle": 0.8529288172721863, "pilot/throttle": 0.5242037177085876, "milliseconds": 552413}