{"cam/image_array": "1902_cam-image_array_.jpg", "user/angle": 0.030396435438093204, "user/throttle": 0.0, "user/mode": "local", "pilot/angle": -0.16415777802467346, "pilot/throttle": 0.78538978099823, "milliseconds": 435812}