{"cam/image_array": "2768_cam-image_array_.jpg", "user/angle": 0.030396435438093204, "user/throttle": 0.0, "user/mode": "local", "pilot/angle": 0.8389564156532288, "pilot/throttle": 0.5407788157463074, "milliseconds": 629986}