{"cam/image_array": "4556_cam-image_array_.jpg", "user/angle": 0.030396435438093204, "user/throttle": 0.0, "user/mode": "local", "pilot/angle": 0.38382017612457275, "pilot/throttle": 0.5668354630470276, "milliseconds": 1030897}