{"cam/image_array": "4291_cam-image_array_.jpg", "user/angle": 0.030396435438093204, "user/throttle": 0.0, "user/mode": "local", "pilot/angle": -0.14099889993667603, "pilot/throttle": 0.6446623206138611, "milliseconds": 971484}