{"cam/image_array": "1447_cam-image_array_.jpg", "user/angle": 0.030396435438093204, "user/throttle": 0.0, "user/mode": "local", "pilot/angle": 0.12790152430534363, "pilot/throttle": 0.8285262584686279, "milliseconds": 333772}