{"cam/image_array": "1645_cam-image_array_.jpg", "user/angle": 0.030396435438093204, "user/throttle": 0.0, "user/mode": "local", "pilot/angle": 0.9063043594360352, "pilot/throttle": 0.41358453035354614, "milliseconds": 378169}