{"cam/image_array": "1133_cam-image_array_.jpg", "user/angle": 0.030396435438093204, "user/throttle": 0.0, "user/mode": "local", "pilot/angle": -0.13451051712036133, "pilot/throttle": 0.7487444281578064, "milliseconds": 263370}