{"cam/image_array": "2827_cam-image_array_.jpg", "user/angle": 0.030396435438093204, "user/throttle": 0.0, "user/mode": "local", "pilot/angle": 0.3439386487007141, "pilot/throttle": 0.6796616911888123, "milliseconds": 643216}