{"cam/image_array": "1840_cam-image_array_.jpg", "user/angle": 0.030396435438093204, "user/throttle": 0.0, "user/mode": "local", "pilot/angle": 0.02818695455789566, "pilot/throttle": 0.7616829872131348, "milliseconds": 421908}