{"cam/image_array": "3579_cam-image_array_.jpg", "user/angle": 0.030396435438093204, "user/throttle": 0.0, "user/mode": "local", "pilot/angle": 0.9385132193565369, "pilot/throttle": 0.6710798144340515, "milliseconds": 811834}