{"cam/image_array": "2199_cam-image_array_.jpg", "user/angle": 0.030396435438093204, "user/throttle": 0.0, "user/mode": "local", "pilot/angle": 0.8298584818840027, "pilot/throttle": 0.5343721508979797, "milliseconds": 502413}