{"cam/image_array": "1013_cam-image_array_.jpg", "user/angle": 0.030396435438093204, "user/throttle": 0.0, "user/mode": "local", "pilot/angle": -0.36087557673454285, "pilot/throttle": 0.6173890233039856, "milliseconds": 236462}