{"cam/image_array": "667_cam-image_array_.jpg", "user/angle": 0.030396435438093204, "user/throttle": 0.0, "user/mode": "local", "pilot/angle": 0.07339675724506378, "pilot/throttle": 0.6586436629295349, "milliseconds": 158880}