{"cam/image_array": "4598_cam-image_array_.jpg", "user/angle": 0.030396435438093204, "user/throttle": 0.0, "user/mode": "local", "pilot/angle": 1.0332881212234497, "pilot/throttle": 0.5733602643013, "milliseconds": 1040317}