{"cam/image_array": "2930_cam-image_array_.jpg", "user/angle": 0.030396435438093204, "user/throttle": 0.0, "user/mode": "local", "pilot/angle": -0.07170479744672775, "pilot/throttle": 0.683685302734375, "milliseconds": 666312}