{"cam/image_array": "992_cam-image_array_.jpg", "user/angle": 0.030396435438093204, "user/throttle": 0.0, "user/mode": "local", "pilot/angle": 0.7518101334571838, "pilot/throttle": 0.21016204357147217, "milliseconds": 231756}