{"cam/image_array": "3954_cam-image_array_.jpg", "user/angle": 0.030396435438093204, "user/throttle": 0.0, "user/mode": "local", "pilot/angle": 0.021264299750328064, "pilot/throttle": 0.6659067273139954, "milliseconds": 895922}