{"cam/image_array": "3338_cam-image_array_.jpg", "user/angle": 0.030396435438093204, "user/throttle": 0.0, "user/mode": "local", "pilot/angle": -0.14170336723327637, "pilot/throttle": 0.8032132983207703, "milliseconds": 757800}