{"cam/image_array": "1982_cam-image_array_.jpg", "user/angle": 0.030396435438093204, "user/throttle": 0.0, "user/mode": "local", "pilot/angle": 0.5444515347480774, "pilot/throttle": 0.4351826608181, "milliseconds": 453752}