{"cam/image_array": "2294_cam-image_array_.jpg", "user/angle": 0.030396435438093204, "user/throttle": 0.0, "user/mode": "local", "pilot/angle": 0.9187203645706177, "pilot/throttle": 0.39580464363098145, "milliseconds": 523713}