{"cam/image_array": "3481_cam-image_array_.jpg", "user/angle": 0.030396435438093204, "user/throttle": 0.0, "user/mode": "local", "pilot/angle": 0.5607933402061462, "pilot/throttle": 0.5855236649513245, "milliseconds": 789865}