{"cam/image_array": "2871_cam-image_array_.jpg", "user/angle": 0.030396435438093204, "user/throttle": 0.0, "user/mode": "local", "pilot/angle": -0.03746345639228821, "pilot/throttle": 0.6968438029289246, "milliseconds": 653082}