{"cam/image_array": "1345_cam-image_array_.jpg", "user/angle": 0.030396435438093204, "user/throttle": 0.0, "user/mode": "local", "pilot/angle": 0.07927589118480682, "pilot/throttle": 0.542658805847168, "milliseconds": 310903}