{"cam/image_array": "1370_cam-image_array_.jpg", "user/angle": 0.030396435438093204, "user/throttle": 0.0, "user/mode": "local", "pilot/angle": -0.0888446792960167, "pilot/throttle": 0.7725610136985779, "milliseconds": 316508}