{"cam/image_array": "2520_cam-image_array_.jpg", "user/angle": 0.030396435438093204, "user/throttle": 0.0, "user/mode": "local", "pilot/angle": 0.7737322449684143, "pilot/throttle": 0.44050562381744385, "milliseconds": 574385}