{"cam/image_array": "1589_cam-image_array_.jpg", "user/angle": 0.030396435438093204, "user/throttle": 0.0, "user/mode": "local", "pilot/angle": 0.9280329942703247, "pilot/throttle": 0.7588926553726196, "milliseconds": 365609}