{"cam/image_array": "563_cam-image_array_.jpg", "user/angle": 0.030396435438093204, "user/throttle": 0.0, "user/mode": "local", "pilot/angle": 0.9064286947250366, "pilot/throttle": 0.5589781999588013, "milliseconds": 135572}