{"cam/image_array": "2038_cam-image_array_.jpg", "user/angle": 0.030396435438093204, "user/throttle": 0.0, "user/mode": "local", "pilot/angle": 0.09778332710266113, "pilot/throttle": 0.7176713347434998, "milliseconds": 466305}