{"cam/image_array": "3989_cam-image_array_.jpg", "user/angle": 0.030396435438093204, "user/throttle": 0.0, "user/mode": "local", "pilot/angle": 0.8193402886390686, "pilot/throttle": 0.6461971998214722, "milliseconds": 903768}