{"cam/image_array": "542_cam-image_array_.jpg", "user/angle": 0.030396435438093204, "user/throttle": 0.0, "user/mode": "local", "pilot/angle": 0.11678498983383179, "pilot/throttle": 0.6394136548042297, "milliseconds": 130862}