{"cam/image_array": "3197_cam-image_array_.jpg", "user/angle": 0.030396435438093204, "user/throttle": 0.0, "user/mode": "local", "pilot/angle": 0.4586251974105835, "pilot/throttle": 0.2823893427848816, "milliseconds": 726185}