{"cam/image_array": "735_cam-image_array_.jpg", "user/angle": 0.030396435438093204, "user/throttle": 0.0, "user/mode": "local", "pilot/angle": -0.6693077087402344, "pilot/throttle": 0.7361840605735779, "milliseconds": 174124}