{"cam/image_array": "1470_cam-image_array_.jpg", "user/angle": 0.030396435438093204, "user/throttle": 0.0, "user/mode": "local", "pilot/angle": -0.17280203104019165, "pilot/throttle": 0.7075642347335815, "milliseconds": 338928}