{"cam/image_array": "1726_cam-image_array_.jpg", "user/angle": 0.030396435438093204, "user/throttle": 0.0, "user/mode": "local", "pilot/angle": 0.019261103123426437, "pilot/throttle": 0.6861527562141418, "milliseconds": 396333}