{"cam/image_array": "2830_cam-image_array_.jpg", "user/angle": 0.030396435438093204, "user/throttle": 0.0, "user/mode": "local", "pilot/angle": -0.018124200403690338, "pilot/throttle": 0.6153659820556641, "milliseconds": 643889}