{"cam/image_array": "2134_cam-image_array_.jpg", "user/angle": 0.030396435438093204, "user/throttle": 0.0, "user/mode": "local", "pilot/angle": -0.655934751033783, "pilot/throttle": 0.6483922004699707, "milliseconds": 487836}