{"cam/image_array": "2258_cam-image_array_.jpg", "user/angle": 0.030396435438093204, "user/throttle": 0.0, "user/mode": "local", "pilot/angle": 0.788418173789978, "pilot/throttle": 0.6294615864753723, "milliseconds": 515640}