{"cam/image_array": "2772_cam-image_array_.jpg", "user/angle": 0.030396435438093204, "user/throttle": 0.0, "user/mode": "local", "pilot/angle": 0.07607509940862656, "pilot/throttle": 0.7067238092422485, "milliseconds": 630883}