{"cam/image_array": "1094_cam-image_array_.jpg", "user/angle": 0.030396435438093204, "user/throttle": 0.0, "user/mode": "local", "pilot/angle": -0.047962985932826996, "pilot/throttle": 0.5921216011047363, "milliseconds": 254624}