{"cam/image_array": "3379_cam-image_array_.jpg", "user/angle": 0.030396435438093204, "user/throttle": 0.0, "user/mode": "local", "pilot/angle": -0.023926064372062683, "pilot/throttle": 0.7365131974220276, "milliseconds": 766994}