{"cam/image_array": "3281_cam-image_array_.jpg", "user/angle": 0.030396435438093204, "user/throttle": 0.0, "user/mode": "local", "pilot/angle": 0.4653193950653076, "pilot/throttle": 0.7290184497833252, "milliseconds": 745023}