{"cam/image_array": "2493_cam-image_array_.jpg", "user/angle": 0.030396435438093204, "user/throttle": 0.0, "user/mode": "local", "pilot/angle": 0.1332349181175232, "pilot/throttle": 0.7669521570205688, "milliseconds": 568331}