{"cam/image_array": "2815_cam-image_array_.jpg", "user/angle": 0.030396435438093204, "user/throttle": 0.0, "user/mode": "local", "pilot/angle": -0.06512246280908585, "pilot/throttle": 0.6899865865707397, "milliseconds": 640525}