{"cam/image_array": "1287_cam-image_array_.jpg", "user/angle": 0.030396435438093204, "user/throttle": 0.0, "user/mode": "local", "pilot/angle": 0.34423527121543884, "pilot/throttle": 0.6902304887771606, "milliseconds": 297899}