{"cam/image_array": "2464_cam-image_array_.jpg", "user/angle": 0.030396435438093204, "user/throttle": 0.0, "user/mode": "local", "pilot/angle": 0.03320185840129852, "pilot/throttle": 0.7673944234848022, "milliseconds": 561831}