{"cam/image_array": "3846_cam-image_array_.jpg", "user/angle": 0.030396435438093204, "user/throttle": 0.0, "user/mode": "local", "pilot/angle": 0.1654978096485138, "pilot/throttle": 0.7705063819885254, "milliseconds": 871705}