{"cam/image_array": "1595_cam-image_array_.jpg", "user/angle": 0.030396435438093204, "user/throttle": 0.0, "user/mode": "local", "pilot/angle": 0.8795306086540222, "pilot/throttle": 0.6174916625022888, "milliseconds": 366955}