{"cam/image_array": "420_cam-image_array_.jpg", "user/angle": 0.030396435438093204, "user/throttle": 0.0, "user/mode": "local", "pilot/angle": 0.8744503259658813, "pilot/throttle": 0.41826939582824707, "milliseconds": 103511}