{"cam/image_array": "167_cam-image_array_.jpg", "user/angle": 0.030396435438093204, "user/throttle": 0.0, "user/mode": "local", "pilot/angle": -0.6324855089187622, "pilot/throttle": 0.7166069149971008, "milliseconds": 46772}