{"cam/image_array": "3751_cam-image_array_.jpg", "user/angle": 0.030396435438093204, "user/throttle": 0.0, "user/mode": "local", "pilot/angle": 0.7848575711250305, "pilot/throttle": 0.6572986841201782, "milliseconds": 850402}