{"cam/image_array": "637_cam-image_array_.jpg", "user/angle": 0.030396435438093204, "user/throttle": 0.0, "user/mode": "local", "pilot/angle": -0.3906886577606201, "pilot/throttle": 0.7432126402854919, "milliseconds": 152155}