{"cam/image_array": "4140_cam-image_array_.jpg", "user/angle": 0.030396435438093204, "user/throttle": 0.0, "user/mode": "local", "pilot/angle": 0.5636810660362244, "pilot/throttle": 0.602927029132843, "milliseconds": 937620}