{"cam/image_array": "2068_cam-image_array_.jpg", "user/angle": 0.030396435438093204, "user/throttle": 0.0, "user/mode": "local", "pilot/angle": -0.04439713805913925, "pilot/throttle": 0.7203994989395142, "milliseconds": 473039}