{"cam/image_array": "3254_cam-image_array_.jpg", "user/angle": 0.030396435438093204, "user/throttle": 0.0, "user/mode": "local", "pilot/angle": 0.6311017274856567, "pilot/throttle": 0.7508641481399536, "milliseconds": 738966}