{"cam/image_array": "664_cam-image_array_.jpg", "user/angle": 0.030396435438093204, "user/throttle": 0.0, "user/mode": "local", "pilot/angle": -0.129534512758255, "pilot/throttle": 0.8231745362281799, "milliseconds": 158208}