{"cam/image_array": "1199_cam-image_array_.jpg", "user/angle": 0.030396435438093204, "user/throttle": 0.0, "user/mode": "local", "pilot/angle": -0.40224510431289673, "pilot/throttle": 0.8203772902488708, "milliseconds": 278164}