{"cam/image_array": "4517_cam-image_array_.jpg", "user/angle": 0.030396435438093204, "user/throttle": 0.0, "user/mode": "local", "pilot/angle": 0.9447617530822754, "pilot/throttle": 0.6920005083084106, "milliseconds": 1022151}