{"cam/image_array": "271_cam-image_array_.jpg", "user/angle": 0.030396435438093204, "user/throttle": 0.0, "user/mode": "local", "pilot/angle": 0.9188908338546753, "pilot/throttle": 0.5282585620880127, "milliseconds": 70101}