{"cam/image_array": "2951_cam-image_array_.jpg", "user/angle": 0.030396435438093204, "user/throttle": 0.0, "user/mode": "local", "pilot/angle": 0.8842897415161133, "pilot/throttle": 0.58208829164505, "milliseconds": 671021}