{"cam/image_array": "1794_cam-image_array_.jpg", "user/angle": 0.030396435438093204, "user/throttle": 0.0, "user/mode": "local", "pilot/angle": 0.6605628132820129, "pilot/throttle": 0.5801112055778503, "milliseconds": 411595}