{"cam/image_array": "3502_cam-image_array_.jpg", "user/angle": 0.030396435438093204, "user/throttle": 0.0, "user/mode": "local", "pilot/angle": 0.034916773438453674, "pilot/throttle": 0.6547878384590149, "milliseconds": 794571}