{"cam/image_array": "4487_cam-image_array_.jpg", "user/angle": 0.030396435438093204, "user/throttle": 0.0, "user/mode": "local", "pilot/angle": -0.4186425507068634, "pilot/throttle": 0.5664339065551758, "milliseconds": 1015426}