{"cam/image_array": "4383_cam-image_array_.jpg", "user/angle": 0.030396435438093204, "user/throttle": 0.0, "user/mode": "local", "pilot/angle": 0.14454177021980286, "pilot/throttle": 0.72141432762146, "milliseconds": 992111}