{"cam/image_array": "4089_cam-image_array_.jpg", "user/angle": 0.030396435438093204, "user/throttle": 0.0, "user/mode": "local", "pilot/angle": -0.026030756533145905, "pilot/throttle": 0.7064073085784912, "milliseconds": 926186}