{"cam/image_array": "4116_cam-image_array_.jpg", "user/angle": 0.030396435438093204, "user/throttle": 0.0, "user/mode": "local", "pilot/angle": 0.386989951133728, "pilot/throttle": 0.4480695128440857, "milliseconds": 932241}