{"cam/image_array": "4428_cam-image_array_.jpg", "user/angle": 0.030396435438093204, "user/throttle": 0.0, "user/mode": "local", "pilot/angle": 0.19013595581054688, "pilot/throttle": 0.6617122888565063, "milliseconds": 1002199}