{"cam/image_array": "2531_cam-image_array_.jpg", "user/angle": 0.030396435438093204, "user/throttle": 0.0, "user/mode": "local", "pilot/angle": -0.03605349361896515, "pilot/throttle": 0.7224529385566711, "milliseconds": 576852}