{"cam/image_array": "2498_cam-image_array_.jpg", "user/angle": 0.030396435438093204, "user/throttle": 0.0, "user/mode": "local", "pilot/angle": 0.6033914089202881, "pilot/throttle": 0.6310697793960571, "milliseconds": 569452}