{"cam/image_array": "1339_cam-image_array_.jpg", "user/angle": 0.030396435438093204, "user/throttle": 0.0, "user/mode": "local", "pilot/angle": -0.03819511830806732, "pilot/throttle": 0.6458179354667664, "milliseconds": 309559}