{"cam/image_array": "1777_cam-image_array_.jpg", "user/angle": 0.030396435438093204, "user/throttle": 0.0, "user/mode": "local", "pilot/angle": 0.896112859249115, "pilot/throttle": 0.558013379573822, "milliseconds": 407780}