{"cam/image_array": "1148_cam-image_array_.jpg", "user/angle": 0.030396435438093204, "user/throttle": 0.0, "user/mode": "local", "pilot/angle": -0.054091475903987885, "pilot/throttle": 0.6760408878326416, "milliseconds": 266732}