{"cam/image_array": "1541_cam-image_array_.jpg", "user/angle": 0.030396435438093204, "user/throttle": 0.0, "user/mode": "local", "pilot/angle": 0.06094139814376831, "pilot/throttle": 0.7233619689941406, "milliseconds": 354847}