{"cam/image_array": "2990_cam-image_array_.jpg", "user/angle": 0.030396435438093204, "user/throttle": 0.0, "user/mode": "local", "pilot/angle": 0.8122199177742004, "pilot/throttle": 0.5690513253211975, "milliseconds": 679768}