{"cam/image_array": "4554_cam-image_array_.jpg", "user/angle": 0.030396435438093204, "user/throttle": 0.0, "user/mode": "local", "pilot/angle": 0.5819334983825684, "pilot/throttle": 0.28916552662849426, "milliseconds": 1030448}