{"cam/image_array": "883_cam-image_array_.jpg", "user/angle": 0.030396435438093204, "user/throttle": 0.0, "user/mode": "local", "pilot/angle": 0.02652154117822647, "pilot/throttle": 0.726887583732605, "milliseconds": 207312}