{"cam/image_array": "3332_cam-image_array_.jpg", "user/angle": 0.030396435438093204, "user/throttle": 0.0, "user/mode": "local", "pilot/angle": 0.8362759947776794, "pilot/throttle": 0.48310357332229614, "milliseconds": 756455}