{"cam/image_array": "269_cam-image_array_.jpg", "user/angle": 0.030396435438093204, "user/throttle": 0.0, "user/mode": "local", "pilot/angle": 0.8045396208763123, "pilot/throttle": 0.5516504049301147, "milliseconds": 69652}