{"cam/image_array": "1003_cam-image_array_.jpg", "user/angle": 0.030396435438093204, "user/throttle": 0.0, "user/mode": "local", "pilot/angle": 0.054361142218112946, "pilot/throttle": 0.7714647054672241, "milliseconds": 234221}