{"cam/image_array": "1478_cam-image_array_.jpg", "user/angle": 0.030396435438093204, "user/throttle": 0.0, "user/mode": "local", "pilot/angle": 0.17971929907798767, "pilot/throttle": 0.7021085619926453, "milliseconds": 340721}