{"cam/image_array": "1004_cam-image_array_.jpg", "user/angle": 0.030396435438093204, "user/throttle": 0.0, "user/mode": "local", "pilot/angle": 0.31690487265586853, "pilot/throttle": 0.6839447021484375, "milliseconds": 234445}