{"cam/image_array": "920_cam-image_array_.jpg", "user/angle": 0.030396435438093204, "user/throttle": 0.0, "user/mode": "local", "pilot/angle": -0.44436222314834595, "pilot/throttle": 0.7135611176490784, "milliseconds": 215606}