{"cam/image_array": "2133_cam-image_array_.jpg", "user/angle": 0.030396435438093204, "user/throttle": 0.0, "user/mode": "local", "pilot/angle": -0.3850289583206177, "pilot/throttle": 0.7777592539787292, "milliseconds": 487611}