{"cam/image_array": "1279_cam-image_array_.jpg", "user/angle": 0.030396435438093204, "user/throttle": 0.0, "user/mode": "local", "pilot/angle": -0.03762080520391464, "pilot/throttle": 0.6056951284408569, "milliseconds": 296105}