{"cam/image_array": "4126_cam-image_array_.jpg", "user/angle": 0.030396435438093204, "user/throttle": 0.0, "user/mode": "local", "pilot/angle": 0.8724600076675415, "pilot/throttle": 0.7021760940551758, "milliseconds": 934483}