{"cam/image_array": "827_cam-image_array_.jpg", "user/angle": 0.030396435438093204, "user/throttle": 0.0, "user/mode": "local", "pilot/angle": -0.06323539465665817, "pilot/throttle": 0.6893203854560852, "milliseconds": 194757}