{"cam/image_array": "3641_cam-image_array_.jpg", "user/angle": 0.030396435438093204, "user/throttle": 0.0, "user/mode": "local", "pilot/angle": -0.5225083827972412, "pilot/throttle": 0.6968479156494141, "milliseconds": 825740}