{"cam/image_array": "1628_cam-image_array_.jpg", "user/angle": 0.030396435438093204, "user/throttle": 0.0, "user/mode": "local", "pilot/angle": 0.11366431415081024, "pilot/throttle": 0.5216923356056213, "milliseconds": 374353}