{"cam/image_array": "2983_cam-image_array_.jpg", "user/angle": 0.030396435438093204, "user/throttle": 0.0, "user/mode": "local", "pilot/angle": -0.3362692892551422, "pilot/throttle": 0.8062070608139038, "milliseconds": 678197}