{"cam/image_array": "287_cam-image_array_.jpg", "user/angle": 0.030396435438093204, "user/throttle": 0.0, "user/mode": "local", "pilot/angle": 0.03258159011602402, "pilot/throttle": 0.6515276432037354, "milliseconds": 73689}