{"cam/image_array": "600_cam-image_array_.jpg", "user/angle": 0.030396435438093204, "user/throttle": 0.0, "user/mode": "local", "pilot/angle": 0.14191360771656036, "pilot/throttle": 0.24573948979377747, "milliseconds": 143864}