{"cam/image_array": "467_cam-image_array_.jpg", "user/angle": 0.030396435438093204, "user/throttle": 0.0, "user/mode": "local", "pilot/angle": 0.8748102784156799, "pilot/throttle": 0.5224436521530151, "milliseconds": 114049}