{"cam/image_array": "424_cam-image_array_.jpg", "user/angle": 0.030396435438093204, "user/throttle": 0.0, "user/mode": "local", "pilot/angle": 0.8300175070762634, "pilot/throttle": 0.46716034412384033, "milliseconds": 104408}