{"cam/image_array": "2318_cam-image_array_.jpg", "user/angle": 0.030396435438093204, "user/throttle": 0.0, "user/mode": "local", "pilot/angle": -0.4688987731933594, "pilot/throttle": 0.700168251991272, "milliseconds": 529094}