{"cam/image_array": "2682_cam-image_array_.jpg", "user/angle": 0.030396435438093204, "user/throttle": 0.0, "user/mode": "local", "pilot/angle": -0.01304328441619873, "pilot/throttle": 0.7476329207420349, "milliseconds": 610707}