{"cam/image_array": "860_cam-image_array_.jpg", "user/angle": 0.030396435438093204, "user/throttle": 0.0, "user/mode": "local", "pilot/angle": 0.6023739576339722, "pilot/throttle": 0.40439003705978394, "milliseconds": 202154}