{"cam/image_array": "792_cam-image_array_.jpg", "user/angle": 0.030396435438093204, "user/throttle": 0.0, "user/mode": "local", "pilot/angle": 0.14263856410980225, "pilot/throttle": 0.7680799961090088, "milliseconds": 186908}