{"cam/image_array": "2583_cam-image_array_.jpg", "user/angle": 0.030396435438093204, "user/throttle": 0.0, "user/mode": "local", "pilot/angle": -0.02935069054365158, "pilot/throttle": 0.6227444410324097, "milliseconds": 588514}