{"cam/image_array": "3168_cam-image_array_.jpg", "user/angle": 0.030396435438093204, "user/throttle": 0.0, "user/mode": "local", "pilot/angle": -0.7276281118392944, "pilot/throttle": 0.6924384832382202, "milliseconds": 719684}