{"cam/image_array": "4155_cam-image_array_.jpg", "user/angle": 0.030396435438093204, "user/throttle": 0.0, "user/mode": "local", "pilot/angle": -0.05125190317630768, "pilot/throttle": 0.7003880143165588, "milliseconds": 940989}