{"cam/image_array": "3475_cam-image_array_.jpg", "user/angle": 0.030396435438093204, "user/throttle": 0.0, "user/mode": "local", "pilot/angle": 0.0045514702796936035, "pilot/throttle": 0.6976656317710876, "milliseconds": 788520}