{"cam/image_array": "2526_cam-image_array_.jpg", "user/angle": 0.030396435438093204, "user/throttle": 0.0, "user/mode": "local", "pilot/angle": 0.31471899151802063, "pilot/throttle": 0.754632294178009, "milliseconds": 575730}