{"cam/image_array": "3995_cam-image_array_.jpg", "user/angle": 0.030396435438093204, "user/throttle": 0.0, "user/mode": "local", "pilot/angle": -0.27168959379196167, "pilot/throttle": 0.6156944632530212, "milliseconds": 905113}