{"cam/image_array": "3322_cam-image_array_.jpg", "user/angle": 0.030396435438093204, "user/throttle": 0.0, "user/mode": "local", "pilot/angle": 0.5654062032699585, "pilot/throttle": 0.6374086737632751, "milliseconds": 754213}