{"cam/image_array": "1270_cam-image_array_.jpg", "user/angle": 0.030396435438093204, "user/throttle": 0.0, "user/mode": "local", "pilot/angle": 0.6827877163887024, "pilot/throttle": 0.6114943027496338, "milliseconds": 294088}