{"cam/image_array": "2784_cam-image_array_.jpg", "user/angle": 0.030396435438093204, "user/throttle": 0.0, "user/mode": "local", "pilot/angle": 0.19203215837478638, "pilot/throttle": 0.756907045841217, "milliseconds": 633573}