{"cam/image_array": "6_cam-image_array_.jpg", "user/angle": 0.032319101535081024, "user/throttle": 0.0, "user/mode": "local", "pilot/angle": -0.009433619678020477, "pilot/throttle": 0.1997358798980713, "milliseconds": 10643}