{"cam/image_array": "869_cam-image_array_.jpg", "user/angle": 0.030396435438093204, "user/throttle": 0.0, "user/mode": "local", "pilot/angle": -0.026341229677200317, "pilot/throttle": 0.8090153336524963, "milliseconds": 204174}