{"cam/image_array": "4348_cam-image_array_.jpg", "user/angle": 0.030396435438093204, "user/throttle": 0.0, "user/mode": "local", "pilot/angle": 0.002975746989250183, "pilot/throttle": 0.7003514170646667, "milliseconds": 984264}