{"cam/image_array": "4230_cam-image_array_.jpg", "user/angle": 0.030396435438093204, "user/throttle": 0.0, "user/mode": "local", "pilot/angle": 0.3460462689399719, "pilot/throttle": 0.19692695140838623, "milliseconds": 957812}