{"cam/image_array": "1302_cam-image_array_.jpg", "user/angle": 0.030396435438093204, "user/throttle": 0.0, "user/mode": "local", "pilot/angle": 0.6291332840919495, "pilot/throttle": 0.5047528743743896, "milliseconds": 301266}