{"cam/image_array": "1716_cam-image_array_.jpg", "user/angle": 0.030396435438093204, "user/throttle": 0.0, "user/mode": "local", "pilot/angle": -0.07286923378705978, "pilot/throttle": 0.6604459285736084, "milliseconds": 394092}