{"cam/image_array": "3721_cam-image_array_.jpg", "user/angle": 0.030396435438093204, "user/throttle": 0.0, "user/mode": "local", "pilot/angle": 0.1670135259628296, "pilot/throttle": 0.7165995240211487, "milliseconds": 843673}