{"cam/image_array": "3417_cam-image_array_.jpg", "user/angle": 0.030396435438093204, "user/throttle": 0.0, "user/mode": "local", "pilot/angle": 0.8611388802528381, "pilot/throttle": 0.35648313164711, "milliseconds": 775513}