{"cam/image_array": "1030_cam-image_array_.jpg", "user/angle": 0.030396435438093204, "user/throttle": 0.0, "user/mode": "local", "pilot/angle": 0.8853814601898193, "pilot/throttle": 0.5006003975868225, "milliseconds": 240275}