{"cam/image_array": "1829_cam-image_array_.jpg", "user/angle": 0.030396435438093204, "user/throttle": 0.0, "user/mode": "local", "pilot/angle": 0.8975197076797485, "pilot/throttle": 0.3834024965763092, "milliseconds": 419442}