{"cam/image_array": "1809_cam-image_array_.jpg", "user/angle": 0.030396435438093204, "user/throttle": 0.0, "user/mode": "local", "pilot/angle": -0.05918893963098526, "pilot/throttle": 0.7503828406333923, "milliseconds": 414958}