{"cam/image_array": "3137_cam-image_array_.jpg", "user/angle": 0.030396435438093204, "user/throttle": 0.0, "user/mode": "local", "pilot/angle": 0.8116188049316406, "pilot/throttle": 0.29850175976753235, "milliseconds": 712731}