{"cam/image_array": "2491_cam-image_array_.jpg", "user/angle": 0.030396435438093204, "user/throttle": 0.0, "user/mode": "local", "pilot/angle": -0.08189145475625992, "pilot/throttle": 0.7162392139434814, "milliseconds": 567883}