{"cam/image_array": "4195_cam-image_array_.jpg", "user/angle": 0.030396435438093204, "user/throttle": 0.0, "user/mode": "local", "pilot/angle": 0.4775005578994751, "pilot/throttle": 0.5674827694892883, "milliseconds": 949958}