{"cam/image_array": "4196_cam-image_array_.jpg", "user/angle": 0.030396435438093204, "user/throttle": 0.0, "user/mode": "local", "pilot/angle": 0.24331134557724, "pilot/throttle": 0.6884875893592834, "milliseconds": 950182}