{"cam/image_array": "3249_cam-image_array_.jpg", "user/angle": 0.030396435438093204, "user/throttle": 0.0, "user/mode": "local", "pilot/angle": 0.1670249104499817, "pilot/throttle": 0.6630595326423645, "milliseconds": 737845}