{"cam/image_array": "238_cam-image_array_.jpg", "user/angle": 0.030396435438093204, "user/throttle": 0.0, "user/mode": "local", "pilot/angle": 0.048467956483364105, "pilot/throttle": 0.7173209190368652, "milliseconds": 62703}