{"cam/image_array": "2873_cam-image_array_.jpg", "user/angle": 0.030396435438093204, "user/throttle": 0.0, "user/mode": "local", "pilot/angle": -0.02466461807489395, "pilot/throttle": 0.6190757155418396, "milliseconds": 653531}