{"cam/image_array": "2801_cam-image_array_.jpg", "user/angle": 0.030396435438093204, "user/throttle": 0.0, "user/mode": "local", "pilot/angle": 0.7642314434051514, "pilot/throttle": 0.37355151772499084, "milliseconds": 637386}