{"cam/image_array": "172_cam-image_array_.jpg", "user/angle": 0.030396435438093204, "user/throttle": 0.0, "user/mode": "local", "pilot/angle": 0.2600155174732208, "pilot/throttle": 0.6688651442527771, "milliseconds": 47893}