{"cam/image_array": "3141_cam-image_array_.jpg", "user/angle": 0.030396435438093204, "user/throttle": 0.0, "user/mode": "local", "pilot/angle": 0.8701054453849792, "pilot/throttle": 0.5069487690925598, "milliseconds": 713628}