{"cam/image_array": "4338_cam-image_array_.jpg", "user/angle": 0.030396435438093204, "user/throttle": 0.0, "user/mode": "local", "pilot/angle": -0.06879740208387375, "pilot/throttle": 0.5435537099838257, "milliseconds": 982019}