{"cam/image_array": "3727_cam-image_array_.jpg", "user/angle": 0.030396435438093204, "user/throttle": 0.0, "user/mode": "local", "pilot/angle": 0.1412072479724884, "pilot/throttle": 0.6861644387245178, "milliseconds": 845019}