{"cam/image_array": "2395_cam-image_array_.jpg", "user/angle": 0.030396435438093204, "user/throttle": 0.0, "user/mode": "local", "pilot/angle": -0.0673762783408165, "pilot/throttle": 0.747580885887146, "milliseconds": 546356}