{"cam/image_array": "3773_cam-image_array_.jpg", "user/angle": 0.030396435438093204, "user/throttle": 0.0, "user/mode": "local", "pilot/angle": -0.12026620656251907, "pilot/throttle": 0.6505964398384094, "milliseconds": 855334}