{"cam/image_array": "2607_cam-image_array_.jpg", "user/angle": 0.030396435438093204, "user/throttle": 0.0, "user/mode": "local", "pilot/angle": -0.11578961461782455, "pilot/throttle": 0.6917412281036377, "milliseconds": 593897}