{"cam/image_array": "2370_cam-image_array_.jpg", "user/angle": 0.030396435438093204, "user/throttle": 0.0, "user/mode": "local", "pilot/angle": 0.01409008726477623, "pilot/throttle": 0.6240448951721191, "milliseconds": 540753}