{"cam/image_array": "575_cam-image_array_.jpg", "user/angle": 0.030396435438093204, "user/throttle": 0.0, "user/mode": "local", "pilot/angle": 0.28822392225265503, "pilot/throttle": 0.7423988580703735, "milliseconds": 138261}