{"cam/image_array": "1729_cam-image_array_.jpg", "user/angle": 0.030396435438093204, "user/throttle": 0.0, "user/mode": "local", "pilot/angle": 0.47933530807495117, "pilot/throttle": 0.7105283737182617, "milliseconds": 397006}