{"cam/image_array": "4552_cam-image_array_.jpg", "user/angle": 0.030396435438093204, "user/throttle": 0.0, "user/mode": "local", "pilot/angle": 0.8628819584846497, "pilot/throttle": 0.42036929726600647, "milliseconds": 1029999}