{"cam/image_array": "1154_cam-image_array_.jpg", "user/angle": 0.030396435438093204, "user/throttle": 0.0, "user/mode": "local", "pilot/angle": -0.002513505518436432, "pilot/throttle": 0.6601366996765137, "milliseconds": 268078}