{"cam/image_array": "3253_cam-image_array_.jpg", "user/angle": 0.030396435438093204, "user/throttle": 0.0, "user/mode": "local", "pilot/angle": 0.8278538584709167, "pilot/throttle": 0.6939144730567932, "milliseconds": 738742}