{"cam/image_array": "3796_cam-image_array_.jpg", "user/angle": 0.030396435438093204, "user/throttle": 0.0, "user/mode": "local", "pilot/angle": 0.8158568739891052, "pilot/throttle": 0.3453234136104584, "milliseconds": 860491}