{"cam/image_array": "2400_cam-image_array_.jpg", "user/angle": 0.030396435438093204, "user/throttle": 0.0, "user/mode": "local", "pilot/angle": 0.4045441746711731, "pilot/throttle": 0.7836043834686279, "milliseconds": 547476}