{"cam/image_array": "2222_cam-image_array_.jpg", "user/angle": 0.030396435438093204, "user/throttle": 0.0, "user/mode": "local", "pilot/angle": -0.04261592775583267, "pilot/throttle": 0.6139703392982483, "milliseconds": 507568}