{"cam/image_array": "170_cam-image_array_.jpg", "user/angle": 0.030396435438093204, "user/throttle": 0.0, "user/mode": "local", "pilot/angle": -0.37447935342788696, "pilot/throttle": 0.8001778721809387, "milliseconds": 47445}