{"cam/image_array": "1802_cam-image_array_.jpg", "user/angle": 0.030396435438093204, "user/throttle": 0.0, "user/mode": "local", "pilot/angle": -0.0033193379640579224, "pilot/throttle": 0.7159852385520935, "milliseconds": 413388}