{"cam/image_array": "2721_cam-image_array_.jpg", "user/angle": 0.030396435438093204, "user/throttle": 0.0, "user/mode": "local", "pilot/angle": -0.040617793798446655, "pilot/throttle": 0.6105368137359619, "milliseconds": 619452}