{"cam/image_array": "2305_cam-image_array_.jpg", "user/angle": 0.030396435438093204, "user/throttle": 0.0, "user/mode": "local", "pilot/angle": -0.0660024955868721, "pilot/throttle": 0.6843815445899963, "milliseconds": 526178}