{"cam/image_array": "2985_cam-image_array_.jpg", "user/angle": 0.030396435438093204, "user/throttle": 0.0, "user/mode": "local", "pilot/angle": 0.17416179180145264, "pilot/throttle": 0.6786352396011353, "milliseconds": 678646}