{"cam/image_array": "787_cam-image_array_.jpg", "user/angle": 0.030396435438093204, "user/throttle": 0.0, "user/mode": "local", "pilot/angle": 0.07502467930316925, "pilot/throttle": 0.5967724919319153, "milliseconds": 185787}