{"cam/image_array": "4403_cam-image_array_.jpg", "user/angle": 0.030396435438093204, "user/throttle": 0.0, "user/mode": "local", "pilot/angle": 0.8169665932655334, "pilot/throttle": 0.547778308391571, "milliseconds": 996596}