{"cam/image_array": "3968_cam-image_array_.jpg", "user/angle": 0.030396435438093204, "user/throttle": 0.0, "user/mode": "local", "pilot/angle": 0.10521728545427322, "pilot/throttle": 0.4680517911911011, "milliseconds": 899060}