{"cam/image_array": "3031_cam-image_array_.jpg", "user/angle": 0.030396435438093204, "user/throttle": 0.0, "user/mode": "local", "pilot/angle": 0.02974192053079605, "pilot/throttle": 0.6554977893829346, "milliseconds": 688966}