{"cam/image_array": "1437_cam-image_array_.jpg", "user/angle": 0.030396435438093204, "user/throttle": 0.0, "user/mode": "local", "pilot/angle": 0.01896478235721588, "pilot/throttle": 0.5942211747169495, "milliseconds": 331531}