{"cam/image_array": "1011_cam-image_array_.jpg", "user/angle": 0.030396435438093204, "user/throttle": 0.0, "user/mode": "local", "pilot/angle": -0.01727687567472458, "pilot/throttle": 0.6089855432510376, "milliseconds": 236013}