{"cam/image_array": "4506_cam-image_array_.jpg", "user/angle": 0.030396435438093204, "user/throttle": 0.0, "user/mode": "local", "pilot/angle": -0.021190650761127472, "pilot/throttle": 0.80559241771698, "milliseconds": 1019685}