{"cam/image_array": "3166_cam-image_array_.jpg", "user/angle": 0.030396435438093204, "user/throttle": 0.0, "user/mode": "local", "pilot/angle": -0.3259064555168152, "pilot/throttle": 0.47193190455436707, "milliseconds": 719236}