{"cam/image_array": "3956_cam-image_array_.jpg", "user/angle": 0.030396435438093204, "user/throttle": 0.0, "user/mode": "local", "pilot/angle": -0.07192584127187729, "pilot/throttle": 0.6195020079612732, "milliseconds": 896370}