{"cam/image_array": "710_cam-image_array_.jpg", "user/angle": 0.030396435438093204, "user/throttle": 0.0, "user/mode": "local", "pilot/angle": 0.7907406687736511, "pilot/throttle": 0.41699281334877014, "milliseconds": 168519}