{"cam/image_array": "4296_cam-image_array_.jpg", "user/angle": 0.030396435438093204, "user/throttle": 0.0, "user/mode": "local", "pilot/angle": -0.35804030299186707, "pilot/throttle": 0.7454730868339539, "milliseconds": 972605}