{"cam/image_array": "695_cam-image_array_.jpg", "user/angle": 0.030396435438093204, "user/throttle": 0.0, "user/mode": "local", "pilot/angle": 0.09352830052375793, "pilot/throttle": 0.5642653107643127, "milliseconds": 165158}