{"cam/image_array": "4212_cam-image_array_.jpg", "user/angle": 0.030396435438093204, "user/throttle": 0.0, "user/mode": "local", "pilot/angle": 0.9104183912277222, "pilot/throttle": 0.6621891856193542, "milliseconds": 953776}