{"cam/image_array": "833_cam-image_array_.jpg", "user/angle": 0.030396435438093204, "user/throttle": 0.0, "user/mode": "local", "pilot/angle": -0.7088327407836914, "pilot/throttle": 0.6726931929588318, "milliseconds": 196102}