{"cam/image_array": "1574_cam-image_array_.jpg", "user/angle": 0.030396435438093204, "user/throttle": 0.0, "user/mode": "local", "pilot/angle": -0.02349177747964859, "pilot/throttle": 0.6566231846809387, "milliseconds": 362244}