{"cam/image_array": "2383_cam-image_array_.jpg", "user/angle": 0.030396435438093204, "user/throttle": 0.0, "user/mode": "local", "pilot/angle": 0.8451974391937256, "pilot/throttle": 0.4686408042907715, "milliseconds": 543667}