{"cam/image_array": "2004_cam-image_array_.jpg", "user/angle": 0.030396435438093204, "user/throttle": 0.0, "user/mode": "local", "pilot/angle": 0.029236439615488052, "pilot/throttle": 0.7642480731010437, "milliseconds": 458683}