{"cam/image_array": "3471_cam-image_array_.jpg", "user/angle": 0.030396435438093204, "user/throttle": 0.0, "user/mode": "local", "pilot/angle": 0.005560167133808136, "pilot/throttle": 0.754946768283844, "milliseconds": 787624}