{"cam/image_array": "4122_cam-image_array_.jpg", "user/angle": 0.030396435438093204, "user/throttle": 0.0, "user/mode": "local", "pilot/angle": 0.9115113615989685, "pilot/throttle": 0.5753912329673767, "milliseconds": 933586}