{"cam/image_array": "3019_cam-image_array_.jpg", "user/angle": 0.030396435438093204, "user/throttle": 0.0, "user/mode": "local", "pilot/angle": -0.09727851301431656, "pilot/throttle": 0.6554358005523682, "milliseconds": 686277}