{"cam/image_array": "335_cam-image_array_.jpg", "user/angle": 0.030396435438093204, "user/throttle": 0.0, "user/mode": "local", "pilot/angle": 0.11872754991054535, "pilot/throttle": 0.6898881793022156, "milliseconds": 84447}