{"cam/image_array": "4016_cam-image_array_.jpg", "user/angle": 0.030396435438093204, "user/throttle": 0.0, "user/mode": "local", "pilot/angle": -0.07215004414319992, "pilot/throttle": 0.8495453000068665, "milliseconds": 909820}