{"cam/image_array": "2711_cam-image_array_.jpg", "user/angle": 0.030396435438093204, "user/throttle": 0.0, "user/mode": "local", "pilot/angle": 0.8963022828102112, "pilot/throttle": 0.4967493712902069, "milliseconds": 617210}