{"cam/image_array": "1986_cam-image_array_.jpg", "user/angle": 0.030396435438093204, "user/throttle": 0.0, "user/mode": "local", "pilot/angle": 0.6446699500083923, "pilot/throttle": 0.7581979036331177, "milliseconds": 454649}