{"cam/image_array": "4366_cam-image_array_.jpg", "user/angle": 0.030396435438093204, "user/throttle": 0.0, "user/mode": "local", "pilot/angle": 0.9602296948432922, "pilot/throttle": 0.5283707976341248, "milliseconds": 988300}