{"cam/image_array": "4388_cam-image_array_.jpg", "user/angle": 0.030396435438093204, "user/throttle": 0.0, "user/mode": "local", "pilot/angle": -0.4827839136123657, "pilot/throttle": 0.7326731085777283, "milliseconds": 993233}