{"cam/image_array": "1202_cam-image_array_.jpg", "user/angle": 0.030396435438093204, "user/throttle": 0.0, "user/mode": "local", "pilot/angle": -0.3970683217048645, "pilot/throttle": 0.7618904709815979, "milliseconds": 278837}