{"cam/image_array": "1617_cam-image_array_.jpg", "user/angle": 0.030396435438093204, "user/throttle": 0.0, "user/mode": "local", "pilot/angle": 0.03270142897963524, "pilot/throttle": 0.6952467560768127, "milliseconds": 371889}