{"cam/image_array": "872_cam-image_array_.jpg", "user/angle": 0.030396435438093204, "user/throttle": 0.0, "user/mode": "local", "pilot/angle": -0.13191986083984375, "pilot/throttle": 0.7471017837524414, "milliseconds": 204847}