{"cam/image_array": "4454_cam-image_array_.jpg", "user/angle": 0.030396435438093204, "user/throttle": 0.0, "user/mode": "local", "pilot/angle": 0.880312442779541, "pilot/throttle": 0.4522169530391693, "milliseconds": 1008027}