{"cam/image_array": "2826_cam-image_array_.jpg", "user/angle": 0.030396435438093204, "user/throttle": 0.0, "user/mode": "local", "pilot/angle": 0.94637131690979, "pilot/throttle": 0.6342055201530457, "milliseconds": 642992}