{"cam/image_array": "2530_cam-image_array_.jpg", "user/angle": 0.030396435438093204, "user/throttle": 0.0, "user/mode": "local", "pilot/angle": -0.05195657163858414, "pilot/throttle": 0.6429785490036011, "milliseconds": 576628}