{"cam/image_array": "178_cam-image_array_.jpg", "user/angle": 0.030396435438093204, "user/throttle": 0.0, "user/mode": "local", "pilot/angle": 0.9896837472915649, "pilot/throttle": 0.5786327719688416, "milliseconds": 49239}