{"cam/image_array": "1185_cam-image_array_.jpg", "user/angle": 0.030396435438093204, "user/throttle": 0.0, "user/mode": "local", "pilot/angle": -0.07475244253873825, "pilot/throttle": 0.5980159640312195, "milliseconds": 275027}