{"cam/image_array": "3621_cam-image_array_.jpg", "user/angle": 0.030396435438093204, "user/throttle": 0.0, "user/mode": "local", "pilot/angle": -0.07128796726465225, "pilot/throttle": 0.69061279296875, "milliseconds": 821253}