{"cam/image_array": "657_cam-image_array_.jpg", "user/angle": 0.030396435438093204, "user/throttle": 0.0, "user/mode": "local", "pilot/angle": 0.9147176742553711, "pilot/throttle": 0.5859053730964661, "milliseconds": 156638}