{"cam/image_array": "19_cam-image_array_.jpg", "user/angle": 0.030396435438093204, "user/throttle": 0.0, "user/mode": "local", "pilot/angle": -0.0645785704255104, "pilot/throttle": 0.22158336639404297, "milliseconds": 13560}