{"cam/image_array": "4409_cam-image_array_.jpg", "user/angle": 0.030396435438093204, "user/throttle": 0.0, "user/mode": "local", "pilot/angle": 0.8443825840950012, "pilot/throttle": 0.527489185333252, "milliseconds": 997940}