{"cam/image_array": "1723_cam-image_array_.jpg", "user/angle": 0.030396435438093204, "user/throttle": 0.0, "user/mode": "local", "pilot/angle": -0.003044143319129944, "pilot/throttle": 0.6054636240005493, "milliseconds": 395661}