{"cam/image_array": "394_cam-image_array_.jpg", "user/angle": 0.030396435438093204, "user/throttle": 0.0, "user/mode": "local", "pilot/angle": -0.10487460345029831, "pilot/throttle": 0.751815140247345, "milliseconds": 97683}