{"cam/image_array": "3478_cam-image_array_.jpg", "user/angle": 0.030396435438093204, "user/throttle": 0.0, "user/mode": "local", "pilot/angle": 0.41564908623695374, "pilot/throttle": 0.6847303509712219, "milliseconds": 789193}