{"cam/image_array": "4039_cam-image_array_.jpg", "user/angle": 0.030396435438093204, "user/throttle": 0.0, "user/mode": "local", "pilot/angle": -0.007775813341140747, "pilot/throttle": 0.1963837742805481, "milliseconds": 914980}