{"cam/image_array": "1557_cam-image_array_.jpg", "user/angle": 0.030396435438093204, "user/throttle": 0.0, "user/mode": "local", "pilot/angle": 0.16081026196479797, "pilot/throttle": 0.6888845562934875, "milliseconds": 358433}