{"cam/image_array": "1635_cam-image_array_.jpg", "user/angle": 0.030396435438093204, "user/throttle": 0.0, "user/mode": "local", "pilot/angle": 0.2566099762916565, "pilot/throttle": 0.6288145780563354, "milliseconds": 375924}