{"cam/image_array": "781_cam-image_array_.jpg", "user/angle": 0.030396435438093204, "user/throttle": 0.0, "user/mode": "local", "pilot/angle": -0.07362880557775497, "pilot/throttle": 0.7437244057655334, "milliseconds": 184441}