{"cam/image_array": "558_cam-image_array_.jpg", "user/angle": 0.030396435438093204, "user/throttle": 0.0, "user/mode": "local", "pilot/angle": 0.8681361675262451, "pilot/throttle": 0.5923331379890442, "milliseconds": 134450}