{"cam/image_array": "3646_cam-image_array_.jpg", "user/angle": 0.030396435438093204, "user/throttle": 0.0, "user/mode": "local", "pilot/angle": 0.7237980365753174, "pilot/throttle": 0.6044608354568481, "milliseconds": 826861}