{"cam/image_array": "1097_cam-image_array_.jpg", "user/angle": 0.030396435438093204, "user/throttle": 0.0, "user/mode": "local", "pilot/angle": -0.02298368513584137, "pilot/throttle": 0.5521820783615112, "milliseconds": 255296}