{"cam/image_array": "1115_cam-image_array_.jpg", "user/angle": 0.030396435438093204, "user/throttle": 0.0, "user/mode": "local", "pilot/angle": -0.07412297278642654, "pilot/throttle": 0.7727365493774414, "milliseconds": 259334}