{"cam/image_array": "2885_cam-image_array_.jpg", "user/angle": 0.030396435438093204, "user/throttle": 0.0, "user/mode": "local", "pilot/angle": -0.46539872884750366, "pilot/throttle": 0.4403681755065918, "milliseconds": 656221}