{"cam/image_array": "2433_cam-image_array_.jpg", "user/angle": 0.030396435438093204, "user/throttle": 0.0, "user/mode": "local", "pilot/angle": -0.04266498237848282, "pilot/throttle": 0.7651081681251526, "milliseconds": 554879}