{"cam/image_array": "4392_cam-image_array_.jpg", "user/angle": 0.030396435438093204, "user/throttle": 0.0, "user/mode": "local", "pilot/angle": -0.42886823415756226, "pilot/throttle": 0.5952818989753723, "milliseconds": 994129}