{"cam/image_array": "4483_cam-image_array_.jpg", "user/angle": 0.030396435438093204, "user/throttle": 0.0, "user/mode": "local", "pilot/angle": -0.33558812737464905, "pilot/throttle": 0.6835811138153076, "milliseconds": 1014527}