{"cam/image_array": "4390_cam-image_array_.jpg", "user/angle": 0.030396435438093204, "user/throttle": 0.0, "user/mode": "local", "pilot/angle": -0.6509392857551575, "pilot/throttle": 0.7700515985488892, "milliseconds": 993681}