{"cam/image_array": "4380_cam-image_array_.jpg", "user/angle": 0.030396435438093204, "user/throttle": 0.0, "user/mode": "local", "pilot/angle": 0.5730547904968262, "pilot/throttle": 0.6156603097915649, "milliseconds": 991438}