{"cam/image_array": "3128_cam-image_array_.jpg", "user/angle": 0.030396435438093204, "user/throttle": 0.0, "user/mode": "local", "pilot/angle": 0.031518008559942245, "pilot/throttle": 0.704257071018219, "milliseconds": 710714}