{"cam/image_array": "4550_cam-image_array_.jpg", "user/angle": 0.030396435438093204, "user/throttle": 0.0, "user/mode": "local", "pilot/angle": 0.8926630020141602, "pilot/throttle": 0.4161170423030853, "milliseconds": 1029550}