{"cam/image_array": "3365_cam-image_array_.jpg", "user/angle": 0.030396435438093204, "user/throttle": 0.0, "user/mode": "local", "pilot/angle": 0.8446084856987, "pilot/throttle": 0.46671754121780396, "milliseconds": 763855}