{"cam/image_array": "668_cam-image_array_.jpg", "user/angle": 0.030396435438093204, "user/throttle": 0.0, "user/mode": "local", "pilot/angle": 0.07753776013851166, "pilot/throttle": 0.44524750113487244, "milliseconds": 159105}