{"cam/image_array": "3776_cam-image_array_.jpg", "user/angle": 0.030396435438093204, "user/throttle": 0.0, "user/mode": "local", "pilot/angle": -0.09775767475366592, "pilot/throttle": 0.5904721021652222, "milliseconds": 856007}