{"cam/image_array": "2886_cam-image_array_.jpg", "user/angle": 0.030396435438093204, "user/throttle": 0.0, "user/mode": "local", "pilot/angle": -0.46628886461257935, "pilot/throttle": 0.6785809993743896, "milliseconds": 656445}