{"cam/image_array": "455_cam-image_array_.jpg", "user/angle": 0.030396435438093204, "user/throttle": 0.0, "user/mode": "local", "pilot/angle": 0.4931868314743042, "pilot/throttle": 0.594493567943573, "milliseconds": 111358}