{"cam/image_array": "1736_cam-image_array_.jpg", "user/angle": 0.030396435438093204, "user/throttle": 0.0, "user/mode": "local", "pilot/angle": 0.8717404007911682, "pilot/throttle": 0.3421492874622345, "milliseconds": 398577}