{"cam/image_array": "932_cam-image_array_.jpg", "user/angle": 0.030396435438093204, "user/throttle": 0.0, "user/mode": "local", "pilot/angle": 0.6622568368911743, "pilot/throttle": 0.41733989119529724, "milliseconds": 218298}