{"cam/image_array": "3415_cam-image_array_.jpg", "user/angle": 0.030396435438093204, "user/throttle": 0.0, "user/mode": "local", "pilot/angle": 0.5775871276855469, "pilot/throttle": 0.4140006899833679, "milliseconds": 775064}