{"cam/image_array": "4613_cam-image_array_.jpg", "user/angle": 0.030396435438093204, "user/throttle": 0.0, "user/mode": "local", "pilot/angle": 0.8383411765098572, "pilot/throttle": 0.5876805782318115, "milliseconds": 1043732}