{"cam/image_array": "2461_cam-image_array_.jpg", "user/angle": 0.030396435438093204, "user/throttle": 0.0, "user/mode": "local", "pilot/angle": 0.08671442419290543, "pilot/throttle": 0.6805997490882874, "milliseconds": 561158}