{"cam/image_array": "4209_cam-image_array_.jpg", "user/angle": 0.030396435438093204, "user/throttle": 0.0, "user/mode": "local", "pilot/angle": 0.1714969426393509, "pilot/throttle": 0.7798749804496765, "milliseconds": 953103}