{"cam/image_array": "2560_cam-image_array_.jpg", "user/angle": 0.030396435438093204, "user/throttle": 0.0, "user/mode": "local", "pilot/angle": 0.022183232009410858, "pilot/throttle": 0.5329318642616272, "milliseconds": 583357}