{"cam/image_array": "4396_cam-image_array_.jpg", "user/angle": 0.030396435438093204, "user/throttle": 0.0, "user/mode": "local", "pilot/angle": 0.11538725346326828, "pilot/throttle": 0.7132192254066467, "milliseconds": 995026}