{"cam/image_array": "4345_cam-image_array_.jpg", "user/angle": 0.030396435438093204, "user/throttle": 0.0, "user/mode": "local", "pilot/angle": 0.018204685300588608, "pilot/throttle": 0.6527993679046631, "milliseconds": 983592}