{"cam/image_array": "2868_cam-image_array_.jpg", "user/angle": 0.030396435438093204, "user/throttle": 0.0, "user/mode": "local", "pilot/angle": -0.014591872692108154, "pilot/throttle": 0.6142643690109253, "milliseconds": 652408}