{"cam/image_array": "4382_cam-image_array_.jpg", "user/angle": 0.030396435438093204, "user/throttle": 0.0, "user/mode": "local", "pilot/angle": 0.4671412408351898, "pilot/throttle": 0.7012585997581482, "milliseconds": 991887}