{"cam/image_array": "611_cam-image_array_.jpg", "user/angle": 0.030396435438093204, "user/throttle": 0.0, "user/mode": "local", "pilot/angle": 0.881687581539154, "pilot/throttle": 0.17402692139148712, "milliseconds": 146329}