{"cam/image_array": "1472_cam-image_array_.jpg", "user/angle": 0.030396435438093204, "user/throttle": 0.0, "user/mode": "local", "pilot/angle": 0.4380950629711151, "pilot/throttle": 0.6462395191192627, "milliseconds": 339376}