{"cam/image_array": "1368_cam-image_array_.jpg", "user/angle": 0.030396435438093204, "user/throttle": 0.0, "user/mode": "local", "pilot/angle": 0.043245263397693634, "pilot/throttle": 0.6546550393104553, "milliseconds": 316059}