{"cam/image_array": "2585_cam-image_array_.jpg", "user/angle": 0.030396435438093204, "user/throttle": 0.0, "user/mode": "local", "pilot/angle": -0.112788625061512, "pilot/throttle": 0.7277952432632446, "milliseconds": 588962}