{"cam/image_array": "1358_cam-image_array_.jpg", "user/angle": 0.030396435438093204, "user/throttle": 0.0, "user/mode": "local", "pilot/angle": 0.974436342716217, "pilot/throttle": 0.30425089597702026, "milliseconds": 313817}