{"cam/image_array": "2638_cam-image_array_.jpg", "user/angle": 0.030396435438093204, "user/throttle": 0.0, "user/mode": "local", "pilot/angle": 0.8690654635429382, "pilot/throttle": 0.7035324573516846, "milliseconds": 600847}