{"cam/image_array": "2212_cam-image_array_.jpg", "user/angle": 0.030396435438093204, "user/throttle": 0.0, "user/mode": "local", "pilot/angle": -0.036759451031684875, "pilot/throttle": 0.6495636105537415, "milliseconds": 505326}