{"cam/image_array": "100_cam-image_array_.jpg", "user/angle": 0.030396435438093204, "user/throttle": 0.0, "user/mode": "local", "pilot/angle": 0.5324881076812744, "pilot/throttle": 0.35316210985183716, "milliseconds": 31754}