{"cam/image_array": "1331_cam-image_array_.jpg", "user/angle": 0.030396435438093204, "user/throttle": 0.0, "user/mode": "local", "pilot/angle": -0.023976504802703857, "pilot/throttle": 0.6853770613670349, "milliseconds": 307767}