{"cam/image_array": "2912_cam-image_array_.jpg", "user/angle": 0.030396435438093204, "user/throttle": 0.0, "user/mode": "local", "pilot/angle": -0.07053432613611221, "pilot/throttle": 0.8340709209442139, "milliseconds": 662277}