{"cam/image_array": "1828_cam-image_array_.jpg", "user/angle": 0.030396435438093204, "user/throttle": 0.0, "user/mode": "local", "pilot/angle": 0.835121214389801, "pilot/throttle": 0.506969690322876, "milliseconds": 419218}