{"cam/image_array": "3457_cam-image_array_.jpg", "user/angle": 0.030396435438093204, "user/throttle": 0.0, "user/mode": "local", "pilot/angle": 0.7320406436920166, "pilot/throttle": 0.5366553068161011, "milliseconds": 784484}