{"cam/image_array": "4100_cam-image_array_.jpg", "user/angle": 0.030396435438093204, "user/throttle": 0.0, "user/mode": "local", "pilot/angle": 0.5774128437042236, "pilot/throttle": 0.6165960431098938, "milliseconds": 928652}