{"cam/image_array": "4009_cam-image_array_.jpg", "user/angle": 0.030396435438093204, "user/throttle": 0.0, "user/mode": "local", "pilot/angle": -0.4928116798400879, "pilot/throttle": 0.7890253663063049, "milliseconds": 908251}