{"cam/image_array": "3552_cam-image_array_.jpg", "user/angle": 0.030396435438093204, "user/throttle": 0.0, "user/mode": "local", "pilot/angle": 0.2788126766681671, "pilot/throttle": 0.6911528706550598, "milliseconds": 805780}