{"cam/image_array": "4248_cam-image_array_.jpg", "user/angle": 0.030396435438093204, "user/throttle": 0.0, "user/mode": "local", "pilot/angle": -0.09776874631643295, "pilot/throttle": 0.5869994163513184, "milliseconds": 961847}