{"cam/image_array": "1847_cam-image_array_.jpg", "user/angle": 0.030396435438093204, "user/throttle": 0.0, "user/mode": "local", "pilot/angle": -0.02223397046327591, "pilot/throttle": 0.6988630294799805, "milliseconds": 423478}