{"cam/image_array": "1508_cam-image_array_.jpg", "user/angle": 0.030396435438093204, "user/throttle": 0.0, "user/mode": "local", "pilot/angle": -0.06856260448694229, "pilot/throttle": 0.7274484038352966, "milliseconds": 347449}