{"cam/image_array": "2753_cam-image_array_.jpg", "user/angle": 0.030396435438093204, "user/throttle": 0.0, "user/mode": "local", "pilot/angle": 0.06704714894294739, "pilot/throttle": 0.6092807054519653, "milliseconds": 626624}