{"cam/image_array": "2646_cam-image_array_.jpg", "user/angle": 0.030396435438093204, "user/throttle": 0.0, "user/mode": "local", "pilot/angle": -0.0834384635090828, "pilot/throttle": 0.49472296237945557, "milliseconds": 602640}