{"cam/image_array": "788_cam-image_array_.jpg", "user/angle": 0.030396435438093204, "user/throttle": 0.0, "user/mode": "local", "pilot/angle": 0.059169843792915344, "pilot/throttle": 0.6513083577156067, "milliseconds": 186012}