{"cam/image_array": "4461_cam-image_array_.jpg", "user/angle": 0.030396435438093204, "user/throttle": 0.0, "user/mode": "local", "pilot/angle": 0.6499140858650208, "pilot/throttle": 0.5949363112449646, "milliseconds": 1009596}