{"cam/image_array": "3028_cam-image_array_.jpg", "user/angle": 0.030396435438093204, "user/throttle": 0.0, "user/mode": "local", "pilot/angle": 0.08158309012651443, "pilot/throttle": 0.6122886538505554, "milliseconds": 688294}