{"cam/image_array": "449_cam-image_array_.jpg", "user/angle": 0.030396435438093204, "user/throttle": 0.0, "user/mode": "local", "pilot/angle": -0.6465345621109009, "pilot/throttle": 0.6585439443588257, "milliseconds": 110012}