{"cam/image_array": "1195_cam-image_array_.jpg", "user/angle": 0.030396435438093204, "user/throttle": 0.0, "user/mode": "local", "pilot/angle": 0.2950703799724579, "pilot/throttle": 0.6399533152580261, "milliseconds": 277268}