{"cam/image_array": "1594_cam-image_array_.jpg", "user/angle": 0.030396435438093204, "user/throttle": 0.0, "user/mode": "local", "pilot/angle": 0.9579359889030457, "pilot/throttle": 0.6052312850952148, "milliseconds": 366730}