{"cam/image_array": "3663_cam-image_array_.jpg", "user/angle": 0.030396435438093204, "user/throttle": 0.0, "user/mode": "local", "pilot/angle": -0.017482586205005646, "pilot/throttle": 0.6260380148887634, "milliseconds": 830674}