{"cam/image_array": "2063_cam-image_array_.jpg", "user/angle": 0.030396435438093204, "user/throttle": 0.0, "user/mode": "local", "pilot/angle": 0.5335403680801392, "pilot/throttle": 0.8044359683990479, "milliseconds": 471917}