{"cam/image_array": "578_cam-image_array_.jpg", "user/angle": 0.030396435438093204, "user/throttle": 0.0, "user/mode": "local", "pilot/angle": 0.6226149797439575, "pilot/throttle": 0.7049989700317383, "milliseconds": 138934}