{"cam/image_array": "1932_cam-image_array_.jpg", "user/angle": 0.030396435438093204, "user/throttle": 0.0, "user/mode": "local", "pilot/angle": 0.09169777482748032, "pilot/throttle": 0.725216269493103, "milliseconds": 442541}