{"cam/image_array": "3204_cam-image_array_.jpg", "user/angle": 0.030396435438093204, "user/throttle": 0.0, "user/mode": "local", "pilot/angle": 0.17331264913082123, "pilot/throttle": 0.6533315777778625, "milliseconds": 727755}