{"cam/image_array": "2088_cam-image_array_.jpg", "user/angle": 0.030396435438093204, "user/throttle": 0.0, "user/mode": "local", "pilot/angle": -0.04160670191049576, "pilot/throttle": 0.7233325839042664, "milliseconds": 477523}