{"cam/image_array": "2162_cam-image_array_.jpg", "user/angle": 0.030396435438093204, "user/throttle": 0.0, "user/mode": "local", "pilot/angle": 0.09231112897396088, "pilot/throttle": 0.7349183559417725, "milliseconds": 494116}