{"cam/image_array": "4480_cam-image_array_.jpg", "user/angle": 0.030396435438093204, "user/throttle": 0.0, "user/mode": "local", "pilot/angle": -0.2617427110671997, "pilot/throttle": 0.7009506821632385, "milliseconds": 1013854}