{"cam/image_array": "1640_cam-image_array_.jpg", "user/angle": 0.030396435438093204, "user/throttle": 0.0, "user/mode": "local", "pilot/angle": 0.6952317357063293, "pilot/throttle": 0.23001506924629211, "milliseconds": 377047}