{"cam/image_array": "4533_cam-image_array_.jpg", "user/angle": 0.030396435438093204, "user/throttle": 0.0, "user/mode": "local", "pilot/angle": 0.07701046019792557, "pilot/throttle": 0.5073695182800293, "milliseconds": 1025737}