{"cam/image_array": "3884_cam-image_array_.jpg", "user/angle": 0.030396435438093204, "user/throttle": 0.0, "user/mode": "local", "pilot/angle": 0.5207821130752563, "pilot/throttle": 0.5300189852714539, "milliseconds": 880228}