{"cam/image_array": "2740_cam-image_array_.jpg", "user/angle": 0.030396435438093204, "user/throttle": 0.0, "user/mode": "local", "pilot/angle": -0.10698459297418594, "pilot/throttle": 0.7221304774284363, "milliseconds": 623711}