{"cam/image_array": "987_cam-image_array_.jpg", "user/angle": 0.030396435438093204, "user/throttle": 0.0, "user/mode": "local", "pilot/angle": 0.9579192399978638, "pilot/throttle": 0.3656170666217804, "milliseconds": 230634}