{"cam/image_array": "121_cam-image_array_.jpg", "user/angle": 0.030396435438093204, "user/throttle": 0.0, "user/mode": "local", "pilot/angle": 0.04379471391439438, "pilot/throttle": 0.6870323419570923, "milliseconds": 36461}