{"cam/image_array": "703_cam-image_array_.jpg", "user/angle": 0.030396435438093204, "user/throttle": 0.0, "user/mode": "local", "pilot/angle": 0.649671733379364, "pilot/throttle": 0.45704883337020874, "milliseconds": 166950}