{"cam/image_array": "3689_cam-image_array_.jpg", "user/angle": 0.030396435438093204, "user/throttle": 0.0, "user/mode": "local", "pilot/angle": 0.016708821058273315, "pilot/throttle": 0.6825932860374451, "milliseconds": 836503}