{"cam/image_array": "3802_cam-image_array_.jpg", "user/angle": 0.030396435438093204, "user/throttle": 0.0, "user/mode": "local", "pilot/angle": 0.9024707674980164, "pilot/throttle": 0.506310224533081, "milliseconds": 861837}