{"cam/image_array": "2737_cam-image_array_.jpg", "user/angle": 0.030396435438093204, "user/throttle": 0.0, "user/mode": "local", "pilot/angle": -0.14681938290596008, "pilot/throttle": 0.7876793146133423, "milliseconds": 623039}