{"cam/image_array": "1526_cam-image_array_.jpg", "user/angle": 0.030396435438093204, "user/throttle": 0.0, "user/mode": "local", "pilot/angle": -0.04374643415212631, "pilot/throttle": 0.579382061958313, "milliseconds": 351482}