{"cam/image_array": "2421_cam-image_array_.jpg", "user/angle": 0.030396435438093204, "user/throttle": 0.0, "user/mode": "local", "pilot/angle": 0.9805492162704468, "pilot/throttle": 0.7214559316635132, "milliseconds": 552189}