{"cam/image_array": "1035_cam-image_array_.jpg", "user/angle": 0.030396435438093204, "user/throttle": 0.0, "user/mode": "local", "pilot/angle": 0.8499258756637573, "pilot/throttle": 0.5485551357269287, "milliseconds": 241395}