{"cam/image_array": "4298_cam-image_array_.jpg", "user/angle": 0.030396435438093204, "user/throttle": 0.0, "user/mode": "local", "pilot/angle": -0.22240841388702393, "pilot/throttle": 0.7151301503181458, "milliseconds": 973053}