{"cam/image_array": "910_cam-image_array_.jpg", "user/angle": 0.030396435438093204, "user/throttle": 0.0, "user/mode": "local", "pilot/angle": 0.008953273296356201, "pilot/throttle": 0.6047785878181458, "milliseconds": 213363}