{"cam/image_array": "3250_cam-image_array_.jpg", "user/angle": 0.030396435438093204, "user/throttle": 0.0, "user/mode": "local", "pilot/angle": 0.5219646096229553, "pilot/throttle": 0.6722099184989929, "milliseconds": 738070}