{"cam/image_array": "1606_cam-image_array_.jpg", "user/angle": 0.030396435438093204, "user/throttle": 0.0, "user/mode": "local", "pilot/angle": 0.0881011039018631, "pilot/throttle": 0.8170307278633118, "milliseconds": 369423}