{"cam/image_array": "1167_cam-image_array_.jpg", "user/angle": 0.030396435438093204, "user/throttle": 0.0, "user/mode": "local", "pilot/angle": 0.38118869066238403, "pilot/throttle": 0.65138179063797, "milliseconds": 270991}