{"cam/image_array": "4101_cam-image_array_.jpg", "user/angle": 0.030396435438093204, "user/throttle": 0.0, "user/mode": "local", "pilot/angle": 0.7614152431488037, "pilot/throttle": 0.6593700647354126, "milliseconds": 928877}