{"cam/image_array": "3681_cam-image_array_.jpg", "user/angle": 0.030396435438093204, "user/throttle": 0.0, "user/mode": "local", "pilot/angle": -0.05664486438035965, "pilot/throttle": 0.6678409576416016, "milliseconds": 834709}