{"cam/image_array": "90_cam-image_array_.jpg", "user/angle": 0.030396435438093204, "user/throttle": 0.0, "user/mode": "local", "pilot/angle": 0.5328935384750366, "pilot/throttle": 0.7784964442253113, "milliseconds": 29513}