{"cam/image_array": "4509_cam-image_array_.jpg", "user/angle": 0.030396435438093204, "user/throttle": 0.0, "user/mode": "local", "pilot/angle": 0.01355888694524765, "pilot/throttle": 0.7894917130470276, "milliseconds": 1020357}