{"cam/image_array": "3534_cam-image_array_.jpg", "user/angle": 0.030396435438093204, "user/throttle": 0.0, "user/mode": "local", "pilot/angle": 0.7468348145484924, "pilot/throttle": 0.652614176273346, "milliseconds": 801744}