{"cam/image_array": "3994_cam-image_array_.jpg", "user/angle": 0.030396435438093204, "user/throttle": 0.0, "user/mode": "local", "pilot/angle": -0.12773627042770386, "pilot/throttle": 0.7882551550865173, "milliseconds": 904889}