{"cam/image_array": "996_cam-image_array_.jpg", "user/angle": 0.030396435438093204, "user/throttle": 0.0, "user/mode": "local", "pilot/angle": 0.17920461297035217, "pilot/throttle": 0.7080013155937195, "milliseconds": 232653}