{"cam/image_array": "573_cam-image_array_.jpg", "user/angle": 0.030396435438093204, "user/throttle": 0.0, "user/mode": "local", "pilot/angle": -0.04290059953927994, "pilot/throttle": 0.7561256885528564, "milliseconds": 137812}