{"cam/image_array": "226_cam-image_array_.jpg", "user/angle": 0.030396435438093204, "user/throttle": 0.0, "user/mode": "local", "pilot/angle": 0.6519363522529602, "pilot/throttle": 0.669468879699707, "milliseconds": 60008}