{"cam/image_array": "2945_cam-image_array_.jpg", "user/angle": 0.030396435438093204, "user/throttle": 0.0, "user/mode": "local", "pilot/angle": 0.415253609418869, "pilot/throttle": 0.7797003984451294, "milliseconds": 669676}