{"cam/image_array": "1408_cam-image_array_.jpg", "user/angle": 0.030396435438093204, "user/throttle": 0.0, "user/mode": "local", "pilot/angle": 0.5948874354362488, "pilot/throttle": 0.6934624314308167, "milliseconds": 325027}