{"cam/image_array": "2890_cam-image_array_.jpg", "user/angle": 0.030396435438093204, "user/throttle": 0.0, "user/mode": "local", "pilot/angle": -0.3794444799423218, "pilot/throttle": 0.696147084236145, "milliseconds": 657342}