{"cam/image_array": "2739_cam-image_array_.jpg", "user/angle": 0.030396435438093204, "user/throttle": 0.0, "user/mode": "local", "pilot/angle": -0.12150023132562637, "pilot/throttle": 0.7572363615036011, "milliseconds": 623487}