{"cam/image_array": "1462_cam-image_array_.jpg", "user/angle": 0.030396435438093204, "user/throttle": 0.0, "user/mode": "local", "pilot/angle": 0.6844577193260193, "pilot/throttle": 0.6004277467727661, "milliseconds": 337135}