{"cam/image_array": "1662_cam-image_array_.jpg", "user/angle": 0.030396435438093204, "user/throttle": 0.0, "user/mode": "local", "pilot/angle": 0.5275492072105408, "pilot/throttle": 0.5841723680496216, "milliseconds": 381980}