{"cam/image_array": "3093_cam-image_array_.jpg", "user/angle": 0.030396435438093204, "user/throttle": 0.0, "user/mode": "local", "pilot/angle": 0.17795975506305695, "pilot/throttle": 0.7935181856155396, "milliseconds": 702870}