{"cam/image_array": "2406_cam-image_array_.jpg", "user/angle": 0.030396435438093204, "user/throttle": 0.0, "user/mode": "local", "pilot/angle": 0.1378515064716339, "pilot/throttle": 0.668622612953186, "milliseconds": 548821}