{"cam/image_array": "1173_cam-image_array_.jpg", "user/angle": 0.030396435438093204, "user/throttle": 0.0, "user/mode": "local", "pilot/angle": 0.848436713218689, "pilot/throttle": 0.42957332730293274, "milliseconds": 272337}