{"cam/image_array": "878_cam-image_array_.jpg", "user/angle": 0.030396435438093204, "user/throttle": 0.0, "user/mode": "local", "pilot/angle": -0.04054827243089676, "pilot/throttle": 0.6233541965484619, "milliseconds": 206192}