{"cam/image_array": "358_cam-image_array_.jpg", "user/angle": 0.030396435438093204, "user/throttle": 0.0, "user/mode": "local", "pilot/angle": -0.09832928329706192, "pilot/throttle": 0.737732470035553, "milliseconds": 89607}