{"cam/image_array": "629_cam-image_array_.jpg", "user/angle": 0.030396435438093204, "user/throttle": 0.0, "user/mode": "local", "pilot/angle": 0.629493236541748, "pilot/throttle": 0.7434226870536804, "milliseconds": 150362}