{"cam/image_array": "4037_cam-image_array_.jpg", "user/angle": 0.030396435438093204, "user/throttle": 0.0, "user/mode": "local", "pilot/angle": 0.021682891994714737, "pilot/throttle": 0.6809961199760437, "milliseconds": 914532}