{"cam/image_array": "1906_cam-image_array_.jpg", "user/angle": 0.030396435438093204, "user/throttle": 0.0, "user/mode": "local", "pilot/angle": -0.10814560204744339, "pilot/throttle": 0.7622179388999939, "milliseconds": 436708}