{"cam/image_array": "2669_cam-image_array_.jpg", "user/angle": 0.030396435438093204, "user/throttle": 0.0, "user/mode": "local", "pilot/angle": 0.8845610022544861, "pilot/throttle": 0.4204762578010559, "milliseconds": 607794}