{"cam/image_array": "3590_cam-image_array_.jpg", "user/angle": 0.030396435438093204, "user/throttle": 0.0, "user/mode": "local", "pilot/angle": 0.013119902461767197, "pilot/throttle": 0.6465089917182922, "milliseconds": 814299}