{"cam/image_array": "1581_cam-image_array_.jpg", "user/angle": 0.030396435438093204, "user/throttle": 0.0, "user/mode": "local", "pilot/angle": -0.48128968477249146, "pilot/throttle": 0.5667563080787659, "milliseconds": 363816}