{"cam/image_array": "927_cam-image_array_.jpg", "user/angle": 0.030396435438093204, "user/throttle": 0.0, "user/mode": "local", "pilot/angle": -0.4338134527206421, "pilot/throttle": 0.6850823760032654, "milliseconds": 217175}