{"cam/image_array": "2109_cam-image_array_.jpg", "user/angle": 0.030396435438093204, "user/throttle": 0.0, "user/mode": "local", "pilot/angle": 0.8680248856544495, "pilot/throttle": 0.473459392786026, "milliseconds": 482231}