{"cam/image_array": "1833_cam-image_array_.jpg", "user/angle": 0.030396435438093204, "user/throttle": 0.0, "user/mode": "local", "pilot/angle": 0.8451630473136902, "pilot/throttle": 0.420404314994812, "milliseconds": 420340}