{"cam/image_array": "1492_cam-image_array_.jpg", "user/angle": 0.030396435438093204, "user/throttle": 0.0, "user/mode": "local", "pilot/angle": 0.6047279834747314, "pilot/throttle": 0.3336345851421356, "milliseconds": 343861}