{"cam/image_array": "3828_cam-image_array_.jpg", "user/angle": 0.030396435438093204, "user/throttle": 0.0, "user/mode": "local", "pilot/angle": -0.5416235327720642, "pilot/throttle": 0.5250405669212341, "milliseconds": 867665}