{"cam/image_array": "3187_cam-image_array_.jpg", "user/angle": 0.030396435438093204, "user/throttle": 0.0, "user/mode": "local", "pilot/angle": 0.6524579524993896, "pilot/throttle": 0.7772025465965271, "milliseconds": 723944}