{"cam/image_array": "2160_cam-image_array_.jpg", "user/angle": 0.030396435438093204, "user/throttle": 0.0, "user/mode": "local", "pilot/angle": -0.025417819619178772, "pilot/throttle": 0.7857952117919922, "milliseconds": 493668}