{"cam/image_array": "2442_cam-image_array_.jpg", "user/angle": 0.030396435438093204, "user/throttle": 0.0, "user/mode": "local", "pilot/angle": 0.6477348804473877, "pilot/throttle": 0.51201331615448, "milliseconds": 556899}