{"cam/image_array": "4530_cam-image_array_.jpg", "user/angle": 0.030396435438093204, "user/throttle": 0.0, "user/mode": "local", "pilot/angle": 0.09054897725582123, "pilot/throttle": 0.5068039298057556, "milliseconds": 1025065}