{"cam/image_array": "1698_cam-image_array_.jpg", "user/angle": 0.030396435438093204, "user/throttle": 0.0, "user/mode": "local", "pilot/angle": 0.05893948674201965, "pilot/throttle": 0.6146080493927002, "milliseconds": 390058}