{"cam/image_array": "1547_cam-image_array_.jpg", "user/angle": 0.030396435438093204, "user/throttle": 0.0, "user/mode": "local", "pilot/angle": 0.8106427192687988, "pilot/throttle": 0.38210055232048035, "milliseconds": 356192}