{"cam/image_array": "1693_cam-image_array_.jpg", "user/angle": 0.030396435438093204, "user/throttle": 0.0, "user/mode": "local", "pilot/angle": 0.06996548175811768, "pilot/throttle": 0.6221413612365723, "milliseconds": 388938}