{"cam/image_array": "3658_cam-image_array_.jpg", "user/angle": 0.030396435438093204, "user/throttle": 0.0, "user/mode": "local", "pilot/angle": 0.5546360015869141, "pilot/throttle": 0.810651421546936, "milliseconds": 829553}