{"cam/image_array": "3257_cam-image_array_.jpg", "user/angle": 0.030396435438093204, "user/throttle": 0.0, "user/mode": "local", "pilot/angle": -0.00403255969285965, "pilot/throttle": 0.6098884344100952, "milliseconds": 739640}