{"cam/image_array": "2707_cam-image_array_.jpg", "user/angle": 0.030396435438093204, "user/throttle": 0.0, "user/mode": "local", "pilot/angle": 0.9620596170425415, "pilot/throttle": 0.6404522061347961, "milliseconds": 616312}