{"cam/image_array": "4187_cam-image_array_.jpg", "user/angle": 0.030396435438093204, "user/throttle": 0.0, "user/mode": "local", "pilot/angle": -0.2797524929046631, "pilot/throttle": 0.72792649269104, "milliseconds": 948165}