{"cam/image_array": "3587_cam-image_array_.jpg", "user/angle": 0.030396435438093204, "user/throttle": 0.0, "user/mode": "local", "pilot/angle": -0.08374441415071487, "pilot/throttle": 0.7329243421554565, "milliseconds": 813627}