{"cam/image_array": "3109_cam-image_array_.jpg", "user/angle": 0.030396435438093204, "user/throttle": 0.0, "user/mode": "local", "pilot/angle": 0.12370485812425613, "pilot/throttle": 0.6851496696472168, "milliseconds": 706457}