{"cam/image_array": "2326_cam-image_array_.jpg", "user/angle": 0.030396435438093204, "user/throttle": 0.0, "user/mode": "local", "pilot/angle": 0.5605427622795105, "pilot/throttle": 0.666415810585022, "milliseconds": 530888}