{"cam/image_array": "3206_cam-image_array_.jpg", "user/angle": 0.030396435438093204, "user/throttle": 0.0, "user/mode": "local", "pilot/angle": -0.01607334613800049, "pilot/throttle": 0.6697017550468445, "milliseconds": 728202}