{"cam/image_array": "3991_cam-image_array_.jpg", "user/angle": 0.030396435438093204, "user/throttle": 0.0, "user/mode": "local", "pilot/angle": 0.12186333537101746, "pilot/throttle": 0.7533012628555298, "milliseconds": 904216}