{"cam/image_array": "2903_cam-image_array_.jpg", "user/angle": 0.030396435438093204, "user/throttle": 0.0, "user/mode": "local", "pilot/angle": 0.6823534369468689, "pilot/throttle": 0.6623744368553162, "milliseconds": 660258}