{"cam/image_array": "3869_cam-image_array_.jpg", "user/angle": 0.030396435438093204, "user/throttle": 0.0, "user/mode": "local", "pilot/angle": -0.08676131814718246, "pilot/throttle": 0.6252899169921875, "milliseconds": 876861}