{"cam/image_array": "2933_cam-image_array_.jpg", "user/angle": 0.030396435438093204, "user/throttle": 0.0, "user/mode": "local", "pilot/angle": -0.04157615453004837, "pilot/throttle": 0.6734546422958374, "milliseconds": 666985}