{"cam/image_array": "2907_cam-image_array_.jpg", "user/angle": 0.030396435438093204, "user/throttle": 0.0, "user/mode": "local", "pilot/angle": 0.6155200004577637, "pilot/throttle": 0.6518603563308716, "milliseconds": 661155}