{"cam/image_array": "1306_cam-image_array_.jpg", "user/angle": 0.030396435438093204, "user/throttle": 0.0, "user/mode": "local", "pilot/angle": 0.8272835612297058, "pilot/throttle": 0.5032752752304077, "milliseconds": 302163}