{"cam/image_array": "1510_cam-image_array_.jpg", "user/angle": 0.030396435438093204, "user/throttle": 0.0, "user/mode": "local", "pilot/angle": 0.017601504921913147, "pilot/throttle": 0.7260323762893677, "milliseconds": 347897}