{"cam/image_array": "305_cam-image_array_.jpg", "user/angle": 0.030396435438093204, "user/throttle": 0.0, "user/mode": "local", "pilot/angle": -0.06764250248670578, "pilot/throttle": 0.7142147421836853, "milliseconds": 77723}