{"cam/image_array": "2321_cam-image_array_.jpg", "user/angle": 0.030396435438093204, "user/throttle": 0.0, "user/mode": "local", "pilot/angle": -0.466800332069397, "pilot/throttle": 0.5973926782608032, "milliseconds": 529767}