{"cam/image_array": "3503_cam-image_array_.jpg", "user/angle": 0.030396435438093204, "user/throttle": 0.0, "user/mode": "local", "pilot/angle": 0.013810914009809494, "pilot/throttle": 0.7087776064872742, "milliseconds": 794795}