{"cam/image_array": "2543_cam-image_array_.jpg", "user/angle": 0.030396435438093204, "user/throttle": 0.0, "user/mode": "local", "pilot/angle": 0.8477149605751038, "pilot/throttle": 0.6116283535957336, "milliseconds": 579544}