{"cam/image_array": "3263_cam-image_array_.jpg", "user/angle": 0.030396435438093204, "user/throttle": 0.0, "user/mode": "local", "pilot/angle": -0.7264004945755005, "pilot/throttle": 0.4986576437950134, "milliseconds": 740986}