{"cam/image_array": "3984_cam-image_array_.jpg", "user/angle": 0.030396435438093204, "user/throttle": 0.0, "user/mode": "local", "pilot/angle": 0.9147690534591675, "pilot/throttle": 0.35204169154167175, "milliseconds": 902647}