{"cam/image_array": "2650_cam-image_array_.jpg", "user/angle": 0.030396435438093204, "user/throttle": 0.0, "user/mode": "local", "pilot/angle": -0.06095368415117264, "pilot/throttle": 0.6908521056175232, "milliseconds": 603536}