{"cam/image_array": "782_cam-image_array_.jpg", "user/angle": 0.030396435438093204, "user/throttle": 0.0, "user/mode": "local", "pilot/angle": -0.09446463733911514, "pilot/throttle": 0.761599063873291, "milliseconds": 184665}