{"cam/image_array": "3173_cam-image_array_.jpg", "user/angle": 0.030396435438093204, "user/throttle": 0.0, "user/mode": "local", "pilot/angle": -0.01574578881263733, "pilot/throttle": 0.5865599513053894, "milliseconds": 720805}