{"cam/image_array": "2656_cam-image_array_.jpg", "user/angle": 0.030396435438093204, "user/throttle": 0.0, "user/mode": "local", "pilot/angle": -0.001744203269481659, "pilot/throttle": 0.7663743495941162, "milliseconds": 604880}