{"cam/image_array": "3063_cam-image_array_.jpg", "user/angle": 0.030396435438093204, "user/throttle": 0.0, "user/mode": "local", "pilot/angle": 0.5652381181716919, "pilot/throttle": 0.7040570378303528, "milliseconds": 696140}