{"cam/image_array": "248_cam-image_array_.jpg", "user/angle": 0.030396435438093204, "user/throttle": 0.0, "user/mode": "local", "pilot/angle": 0.787044882774353, "pilot/throttle": 0.6499637365341187, "milliseconds": 64944}