{"cam/image_array": "302_cam-image_array_.jpg", "user/angle": 0.030396435438093204, "user/throttle": 0.0, "user/mode": "local", "pilot/angle": -0.10391011089086533, "pilot/throttle": 0.7726119160652161, "milliseconds": 77052}