{"cam/image_array": "1168_cam-image_array_.jpg", "user/angle": 0.030396435438093204, "user/throttle": 0.0, "user/mode": "local", "pilot/angle": 0.5806535482406616, "pilot/throttle": 0.42213577032089233, "milliseconds": 271215}