{"cam/image_array": "534_cam-image_array_.jpg", "user/angle": 0.030396435438093204, "user/throttle": 0.0, "user/mode": "local", "pilot/angle": -0.016531653702259064, "pilot/throttle": 0.7253055572509766, "milliseconds": 129069}