{"cam/image_array": "2699_cam-image_array_.jpg", "user/angle": 0.030396435438093204, "user/throttle": 0.0, "user/mode": "local", "pilot/angle": -0.17784619331359863, "pilot/throttle": 0.7290024161338806, "milliseconds": 614518}