{"cam/image_array": "817_cam-image_array_.jpg", "user/angle": 0.030396435438093204, "user/throttle": 0.0, "user/mode": "local", "pilot/angle": -0.19905883073806763, "pilot/throttle": 0.78762286901474, "milliseconds": 192515}