{"cam/image_array": "398_cam-image_array_.jpg", "user/angle": 0.030396435438093204, "user/throttle": 0.0, "user/mode": "local", "pilot/angle": -0.01271577924489975, "pilot/throttle": 0.6758392453193665, "milliseconds": 98579}