{"cam/image_array": "1087_cam-image_array_.jpg", "user/angle": 0.030396435438093204, "user/throttle": 0.0, "user/mode": "local", "pilot/angle": 0.7546473741531372, "pilot/throttle": 0.4775887131690979, "milliseconds": 253055}