{"cam/image_array": "1665_cam-image_array_.jpg", "user/angle": 0.030396435438093204, "user/throttle": 0.0, "user/mode": "local", "pilot/angle": 0.3963567018508911, "pilot/throttle": 0.7332330942153931, "milliseconds": 382653}