{"cam/image_array": "1735_cam-image_array_.jpg", "user/angle": 0.030396435438093204, "user/throttle": 0.0, "user/mode": "local", "pilot/angle": 0.9516762495040894, "pilot/throttle": 0.44372186064720154, "milliseconds": 398353}