{"cam/image_array": "4143_cam-image_array_.jpg", "user/angle": 0.030396435438093204, "user/throttle": 0.0, "user/mode": "local", "pilot/angle": 0.9548620581626892, "pilot/throttle": 0.7393143177032471, "milliseconds": 938293}