{"cam/image_array": "1689_cam-image_array_.jpg", "user/angle": 0.030396435438093204, "user/throttle": 0.0, "user/mode": "local", "pilot/angle": 0.8160717487335205, "pilot/throttle": 0.7222338318824768, "milliseconds": 388042}