{"cam/image_array": "2472_cam-image_array_.jpg", "user/angle": 0.030396435438093204, "user/throttle": 0.0, "user/mode": "local", "pilot/angle": 0.5875519514083862, "pilot/throttle": 0.47441211342811584, "milliseconds": 563624}