{"cam/image_array": "1841_cam-image_array_.jpg", "user/angle": 0.030396435438093204, "user/throttle": 0.0, "user/mode": "local", "pilot/angle": -0.0068357884883880615, "pilot/throttle": 0.6233852505683899, "milliseconds": 422132}