{"cam/image_array": "571_cam-image_array_.jpg", "user/angle": 0.030396435438093204, "user/throttle": 0.0, "user/mode": "local", "pilot/angle": -0.09209989756345749, "pilot/throttle": 0.7404909133911133, "milliseconds": 137364}