{"cam/image_array": "1551_cam-image_array_.jpg", "user/angle": 0.030396435438093204, "user/throttle": 0.0, "user/mode": "local", "pilot/angle": 0.9780266284942627, "pilot/throttle": 0.31542152166366577, "milliseconds": 357089}