{"cam/image_array": "2854_cam-image_array_.jpg", "user/angle": 0.030396435438093204, "user/throttle": 0.0, "user/mode": "local", "pilot/angle": 0.8020560145378113, "pilot/throttle": 0.4027661681175232, "milliseconds": 649270}