{"cam/image_array": "589_cam-image_array_.jpg", "user/angle": 0.030396435438093204, "user/throttle": 0.0, "user/mode": "local", "pilot/angle": -0.09211183339357376, "pilot/throttle": 0.6632031798362732, "milliseconds": 141400}