{"cam/image_array": "876_cam-image_array_.jpg", "user/angle": 0.030396435438093204, "user/throttle": 0.0, "user/mode": "local", "pilot/angle": -0.04088909924030304, "pilot/throttle": 0.6460529565811157, "milliseconds": 205743}