{"cam/image_array": "3303_cam-image_array_.jpg", "user/angle": 0.030396435438093204, "user/throttle": 0.0, "user/mode": "local", "pilot/angle": -0.08848138898611069, "pilot/throttle": 0.731555163860321, "milliseconds": 749953}