{"cam/image_array": "1806_cam-image_array_.jpg", "user/angle": 0.030396435438093204, "user/throttle": 0.0, "user/mode": "local", "pilot/angle": -0.07219024747610092, "pilot/throttle": 0.7184049487113953, "milliseconds": 414285}