{"cam/image_array": "1615_cam-image_array_.jpg", "user/angle": 0.030396435438093204, "user/throttle": 0.0, "user/mode": "local", "pilot/angle": 0.7990691065788269, "pilot/throttle": 0.6261205673217773, "milliseconds": 371440}