{"cam/image_array": "676_cam-image_array_.jpg", "user/angle": 0.030396435438093204, "user/throttle": 0.0, "user/mode": "local", "pilot/angle": 0.8250860571861267, "pilot/throttle": 0.7125971913337708, "milliseconds": 160898}