{"cam/image_array": "2882_cam-image_array_.jpg", "user/angle": 0.030396435438093204, "user/throttle": 0.0, "user/mode": "local", "pilot/angle": 0.057837437838315964, "pilot/throttle": 0.6395498514175415, "milliseconds": 655548}