{"cam/image_array": "3012_cam-image_array_.jpg", "user/angle": 0.030396435438093204, "user/throttle": 0.0, "user/mode": "local", "pilot/angle": 0.9243789315223694, "pilot/throttle": 0.6946280002593994, "milliseconds": 684705}