{"cam/image_array": "911_cam-image_array_.jpg", "user/angle": 0.030396435438093204, "user/throttle": 0.0, "user/mode": "local", "pilot/angle": 0.4421011209487915, "pilot/throttle": 0.7125776410102844, "milliseconds": 213587}