{"cam/image_array": "718_cam-image_array_.jpg", "user/angle": 0.030396435438093204, "user/throttle": 0.0, "user/mode": "local", "pilot/angle": -0.19657036662101746, "pilot/throttle": 0.5802627801895142, "milliseconds": 170311}