{"cam/image_array": "3340_cam-image_array_.jpg", "user/angle": 0.030396435438093204, "user/throttle": 0.0, "user/mode": "local", "pilot/angle": -0.25725772976875305, "pilot/throttle": 0.7170607447624207, "milliseconds": 758249}