{"cam/image_array": "1155_cam-image_array_.jpg", "user/angle": 0.030396435438093204, "user/throttle": 0.0, "user/mode": "local", "pilot/angle": -0.01712176203727722, "pilot/throttle": 0.5893580317497253, "milliseconds": 268302}