{"cam/image_array": "1877_cam-image_array_.jpg", "user/angle": 0.030396435438093204, "user/throttle": 0.0, "user/mode": "local", "pilot/angle": 0.744783341884613, "pilot/throttle": 0.6697357296943665, "milliseconds": 430208}