{"cam/image_array": "1317_cam-image_array_.jpg", "user/angle": 0.030396435438093204, "user/throttle": 0.0, "user/mode": "local", "pilot/angle": -0.0073356181383132935, "pilot/throttle": 0.6776716113090515, "milliseconds": 304629}