{"cam/image_array": "3445_cam-image_array_.jpg", "user/angle": 0.030396435438093204, "user/throttle": 0.0, "user/mode": "local", "pilot/angle": 0.0024968162178993225, "pilot/throttle": 0.6320367455482483, "milliseconds": 781794}