{"cam/image_array": "261_cam-image_array_.jpg", "user/angle": 0.030396435438093204, "user/throttle": 0.0, "user/mode": "local", "pilot/angle": -0.5470387935638428, "pilot/throttle": 0.74101322889328, "milliseconds": 67858}