{"cam/image_array": "1380_cam-image_array_.jpg", "user/angle": 0.030396435438093204, "user/throttle": 0.0, "user/mode": "local", "pilot/angle": 0.9551633596420288, "pilot/throttle": 0.5910086035728455, "milliseconds": 318750}