{"cam/image_array": "1644_cam-image_array_.jpg", "user/angle": 0.030396435438093204, "user/throttle": 0.0, "user/mode": "local", "pilot/angle": 0.8657892346382141, "pilot/throttle": 0.40336495637893677, "milliseconds": 377945}