{"cam/image_array": "2306_cam-image_array_.jpg", "user/angle": 0.030396435438093204, "user/throttle": 0.0, "user/mode": "local", "pilot/angle": 0.06994885206222534, "pilot/throttle": 0.6935849189758301, "milliseconds": 526402}