{"cam/image_array": "3049_cam-image_array_.jpg", "user/angle": 0.030396435438093204, "user/throttle": 0.0, "user/mode": "local", "pilot/angle": 0.8020245432853699, "pilot/throttle": 0.3946208655834198, "milliseconds": 693001}