{"cam/image_array": "1456_cam-image_array_.jpg", "user/angle": 0.030396435438093204, "user/throttle": 0.0, "user/mode": "local", "pilot/angle": 0.8245130181312561, "pilot/throttle": 0.4185861349105835, "milliseconds": 335788}