{"cam/image_array": "3611_cam-image_array_.jpg", "user/angle": 0.030396435438093204, "user/throttle": 0.0, "user/mode": "local", "pilot/angle": 0.9098802804946899, "pilot/throttle": 0.43309643864631653, "milliseconds": 819007}