{"cam/image_array": "22_cam-image_array_.jpg", "user/angle": 0.030396435438093204, "user/throttle": 0.0, "user/mode": "local", "pilot/angle": -0.057865120470523834, "pilot/throttle": 0.28281301259994507, "milliseconds": 14233}