{"cam/image_array": "1910_cam-image_array_.jpg", "user/angle": 0.030396435438093204, "user/throttle": 0.0, "user/mode": "local", "pilot/angle": 0.0081515833735466, "pilot/throttle": 0.6532750725746155, "milliseconds": 437605}