{"cam/image_array": "1919_cam-image_array_.jpg", "user/angle": 0.030396435438093204, "user/throttle": 0.0, "user/mode": "local", "pilot/angle": 0.6666184067726135, "pilot/throttle": 0.3987845182418823, "milliseconds": 439621}