{"cam/image_array": "4490_cam-image_array_.jpg", "user/angle": 0.030396435438093204, "user/throttle": 0.0, "user/mode": "local", "pilot/angle": 0.17081540822982788, "pilot/throttle": 0.7706693410873413, "milliseconds": 1016098}