{"cam/image_array": "648_cam-image_array_.jpg", "user/angle": 0.030396435438093204, "user/throttle": 0.0, "user/mode": "local", "pilot/angle": 0.3820968568325043, "pilot/throttle": 0.5095744729042053, "milliseconds": 154621}