{"cam/image_array": "4150_cam-image_array_.jpg", "user/angle": 0.030396435438093204, "user/throttle": 0.0, "user/mode": "local", "pilot/angle": -0.08937367051839828, "pilot/throttle": 0.7045309543609619, "milliseconds": 939863}