{"cam/image_array": "622_cam-image_array_.jpg", "user/angle": 0.030396435438093204, "user/throttle": 0.0, "user/mode": "local", "pilot/angle": -0.09169451147317886, "pilot/throttle": 0.6810120344161987, "milliseconds": 148793}