{"cam/image_array": "1683_cam-image_array_.jpg", "user/angle": 0.030396435438093204, "user/throttle": 0.0, "user/mode": "local", "pilot/angle": 0.835872232913971, "pilot/throttle": 0.5523546934127808, "milliseconds": 386697}