{"cam/image_array": "2331_cam-image_array_.jpg", "user/angle": 0.030396435438093204, "user/throttle": 0.0, "user/mode": "local", "pilot/angle": 0.8233160376548767, "pilot/throttle": 0.5418698191642761, "milliseconds": 532009}