{"cam/image_array": "1876_cam-image_array_.jpg", "user/angle": 0.030396435438093204, "user/throttle": 0.0, "user/mode": "local", "pilot/angle": 0.8352717161178589, "pilot/throttle": 0.6308121681213379, "milliseconds": 429984}