{"cam/image_array": "2184_cam-image_array_.jpg", "user/angle": 0.030396435438093204, "user/throttle": 0.0, "user/mode": "local", "pilot/angle": 0.029725395143032074, "pilot/throttle": 0.6230173707008362, "milliseconds": 499048}