{"cam/image_array": "2534_cam-image_array_.jpg", "user/angle": 0.030396435438093204, "user/throttle": 0.0, "user/mode": "local", "pilot/angle": 0.1547618955373764, "pilot/throttle": 0.6991956830024719, "milliseconds": 577525}