{"cam/image_array": "2384_cam-image_array_.jpg", "user/angle": 0.030396435438093204, "user/throttle": 0.0, "user/mode": "local", "pilot/angle": 0.9842567443847656, "pilot/throttle": 0.23148885369300842, "milliseconds": 543891}