{"cam/image_array": "2994_cam-image_array_.jpg", "user/angle": 0.030396435438093204, "user/throttle": 0.0, "user/mode": "local", "pilot/angle": 0.7922030091285706, "pilot/throttle": 0.7128027677536011, "milliseconds": 680667}