{"cam/image_array": "1947_cam-image_array_.jpg", "user/angle": 0.030396435438093204, "user/throttle": 0.0, "user/mode": "local", "pilot/angle": 0.04653877019882202, "pilot/throttle": 0.6474866271018982, "milliseconds": 445904}