{"cam/image_array": "3184_cam-image_array_.jpg", "user/angle": 0.030396435438093204, "user/throttle": 0.0, "user/mode": "local", "pilot/angle": 0.8940101861953735, "pilot/throttle": 0.7027261257171631, "milliseconds": 723272}