{"cam/image_array": "3604_cam-image_array_.jpg", "user/angle": 0.030396435438093204, "user/throttle": 0.0, "user/mode": "local", "pilot/angle": 0.42640215158462524, "pilot/throttle": 0.3082405626773834, "milliseconds": 817437}