{"cam/image_array": "605_cam-image_array_.jpg", "user/angle": 0.030396435438093204, "user/throttle": 0.0, "user/mode": "local", "pilot/angle": 0.29391059279441833, "pilot/throttle": 0.4852851927280426, "milliseconds": 144984}