{"cam/image_array": "2507_cam-image_array_.jpg", "user/angle": 0.030396435438093204, "user/throttle": 0.0, "user/mode": "local", "pilot/angle": -0.7327637672424316, "pilot/throttle": 0.6189820766448975, "milliseconds": 571471}