{"cam/image_array": "1993_cam-image_array_.jpg", "user/angle": 0.030396435438093204, "user/throttle": 0.0, "user/mode": "local", "pilot/angle": -0.08068425208330154, "pilot/throttle": 0.7078698873519897, "milliseconds": 456218}