{"cam/image_array": "3345_cam-image_array_.jpg", "user/angle": 0.030396435438093204, "user/throttle": 0.0, "user/mode": "local", "pilot/angle": 0.711893618106842, "pilot/throttle": 0.6471298336982727, "milliseconds": 759371}