{"cam/image_array": "2519_cam-image_array_.jpg", "user/angle": 0.030396435438093204, "user/throttle": 0.0, "user/mode": "local", "pilot/angle": 0.8694934248924255, "pilot/throttle": 0.5218689441680908, "milliseconds": 574161}