{"cam/image_array": "750_cam-image_array_.jpg", "user/angle": 0.030396435438093204, "user/throttle": 0.0, "user/mode": "local", "pilot/angle": 1.0325758457183838, "pilot/throttle": 0.527201771736145, "milliseconds": 177488}