{"cam/image_array": "3293_cam-image_array_.jpg", "user/angle": 0.030396435438093204, "user/throttle": 0.0, "user/mode": "local", "pilot/angle": 0.45203566551208496, "pilot/throttle": 0.18731853365898132, "milliseconds": 747713}