{"cam/image_array": "2876_cam-image_array_.jpg", "user/angle": 0.030396435438093204, "user/throttle": 0.0, "user/mode": "local", "pilot/angle": 0.38802263140678406, "pilot/throttle": 0.5314265489578247, "milliseconds": 654203}