{"cam/image_array": "2984_cam-image_array_.jpg", "user/angle": 0.030396435438093204, "user/throttle": 0.0, "user/mode": "local", "pilot/angle": -0.017829671502113342, "pilot/throttle": 0.6399526000022888, "milliseconds": 678422}