{"cam/image_array": "432_cam-image_array_.jpg", "user/angle": 0.030396435438093204, "user/throttle": 0.0, "user/mode": "local", "pilot/angle": -0.1322316825389862, "pilot/throttle": 0.6841618418693542, "milliseconds": 106201}