{"cam/image_array": "2913_cam-image_array_.jpg", "user/angle": 0.030396435438093204, "user/throttle": 0.0, "user/mode": "local", "pilot/angle": -0.04210469126701355, "pilot/throttle": 0.7249870896339417, "milliseconds": 662501}