{"cam/image_array": "2805_cam-image_array_.jpg", "user/angle": 0.030396435438093204, "user/throttle": 0.0, "user/mode": "local", "pilot/angle": 0.9182819128036499, "pilot/throttle": 0.6349621415138245, "milliseconds": 638283}