{"cam/image_array": "1387_cam-image_array_.jpg", "user/angle": 0.030396435438093204, "user/throttle": 0.0, "user/mode": "local", "pilot/angle": -0.3379327058792114, "pilot/throttle": 0.597566545009613, "milliseconds": 320319}