{"cam/image_array": "254_cam-image_array_.jpg", "user/angle": 0.030396435438093204, "user/throttle": 0.0, "user/mode": "local", "pilot/angle": 0.14345212280750275, "pilot/throttle": 0.6461515426635742, "milliseconds": 66289}