{"cam/image_array": "3443_cam-image_array_.jpg", "user/angle": 0.030396435438093204, "user/throttle": 0.0, "user/mode": "local", "pilot/angle": 0.09091386198997498, "pilot/throttle": 0.7202264666557312, "milliseconds": 781345}