{"cam/image_array": "324_cam-image_array_.jpg", "user/angle": 0.030396435438093204, "user/throttle": 0.0, "user/mode": "local", "pilot/angle": 0.8869878053665161, "pilot/throttle": 0.47478142380714417, "milliseconds": 81981}