{"cam/image_array": "1832_cam-image_array_.jpg", "user/angle": 0.030396435438093204, "user/throttle": 0.0, "user/mode": "local", "pilot/angle": 0.8488011956214905, "pilot/throttle": 0.37255939841270447, "milliseconds": 420115}