{"cam/image_array": "3890_cam-image_array_.jpg", "user/angle": 0.030396435438093204, "user/throttle": 0.0, "user/mode": "local", "pilot/angle": 0.9568533301353455, "pilot/throttle": 0.3902049660682678, "milliseconds": 881572}