{"cam/image_array": "3223_cam-image_array_.jpg", "user/angle": 0.030396435438093204, "user/throttle": 0.0, "user/mode": "local", "pilot/angle": 0.1912604570388794, "pilot/throttle": 0.6926017999649048, "milliseconds": 732016}