{"cam/image_array": "1086_cam-image_array_.jpg", "user/angle": 0.030396435438093204, "user/throttle": 0.0, "user/mode": "local", "pilot/angle": 0.8276761174201965, "pilot/throttle": 0.2156963348388672, "milliseconds": 252831}