{"cam/image_array": "2777_cam-image_array_.jpg", "user/angle": 0.030396435438093204, "user/throttle": 0.0, "user/mode": "local", "pilot/angle": -0.06164266914129257, "pilot/throttle": 0.7567654848098755, "milliseconds": 632004}