{"cam/image_array": "4585_cam-image_array_.jpg", "user/angle": 0.030396435438093204, "user/throttle": 0.0, "user/mode": "local", "pilot/angle": -0.06735185533761978, "pilot/throttle": 0.6788678765296936, "milliseconds": 1037400}