{"cam/image_array": "2608_cam-image_array_.jpg", "user/angle": 0.030396435438093204, "user/throttle": 0.0, "user/mode": "local", "pilot/angle": 0.027727223932743073, "pilot/throttle": 0.6713794469833374, "milliseconds": 594122}