{"cam/image_array": "499_cam-image_array_.jpg", "user/angle": 0.030396435438093204, "user/throttle": 0.0, "user/mode": "local", "pilot/angle": 0.2914249002933502, "pilot/throttle": 0.5095586180686951, "milliseconds": 121221}