{"cam/image_array": "2754_cam-image_array_.jpg", "user/angle": 0.030396435438093204, "user/throttle": 0.0, "user/mode": "local", "pilot/angle": 0.2978506088256836, "pilot/throttle": 0.8094379901885986, "milliseconds": 626849}