{"cam/image_array": "1316_cam-image_array_.jpg", "user/angle": 0.030396435438093204, "user/throttle": 0.0, "user/mode": "local", "pilot/angle": -0.1681433618068695, "pilot/throttle": 0.7506954073905945, "milliseconds": 304405}