{"cam/image_array": "1090_cam-image_array_.jpg", "user/angle": 0.030396435438093204, "user/throttle": 0.0, "user/mode": "local", "pilot/angle": 0.09275513142347336, "pilot/throttle": 0.7235864996910095, "milliseconds": 253728}