{"cam/image_array": "641_cam-image_array_.jpg", "user/angle": 0.030396435438093204, "user/throttle": 0.0, "user/mode": "local", "pilot/angle": -0.5882377028465271, "pilot/throttle": 0.7125510573387146, "milliseconds": 153052}