{"cam/image_array": "2966_cam-image_array_.jpg", "user/angle": 0.030396435438093204, "user/throttle": 0.0, "user/mode": "local", "pilot/angle": 0.049681518226861954, "pilot/throttle": 0.7869216799736023, "milliseconds": 674386}