{"cam/image_array": "957_cam-image_array_.jpg", "user/angle": 0.030396435438093204, "user/throttle": 0.0, "user/mode": "local", "pilot/angle": 0.9278770089149475, "pilot/throttle": 0.7116101980209351, "milliseconds": 223906}