{"cam/image_array": "3226_cam-image_array_.jpg", "user/angle": 0.030396435438093204, "user/throttle": 0.0, "user/mode": "local", "pilot/angle": 0.6033608317375183, "pilot/throttle": 0.43239033222198486, "milliseconds": 732688}