{"cam/image_array": "185_cam-image_array_.jpg", "user/angle": 0.030396435438093204, "user/throttle": 0.0, "user/mode": "local", "pilot/angle": 0.4946950376033783, "pilot/throttle": 0.7723239660263062, "milliseconds": 50814}