{"cam/image_array": "4004_cam-image_array_.jpg", "user/angle": 0.030396435438093204, "user/throttle": 0.0, "user/mode": "local", "pilot/angle": 0.3472613990306854, "pilot/throttle": 0.7282893061637878, "milliseconds": 907130}