{"cam/image_array": "359_cam-image_array_.jpg", "user/angle": 0.030396435438093204, "user/throttle": 0.0, "user/mode": "local", "pilot/angle": -0.04067417234182358, "pilot/throttle": 0.7564554810523987, "milliseconds": 89831}