{"cam/image_array": "3468_cam-image_array_.jpg", "user/angle": 0.030396435438093204, "user/throttle": 0.0, "user/mode": "local", "pilot/angle": 0.8498989939689636, "pilot/throttle": 0.5638240575790405, "milliseconds": 786951}