{"cam/image_array": "4519_cam-image_array_.jpg", "user/angle": 0.030396435438093204, "user/throttle": 0.0, "user/mode": "local", "pilot/angle": 0.9227672219276428, "pilot/throttle": 0.7132710218429565, "milliseconds": 1022599}