{"cam/image_array": "766_cam-image_array_.jpg", "user/angle": 0.030396435438093204, "user/throttle": 0.0, "user/mode": "local", "pilot/angle": 0.6653579473495483, "pilot/throttle": 0.5235576033592224, "milliseconds": 181079}