{"cam/image_array": "1218_cam-image_array_.jpg", "user/angle": 0.030396435438093204, "user/throttle": 0.0, "user/mode": "local", "pilot/angle": 0.9227038621902466, "pilot/throttle": 0.5781105160713196, "milliseconds": 282425}