{"cam/image_array": "3466_cam-image_array_.jpg", "user/angle": 0.030396435438093204, "user/throttle": 0.0, "user/mode": "local", "pilot/angle": 0.9104112386703491, "pilot/throttle": 0.6893324255943298, "milliseconds": 786502}