{"cam/image_array": "1475_cam-image_array_.jpg", "user/angle": 0.030396435438093204, "user/throttle": 0.0, "user/mode": "local", "pilot/angle": 0.6268494129180908, "pilot/throttle": 0.6808682680130005, "milliseconds": 340049}