{"cam/image_array": "2734_cam-image_array_.jpg", "user/angle": 0.030396435438093204, "user/throttle": 0.0, "user/mode": "local", "pilot/angle": 0.09072920680046082, "pilot/throttle": 0.7077169418334961, "milliseconds": 622367}