{"cam/image_array": "3441_cam-image_array_.jpg", "user/angle": 0.030396435438093204, "user/throttle": 0.0, "user/mode": "local", "pilot/angle": 0.5735887885093689, "pilot/throttle": 0.6311191320419312, "milliseconds": 780898}