{"cam/image_array": "849_cam-image_array_.jpg", "user/angle": 0.06857509079256568, "user/throttle": 1.0, "user/mode": "user", "pos/pos_x": 78.10493, "pos/pos_y": 0.5557263, "pos/pos_z": 45.08061, "pos/speed": 12.81072, "pos/cte": -2.2468, "milliseconds": 217151}