{"cam/image_array": "115_cam-image_array_.jpg", "user/angle": 1.0, "user/throttle": 0.05554368724631489, "user/mode": "user", "pos/pos_x": 59.17249, "pos/pos_y": 0.5546839, "pos/pos_z": 87.28555, "pos/speed": 6.968648, "pos/cte": -9.077027, "milliseconds": 25875}