{"cam/image_array": "529_cam-image_array_.jpg", "user/angle": 0.02945036164433729, "user/throttle": 1.0, "user/mode": "user", "pos/pos_x": 74.0578, "pos/pos_y": 0.5529991, "pos/pos_z": -8.991973, "pos/speed": 10.22674, "pos/cte": -5.27831, "milliseconds": 144623}