{"cam/image_array": "16_cam-image_array_.jpg", "user/angle": 0.027558214056825465, "user/throttle": 1.0, "user/mode": "user", "pos/pos_x": 49.91216, "pos/pos_y": 0.556253, "pos/pos_z": 56.09995, "pos/speed": 6.194361, "pos/cte": 0.2221565, "milliseconds": 3979}