{"cam/image_array": "210_cam-image_array_.jpg", "user/angle": 0.9295632801293985, "user/throttle": 1.0, "user/mode": "user", "pos/pos_x": 64.47324, "pos/pos_y": 0.5548089, "pos/pos_z": 78.23781, "pos/speed": 8.880491, "pos/cte": -2.851825, "milliseconds": 46883}