{"cam/image_array": "683_cam-image_array_.jpg", "user/angle": 1.0, "user/throttle": 0.007507553331095309, "user/mode": "user", "pos/pos_x": 85.6323, "pos/pos_y": 0.5526589, "pos/pos_z": 4.675403, "pos/speed": 13.33378, "pos/cte": 2.540935, "milliseconds": 180442}