{"cam/image_array": "461_cam-image_array_.jpg", "user/angle": -0.025788140507217627, "user/throttle": 1.0, "user/mode": "user", "pos/pos_x": 50.58971, "pos/pos_y": 0.5551832, "pos/pos_z": 34.69258, "pos/speed": 14.96219, "pos/cte": 1.247584, "milliseconds": 102608}