{"cam/image_array": "682_cam-image_array_.jpg", "user/angle": 1.0, "user/throttle": 0.03607287820062868, "user/mode": "user", "pos/pos_x": 85.09698, "pos/pos_y": 0.5577832, "pos/pos_z": 7.360713, "pos/speed": 13.92508, "pos/cte": 1.997185, "milliseconds": 180221}