{"cam/image_array": "775_cam-image_array_.jpg", "user/angle": 0.10580767235328227, "user/throttle": 0.9389324625385296, "user/mode": "user", "pos/pos_x": 85.30192, "pos/pos_y": 0.5549841, "pos/pos_z": 11.79472, "pos/speed": 11.72047, "pos/cte": -1.309006, "milliseconds": 200787}