{"cam/image_array": "222_cam-image_array_.jpg", "user/angle": 1.0, "user/throttle": 0.022736289559617907, "user/mode": "user", "pos/pos_x": 75.83183, "pos/pos_y": 0.5482124, "pos/pos_z": 55.76246, "pos/speed": 10.83062, "pos/cte": 2.149454, "milliseconds": 49537}