{"cam/image_array": "365_cam-image_array_.jpg", "user/angle": 0.02850428785058138, "user/throttle": 1.0, "user/mode": "user", "pos/pos_x": 46.76061, "pos/pos_y": 0.5530496, "pos/pos_z": 10.26452, "pos/speed": 10.94625, "pos/cte": -3.246202, "milliseconds": 81379}