{"cam/image_array": "913_cam-image_array_.jpg", "user/angle": 1.0, "user/throttle": 0.44801171910763876, "user/mode": "user", "pos/pos_x": 58.95069, "pos/pos_y": 0.5542154, "pos/pos_z": 81.55978, "pos/speed": 9.045432, "pos/cte": -3.347497, "milliseconds": 231308}