{"cam/image_array": "409_cam-image_array_.jpg", "user/angle": -0.13226722006897182, "user/throttle": 1.0, "user/mode": "user", "pos/pos_x": 77.81269, "pos/pos_y": 0.5588708, "pos/pos_z": 51.64667, "pos/speed": 12.44387, "pos/cte": 0.5530881, "milliseconds": 91108}