{"cam/image_array": "842_cam-image_array_.jpg", "user/angle": 0.022247993408001952, "user/throttle": 1.0, "user/mode": "user", "pos/pos_x": 74.49304, "pos/pos_y": 0.5559823, "pos/pos_z": 62.93962, "pos/speed": 10.4738, "pos/cte": -0.7228425, "milliseconds": 215603}