{"cam/image_array": "360_cam-image_array_.jpg", "user/angle": 1.0, "user/throttle": 0.7648243659779657, "user/mode": "user", "pos/pos_x": 53.62225, "pos/pos_y": 0.5526862, "pos/pos_z": 1.860618, "pos/speed": 11.46627, "pos/cte": 2.00562, "milliseconds": 80273}