{"cam/image_array": "497_cam-image_array_.jpg", "user/angle": 0.044709616382335886, "user/throttle": 1.0, "user/mode": "user", "pos/pos_x": 83.85568, "pos/pos_y": 0.5614964, "pos/pos_z": 21.48902, "pos/speed": 14.04211, "pos/cte": -7.271956, "milliseconds": 114094}