{"cam/image_array": "840_cam-image_array_.jpg", "user/angle": 0.02945036164433729, "user/throttle": 1.0, "user/mode": "user", "pos/pos_x": 73.51059, "pos/pos_y": 0.5543355, "pos/pos_z": 66.86122, "pos/speed": 9.772809, "pos/cte": -2.522658, "milliseconds": 215161}