{"cam/image_array": "352_cam-image_array_.jpg", "user/angle": -0.10061952574236274, "user/throttle": 0.9189733573412274, "user/mode": "user", "pos/pos_x": 72.35795, "pos/pos_y": 0.5546136, "pos/pos_z": -5.422272, "pos/speed": 9.452868, "pos/cte": -1.693911, "milliseconds": 78503}