{"cam/image_array": "774_cam-image_array_.jpg", "user/angle": 0.27665028839991457, "user/throttle": 0.93420209356975, "user/mode": "user", "pos/pos_x": 84.85792, "pos/pos_y": 0.5544317, "pos/pos_z": 14.09643, "pos/speed": 11.69476, "pos/cte": -2.639502, "milliseconds": 200565}