{"cam/image_array": "190_cam-image_array_.jpg", "user/angle": 0.053285317545091096, "user/throttle": 1.0, "user/mode": "user", "pos/pos_x": 45.17384, "pos/pos_y": 0.5554748, "pos/pos_z": 32.13962, "pos/speed": 14.51227, "pos/cte": -4.145795, "milliseconds": 42460}