{"cam/image_array": "878_cam-image_array_.jpg", "user/angle": 0.30564287240211185, "user/throttle": 1.0, "user/mode": "user", "pos/pos_x": 64.65699, "pos/pos_y": 0.5532461, "pos/pos_z": -3.086346, "pos/speed": 10.31922, "pos/cte": 0.7091293, "milliseconds": 223563}