{"cam/image_array": "734_cam-image_array_.jpg", "user/angle": 1.0, "user/throttle": 0.03225806451612903, "user/mode": "user", "pos/pos_x": 61.00652, "pos/pos_y": 0.5549014, "pos/pos_z": 84.67924, "pos/speed": 11.65415, "pos/cte": -6.570289, "milliseconds": 191719}