{"cam/image_array": "668_cam-image_array_.jpg", "user/angle": -0.4641865291299173, "user/throttle": 1.0, "user/mode": "user", "pos/pos_x": 77.84404, "pos/pos_y": 0.5545166, "pos/pos_z": 47.77755, "pos/speed": 12.67352, "pos/cte": -0.6384035, "milliseconds": 177124}