{"cam/image_array": "160_cam-image_array_.jpg", "user/angle": 1.0, "user/throttle": -0.005096591082491531, "user/mode": "user", "pos/pos_x": 83.76775, "pos/pos_y": 0.556038, "pos/pos_z": -1.7666, "pos/speed": 9.638127, "pos/cte": 1.066685, "milliseconds": 35826}