{"cam/image_array": "161_cam-image_array_.jpg", "user/angle": 1.0, "user/throttle": -0.03241065706350902, "user/mode": "user", "pos/pos_x": 83.14172, "pos/pos_y": 0.554368, "pos/pos_z": -4.090662, "pos/speed": 8.917498, "pos/cte": -0.8241587, "milliseconds": 36047}