{"cam/image_array": "178_cam-image_array_.jpg", "user/angle": 0.03707998901333659, "user/throttle": 1.0, "user/mode": "user", "pos/pos_x": 55.1516, "pos/pos_y": 0.5539896, "pos/pos_z": -0.6460292, "pos/speed": 10.90299, "pos/cte": 1.402662, "milliseconds": 39806}