{"cam/image_array": "254_cam-image_array_.jpg", "user/angle": 1.0, "user/throttle": 0.6344798120059816, "user/mode": "user", "pos/pos_x": 87.3809, "pos/pos_y": 0.5591968, "pos/pos_z": 5.050192, "pos/speed": 11.10112, "pos/cte": 0.7557761, "milliseconds": 56614}