{"cam/image_array": "967_cam-image_array_.jpg", "user/angle": 0.06476027710806605, "user/throttle": -0.014191106906338695, "user/mode": "user", "pos/pos_x": 54.83693, "pos/pos_y": 0.5561688, "pos/pos_z": 1.902694, "pos/speed": 0.4522253, "pos/cte": 3.066586, "milliseconds": 265805}