{"cam/image_array": "911_cam-image_array_.jpg", "user/angle": 1.0, "user/throttle": 0.028443250831629383, "user/mode": "user", "pos/pos_x": 55.27238, "pos/pos_y": 0.5545307, "pos/pos_z": 80.63516, "pos/speed": 10.16872, "pos/cte": -2.489851, "milliseconds": 230865}