{"cam/image_array": "306_cam-image_array_.jpg", "user/angle": 0.28525650807214575, "user/throttle": 1.0, "user/mode": "user", "pos/pos_x": 52.54706, "pos/pos_y": 0.5568853, "pos/pos_z": 74.37601, "pos/speed": 7.66331, "pos/cte": 1.733967, "milliseconds": 68112}