{"cam/image_array": "7_cam-image_array_.jpg", "user/angle": 0.027558214056825465, "user/throttle": 1.0, "user/mode": "user", "pos/pos_x": 49.69177, "pos/pos_y": 0.5566008, "pos/pos_z": 48.2739, "pos/speed": 1.457683, "pos/cte": 0.001773834, "milliseconds": 1989}