{"cam/image_array": "481_cam-image_array_.jpg", "user/angle": 0.41032135990478225, "user/throttle": 1.0, "user/mode": "user", "pos/pos_x": 74.30303, "pos/pos_y": 0.5552485, "pos/pos_z": 63.0713, "pos/speed": 10.39113, "pos/cte": -0.6638817, "milliseconds": 110556}