{"cam/image_array": "972_cam-image_array_.jpg", "user/angle": 0.06286812952055422, "user/throttle": -1.0, "user/mode": "user", "pos/pos_x": 54.36522, "pos/pos_y": 0.5552024, "pos/pos_z": 1.785131, "pos/speed": 0.4812833, "pos/cte": 2.566644, "milliseconds": 266911}