{"cam/image_array": "837_cam-image_array_.jpg", "user/angle": 0.023712881862849818, "user/throttle": 1.0, "user/mode": "user", "pos/pos_x": 71.8318, "pos/pos_y": 0.5536178, "pos/pos_z": 73.03116, "pos/speed": 8.487755, "pos/cte": -5.253151, "milliseconds": 214497}