{"cam/image_array": "763_cam-image_array_.jpg", "user/angle": -0.3663441877498703, "user/throttle": 1.0, "user/mode": "user", "pos/pos_x": 79.05602, "pos/pos_y": 0.5562469, "pos/pos_z": 41.79642, "pos/speed": 11.01584, "pos/cte": -4.691803, "milliseconds": 198133}