{"cam/image_array": "1024_cam-image_array_.jpg", "user/angle": 0.026581621753593555, "user/throttle": 0.034333323160496844, "user/mode": "user", "pos/pos_x": 43.75172, "pos/pos_y": 0.5580012, "pos/pos_z": 59.61635, "pos/speed": 10.69882, "pos/cte": -5.938278, "milliseconds": 279073}