{"cam/image_array": "934_cam-image_array_.jpg", "user/angle": -0.33277382732627336, "user/throttle": 1.0, "user/mode": "user", "pos/pos_x": 77.91098, "pos/pos_y": 0.5578761, "pos/pos_z": 44.92171, "pos/speed": 11.75657, "pos/cte": -2.156246, "milliseconds": 235951}