{"cam/image_array": "864_cam-image_array_.jpg", "user/angle": 1.0, "user/throttle": 0.03509628589739677, "user/mode": "user", "pos/pos_x": 84.65828, "pos/pos_y": 0.553872, "pos/pos_z": 4.486387, "pos/speed": 10.44759, "pos/cte": 3.530044, "milliseconds": 220467}