{"cam/image_array": "528_cam-image_array_.jpg", "user/angle": 0.02945036164433729, "user/throttle": 1.0, "user/mode": "user", "pos/pos_x": 76.74514, "pos/pos_y": 0.5592895, "pos/pos_z": -10.34342, "pos/speed": 9.676415, "pos/cte": -6.653159, "milliseconds": 144402}