{"cam/image_array": "90_cam-image_array_.jpg", "user/angle": 0.04184087649159215, "user/throttle": 1.0, "user/mode": "user", "pos/pos_x": 48.19165, "pos/pos_y": 0.55572, "pos/pos_z": 23.99004, "pos/speed": 12.91754, "pos/cte": -1.217827, "milliseconds": 20347}