{"cam/image_array": "584_cam-image_array_.jpg", "user/angle": 0.054261909848323006, "user/throttle": 0.09598071230201118, "user/mode": "user", "pos/pos_x": 79.48727, "pos/pos_y": 0.5493804, "pos/pos_z": 48.27995, "pos/speed": 13.09651, "pos/cte": -2.019682, "milliseconds": 156785}