{"cam/image_array": "875_cam-image_array_.jpg", "user/angle": 0.021179845576342053, "user/throttle": 1.0, "user/mode": "user", "pos/pos_x": 70.96037, "pos/pos_y": 0.5518494, "pos/pos_z": -5.670127, "pos/speed": 9.127474, "pos/cte": -1.92956, "milliseconds": 222899}