{"cam/image_array": "760_cam-image_array_.jpg", "user/angle": 0.40168462172307506, "user/throttle": 1.0, "user/mode": "user", "pos/pos_x": 78.32401, "pos/pos_y": 0.5532373, "pos/pos_z": 49.16218, "pos/speed": 10.11088, "pos/cte": -0.6286476, "milliseconds": 197469}