{"cam/image_array": "368_cam-image_array_.jpg", "user/angle": 0.023712881862849818, "user/throttle": 1.0, "user/mode": "user", "pos/pos_x": 45.564, "pos/pos_y": 0.5619383, "pos/pos_z": 18.01449, "pos/speed": 11.7201, "pos/cte": -4.10363, "milliseconds": 82042}