{"cam/image_array": "590_cam-image_array_.jpg", "user/angle": -0.28385265663624987, "user/throttle": 0.304330576494644, "user/mode": "user", "pos/pos_x": 76.58942, "pos/pos_y": 0.550275, "pos/pos_z": 32.37086, "pos/speed": 11.02821, "pos/cte": -4.65532, "milliseconds": 158112}