{"cam/image_array": "279_cam-image_array_.jpg", "user/angle": 0.054261909848323006, "user/throttle": 1.0, "user/mode": "user", "pos/pos_x": 46.60796, "pos/pos_y": 0.55578, "pos/pos_z": 18.03941, "pos/speed": 13.21889, "pos/cte": -3.059576, "milliseconds": 62142}