{"cam/image_array": "415_cam-image_array_.jpg", "user/angle": -0.11691640980254524, "user/throttle": 1.0, "user/mode": "user", "pos/pos_x": 76.93407, "pos/pos_y": 0.5492827, "pos/pos_z": 33.90199, "pos/speed": 14.01542, "pos/cte": -4.963252, "milliseconds": 92435}