{"cam/image_array": "488_cam-image_array_.jpg", "user/angle": -0.2847987304300058, "user/throttle": 1.0, "user/mode": "user", "pos/pos_x": 76.85886, "pos/pos_y": 0.5586591, "pos/pos_z": 46.21206, "pos/speed": 12.17004, "pos/cte": -0.6051284, "milliseconds": 112104}