{"cam/image_array": "343_cam-image_array_.jpg", "user/angle": 0.9753715628528703, "user/throttle": 0.6472975859859005, "user/mode": "user", "pos/pos_x": 86.39191, "pos/pos_y": 0.5539554, "pos/pos_z": 3.128605, "pos/speed": 9.874149, "pos/cte": 1.801908, "milliseconds": 76513}