{"cam/image_array": "87_cam-image_array_.jpg", "user/angle": 0.04660176396984771, "user/throttle": 1.0, "user/mode": "user", "pos/pos_x": 47.25397, "pos/pos_y": 0.55203, "pos/pos_z": 16.52186, "pos/speed": 12.19945, "pos/cte": -2.48037, "milliseconds": 19684}