{"cam/image_array": "460_cam-image_array_.jpg", "user/angle": -0.045930356761375773, "user/throttle": 1.0, "user/mode": "user", "pos/pos_x": 50.28472, "pos/pos_y": 0.555856, "pos/pos_z": 30.2416, "pos/speed": 14.70403, "pos/cte": 0.9814509, "milliseconds": 102387}