{"cam/image_array": "202_cam-image_array_.jpg", "user/angle": 0.7348551896725364, "user/throttle": 0.0370189519943846, "user/mode": "user", "pos/pos_x": 47.66611, "pos/pos_y": 0.5533596, "pos/pos_z": 71.21032, "pos/speed": 13.27236, "pos/cte": -2.023884, "milliseconds": 45114}