{"cam/image_array": "221_cam-image_array_.jpg", "user/angle": 0.0, "user/throttle": 0.020844141972106083, "user/mode": "user", "pos/pos_x": 74.53718, "pos/pos_y": 0.5534185, "pos/pos_z": 57.51933, "pos/speed": 10.91863, "pos/cte": 2.763794, "milliseconds": 49316}