{"cam/image_array": "314_cam-image_array_.jpg", "user/angle": -0.014740440076906645, "user/throttle": 1.0, "user/mode": "user", "pos/pos_x": 67.28866, "pos/pos_y": 0.5516862, "pos/pos_z": 71.36751, "pos/speed": 9.548777, "pos/cte": -0.7180624, "milliseconds": 69880}