{"cam/image_array": "446_cam-image_array_.jpg", "user/angle": 0.5534836878566851, "user/throttle": 1.0, "user/mode": "user", "pos/pos_x": 58.36071, "pos/pos_y": 0.5574135, "pos/pos_z": -6.915072, "pos/speed": 11.65568, "pos/cte": -3.260818, "milliseconds": 99292}