{"cam/image_array": "491_cam-image_array_.jpg", "user/angle": -0.03137302774132512, "user/throttle": 1.0, "user/mode": "user", "pos/pos_x": 77.00897, "pos/pos_y": 0.5505461, "pos/pos_z": 37.50346, "pos/speed": 12.69022, "pos/cte": -4.496991, "milliseconds": 112767}