{"cam/image_array": "108_cam-image_array_.jpg", "user/angle": 1.0, "user/throttle": 0.010345774712363049, "user/mode": "user", "pos/pos_x": 49.18043, "pos/pos_y": 0.5528958, "pos/pos_z": 80.04194, "pos/speed": 10.95837, "pos/cte": -4.6559, "milliseconds": 24328}