{"cam/image_array": "669_cam-image_array_.jpg", "user/angle": -0.4910428174687948, "user/throttle": 1.0, "user/mode": "user", "pos/pos_x": 77.36885, "pos/pos_y": 0.5606431, "pos/pos_z": 45.25971, "pos/speed": 12.95263, "pos/cte": -1.517959, "milliseconds": 177346}