{"cam/image_array": "223_cam-image_array_.jpg", "user/angle": 1.0, "user/throttle": 0.021790215765861997, "user/mode": "user", "pos/pos_x": 77.28574, "pos/pos_y": 0.5522229, "pos/pos_z": 54.18593, "pos/speed": 10.66248, "pos/cte": 1.040953, "milliseconds": 49758}