{"cam/image_array": "557_cam-image_array_.jpg", "user/angle": 1.0, "user/throttle": 0.033661915952024904, "user/mode": "user", "pos/pos_x": 43.1973, "pos/pos_y": 0.5510427, "pos/pos_z": 60.86617, "pos/speed": 14.30773, "pos/cte": -6.492702, "milliseconds": 150815}