{"cam/image_array": "556_cam-image_array_.jpg", "user/angle": 1.0, "user/throttle": 0.033204138309884945, "user/mode": "user", "pos/pos_x": 43.4302, "pos/pos_y": 0.5524259, "pos/pos_z": 57.9388, "pos/speed": 14.96928, "pos/cte": -6.259796, "milliseconds": 150593}