{"cam/image_array": "886_cam-image_array_.jpg", "user/angle": 0.0695211645863216, "user/throttle": 1.0, "user/mode": "user", "pos/pos_x": 49.65897, "pos/pos_y": 0.5510131, "pos/pos_z": 9.133929, "pos/speed": 12.0241, "pos/cte": -0.3999151, "milliseconds": 225332}