{"cam/image_array": "543_cam-image_array_.jpg", "user/angle": 0.2346873378704184, "user/throttle": 1.0, "user/mode": "user", "pos/pos_x": 48.47073, "pos/pos_y": 0.5544897, "pos/pos_z": 14.8889, "pos/speed": 13.33256, "pos/cte": -1.335997, "milliseconds": 147718}