{"cam/image_array": "858_cam-image_array_.jpg", "user/angle": 0.08212530899990844, "user/throttle": 0.03607287820062868, "user/mode": "user", "pos/pos_x": 79.6266, "pos/pos_y": 0.5541833, "pos/pos_z": 19.20786, "pos/speed": 12.59988, "pos/cte": -2.57465, "milliseconds": 219140}