{"cam/image_array": "182_cam-image_array_.jpg", "user/angle": 0.036133915219580676, "user/throttle": 1.0, "user/mode": "user", "pos/pos_x": 50.93584, "pos/pos_y": 0.5524915, "pos/pos_z": 10.043, "pos/speed": 12.2816, "pos/cte": 0.9153896, "milliseconds": 40691}