{"cam/image_array": "888_cam-image_array_.jpg", "user/angle": 0.09720145268105106, "user/throttle": 1.0, "user/mode": "user", "pos/pos_x": 47.72528, "pos/pos_y": 0.5581503, "pos/pos_z": 13.6829, "pos/speed": 12.69796, "pos/cte": -2.133341, "milliseconds": 225775}