{"cam/image_array": "357_cam-image_array_.jpg", "user/angle": 0.7472457045197912, "user/throttle": 0.7105929746391186, "user/mode": "user", "pos/pos_x": 61.76131, "pos/pos_y": 0.5564055, "pos/pos_z": -1.314388, "pos/speed": 11.05516, "pos/cte": 2.50629, "milliseconds": 79609}