{"cam/image_array": "909_cam-image_array_.jpg", "user/angle": 1.0, "user/throttle": 0.03271584215826899, "user/mode": "user", "pos/pos_x": 50.75848, "pos/pos_y": 0.5531707, "pos/pos_z": 77.65688, "pos/speed": 11.58566, "pos/cte": -1.83958, "milliseconds": 230423}