{"cam/image_array": "465_cam-image_array_.jpg", "user/angle": -0.024842066713461716, "user/throttle": 1.0, "user/mode": "user", "pos/pos_x": 49.86927, "pos/pos_y": 0.5562616, "pos/pos_z": 46.98332, "pos/speed": 15.8091, "pos/cte": 0.4199215, "milliseconds": 103493}