{"cam/image_array": "174_cam-image_array_.jpg", "user/angle": 0.42652668843653674, "user/throttle": 1.0, "user/mode": "user", "pos/pos_x": 61.14265, "pos/pos_y": 0.5539588, "pos/pos_z": -6.403584, "pos/speed": 10.09433, "pos/cte": -2.577314, "milliseconds": 38922}