{"cam/image_array": "374_cam-image_array_.jpg", "user/angle": 0.02850428785058138, "user/throttle": 1.0, "user/mode": "user", "pos/pos_x": 44.53535, "pos/pos_y": 0.5558909, "pos/pos_z": 34.46475, "pos/speed": 13.57878, "pos/cte": -4.804556, "milliseconds": 83369}