{"cam/image_array": "398_cam-image_array_.jpg", "user/angle": 0.010345774712363049, "user/throttle": 1.0, "user/mode": "user", "pos/pos_x": 69.29111, "pos/pos_y": 0.5503793, "pos/pos_z": 77.69733, "pos/speed": 9.983229, "pos/cte": -6.35163, "milliseconds": 88676}