{"cam/image_array": "477_cam-image_array_.jpg", "user/angle": -0.015717032380138555, "user/throttle": 1.0, "user/mode": "user", "pos/pos_x": 70.64196, "pos/pos_y": 0.553354, "pos/pos_z": 70.89951, "pos/speed": 8.78054, "pos/cte": -2.96399, "milliseconds": 109671}