{"cam/image_array": "294_cam-image_array_.jpg", "user/angle": 1.0, "user/throttle": -0.004730368968779565, "user/mode": "user", "pos/pos_x": 41.50581, "pos/pos_y": 0.5489054, "pos/pos_z": 63.00903, "pos/speed": 11.86166, "pos/cte": -8.184193, "milliseconds": 65458}