{"cam/image_array": "1013_cam-image_array_.jpg", "user/angle": 0.09244056520279549, "user/throttle": 1.0, "user/mode": "user", "pos/pos_x": 47.17492, "pos/pos_y": 0.561125, "pos/pos_z": 32.63738, "pos/speed": 10.72917, "pos/cte": -2.149143, "milliseconds": 276640}