{"cam/image_array": "199_cam-image_array_.jpg", "user/angle": 0.7147740104373302, "user/throttle": 0.03415021210364086, "user/mode": "user", "pos/pos_x": 43.96733, "pos/pos_y": 0.5508574, "pos/pos_z": 63.54078, "pos/speed": 15.19581, "pos/cte": -5.722668, "milliseconds": 44451}