{"cam/image_array": "45_cam-image_array_.jpg", "user/angle": 0.01989806817835017, "user/throttle": 1.0, "user/mode": "user", "pos/pos_x": 77.52901, "pos/pos_y": 0.5574319, "pos/pos_z": 57.98444, "pos/speed": 11.93202, "pos/cte": -0.1924196, "milliseconds": 10391}