{"cam/image_array": "974_cam-image_array_.jpg", "user/angle": 0.060945463423566396, "user/throttle": -1.0, "user/mode": "user", "pos/pos_x": 53.86397, "pos/pos_y": 0.5533569, "pos/pos_z": 1.658202, "pos/speed": 1.658047, "pos/cte": 2.08486, "milliseconds": 267354}