{"cam/image_array": "930_cam-image_array_.jpg", "user/angle": 0.017975402081362345, "user/throttle": 1.0, "user/mode": "user", "pos/pos_x": 77.9248, "pos/pos_y": 0.5515302, "pos/pos_z": 53.91901, "pos/speed": 11.19693, "pos/cte": 0.461236, "milliseconds": 235067}