{"cam/image_array": "95_cam-image_array_.jpg", "user/angle": -0.4929960020752586, "user/throttle": 1.0, "user/mode": "user", "pos/pos_x": 51.38478, "pos/pos_y": 0.5558757, "pos/pos_z": 39.61751, "pos/speed": 14.44204, "pos/cte": 1.999649, "milliseconds": 21453}