{"cam/image_array": "191_cam-image_array_.jpg", "user/angle": 0.053285317545091096, "user/throttle": 1.0, "user/mode": "user", "pos/pos_x": 44.64279, "pos/pos_y": 0.5559312, "pos/pos_z": 35.02664, "pos/speed": 14.75701, "pos/cte": -4.702019, "milliseconds": 42682}