{"cam/image_array": "304_cam-image_array_.jpg", "user/angle": 0.035523545030060735, "user/throttle": 1.0, "user/mode": "user", "pos/pos_x": 49.42407, "pos/pos_y": 0.5522882, "pos/pos_z": 73.86735, "pos/speed": 6.688349, "pos/cte": -0.7686484, "milliseconds": 67669}