{"cam/image_array": "6_cam-image_array_.jpg", "user/angle": 0.02945036164433729, "user/throttle": 1.0, "user/mode": "user", "pos/pos_x": 49.69055, "pos/pos_y": 0.55444, "pos/pos_z": 48.02479, "pos/speed": 0.9438794, "pos/cte": 0.0005493164, "milliseconds": 1768}