{"cam/image_array": "1_cam-image_array_.jpg", "user/angle": 0.02850428785058138, "user/throttle": 0.09692678609576709, "user/mode": "user", "pos/pos_x": 49.68995, "pos/pos_y": 0.5563577, "pos/pos_z": 47.83789, "pos/speed": 0.01299324, "pos/cte": -4.959106e-05, "milliseconds": 662}