{"cam/image_array": "336_cam-image_array_.jpg", "user/angle": 0.09244056520279549, "user/throttle": 0.06173894466994232, "user/mode": "user", "pos/pos_x": 83.90247, "pos/pos_y": 0.5554722, "pos/pos_z": 18.53816, "pos/speed": 11.00968, "pos/cte": -5.137876, "milliseconds": 74965}