{"cam/image_array": "213_cam-image_array_.jpg", "user/angle": 0.10864589373455001, "user/throttle": 1.0, "user/mode": "user", "pos/pos_x": 68.74146, "pos/pos_y": 0.5539423, "pos/pos_z": 75.16688, "pos/speed": 8.918874, "pos/cte": -4.290277, "milliseconds": 47546}