{"cam/image_array": "387_cam-image_array_.jpg", "user/angle": 1.0, "user/throttle": -0.00784325693533128, "user/mode": "user", "pos/pos_x": 48.31045, "pos/pos_y": 0.5517609, "pos/pos_z": 74.68394, "pos/speed": 12.06938, "pos/cte": -2.059994, "milliseconds": 86243}