{"cam/image_array": "227_cam-image_array_.jpg", "user/angle": 1.0, "user/throttle": 0.022736289559617907, "user/mode": "user", "pos/pos_x": 82.28822, "pos/pos_y": 0.5539934, "pos/pos_z": 47.18207, "pos/speed": 8.589339, "pos/cte": -5.026443, "milliseconds": 50643}