{"cam/image_array": "355_cam-image_array_.jpg", "user/angle": -0.02914517654957732, "user/throttle": 0.9322794274727623, "user/mode": "user", "pos/pos_x": 65.82458, "pos/pos_y": 0.5547134, "pos/pos_z": -2.840423, "pos/speed": 10.53452, "pos/cte": 0.9448541, "milliseconds": 79167}