{"cam/image_array": "724_cam-image_array_.jpg", "user/angle": 0.05999938962981048, "user/throttle": 1.0, "user/mode": "user", "pos/pos_x": 43.80819, "pos/pos_y": 0.5506929, "pos/pos_z": 60.37477, "pos/speed": 14.06425, "pos/cte": -5.881809, "milliseconds": 189508}