{"cam/image_array": "489_cam-image_array_.jpg", "user/angle": -0.28095339823603016, "user/throttle": 1.0, "user/mode": "user", "pos/pos_x": 76.51107, "pos/pos_y": 0.5541661, "pos/pos_z": 42.5091, "pos/speed": 12.47361, "pos/cte": -2.125851, "milliseconds": 112325}