{"cam/image_array": "184_cam-image_array_.jpg", "user/angle": 0.04184087649159215, "user/throttle": 1.0, "user/mode": "user", "pos/pos_x": 49.44452, "pos/pos_y": 0.557273, "pos/pos_z": 14.8355, "pos/speed": 12.86217, "pos/cte": -0.3654604, "milliseconds": 41133}