{"cam/image_array": "807_cam-image_array_.jpg", "user/angle": -0.08337656788842433, "user/throttle": 1.0, "user/mode": "user", "pos/pos_x": 48.61118, "pos/pos_y": 0.555827, "pos/pos_z": 25.64709, "pos/speed": 14.35875, "pos/cte": -0.7264144, "milliseconds": 207863}