{"cam/image_array": "963_cam-image_array_.jpg", "user/angle": 0.040406506546220286, "user/throttle": -0.014191106906338695, "user/mode": "user", "pos/pos_x": 55.18393, "pos/pos_y": 0.5580047, "pos/pos_z": 1.987936, "pos/speed": 0.4601075, "pos/cte": 3.367278, "milliseconds": 264920}