{"cam/image_array": "841_cam-image_array_.jpg", "user/angle": 0.021790215765861997, "user/throttle": 1.0, "user/mode": "user", "pos/pos_x": 74.0011, "pos/pos_y": 0.5554702, "pos/pos_z": 64.93563, "pos/speed": 10.09983, "pos/cte": -1.645073, "milliseconds": 215382}