{"cam/image_array": "326_cam-image_array_.jpg", "user/angle": -0.282906582842494, "user/throttle": 0.5497909482100894, "user/mode": "user", "pos/pos_x": 79.17173, "pos/pos_y": 0.5496668, "pos/pos_z": 45.15379, "pos/speed": 11.8035, "pos/cte": -3.139265, "milliseconds": 72533}