{"cam/image_array": "165_cam-image_array_.jpg", "user/angle": 0.017975402081362345, "user/throttle": 1.0, "user/mode": "user", "pos/pos_x": 78.32302, "pos/pos_y": 0.5552273, "pos/pos_z": -8.872555, "pos/speed": 7.349798, "pos/cte": -5.196117, "milliseconds": 36932}