{"cam/image_array": "896_cam-image_array_.jpg", "user/angle": 0.060945463423566396, "user/throttle": 1.0, "user/mode": "user", "pos/pos_x": 42.57657, "pos/pos_y": 0.5536348, "pos/pos_z": 37.72712, "pos/speed": 14.75483, "pos/cte": -6.791724, "milliseconds": 227544}