{"cam/image_array": "538_cam-image_array_.jpg", "user/angle": 0.07049775688955351, "user/throttle": 1.0, "user/mode": "user", "pos/pos_x": 55.06102, "pos/pos_y": 0.5527993, "pos/pos_z": 2.56328, "pos/speed": 12.67171, "pos/cte": 3.700006, "milliseconds": 146613}