{"cam/image_array": "426_cam-image_array_.jpg", "user/angle": 1.0, "user/throttle": -0.01239051484725486, "user/mode": "user", "pos/pos_x": 86.44436, "pos/pos_y": 0.5495919, "pos/pos_z": -0.4667997, "pos/speed": 13.67153, "pos/cte": 0.3312274, "milliseconds": 94867}