{"cam/image_array": "402_cam-image_array_.jpg", "user/angle": 0.879940183721427, "user/throttle": 1.0, "user/mode": "user", "pos/pos_x": 74.17933, "pos/pos_y": 0.5532202, "pos/pos_z": 69.60945, "pos/speed": 11.22419, "pos/cte": -4.816004, "milliseconds": 89560}