{"cam/image_array": "441_cam-image_array_.jpg", "user/angle": 0.00271614734336375, "user/throttle": 1.0, "user/mode": "user", "pos/pos_x": 66.55959, "pos/pos_y": 0.5535906, "pos/pos_z": -15.46325, "pos/speed": 9.801677, "pos/cte": -11.68391, "milliseconds": 98186}