{"cam/image_array": "526_cam-image_array_.jpg", "user/angle": 0.02465895565660573, "user/throttle": 1.0, "user/mode": "user", "pos/pos_x": 80.54843, "pos/pos_y": 0.554022, "pos/pos_z": -11.95225, "pos/speed": 9.076962, "pos/cte": -8.295118, "milliseconds": 143959}