{"cam/image_array": "60_cam-image_array_.jpg", "user/angle": 1.0, "user/throttle": 0.033204138309884945, "user/mode": "user", "pos/pos_x": 85.80196, "pos/pos_y": 0.5511444, "pos/pos_z": 13.57738, "pos/speed": 12.63018, "pos/cte": -2.930976, "milliseconds": 13708}