{"cam/image_array": "525_cam-image_array_.jpg", "user/angle": 0.02587969603564562, "user/throttle": 1.0, "user/mode": "user", "pos/pos_x": 82.3212, "pos/pos_y": 0.5526571, "pos/pos_z": -12.29997, "pos/speed": 9.064535, "pos/cte": -8.658291, "milliseconds": 143738}