{"cam/image_array": "474_cam-image_array_.jpg", "user/angle": -0.09103671376689962, "user/throttle": 1.0, "user/mode": "user", "pos/pos_x": 68.88629, "pos/pos_y": 0.5535927, "pos/pos_z": 75.52328, "pos/speed": 7.704142, "pos/cte": -4.631874, "milliseconds": 109008}