{"cam/image_array": "322_cam-image_array_.jpg", "user/angle": 0.9305398724326304, "user/throttle": 1.0, "user/mode": "user", "pos/pos_x": 77.87508, "pos/pos_y": 0.5557142, "pos/pos_z": 56.17254, "pos/speed": 11.94214, "pos/cte": 0.09197728, "milliseconds": 71649}