{"cam/image_array": "468_cam-image_array_.jpg", "user/angle": 0.010345774712363049, "user/throttle": 1.0, "user/mode": "user", "pos/pos_x": 65.62248, "pos/pos_y": 0.5556481, "pos/pos_z": 83.67247, "pos/speed": 6.287576, "pos/cte": -8.000011, "milliseconds": 107681}