{"cam/image_array": "345_cam-image_array_.jpg", "user/angle": 1.0, "user/throttle": 0.7648243659779657, "user/mode": "user", "pos/pos_x": 84.58153, "pos/pos_y": 0.5546473, "pos/pos_z": -1.326235, "pos/speed": 9.375739, "pos/cte": 1.058469, "milliseconds": 76955}