{"cam/image_array": "424_cam-image_array_.jpg", "user/angle": 1.0, "user/throttle": -0.016052735984374525, "user/mode": "user", "pos/pos_x": 84.53708, "pos/pos_y": 0.5538058, "pos/pos_z": 6.505853, "pos/speed": 15.08884, "pos/cte": 2.999358, "milliseconds": 94425}