{"cam/image_array": "166_cam-image_array_.jpg", "user/angle": 0.012268440809350871, "user/throttle": 1.0, "user/mode": "user", "pos/pos_x": 76.8696, "pos/pos_y": 0.5518653, "pos/pos_z": -9.171954, "pos/speed": 7.522469, "pos/cte": -5.482822, "milliseconds": 37153}