{"cam/image_array": "912_cam-image_array_.jpg", "user/angle": 1.0, "user/throttle": 0.033204138309884945, "user/mode": "user", "pos/pos_x": 57.13152, "pos/pos_y": 0.5540689, "pos/pos_z": 81.2549, "pos/speed": 9.592818, "pos/cte": -2.947826, "milliseconds": 231087}