{"cam/image_array": "310_cam-image_array_.jpg", "user/angle": 0.7243568224127933, "user/throttle": 1.0, "user/mode": "user", "pos/pos_x": 60.09748, "pos/pos_y": 0.5563153, "pos/pos_z": 75.13171, "pos/speed": 9.072576, "pos/cte": 2.170142, "milliseconds": 68996}