{"cam/image_array": "969_cam-image_array_.jpg", "user/angle": 0.06286812952055422, "user/throttle": -0.014191106906338695, "user/mode": "user", "pos/pos_x": 54.62296, "pos/pos_y": 0.5548294, "pos/pos_z": 1.849123, "pos/speed": 0.4470999, "pos/cte": 2.813634, "milliseconds": 266248}