{"cam/image_array": "318_cam-image_array_.jpg", "user/angle": 0.21366008484145635, "user/throttle": 1.0, "user/mode": "user", "pos/pos_x": 72.73773, "pos/pos_y": 0.5529078, "pos/pos_z": 63.90047, "pos/speed": 11.02526, "pos/cte": -0.01212112, "milliseconds": 70764}