{"cam/image_array": "413_cam-image_array_.jpg", "user/angle": -0.16681417279580066, "user/throttle": 1.0, "user/mode": "user", "pos/pos_x": 76.65147, "pos/pos_y": 0.5529587, "pos/pos_z": 40.78467, "pos/speed": 13.58252, "pos/cte": -3.005237, "milliseconds": 91992}