{"cam/image_array": "183_cam-image_array_.jpg", "user/angle": 0.04376354258857997, "user/throttle": 1.0, "user/mode": "user", "pos/pos_x": 50.18446, "pos/pos_y": 0.5552422, "pos/pos_z": 12.40717, "pos/speed": 12.57282, "pos/cte": 0.2678506, "milliseconds": 40912}