{"cam/image_array": "943_cam-image_array_.jpg", "user/angle": 0.006530961027863399, "user/throttle": 0.02557451094088565, "user/mode": "user", "pos/pos_x": 81.57757, "pos/pos_y": 0.557307, "pos/pos_z": 18.35067, "pos/speed": 14.24451, "pos/cte": -3.374609, "milliseconds": 237941}