{"cam/image_array": "38_cam-image_array_.jpg", "user/angle": 0.017029328287606435, "user/throttle": 1.0, "user/mode": "user", "pos/pos_x": 74.6973, "pos/pos_y": 0.5535527, "pos/pos_z": 73.89848, "pos/speed": 10.07696, "pos/cte": -7.995373, "milliseconds": 8844}