{"cam/image_array": "158_cam-image_array_.jpg", "user/angle": 1.0, "user/throttle": -0.0032654805139316996, "user/mode": "user", "pos/pos_x": 83.96382, "pos/pos_y": 0.5582019, "pos/pos_z": 2.245846, "pos/speed": 10.28515, "pos/cte": 3.906052, "milliseconds": 35384}