{"cam/image_array": "901_cam-image_array_.jpg", "user/angle": 0.39692373424481947, "user/throttle": 0.03131199072237312, "user/mode": "user", "pos/pos_x": 42.79526, "pos/pos_y": 0.5553803, "pos/pos_z": 55.32868, "pos/speed": 16.09024, "pos/cte": -6.894741, "milliseconds": 228649}