{"cam/image_array": "216_cam-image_array_.jpg", "user/angle": -0.3500473036896878, "user/throttle": 1.0, "user/mode": "user", "pos/pos_x": 71.36244, "pos/pos_y": 0.5533642, "pos/pos_z": 68.67038, "pos/speed": 9.876945, "pos/cte": -2.064147, "milliseconds": 48210}