{"cam/image_array": "22_cam-image_array_.jpg", "user/angle": 0.5076448866237373, "user/throttle": 1.0, "user/mode": "user", "pos/pos_x": 50.67548, "pos/pos_y": 0.5557161, "pos/pos_z": 66.29165, "pos/speed": 8.920612, "pos/cte": 0.9854774, "milliseconds": 5306}