{"cam/image_array": "80_cam-image_array_.jpg", "user/angle": 0.7033600878933073, "user/throttle": 1.0, "user/mode": "user", "pos/pos_x": 56.31762, "pos/pos_y": 0.5500367, "pos/pos_z": 0.4112101, "pos/speed": 12.07135, "pos/cte": 2.920833, "milliseconds": 18136}