{"cam/image_array": "3_cam-image_array_.jpg", "user/angle": 0.02563554795983764, "user/throttle": 1.0, "user/mode": "user", "pos/pos_x": 49.69009, "pos/pos_y": 0.5547521, "pos/pos_z": 47.83868, "pos/speed": 0.03058195, "pos/cte": 9.536743e-05, "milliseconds": 1105}