{"cam/image_array": "47_cam-image_array_.jpg", "user/angle": 0.01608325449385052, "user/throttle": 1.0, "user/mode": "user", "pos/pos_x": 77.93851, "pos/pos_y": 0.5540538, "pos/pos_z": 53.09887, "pos/speed": 12.53076, "pos/cte": 0.4145941, "milliseconds": 10834}