{"cam/image_array": "827_cam-image_array_.jpg", "user/angle": 1.0, "user/throttle": 0.03888058107242042, "user/mode": "user", "pos/pos_x": 60.89043, "pos/pos_y": 0.5540915, "pos/pos_z": 82.50377, "pos/speed": 9.125239, "pos/cte": -4.831302, "milliseconds": 212287}