{"cam/image_array": "925_cam-image_array_.jpg", "user/angle": -0.019074068422498244, "user/throttle": 1.0, "user/mode": "user", "pos/pos_x": 72.10167, "pos/pos_y": 0.5486717, "pos/pos_z": 64.58551, "pos/speed": 10.36623, "pos/cte": 0.02664968, "milliseconds": 233961}