{"cam/image_array": "643_cam-image_array_.jpg", "user/angle": 1.0, "user/throttle": 0.027954954680013428, "user/mode": "user", "pos/pos_x": 47.02266, "pos/pos_y": 0.5507982, "pos/pos_z": 68.78799, "pos/speed": 12.74193, "pos/cte": -2.667336, "milliseconds": 171596}