{"cam/image_array": "116_cam-image_array_.jpg", "user/angle": 1.0, "user/throttle": 0.049378948332163455, "user/mode": "user", "pos/pos_x": 60.50826, "pos/pos_y": 0.5540975, "pos/pos_z": 86.99043, "pos/speed": 6.646668, "pos/cte": -8.852222, "milliseconds": 26096}