{"cam/image_array": "720_cam-image_array_.jpg", "user/angle": 0.2165288247322001, "user/throttle": 1.0, "user/mode": "user", "pos/pos_x": 43.99592, "pos/pos_y": 0.5594141, "pos/pos_z": 46.76745, "pos/speed": 14.7724, "pos/cte": -5.451315, "milliseconds": 188624}