{"cam/image_array": "169_cam-image_array_.jpg", "user/angle": 0.017975402081362345, "user/throttle": 1.0, "user/mode": "user", "pos/pos_x": 71.2927, "pos/pos_y": 0.5580913, "pos/pos_z": -8.672052, "pos/speed": 8.65412, "pos/cte": -4.934272, "milliseconds": 37816}