{"cam/image_array": "586_cam-image_array_.jpg", "user/angle": -1.0, "user/throttle": 0.05890072328867458, "user/mode": "user", "pos/pos_x": 78.26471, "pos/pos_y": 0.5642927, "pos/pos_z": 43.15589, "pos/speed": 13.11979, "pos/cte": -3.333646, "milliseconds": 157227}