{"cam/image_array": "658_cam-image_array_.jpg", "user/angle": -0.018127994628742334, "user/throttle": 1.0, "user/mode": "user", "pos/pos_x": 70.52151, "pos/pos_y": 0.5555602, "pos/pos_z": 73.07542, "pos/speed": 10.08673, "pos/cte": -4.285538, "milliseconds": 174913}