{"cam/image_array": "545_cam-image_array_.jpg", "user/angle": 0.2633136997589038, "user/throttle": 1.0, "user/mode": "user", "pos/pos_x": 46.61089, "pos/pos_y": 0.557212, "pos/pos_z": 20.03613, "pos/speed": 13.85907, "pos/cte": -2.969553, "milliseconds": 148161}