{"cam/image_array": "225_cam-image_array_.jpg", "user/angle": 1.0, "user/throttle": 0.02557451094088565, "user/mode": "user", "pos/pos_x": 80.77177, "pos/pos_y": 0.5516243, "pos/pos_z": 50.46087, "pos/speed": 9.655341, "pos/cte": -2.663118, "milliseconds": 50201}