{"cam/image_array": "89_cam-image_array_.jpg", "user/angle": 0.04184087649159215, "user/throttle": 1.0, "user/mode": "user", "pos/pos_x": 47.78943, "pos/pos_y": 0.5573511, "pos/pos_z": 21.45384, "pos/speed": 12.65272, "pos/cte": -1.730289, "milliseconds": 20126}