{"cam/image_array": "610_cam-image_array_.jpg", "user/angle": 0.34827723014007994, "user/throttle": 1.0, "user/mode": "user", "pos/pos_x": 66.89129, "pos/pos_y": 0.5509528, "pos/pos_z": -0.5452234, "pos/speed": 8.6858, "pos/cte": 3.230657, "milliseconds": 164297}