{"cam/image_array": "275_cam-image_array_.jpg", "user/angle": 0.4141361735892819, "user/throttle": 1.0, "user/mode": "user", "pos/pos_x": 49.92733, "pos/pos_y": 0.5533927, "pos/pos_z": 6.9435, "pos/speed": 12.90169, "pos/cte": -0.2273589, "milliseconds": 61258}