{"cam/image_array": "46_cam-image_array_.jpg", "user/angle": 0.017975402081362345, "user/throttle": 1.0, "user/mode": "user", "pos/pos_x": 77.73924, "pos/pos_y": 0.5570847, "pos/pos_z": 55.57203, "pos/speed": 12.23388, "pos/cte": 0.4295208, "milliseconds": 10613}