{"cam/image_array": "1003_cam-image_array_.jpg", "user/angle": 0.5171971800897244, "user/throttle": 1.0, "user/mode": "user", "pos/pos_x": 50.73328, "pos/pos_y": 0.5600839, "pos/pos_z": 12.30972, "pos/speed": 7.815106, "pos/cte": 0.8119019, "milliseconds": 274430}