{"cam/image_array": "770_cam-image_array_.jpg", "user/angle": 0.28525650807214575, "user/throttle": 0.0370189519943846, "user/mode": "user", "pos/pos_x": 79.98864, "pos/pos_y": 0.5520672, "pos/pos_z": 24.47046, "pos/speed": 12.31775, "pos/cte": -5.959082, "milliseconds": 199681}