{"cam/image_array": "945_cam-image_array_.jpg", "user/angle": 0.25373088778344066, "user/throttle": 0.02557451094088565, "user/mode": "user", "pos/pos_x": 83.16107, "pos/pos_y": 0.5535204, "pos/pos_z": 11.52846, "pos/speed": 13.77698, "pos/cte": 0.3814384, "milliseconds": 238384}