{"cam/image_array": "9_cam-image_array_.jpg", "user/angle": 0.030396435438093204, "user/throttle": 1.0, "user/mode": "user", "pos/pos_x": 49.69812, "pos/pos_y": 0.5697652, "pos/pos_z": 49.07059, "pos/speed": 2.496051, "pos/cte": 0.008117676, "milliseconds": 2432}