{"cam/image_array": "251_cam-image_array_.jpg", "user/angle": 0.7157506027405621, "user/throttle": 1.0, "user/mode": "user", "pos/pos_x": 86.42093, "pos/pos_y": 0.5556462, "pos/pos_z": 11.5246, "pos/speed": 10.42493, "pos/cte": -1.900671, "milliseconds": 55950}