{"cam/image_array": "480_cam-image_array_.jpg", "user/angle": 0.3119602038636433, "user/throttle": 1.0, "user/mode": "user", "pos/pos_x": 73.42185, "pos/pos_y": 0.5548099, "pos/pos_z": 64.91492, "pos/speed": 10.07366, "pos/cte": -1.191158, "milliseconds": 110335}