{"cam/image_array": "595_cam-image_array_.jpg", "user/angle": 0.09372234260078738, "user/throttle": 0.5907467879268776, "user/mode": "user", "pos/pos_x": 81.30305, "pos/pos_y": 0.5568905, "pos/pos_z": 22.3446, "pos/speed": 9.782563, "pos/cte": -5.871807, "milliseconds": 159217}