{"cam/image_array": "419_cam-image_array_.jpg", "user/angle": -0.02197332682271798, "user/throttle": 0.8875698110904263, "user/mode": "user", "pos/pos_x": 79.49152, "pos/pos_y": 0.5539194, "pos/pos_z": 22.61337, "pos/speed": 14.93267, "pos/cte": -4.562196, "milliseconds": 93320}