{"cam/image_array": "860_cam-image_array_.jpg", "user/angle": 0.40168462172307506, "user/throttle": 0.0370189519943846, "user/mode": "user", "pos/pos_x": 81.59011, "pos/pos_y": 0.5558391, "pos/pos_z": 14.71122, "pos/speed": 12.14444, "pos/cte": -0.7875609, "milliseconds": 219583}