{"cam/image_array": "731_cam-image_array_.jpg", "user/angle": 1.0, "user/throttle": 0.028443250831629383, "user/mode": "user", "pos/pos_x": 53.67376, "pos/pos_y": 0.5508696, "pos/pos_z": 79.72207, "pos/speed": 14.00878, "pos/cte": -1.976772, "milliseconds": 191056}