{"cam/image_array": "455_cam-image_array_.jpg", "user/angle": 0.05807672353282266, "user/throttle": 1.0, "user/mode": "user", "pos/pos_x": 49.63908, "pos/pos_y": 0.5537158, "pos/pos_z": 14.85838, "pos/speed": 13.24567, "pos/cte": -0.1700864, "milliseconds": 101282}