{"cam/image_array": "596_cam-image_array_.jpg", "user/angle": 0.2270271919919431, "user/throttle": 0.9903256324961089, "user/mode": "user", "pos/pos_x": 82.30828, "pos/pos_y": 0.5528653, "pos/pos_z": 20.65866, "pos/speed": 9.923344, "pos/cte": -5.556031, "milliseconds": 159439}