{"cam/image_array": "134_cam-image_array_.jpg", "user/angle": 0.0467848750267037, "user/throttle": 1.0, "user/mode": "user", "pos/pos_x": 77.4564, "pos/pos_y": 0.5523021, "pos/pos_z": 62.87827, "pos/speed": 9.662833, "pos/cte": -2.936357, "milliseconds": 30077}