{"cam/image_array": "201_cam-image_array_.jpg", "user/angle": 0.6060060426648762, "user/throttle": 0.0370189519943846, "user/mode": "user", "pos/pos_x": 46.21417, "pos/pos_y": 0.5529977, "pos/pos_z": 68.90998, "pos/speed": 13.88785, "pos/cte": -3.47583, "milliseconds": 44893}