{"cam/image_array": "274_cam-image_array_.jpg", "user/angle": 0.4122135074922941, "user/throttle": 1.0, "user/mode": "user", "pos/pos_x": 51.43793, "pos/pos_y": 0.5541106, "pos/pos_z": 4.867705, "pos/speed": 12.7432, "pos/cte": 1.1146, "milliseconds": 61037}