{"cam/image_array": "810_cam-image_array_.jpg", "user/angle": 0.00012207403790398877, "user/throttle": 1.0, "user/mode": "user", "pos/pos_x": 48.63586, "pos/pos_y": 0.5553817, "pos/pos_z": 36.57465, "pos/speed": 15.15578, "pos/cte": -0.7226141, "milliseconds": 208527}