{"cam/image_array": "605_cam-image_array_.jpg", "user/angle": -0.04309213538010804, "user/throttle": 1.0, "user/mode": "user", "pos/pos_x": 75.40254, "pos/pos_y": 0.5507805, "pos/pos_z": -2.319129, "pos/speed": 6.916465, "pos/cte": 1.382545, "milliseconds": 163191}