{"cam/image_array": "843_cam-image_array_.jpg", "user/angle": 0.020844141972106083, "user/throttle": 1.0, "user/mode": "user", "pos/pos_x": 74.98321, "pos/pos_y": 0.5553721, "pos/pos_z": 60.87324, "pos/speed": 10.77227, "pos/cte": 0.2464361, "milliseconds": 215824}