{"cam/image_array": "609_cam-image_array_.jpg", "user/angle": -0.01620532853175451, "user/throttle": 1.0, "user/mode": "user", "pos/pos_x": 68.61285, "pos/pos_y": 0.5543131, "pos/pos_z": -0.6741049, "pos/speed": 8.627127, "pos/cte": 3.086758, "milliseconds": 164076}