{"cam/image_array": "973_cam-image_array_.jpg", "user/angle": 0.06668294320505387, "user/throttle": -1.0, "user/mode": "user", "pos/pos_x": 54.23738, "pos/pos_y": 0.5564323, "pos/pos_z": 1.75299, "pos/speed": 0.8514783, "pos/cte": 2.443908, "milliseconds": 267132}