{"cam/image_array": "1018_cam-image_array_.jpg", "user/angle": 0.022736289559617907, "user/throttle": 0.033204138309884945, "user/mode": "user", "pos/pos_x": 43.01856, "pos/pos_y": 0.553922, "pos/pos_z": 44.72463, "pos/speed": 12.20439, "pos/cte": -6.410812, "milliseconds": 277746}