{"cam/image_array": "54_cam-image_array_.jpg", "user/angle": 0.0, "user/throttle": 0.028443250831629383, "user/mode": "user", "pos/pos_x": 79.33961, "pos/pos_y": 0.5535699, "pos/pos_z": 30.42294, "pos/speed": 14.76762, "pos/cte": -7.260574, "milliseconds": 12381}