{"cam/image_array": "971_cam-image_array_.jpg", "user/angle": 0.06286812952055422, "user/throttle": -1.0, "user/mode": "user", "pos/pos_x": 54.45174, "pos/pos_y": 0.5557763, "pos/pos_z": 1.806635, "pos/speed": 0.4386189, "pos/cte": 2.64957, "milliseconds": 266690}