{"cam/image_array": "247_cam-image_array_.jpg", "user/angle": 0.0, "user/throttle": 0.9398785363322856, "user/mode": "user", "pos/pos_x": 84.79877, "pos/pos_y": 0.54993, "pos/pos_z": 20.11294, "pos/speed": 8.915391, "pos/cte": -6.889312, "milliseconds": 55066}