{"cam/image_array": "486_cam-image_array_.jpg", "user/angle": -0.3183690908536027, "user/throttle": 1.0, "user/mode": "user", "pos/pos_x": 77.42128, "pos/pos_y": 0.5544811, "pos/pos_z": 51.41833, "pos/speed": 11.5798, "pos/cte": 0.7994455, "milliseconds": 111662}