{"cam/image_array": "442_cam-image_array_.jpg", "user/angle": 0.004638813440351573, "user/throttle": 1.0, "user/mode": "user", "pos/pos_x": 65.11986, "pos/pos_y": 0.5513989, "pos/pos_z": -14.07152, "pos/speed": 10.18296, "pos/cte": -10.27966, "milliseconds": 98407}