{"cam/image_array": "755_cam-image_array_.jpg", "user/angle": 0.007477034821619312, "user/throttle": 1.0, "user/mode": "user", "pos/pos_x": 76.21096, "pos/pos_y": 0.557182, "pos/pos_z": 58.71034, "pos/speed": 8.737127, "pos/cte": 0.5748317, "milliseconds": 196363}