{"cam/image_array": "626_cam-image_array_.jpg", "user/angle": -0.18408764915921508, "user/throttle": 1.0, "user/mode": "user", "pos/pos_x": 47.01517, "pos/pos_y": 0.5611814, "pos/pos_z": 18.16128, "pos/speed": 11.38832, "pos/cte": -2.647429, "milliseconds": 167836}