{"cam/image_array": "597_cam-image_array_.jpg", "user/angle": 0.8493911557359538, "user/throttle": 0.597369304483169, "user/mode": "user", "pos/pos_x": 83.2826, "pos/pos_y": 0.5569885, "pos/pos_z": 18.92132, "pos/speed": 10.05225, "pos/cte": -4.976699, "milliseconds": 159660}