{"cam/image_array": "311_cam-image_array_.jpg", "user/angle": 0.7185888241218299, "user/throttle": 1.0, "user/mode": "user", "pos/pos_x": 61.89175, "pos/pos_y": 0.5558492, "pos/pos_z": 74.8296, "pos/speed": 9.098783, "pos/cte": 1.137335, "milliseconds": 69217}