{"cam/image_array": "411_cam-image_array_.jpg", "user/angle": -0.2195806756797998, "user/throttle": 1.0, "user/mode": "user", "pos/pos_x": 77.21656, "pos/pos_y": 0.55383, "pos/pos_z": 46.60128, "pos/speed": 13.01147, "pos/cte": -0.7247916, "milliseconds": 91550}