{"cam/image_array": "181_cam-image_array_.jpg", "user/angle": 0.03897213660084842, "user/throttle": 1.0, "user/mode": "user", "pos/pos_x": 51.6957, "pos/pos_y": 0.5572307, "pos/pos_z": 7.745306, "pos/speed": 11.98134, "pos/cte": 1.574304, "milliseconds": 40470}