{"cam/image_array": "821_cam-image_array_.jpg", "user/angle": 1.0, "user/throttle": 0.06271553697317422, "user/mode": "user", "pos/pos_x": 50.78362, "pos/pos_y": 0.5512326, "pos/pos_z": 73.32694, "pos/speed": 12.72185, "pos/cte": 0.6858765, "milliseconds": 210960}