{"cam/image_array": "76_cam-image_array_.jpg", "user/angle": 0.3520920438245796, "user/throttle": 1.0, "user/mode": "user", "pos/pos_x": 65.06407, "pos/pos_y": 0.5542788, "pos/pos_z": -2.867279, "pos/speed": 11.15681, "pos/cte": 0.9246359, "milliseconds": 17247}