{"cam/image_array": "217_cam-image_array_.jpg", "user/angle": -0.3932004760887478, "user/throttle": 1.0, "user/mode": "user", "pos/pos_x": 71.71783, "pos/pos_y": 0.5577031, "pos/pos_z": 66.70083, "pos/speed": 10.11687, "pos/cte": -1.055263, "milliseconds": 48431}