{"cam/image_array": "230_cam-image_array_.jpg", "user/angle": 0.5592211676381725, "user/throttle": 0.020844141972106083, "user/mode": "user", "pos/pos_x": 82.0473, "pos/pos_y": 0.5551192, "pos/pos_z": 41.85667, "pos/speed": 6.964843, "pos/cte": -7.265614, "milliseconds": 51306}