{"cam/image_array": "832_cam-image_array_.jpg", "user/angle": 0.02465895565660573, "user/throttle": 1.0, "user/mode": "user", "pos/pos_x": 68.86985, "pos/pos_y": 0.5537718, "pos/pos_z": 80.65414, "pos/speed": 6.758921, "pos/cte": -7.951598, "milliseconds": 213392}