{"cam/image_array": "892_cam-image_array_.jpg", "user/angle": 0.061403241065706354, "user/throttle": 1.0, "user/mode": "user", "pos/pos_x": 43.97235, "pos/pos_y": 0.5538881, "pos/pos_z": 24.98187, "pos/speed": 13.73307, "pos/cte": -5.389844, "milliseconds": 226659}