{"cam/image_array": "815_cam-image_array_.jpg", "user/angle": 0.9123813592944121, "user/throttle": 0.03793450727866451, "user/mode": "user", "pos/pos_x": 48.20121, "pos/pos_y": 0.5587045, "pos/pos_z": 53.99162, "pos/speed": 16.43716, "pos/cte": -1.488785, "milliseconds": 209632}