{"cam/image_array": "661_cam-image_array_.jpg", "user/angle": 0.10864589373455001, "user/throttle": 1.0, "user/mode": "user", "pos/pos_x": 73.62273, "pos/pos_y": 0.5543787, "pos/pos_z": 66.26321, "pos/speed": 11.2436, "pos/cte": -2.219553, "milliseconds": 175576}