{"cam/image_array": "923_cam-image_array_.jpg", "user/angle": -0.01620532853175451, "user/throttle": 1.0, "user/mode": "user", "pos/pos_x": 70.21467, "pos/pos_y": 0.5554324, "pos/pos_z": 69.26029, "pos/speed": 9.760958, "pos/cte": -1.574491, "milliseconds": 233519}