{"cam/image_array": "1009_cam-image_array_.jpg", "user/angle": -0.031556138798181095, "user/throttle": 1.0, "user/mode": "user", "pos/pos_x": 49.03566, "pos/pos_y": 0.5567851, "pos/pos_z": 24.15026, "pos/speed": 9.786736, "pos/cte": -0.3676323, "milliseconds": 275756}