{"cam/image_array": "171_cam-image_array_.jpg", "user/angle": 0.6011841181676687, "user/throttle": 1.0, "user/mode": "user", "pos/pos_x": 67.72228, "pos/pos_y": 0.5551096, "pos/pos_z": -8.195333, "pos/speed": 9.296621, "pos/cte": -4.426412, "milliseconds": 38258}