{"cam/image_array": "20_cam-image_array_.jpg", "user/angle": 0.08767967772453994, "user/throttle": 1.0, "user/mode": "user", "pos/pos_x": 50.30624, "pos/pos_y": 0.5547644, "pos/pos_z": 62.13896, "pos/speed": 7.852456, "pos/cte": 0.6162415, "milliseconds": 4863}