{"cam/image_array": "168_cam-image_array_.jpg", "user/angle": 0.017975402081362345, "user/throttle": 1.0, "user/mode": "user", "pos/pos_x": 72.97419, "pos/pos_y": 0.5579216, "pos/pos_z": -8.887177, "pos/speed": 8.249862, "pos/cte": -5.164061, "milliseconds": 37595}