{"cam/image_array": "83_cam-image_array_.jpg", "user/angle": 0.7090670491653188, "user/throttle": 1.0, "user/mode": "user", "pos/pos_x": 50.20096, "pos/pos_y": 0.551844, "pos/pos_z": 6.153047, "pos/speed": 12.11784, "pos/cte": 0.01153765, "milliseconds": 18799}