{"cam/image_array": "660_cam-image_array_.jpg", "user/angle": 0.07809686574907682, "user/throttle": 1.0, "user/mode": "user", "pos/pos_x": 72.69415, "pos/pos_y": 0.5508426, "pos/pos_z": 68.27919, "pos/speed": 10.94492, "pos/cte": -2.822726, "milliseconds": 175355}