{"cam/image_array": "657_cam-image_array_.jpg", "user/angle": -0.01718192083498642, "user/throttle": 1.0, "user/mode": "user", "pos/pos_x": 69.6142, "pos/pos_y": 0.552858, "pos/pos_z": 74.84273, "pos/speed": 9.776302, "pos/cte": -4.743396, "milliseconds": 174692}