{"cam/image_array": "82_cam-image_array_.jpg", "user/angle": 0.716696676534318, "user/throttle": 1.0, "user/mode": "user", "pos/pos_x": 51.65881, "pos/pos_y": 0.5524436, "pos/pos_z": 4.217048, "pos/speed": 12.13667, "pos/cte": 1.177478, "milliseconds": 18578}