{"cam/image_array": "18_cam-image_array_.jpg", "user/angle": 0.027039399395733514, "user/throttle": 1.0, "user/mode": "user", "pos/pos_x": 50.09113, "pos/pos_y": 0.5559416, "pos/pos_z": 59.1554, "pos/speed": 7.177708, "pos/cte": 0.4011269, "milliseconds": 4421}