{"cam/image_array": "19_cam-image_array_.jpg", "user/angle": 0.026825769829401533, "user/throttle": 1.0, "user/mode": "user", "pos/pos_x": 50.19157, "pos/pos_y": 0.5572003, "pos/pos_z": 60.60785, "pos/speed": 7.405543, "pos/cte": 0.5015755, "milliseconds": 4642}