{"cam/image_array": "448_cam-image_array_.jpg", "user/angle": 0.6918851283303323, "user/throttle": 1.0, "user/mode": "user", "pos/pos_x": 55.11308, "pos/pos_y": 0.5542154, "pos/pos_z": -3.404147, "pos/speed": 12.23127, "pos/cte": -0.8793262, "milliseconds": 99734}