{"cam/image_array": "677_cam-image_array_.jpg", "user/angle": -0.024842066713461716, "user/throttle": 0.09598071230201118, "user/mode": "user", "pos/pos_x": 80.37325, "pos/pos_y": 0.5542942, "pos/pos_z": 22.7102, "pos/speed": 14.5176, "pos/cte": -5.371058, "milliseconds": 179115}