{"cam/image_array": "776_cam-image_array_.jpg", "user/angle": 0.1554307687612537, "user/throttle": 0.945616016113773, "user/mode": "user", "pos/pos_x": 85.49083, "pos/pos_y": 0.5539225, "pos/pos_z": 9.428453, "pos/speed": 11.92986, "pos/cte": 0.2463203, "milliseconds": 201008}