{"cam/image_array": "384_cam-image_array_.jpg", "user/angle": 1.0, "user/throttle": -0.009643848994415113, "user/mode": "user", "pos/pos_x": 45.6581, "pos/pos_y": 0.5561205, "pos/pos_z": 67.27162, "pos/speed": 14.19986, "pos/cte": -4.031895, "milliseconds": 85580}