{"cam/image_array": "845_cam-image_array_.jpg", "user/angle": 0.09244056520279549, "user/throttle": 1.0, "user/mode": "user", "pos/pos_x": 76.19118, "pos/pos_y": 0.5557141, "pos/pos_z": 55.41366, "pos/speed": 11.54199, "pos/cte": 1.935004, "milliseconds": 216266}