{"cam/image_array": "641_cam-image_array_.jpg", "user/angle": 1.0, "user/throttle": 0.005615405743583483, "user/mode": "user", "pos/pos_x": 46.54884, "pos/pos_y": 0.5509581, "pos/pos_z": 63.42351, "pos/speed": 14.11715, "pos/cte": -3.141159, "milliseconds": 171153}