{"cam/image_array": "772_cam-image_array_.jpg", "user/angle": 0.2967009491256447, "user/throttle": 0.8752098147526475, "user/mode": "user", "pos/pos_x": 82.94617, "pos/pos_y": 0.5588785, "pos/pos_z": 18.99091, "pos/speed": 12.41162, "pos/cte": -4.790519, "milliseconds": 200123}