{"cam/image_array": "464_cam-image_array_.jpg", "user/angle": -0.025788140507217627, "user/throttle": 1.0, "user/mode": "user", "pos/pos_x": 50.19824, "pos/pos_y": 0.5562993, "pos/pos_z": 43.85359, "pos/speed": 15.56907, "pos/cte": 0.776195, "milliseconds": 103272}