{"cam/image_array": "73_cam-image_array_.jpg", "user/angle": 0.020844141972106083, "user/throttle": 1.0, "user/mode": "user", "pos/pos_x": 72.12701, "pos/pos_y": 0.5542245, "pos/pos_z": -4.993143, "pos/speed": 9.861923, "pos/cte": -1.262782, "milliseconds": 16583}