{"cam/image_array": "450_cam-image_array_.jpg", "user/angle": 0.060945463423566396, "user/throttle": 1.0, "user/mode": "user", "pos/pos_x": 51.32669, "pos/pos_y": 0.5518568, "pos/pos_z": 2.365944, "pos/speed": 12.39116, "pos/cte": 0.2399049, "milliseconds": 100176}