{"cam/image_array": "640_cam-image_array_.jpg", "user/angle": 1.0, "user/throttle": 0.005615405743583483, "user/mode": "user", "pos/pos_x": 46.9551, "pos/pos_y": 0.5534108, "pos/pos_z": 59.09507, "pos/speed": 14.86977, "pos/cte": -2.734898, "milliseconds": 170932}