{"cam/image_array": "813_cam-image_array_.jpg", "user/angle": 0.005584887234107486, "user/throttle": 1.0, "user/mode": "user", "pos/pos_x": 48.41806, "pos/pos_y": 0.555888, "pos/pos_z": 45.90721, "pos/speed": 15.86743, "pos/cte": -1.021839, "milliseconds": 209190}