{"cam/image_array": "403_cam-image_array_.jpg", "user/angle": 0.6060060426648762, "user/throttle": 1.0, "user/mode": "user", "pos/pos_x": 75.27737, "pos/pos_y": 0.5530807, "pos/pos_z": 67.61356, "pos/speed": 11.57805, "pos/cte": -4.354728, "milliseconds": 89781}