{"cam/image_array": "214_cam-image_array_.jpg", "user/angle": 0.06381420331431013, "user/throttle": 1.0, "user/mode": "user", "pos/pos_x": 70.15715, "pos/pos_y": 0.5534239, "pos/pos_z": 72.85369, "pos/speed": 9.154419, "pos/cte": -3.86448, "milliseconds": 47768}