{"cam/image_array": "863_cam-image_array_.jpg", "user/angle": 1.0, "user/throttle": 0.0370189519943846, "user/mode": "user", "pos/pos_x": 84.25423, "pos/pos_y": 0.5562786, "pos/pos_z": 7.046113, "pos/speed": 11.0471, "pos/cte": 2.812272, "milliseconds": 220246}