{"cam/image_array": "779_cam-image_array_.jpg", "user/angle": 1.0, "user/throttle": 0.761345255897702, "user/mode": "user", "pos/pos_x": 84.63421, "pos/pos_y": 0.5568124, "pos/pos_z": 0.8712739, "pos/speed": 12.66367, "pos/cte": 2.565601, "milliseconds": 201671}