{"cam/image_array": "114_cam-image_array_.jpg", "user/angle": 1.0, "user/throttle": 0.06173894466994232, "user/mode": "user", "pos/pos_x": 57.72636, "pos/pos_y": 0.5552093, "pos/pos_z": 87.2897, "pos/speed": 7.425485, "pos/cte": -9.005493, "milliseconds": 25654}