{"cam/image_array": "425_cam-image_array_.jpg", "user/angle": 1.0, "user/throttle": -0.015564439832758568, "user/mode": "user", "pos/pos_x": 85.43076, "pos/pos_y": 0.5554633, "pos/pos_z": 3.67617, "pos/speed": 14.78958, "pos/cte": 3.002177, "milliseconds": 94646}