{"cam/image_array": "856_cam-image_array_.jpg", "user/angle": 0.020844141972106083, "user/throttle": 0.03888058107242042, "user/mode": "user", "pos/pos_x": 77.79868, "pos/pos_y": 0.5466863, "pos/pos_z": 23.94611, "pos/speed": 12.86567, "pos/cte": -3.756722, "milliseconds": 218698}