{"cam/image_array": "645_cam-image_array_.jpg", "user/angle": 1.0, "user/throttle": 0.040803247169408245, "user/mode": "user", "pos/pos_x": 48.57607, "pos/pos_y": 0.5530164, "pos/pos_z": 73.35249, "pos/speed": 11.36408, "pos/cte": -1.448216, "milliseconds": 172038}