{"cam/image_array": "451_cam-image_array_.jpg", "user/angle": 0.05905331583605457, "user/throttle": 1.0, "user/mode": "user", "pos/pos_x": 50.54038, "pos/pos_y": 0.5535634, "pos/pos_z": 4.709877, "pos/speed": 12.41622, "pos/cte": 0.2050025, "milliseconds": 100397}