{"cam/image_array": "154_cam-image_array_.jpg", "user/angle": 0.04184087649159215, "user/throttle": -0.002380443739127781, "user/mode": "user", "pos/pos_x": 82.33311, "pos/pos_y": 0.5590221, "pos/pos_z": 11.91124, "pos/speed": 11.81268, "pos/cte": 0.688746, "milliseconds": 34500}