{"cam/image_array": "1023_cam-image_array_.jpg", "user/angle": 0.026581621753593555, "user/throttle": 0.034333323160496844, "user/mode": "user", "pos/pos_x": 43.47276, "pos/pos_y": 0.5540994, "pos/pos_z": 57.4543, "pos/speed": 10.91367, "pos/cte": -6.217236, "milliseconds": 278852}