{"cam/image_array": "1011_cam-image_array_.jpg", "user/angle": -0.024842066713461716, "user/throttle": 1.0, "user/mode": "user", "pos/pos_x": 48.71841, "pos/pos_y": 0.5500818, "pos/pos_z": 28.10399, "pos/speed": 10.03999, "pos/cte": -0.5661436, "milliseconds": 276198}