{"cam/image_array": "456_cam-image_array_.jpg", "user/angle": 0.03707998901333659, "user/throttle": 1.0, "user/mode": "user", "pos/pos_x": 49.64853, "pos/pos_y": 0.5547088, "pos/pos_z": 18.90309, "pos/speed": 13.69467, "pos/cte": 0.0157767, "milliseconds": 101503}