{"cam/image_array": "127_cam-image_array_.jpg", "user/angle": 0.5467696157719657, "user/throttle": 1.0, "user/mode": "user", "pos/pos_x": 68.87952, "pos/pos_y": 0.5507976, "pos/pos_z": 73.06598, "pos/speed": 8.325183, "pos/cte": -3.030829, "milliseconds": 28529}