{"cam/image_array": "970_cam-image_array_.jpg", "user/angle": 0.06476027710806605, "user/throttle": -0.7116000854518265, "user/mode": "user", "pos/pos_x": 54.53736, "pos/pos_y": 0.5554793, "pos/pos_z": 1.827865, "pos/speed": 0.4221161, "pos/cte": 2.731607, "milliseconds": 266469}