{"cam/image_array": "1022_cam-image_array_.jpg", "user/angle": 0.026581621753593555, "user/throttle": 0.034333323160496844, "user/mode": "user", "pos/pos_x": 43.2127, "pos/pos_y": 0.5534965, "pos/pos_z": 55.24571, "pos/speed": 11.14534, "pos/cte": -6.477295, "milliseconds": 278630}