{"cam/image_array": "93_cam-image_array_.jpg", "user/angle": -0.05554368724631489, "user/throttle": 1.0, "user/mode": "user", "pos/pos_x": 50.13597, "pos/pos_y": 0.555, "pos/pos_z": 34.05433, "pos/speed": 13.94744, "pos/cte": 0.7994359, "milliseconds": 21011}