{"cam/image_array": "1025_cam-image_array_.jpg", "user/angle": 0.026581621753593555, "user/throttle": 0.034333323160496844, "user/mode": "user", "pos/pos_x": 44.04869, "pos/pos_y": 0.5573787, "pos/pos_z": 61.73613, "pos/speed": 10.52482, "pos/cte": -5.641308, "milliseconds": 279294}