{"cam/image_array": "820_cam-image_array_.jpg", "user/angle": 1.0, "user/throttle": 0.0370189519943846, "user/mode": "user", "pos/pos_x": 49.31534, "pos/pos_y": 0.5463182, "pos/pos_z": 69.59795, "pos/speed": 14.12123, "pos/cte": -0.3746567, "milliseconds": 210739}