{"cam/image_array": "493_cam-image_array_.jpg", "user/angle": -0.029633472701193275, "user/throttle": 1.0, "user/mode": "user", "pos/pos_x": 78.59863, "pos/pos_y": 0.5559537, "pos/pos_z": 32.60186, "pos/speed": 13.1188, "pos/cte": -6.724676, "milliseconds": 113209}