{"cam/image_array": "218_cam-image_array_.jpg", "user/angle": -0.9515060884426405, "user/throttle": 1.0, "user/mode": "user", "pos/pos_x": 72.06417, "pos/pos_y": 0.5562344, "pos/pos_z": 64.65908, "pos/speed": 10.5054, "pos/cte": 0.007383711, "milliseconds": 48652}