{"cam/image_array": "373_cam-image_array_.jpg", "user/angle": 0.023712881862849818, "user/throttle": 1.0, "user/mode": "user", "pos/pos_x": 44.63588, "pos/pos_y": 0.5538088, "pos/pos_z": 31.7747, "pos/speed": 13.30119, "pos/cte": -4.68055, "milliseconds": 83148}