{"cam/image_array": "179_cam-image_array_.jpg", "user/angle": 0.03326517532883694, "user/throttle": 1.0, "user/mode": "user", "pos/pos_x": 53.92267, "pos/pos_y": 0.5523141, "pos/pos_z": 1.685474, "pos/speed": 11.0482, "pos/cte": 2.148486, "milliseconds": 40028}