{"cam/image_array": "267_cam-image_array_.jpg", "user/angle": 0.017029328287606435, "user/throttle": 1.0, "user/mode": "user", "pos/pos_x": 65.58316, "pos/pos_y": 0.5547082, "pos/pos_z": -7.464223, "pos/speed": 10.47072, "pos/cte": -3.676663, "milliseconds": 59489}