{"cam/image_array": "72_cam-image_array_.jpg", "user/angle": 0.020844141972106083, "user/throttle": 1.0, "user/mode": "user", "pos/pos_x": 74.07561, "pos/pos_y": 0.5500354, "pos/pos_z": -5.299472, "pos/speed": 9.875844, "pos/cte": -1.586105, "milliseconds": 16362}