{"cam/image_array": "375_cam-image_array_.jpg", "user/angle": 0.02850428785058138, "user/throttle": 1.0, "user/mode": "user", "pos/pos_x": 44.46053, "pos/pos_y": 0.5565724, "pos/pos_z": 37.20972, "pos/speed": 13.84217, "pos/cte": -4.903321, "milliseconds": 83590}