{"cam/image_array": "338_cam-image_array_.jpg", "user/angle": 0.12012085329752495, "user/throttle": 0.33289590136417735, "user/mode": "user", "pos/pos_x": 85.18334, "pos/pos_y": 0.556397, "pos/pos_z": 14.47431, "pos/speed": 10.55429, "pos/cte": -3.137114, "milliseconds": 75407}