{"cam/image_array": "418_cam-image_array_.jpg", "user/angle": -0.022919400616473892, "user/throttle": 1.0, "user/mode": "user", "pos/pos_x": 78.69473, "pos/pos_y": 0.5530959, "pos/pos_z": 25.4703, "pos/speed": 14.69815, "pos/cte": -5.252239, "milliseconds": 93099}