{"cam/image_array": "857_cam-image_array_.jpg", "user/angle": 0.08288827173680838, "user/throttle": 0.03607287820062868, "user/mode": "user", "pos/pos_x": 78.62354, "pos/pos_y": 0.5495782, "pos/pos_z": 21.52541, "pos/speed": 12.83135, "pos/cte": -3.262137, "milliseconds": 218919}