{"cam/image_array": "883_cam-image_array_.jpg", "user/angle": 0.06762901699880979, "user/throttle": 1.0, "user/mode": "user", "pos/pos_x": 53.47804, "pos/pos_y": 0.551351, "pos/pos_z": 3.2478, "pos/speed": 11.55213, "pos/cte": 2.693754, "milliseconds": 224669}