{"cam/image_array": "351_cam-image_array_.jpg", "user/angle": -0.007568590350047304, "user/throttle": 0.966521195104831, "user/mode": "user", "pos/pos_x": 74.18594, "pos/pos_y": 0.5514223, "pos/pos_z": -5.847761, "pos/speed": 9.248772, "pos/cte": -2.135336, "milliseconds": 78282}