{"cam/image_array": "535_cam-image_array_.jpg", "user/angle": 0.7443769646290476, "user/throttle": 1.0, "user/mode": "user", "pos/pos_x": 61.15377, "pos/pos_y": 0.5558037, "pos/pos_z": -1.888823, "pos/speed": 12.36958, "pos/cte": 1.937179, "milliseconds": 145949}