{"cam/image_array": "524_cam-image_array_.jpg", "user/angle": 0.2976775414288766, "user/throttle": 1.0, "user/mode": "user", "pos/pos_x": 84.11397, "pos/pos_y": 0.5521207, "pos/pos_z": -12.33206, "pos/speed": 8.966264, "pos/cte": -9.025639, "milliseconds": 143517}