{"cam/image_array": "764_cam-image_array_.jpg", "user/angle": -0.5793023468733787, "user/throttle": 1.0, "user/mode": "user", "pos/pos_x": 78.80732, "pos/pos_y": 0.5525511, "pos/pos_z": 39.57948, "pos/speed": 11.30124, "pos/cte": -5.466758, "milliseconds": 198354}