{"cam/image_array": "303_cam-image_array_.jpg", "user/angle": 0.03137302774132512, "user/throttle": 1.0, "user/mode": "user", "pos/pos_x": 48.13528, "pos/pos_y": 0.5575382, "pos/pos_z": 73.6252, "pos/speed": 6.337187, "pos/cte": -1.945852, "milliseconds": 67448}