{"cam/image_array": "675_cam-image_array_.jpg", "user/angle": -0.024842066713461716, "user/throttle": 1.0, "user/mode": "user", "pos/pos_x": 78.76511, "pos/pos_y": 0.5577868, "pos/pos_z": 28.17362, "pos/speed": 13.99102, "pos/cte": -6.277, "milliseconds": 178673}