{"cam/image_array": "56_cam-image_array_.jpg", "user/angle": -0.0037232581560716575, "user/throttle": 0.028443250831629383, "user/mode": "user", "pos/pos_x": 80.5359, "pos/pos_y": 0.5470613, "pos/pos_z": 24.65685, "pos/speed": 14.65636, "pos/cte": -6.533278, "milliseconds": 12823}