{"cam/image_array": "512_cam-image_array_.jpg", "user/angle": 0.017975402081362345, "user/throttle": 1.0, "user/mode": "user", "pos/pos_x": 94.39001, "pos/pos_y": 0.5528018, "pos/pos_z": 3.831005, "pos/speed": 5.983679, "pos/cte": -6.202026, "milliseconds": 140864}