{"cam/image_array": "98_cam-image_array_.jpg", "user/angle": -0.0037232581560716575, "user/throttle": 1.0, "user/mode": "user", "pos/pos_x": 52.77284, "pos/pos_y": 0.5559376, "pos/pos_z": 49.85389, "pos/speed": 14.86705, "pos/cte": 3.08284, "milliseconds": 22116}