{"cam/image_array": "49_cam-image_array_.jpg", "user/angle": 0.01544236579485458, "user/throttle": 1.0, "user/mode": "user", "pos/pos_x": 78.37663, "pos/pos_y": 0.5563891, "pos/pos_z": 46.65864, "pos/speed": 13.26696, "pos/cte": -1.706221, "milliseconds": 11276}