{"cam/image_array": "86_cam-image_array_.jpg", "user/angle": 0.04422132023071993, "user/throttle": 1.0, "user/mode": "user", "pos/pos_x": 47.34775, "pos/pos_y": 0.5516982, "pos/pos_z": 14.09191, "pos/speed": 12.13515, "pos/cte": -2.492675, "milliseconds": 19463}