{"cam/image_array": "297_cam-image_array_.jpg", "user/angle": 0.03137302774132512, "user/throttle": 1.0, "user/mode": "user", "pos/pos_x": 42.29661, "pos/pos_y": 0.5467244, "pos/pos_z": 69.80305, "pos/speed": 7.695944, "pos/cte": -7.393391, "milliseconds": 66122}