{"cam/image_array": "130_cam-image_array_.jpg", "user/angle": 0.8522598956266976, "user/throttle": 1.0, "user/mode": "user", "pos/pos_x": 74.05766, "pos/pos_y": 0.5526962, "pos/pos_z": 69.53947, "pos/speed": 9.281971, "pos/cte": -4.678037, "milliseconds": 29192}