{"cam/image_array": "547_cam-image_array_.jpg", "user/angle": 0.06286812952055422, "user/throttle": 1.0, "user/mode": "user", "pos/pos_x": 44.81947, "pos/pos_y": 0.553462, "pos/pos_z": 27.77277, "pos/speed": 14.41648, "pos/cte": -4.462053, "milliseconds": 148603}