{"cam/image_array": "583_cam-image_array_.jpg", "user/angle": 0.06189153721732231, "user/throttle": 0.37665944395275736, "user/mode": "user", "pos/pos_x": 79.76056, "pos/pos_y": 0.5519723, "pos/pos_z": 50.86697, "pos/speed": 12.98929, "pos/cte": -1.598753, "milliseconds": 156564}