{"cam/image_array": "229_cam-image_array_.jpg", "user/angle": 1.0, "user/throttle": 0.023712881862849818, "user/mode": "user", "pos/pos_x": 82.58293, "pos/pos_y": 0.5536743, "pos/pos_z": 43.97508, "pos/speed": 7.717072, "pos/cte": -6.688647, "milliseconds": 51085}