{"cam/image_array": "835_cam-image_array_.jpg", "user/angle": 0.022736289559617907, "user/throttle": 1.0, "user/mode": "user", "pos/pos_x": 70.91181, "pos/pos_y": 0.5552238, "pos/pos_z": 76.14554, "pos/speed": 7.79636, "pos/cte": -6.576212, "milliseconds": 214055}