{"cam/image_array": "103_cam-image_array_.jpg", "user/angle": 1.0, "user/throttle": 0.01608325449385052, "user/mode": "user", "pos/pos_x": 48.88869, "pos/pos_y": 0.5528105, "pos/pos_z": 65.71369, "pos/speed": 14.66457, "pos/cte": -0.8013039, "milliseconds": 23222}