{"cam/image_array": "281_cam-image_array_.jpg", "user/angle": 0.055238502151554916, "user/throttle": 1.0, "user/mode": "user", "pos/pos_x": 46.72753, "pos/pos_y": 0.5587269, "pos/pos_z": 23.4331, "pos/speed": 13.70424, "pos/cte": -2.70485, "milliseconds": 62584}