{"cam/image_array": "718_cam-image_array_.jpg", "user/angle": 0.19937742240668965, "user/throttle": 1.0, "user/mode": "user", "pos/pos_x": 46.12687, "pos/pos_y": 0.5586001, "pos/pos_z": 41.26423, "pos/speed": 14.61134, "pos/cte": -3.272424, "milliseconds": 188181}