{"cam/image_array": "894_cam-image_array_.jpg", "user/angle": 0.061403241065706354, "user/throttle": 1.0, "user/mode": "user", "pos/pos_x": 43.00183, "pos/pos_y": 0.557846, "pos/pos_z": 31.91792, "pos/speed": 14.26704, "pos/cte": -6.315786, "milliseconds": 227101}