{"cam/image_array": "606_cam-image_array_.jpg", "user/angle": -0.4257942442091128, "user/throttle": 1.0, "user/mode": "user", "pos/pos_x": 73.99915, "pos/pos_y": 0.5528386, "pos/pos_z": -2.071058, "pos/speed": 7.381841, "pos/cte": 1.642853, "milliseconds": 163412}