{"cam/image_array": "938_cam-image_array_.jpg", "user/angle": -0.02868739890743736, "user/throttle": 1.0, "user/mode": "user", "pos/pos_x": 78.44209, "pos/pos_y": 0.5504292, "pos/pos_z": 33.10092, "pos/speed": 12.98133, "pos/cte": -6.529464, "milliseconds": 236836}