{"cam/image_array": "323_cam-image_array_.jpg", "user/angle": 0.05618457594531083, "user/throttle": 0.8066957609790338, "user/mode": "user", "pos/pos_x": 79.06087, "pos/pos_y": 0.5514132, "pos/pos_z": 52.8278, "pos/speed": 11.77243, "pos/cte": -0.7053574, "milliseconds": 71870}