{"cam/image_array": "59_cam-image_array_.jpg", "user/angle": 1.0, "user/throttle": 0.029389324625385297, "user/mode": "user", "pos/pos_x": 84.74812, "pos/pos_y": 0.56002, "pos/pos_z": 15.92911, "pos/speed": 13.21715, "pos/cte": -3.869698, "milliseconds": 13487}