{"cam/image_array": "206_cam-image_array_.jpg", "user/angle": 0.9324320200201422, "user/throttle": 0.4147160252693258, "user/mode": "user", "pos/pos_x": 55.9735, "pos/pos_y": 0.5536203, "pos/pos_z": 77.94766, "pos/speed": 10.81641, "pos/cte": 0.2856939, "milliseconds": 45999}