{"cam/image_array": "540_cam-image_array_.jpg", "user/angle": 0.05807672353282266, "user/throttle": 1.0, "user/mode": "user", "pos/pos_x": 51.53575, "pos/pos_y": 0.5536323, "pos/pos_z": 7.707509, "pos/speed": 12.55825, "pos/cte": 1.412857, "milliseconds": 147055}