{"cam/image_array": "10_cam-image_array_.jpg", "user/angle": 0.0260933256019776, "user/throttle": 1.0, "user/mode": "user", "pos/pos_x": 49.70876, "pos/pos_y": 0.5485573, "pos/pos_z": 49.93904, "pos/speed": 3.219818, "pos/cte": 0.0187645, "milliseconds": 2653}