{"cam/image_array": "367_cam-image_array_.jpg", "user/angle": 0.02465895565660573, "user/throttle": 1.0, "user/mode": "user", "pos/pos_x": 45.78394, "pos/pos_y": 0.5552118, "pos/pos_z": 15.70645, "pos/speed": 11.43386, "pos/cte": -3.984573, "milliseconds": 81821}