{"cam/image_array": "921_cam-image_array_.jpg", "user/angle": -0.24262215033417767, "user/throttle": 1.0, "user/mode": "user", "pos/pos_x": 69.04807, "pos/pos_y": 0.5564312, "pos/pos_z": 72.81682, "pos/speed": 8.911892, "pos/cte": -2.997178, "milliseconds": 233077}