{"cam/image_array": "371_cam-image_array_.jpg", "user/angle": 0.02945036164433729, "user/throttle": 1.0, "user/mode": "user", "pos/pos_x": 44.90629, "pos/pos_y": 0.5584877, "pos/pos_z": 26.56341, "pos/speed": 12.74307, "pos/cte": -4.387814, "milliseconds": 82706}