{"cam/image_array": "313_cam-image_array_.jpg", "user/angle": -0.014038514358958708, "user/throttle": 1.0, "user/mode": "user", "pos/pos_x": 65.94345, "pos/pos_y": 0.5526751, "pos/pos_z": 72.69257, "pos/speed": 9.330525, "pos/cte": -0.5557199, "milliseconds": 69659}