{"cam/image_array": "630_cam-image_array_.jpg", "user/angle": -0.03057954649494919, "user/throttle": 1.0, "user/mode": "user", "pos/pos_x": 48.10308, "pos/pos_y": 0.5550689, "pos/pos_z": 29.50756, "pos/speed": 12.77475, "pos/cte": -1.193698, "milliseconds": 168720}