{"cam/image_array": "635_cam-image_array_.jpg", "user/angle": -0.02868739890743736, "user/throttle": 1.0, "user/mode": "user", "pos/pos_x": 48.49062, "pos/pos_y": 0.5550774, "pos/pos_z": 44.41933, "pos/speed": 14.26582, "pos/cte": -0.9362953, "milliseconds": 169826}