{"cam/image_array": "515_cam-image_array_.jpg", "user/angle": 0.021790215765861997, "user/throttle": 1.0, "user/mode": "user", "pos/pos_x": 94.00099, "pos/pos_y": 0.5585307, "pos/pos_z": -0.6564476, "pos/speed": 7.174471, "pos/cte": -6.538088, "milliseconds": 141527}