{"cam/image_array": "359_cam-image_array_.jpg", "user/angle": 1.0, "user/throttle": 0.7638782921842098, "user/mode": "user", "pos/pos_x": 56.80084, "pos/pos_y": 0.5548146, "pos/pos_z": 0.442735, "pos/speed": 11.6246, "pos/cte": 3.318444, "milliseconds": 80052}