{"cam/image_array": "250_cam-image_array_.jpg", "user/angle": 0.11535996581926938, "user/throttle": 1.0, "user/mode": "user", "pos/pos_x": 85.8626, "pos/pos_y": 0.5521913, "pos/pos_z": 14.53628, "pos/speed": 9.982602, "pos/cte": -3.657414, "milliseconds": 55729}