{"cam/image_array": "942_cam-image_array_.jpg", "user/angle": 0.005096591082491531, "user/throttle": 0.02557451094088565, "user/mode": "user", "pos/pos_x": 80.93799, "pos/pos_y": 0.5567058, "pos/pos_z": 21.13711, "pos/speed": 14.10122, "pos/cte": -4.873405, "milliseconds": 237720}