{"cam/image_array": "679_cam-image_array_.jpg", "user/angle": 0.21558275093844417, "user/throttle": 0.040803247169408245, "user/mode": "user", "pos/pos_x": 82.55521, "pos/pos_y": 0.5553493, "pos/pos_z": 15.64847, "pos/speed": 14.84254, "pos/cte": -2.132506, "milliseconds": 179557}