{"cam/image_array": "79_cam-image_array_.jpg", "user/angle": 0.5515915402691732, "user/throttle": 1.0, "user/mode": "user", "pos/pos_x": 58.4911, "pos/pos_y": 0.5564574, "pos/pos_z": -0.6265314, "pos/speed": 12.00057, "pos/cte": 2.946181, "milliseconds": 17910}