{"cam/image_array": "580_cam-image_array_.jpg", "user/angle": 0.5859248634296701, "user/throttle": 1.0, "user/mode": "user", "pos/pos_x": 78.11022, "pos/pos_y": 0.552393, "pos/pos_z": 60.45406, "pos/speed": 12.39348, "pos/cte": -1.946632, "milliseconds": 155900}