{"cam/image_array": "109_cam-image_array_.jpg", "user/angle": 1.0, "user/throttle": 0.011291848506118961, "user/mode": "user", "pos/pos_x": 50.13267, "pos/pos_y": 0.5530947, "pos/pos_z": 81.93074, "pos/speed": 10.31277, "pos/cte": -5.589351, "milliseconds": 24549}