{"cam/image_array": "593_cam-image_array_.jpg", "user/angle": 0.08191167943357647, "user/throttle": 0.6154667806024354, "user/mode": "user", "pos/pos_x": 78.6609, "pos/pos_y": 0.550288, "pos/pos_z": 26.5273, "pos/speed": 10.08082, "pos/cte": -5.590723, "milliseconds": 158775}