{"cam/image_array": "895_cam-image_array_.jpg", "user/angle": 0.06286812952055422, "user/throttle": 1.0, "user/mode": "user", "pos/pos_x": 42.76304, "pos/pos_y": 0.555365, "pos/pos_z": 34.79722, "pos/speed": 14.51463, "pos/cte": -6.579694, "milliseconds": 227323}