{"cam/image_array": "157_cam-image_array_.jpg", "user/angle": 0.9333780938138981, "user/throttle": -0.0032654805139316996, "user/mode": "user", "pos/pos_x": 83.94876, "pos/pos_y": 0.5522735, "pos/pos_z": 4.332261, "pos/speed": 10.52107, "pos/cte": 4.503109, "milliseconds": 35163}