{"cam/image_array": "671_cam-image_array_.jpg", "user/angle": -0.022919400616473892, "user/throttle": 1.0, "user/mode": "user", "pos/pos_x": 76.61548, "pos/pos_y": 0.5530423, "pos/pos_z": 40.05543, "pos/speed": 13.28225, "pos/cte": -3.274894, "milliseconds": 177788}