{"cam/image_array": "479_cam-image_array_.jpg", "user/angle": 0.08096560563982055, "user/throttle": 1.0, "user/mode": "user", "pos/pos_x": 72.57513, "pos/pos_y": 0.5553682, "pos/pos_z": 66.69786, "pos/speed": 9.71685, "pos/cte": -1.705238, "milliseconds": 110113}