{"cam/image_array": "173_cam-image_array_.jpg", "user/angle": 0.43607898190252387, "user/throttle": 1.0, "user/mode": "user", "pos/pos_x": 63.91104, "pos/pos_y": 0.554184, "pos/pos_z": -7.533844, "pos/speed": 9.82165, "pos/cte": -3.731689, "milliseconds": 38701}