{"cam/image_array": "698_cam-image_array_.jpg", "user/angle": 0.017975402081362345, "user/throttle": 1.0, "user/mode": "user", "pos/pos_x": 62.92727, "pos/pos_y": 0.5526825, "pos/pos_z": -10.38684, "pos/speed": 10.43185, "pos/cte": -6.575989, "milliseconds": 183759}