{"cam/image_array": "224_cam-image_array_.jpg", "user/angle": 1.0, "user/throttle": 0.01989806817835017, "user/mode": "user", "pos/pos_x": 78.78905, "pos/pos_y": 0.559621, "pos/pos_z": 52.7183, "pos/speed": 10.38611, "pos/cte": -0.4325843, "milliseconds": 49979}