{"cam/image_array": "349_cam-image_array_.jpg", "user/angle": 0.4914395580919828, "user/throttle": 0.9732047486800744, "user/mode": "user", "pos/pos_x": 77.85404, "pos/pos_y": 0.5528909, "pos/pos_z": -5.770077, "pos/speed": 9.148312, "pos/cte": -2.089664, "milliseconds": 77840}