{"cam/image_array": "802_cam-image_array_.jpg", "user/angle": 0.02563554795983764, "user/throttle": 1.0, "user/mode": "user", "pos/pos_x": 49.07766, "pos/pos_y": 0.5545845, "pos/pos_z": 10.71441, "pos/speed": 12.73192, "pos/cte": -0.9117289, "milliseconds": 206758}