{"cam/image_array": "239_cam-image_array_.jpg", "user/angle": -0.434461500900296, "user/throttle": 1.0, "user/mode": "user", "pos/pos_x": 76.30881, "pos/pos_y": 0.5487434, "pos/pos_z": 31.81435, "pos/speed": 7.057469, "pos/cte": -4.369864, "milliseconds": 53297}