{"cam/image_array": "142_cam-image_array_.jpg", "user/angle": 0.8245796075319681, "user/throttle": 1.0, "user/mode": "user", "pos/pos_x": 77.73212, "pos/pos_y": 0.5574666, "pos/pos_z": 43.88013, "pos/speed": 11.60248, "pos/cte": -2.51347, "milliseconds": 31846}