{"cam/image_array": "496_cam-image_array_.jpg", "user/angle": 0.047578356273079624, "user/throttle": 1.0, "user/mode": "user", "pos/pos_x": 82.70296, "pos/pos_y": 0.5553119, "pos/pos_z": 24.04585, "pos/speed": 13.97193, "pos/cte": -8.056299, "milliseconds": 113873}