{"cam/image_array": "700_cam-image_array_.jpg", "user/angle": 0.01748710592974639, "user/throttle": 1.0, "user/mode": "user", "pos/pos_x": 60.28757, "pos/pos_y": 0.5528387, "pos/pos_z": -7.181337, "pos/speed": 10.42639, "pos/cte": -3.347575, "milliseconds": 184201}