{"cam/image_array": "494_cam-image_array_.jpg", "user/angle": 0.8608355967894528, "user/throttle": 1.0, "user/mode": "user", "pos/pos_x": 79.68053, "pos/pos_y": 0.5554512, "pos/pos_z": 30.18958, "pos/speed": 13.37673, "pos/cte": -7.577559, "milliseconds": 113431}