{"cam/image_array": "99_cam-image_array_.jpg", "user/angle": -0.0022888882106997894, "user/throttle": 1.0, "user/mode": "user", "pos/pos_x": 52.52776, "pos/pos_y": 0.5457385, "pos/pos_z": 52.79659, "pos/speed": 14.76101, "pos/cte": 2.837765, "milliseconds": 22337}