{"cam/image_array": "637_cam-image_array_.jpg", "user/angle": 0.009399700918607135, "user/throttle": 0.007019257179479354, "user/mode": "user", "pos/pos_x": 48.13416, "pos/pos_y": 0.55873, "pos/pos_z": 50.1962, "pos/speed": 14.66152, "pos/cte": -1.55584, "milliseconds": 170269}