{"cam/image_array": "910_cam-image_array_.jpg", "user/angle": 1.0, "user/throttle": 0.029389324625385297, "user/mode": "user", "pos/pos_x": 53.4216, "pos/pos_y": 0.5540627, "pos/pos_z": 79.68532, "pos/speed": 10.78993, "pos/cte": -2.062703, "milliseconds": 230644}