{"cam/image_array": "447_cam-image_array_.jpg", "user/angle": 0.597857600634785, "user/throttle": 1.0, "user/mode": "user", "pos/pos_x": 56.7499, "pos/pos_y": 0.5563292, "pos/pos_z": -5.188597, "pos/speed": 11.95815, "pos/cte": -1.939714, "milliseconds": 99513}