{"cam/image_array": "1008_cam-image_array_.jpg", "user/angle": -0.5912961210974456, "user/throttle": 1.0, "user/mode": "user", "pos/pos_x": 48.77971, "pos/pos_y": 0.5542007, "pos/pos_z": 21.28655, "pos/speed": 9.312264, "pos/cte": -0.7482485, "milliseconds": 275535}