{"cam/image_array": "619_cam-image_array_.jpg", "user/angle": 0.42841883602404857, "user/throttle": 1.0, "user/mode": "user", "pos/pos_x": 49.02774, "pos/pos_y": 0.5526191, "pos/pos_z": 3.067124, "pos/speed": 9.786444, "pos/cte": -1.649339, "milliseconds": 166287}