{"cam/image_array": "951_cam-image_array_.jpg", "user/angle": 1.0, "user/throttle": 0.054109317300943024, "user/mode": "user", "pos/pos_x": 83.45963, "pos/pos_y": 0.5538375, "pos/pos_z": -4.394938, "pos/speed": 10.71566, "pos/cte": -1.202328, "milliseconds": 239710}