{"cam/image_array": "1012_cam-image_array_.jpg", "user/angle": -0.025788140507217627, "user/throttle": 1.0, "user/mode": "user", "pos/pos_x": 47.9146, "pos/pos_y": 0.55668, "pos/pos_z": 30.64332, "pos/speed": 10.45063, "pos/cte": -1.392085, "milliseconds": 276419}