{"cam/image_array": "918_cam-image_array_.jpg", "user/angle": 0.023895992919705802, "user/throttle": 1.0, "user/mode": "user", "pos/pos_x": 66.7872, "pos/pos_y": 0.5562056, "pos/pos_z": 78.22822, "pos/speed": 7.957997, "pos/cte": -4.792426, "milliseconds": 232413}