{"cam/image_array": "542_cam-image_array_.jpg", "user/angle": 0.11249122592852565, "user/throttle": 1.0, "user/mode": "user", "pos/pos_x": 49.45927, "pos/pos_y": 0.5590003, "pos/pos_z": 12.42215, "pos/speed": 13.0792, "pos/cte": -0.455999, "milliseconds": 147497}