{"cam/image_array": "769_cam-image_array_.jpg", "user/angle": 0.20603045747245705, "user/throttle": 0.21588793603320414, "user/mode": "user", "pos/pos_x": 79.03389, "pos/pos_y": 0.5498269, "pos/pos_z": 26.71605, "pos/speed": 12.10958, "pos/cte": -6.076892, "milliseconds": 199460}