{"cam/image_array": "131_cam-image_array_.jpg", "user/angle": 0.8546098208563494, "user/throttle": 1.0, "user/mode": "user", "pos/pos_x": 75.30154, "pos/pos_y": 0.5525857, "pos/pos_z": 68.13514, "pos/speed": 9.345102, "pos/cte": -4.711854, "milliseconds": 29413}