{"cam/image_array": "754_cam-image_array_.jpg", "user/angle": 0.008453627124851223, "user/throttle": 1.0, "user/mode": "user", "pos/pos_x": 75.65617, "pos/pos_y": 0.5496128, "pos/pos_z": 61.31473, "pos/speed": 8.986929, "pos/cte": -0.5520138, "milliseconds": 196142}