{"cam/image_array": "623_cam-image_array_.jpg", "user/angle": 0.01748710592974639, "user/throttle": 1.0, "user/mode": "user", "pos/pos_x": 46.55889, "pos/pos_y": 0.5594134, "pos/pos_z": 10.57019, "pos/speed": 10.35396, "pos/cte": -3.434398, "milliseconds": 167172}