{"cam/image_array": "703_cam-image_array_.jpg", "user/angle": 0.40458388012329477, "user/throttle": 1.0, "user/mode": "user", "pos/pos_x": 56.7744, "pos/pos_y": 0.5530447, "pos/pos_z": 0.1497915, "pos/speed": 11.48839, "pos/cte": 3.036195, "milliseconds": 184864}