{"cam/image_array": "353_cam-image_array_.jpg", "user/angle": -0.03634754478591266, "user/throttle": 0.9218115787224952, "user/mode": "user", "pos/pos_x": 70.54578, "pos/pos_y": 0.551739, "pos/pos_z": -4.766169, "pos/speed": 9.802743, "pos/cte": -1.022018, "milliseconds": 78725}