{"cam/image_array": "738_cam-image_array_.jpg", "user/angle": 1.0, "user/throttle": 0.14737388225959044, "user/mode": "user", "pos/pos_x": 69.22315, "pos/pos_y": 0.55177, "pos/pos_z": 85.75906, "pos/speed": 9.623633, "pos/cte": -11.53563, "milliseconds": 192604}