{"cam/image_array": "500_cam-image_array_.jpg", "user/angle": -0.8306527909176916, "user/throttle": 0.005615405743583483, "user/mode": "user", "pos/pos_x": 85.96921, "pos/pos_y": 0.555064, "pos/pos_z": 11.78843, "pos/speed": 14.55662, "pos/cte": -1.772234, "milliseconds": 114757}