{"cam/image_array": "501_cam-image_array_.jpg", "user/angle": 1.0, "user/throttle": 0.00466933194982757, "user/mode": "user", "pos/pos_x": 86.33253, "pos/pos_y": 0.559167, "pos/pos_z": 8.864661, "pos/speed": 14.81043, "pos/cte": 0.05848545, "milliseconds": 114978}