{"cam/image_array": "484_cam-image_array_.jpg", "user/angle": 0.027558214056825465, "user/throttle": 1.0, "user/mode": "user", "pos/pos_x": 77.04025, "pos/pos_y": 0.5514657, "pos/pos_z": 55.97137, "pos/speed": 11.28276, "pos/cte": 0.9443981, "milliseconds": 111219}