{"cam/image_array": "42_cam-image_array_.jpg", "user/angle": 0.017975402081362345, "user/throttle": 1.0, "user/mode": "user", "pos/pos_x": 76.72451, "pos/pos_y": 0.559778, "pos/pos_z": 65.93515, "pos/speed": 10.79358, "pos/cte": -4.365108, "milliseconds": 9728}