{"cam/image_array": "706_cam-image_array_.jpg", "user/angle": 0.07238990447706534, "user/throttle": 1.0, "user/mode": "user", "pos/pos_x": 53.58351, "pos/pos_y": 0.5519351, "pos/pos_z": 7.973801, "pos/speed": 12.40976, "pos/cte": 3.470283, "milliseconds": 185528}