{"cam/image_array": "320_cam-image_array_.jpg", "user/angle": 0.9515060884426405, "user/throttle": 1.0, "user/mode": "user", "pos/pos_x": 75.37511, "pos/pos_y": 0.5563898, "pos/pos_z": 60.20996, "pos/speed": 11.6732, "pos/cte": 0.3791998, "milliseconds": 71206}