{"cam/image_array": "531_cam-image_array_.jpg", "user/angle": 0.02465895565660573, "user/throttle": 1.0, "user/mode": "user", "pos/pos_x": 70.29158, "pos/pos_y": 0.5578033, "pos/pos_z": -7.030113, "pos/speed": 10.91499, "pos/cte": -3.283658, "milliseconds": 145065}