{"cam/image_array": "558_cam-image_array_.jpg", "user/angle": 1.0, "user/throttle": 0.06366161076693014, "user/mode": "user", "pos/pos_x": 43.28245, "pos/pos_y": 0.5529659, "pos/pos_z": 63.65574, "pos/speed": 13.54724, "pos/cte": -6.407547, "milliseconds": 151036}