{"cam/image_array": "599_cam-image_array_.jpg", "user/angle": 1.0, "user/throttle": 0.0036927396465956603, "user/mode": "user", "pos/pos_x": 86.08041, "pos/pos_y": 0.5553457, "pos/pos_z": 12.36448, "pos/speed": 9.906577, "pos/cte": -2.261047, "milliseconds": 160322}