{"cam/image_array": "555_cam-image_array_.jpg", "user/angle": 1.0, "user/throttle": 0.033204138309884945, "user/mode": "user", "pos/pos_x": 44.226, "pos/pos_y": 0.5626778, "pos/pos_z": 53.38501, "pos/speed": 15.69974, "pos/cte": -5.463997, "milliseconds": 150372}