{"cam/image_array": "736_cam-image_array_.jpg", "user/angle": 0.02197332682271798, "user/throttle": 0.028626361888485368, "user/mode": "user", "pos/pos_x": 65.25719, "pos/pos_y": 0.5526611, "pos/pos_z": 85.80721, "pos/speed": 10.40999, "pos/cte": -9.349613, "milliseconds": 192161}