{"cam/image_array": "959_cam-image_array_.jpg", "user/angle": 0.007477034821619312, "user/throttle": 0.0027466658528397473, "user/mode": "user", "pos/pos_x": 55.71099, "pos/pos_y": 0.543429, "pos/pos_z": 2.123563, "pos/speed": 0.5228872, "pos/cte": 3.828463, "milliseconds": 263816}