{"cam/image_array": "475_cam-image_array_.jpg", "user/angle": -0.10348826563310648, "user/throttle": 1.0, "user/mode": "user", "pos/pos_x": 69.39171, "pos/pos_y": 0.5576716, "pos/pos_z": 74.0296, "pos/speed": 8.054863, "pos/cte": -4.046126, "milliseconds": 109229}