{"cam/image_array": "780_cam-image_array_.jpg", "user/angle": 1.0, "user/throttle": 0.814294869838557, "user/mode": "user", "pos/pos_x": 84.02811, "pos/pos_y": 0.5551022, "pos/pos_z": -1.59997, "pos/speed": 12.67023, "pos/cte": 1.078115, "milliseconds": 201893}