{"cam/image_array": "112_cam-image_array_.jpg", "user/angle": 1.0, "user/throttle": 0.03225806451612903, "user/mode": "user", "pos/pos_x": 53.99096, "pos/pos_y": 0.5557559, "pos/pos_z": 85.95683, "pos/speed": 8.664475, "pos/cte": -7.962728, "milliseconds": 25212}