{"cam/image_array": "231_cam-image_array_.jpg", "user/angle": -0.6781212805566577, "user/throttle": 0.01892147587511826, "user/mode": "user", "pos/pos_x": 81.37476, "pos/pos_y": 0.5535997, "pos/pos_z": 40.67316, "pos/speed": 6.658457, "pos/cte": -7.263056, "milliseconds": 51528}