{"cam/image_array": "1031_cam-image_array_.jpg", "user/angle": 0.026581621753593555, "user/throttle": 0.034333323160496844, "user/mode": "user", "pos/pos_x": 46.50985, "pos/pos_y": 0.556895, "pos/pos_z": 75.40314, "pos/speed": 9.233738, "pos/cte": -3.987301, "milliseconds": 280621}