{"cam/image_array": "589_cam-image_array_.jpg", "user/angle": -0.6359141819513535, "user/throttle": 0.2996002075258644, "user/mode": "user", "pos/pos_x": 76.46989, "pos/pos_y": 0.5495482, "pos/pos_z": 34.61986, "pos/speed": 11.65487, "pos/cte": -4.473412, "milliseconds": 157890}