{"cam/image_array": "13_cam-image_array_.jpg", "user/angle": 0.032319101535081024, "user/throttle": 1.0, "user/mode": "user", "pos/pos_x": 49.76065, "pos/pos_y": 0.5520331, "pos/pos_z": 52.31044, "pos/speed": 4.630465, "pos/cte": 0.07064819, "milliseconds": 3316}