{"cam/image_array": "350_cam-image_array_.jpg", "user/angle": 0.0771507919553209, "user/throttle": 0.9760429700613422, "user/mode": "user", "pos/pos_x": 76.03124, "pos/pos_y": 0.5517912, "pos/pos_z": -5.965158, "pos/speed": 9.175914, "pos/cte": -2.268832, "milliseconds": 78061}