{"cam/image_array": "796_cam-image_array_.jpg", "user/angle": 0.02465895565660573, "user/throttle": 1.0, "user/mode": "user", "pos/pos_x": 51.31289, "pos/pos_y": 0.5534567, "pos/pos_z": -4.582328, "pos/speed": 11.52809, "pos/cte": -4.063277, "milliseconds": 205432}