{"cam/image_array": "893_cam-image_array_.jpg", "user/angle": 0.06286812952055422, "user/throttle": 1.0, "user/mode": "user", "pos/pos_x": 43.47969, "pos/pos_y": 0.5539268, "pos/pos_z": 27.7063, "pos/speed": 13.97638, "pos/cte": -5.801201, "milliseconds": 226880}