{"cam/image_array": "379_cam-image_array_.jpg", "user/angle": 0.0771507919553209, "user/throttle": -0.010559404278695029, "user/mode": "user", "pos/pos_x": 44.48123, "pos/pos_y": 0.5621379, "pos/pos_z": 50.80283, "pos/speed": 15.00704, "pos/cte": -5.208771, "milliseconds": 84474}