{"cam/image_array": "607_cam-image_array_.jpg", "user/angle": -0.9227576525162511, "user/throttle": 1.0, "user/mode": "user", "pos/pos_x": 72.55909, "pos/pos_y": 0.5611699, "pos/pos_z": -1.662271, "pos/speed": 7.590219, "pos/cte": 2.064192, "milliseconds": 163633}