{"cam/image_array": "826_cam-image_array_.jpg", "user/angle": 1.0, "user/throttle": 0.03985717337565233, "user/mode": "user", "pos/pos_x": 59.12943, "pos/pos_y": 0.553827, "pos/pos_z": 81.90816, "pos/speed": 9.612242, "pos/cte": -3.707697, "milliseconds": 212065}