{"cam/image_array": "824_cam-image_array_.jpg", "user/angle": 1.0, "user/throttle": 0.04269539475692007, "user/mode": "user", "pos/pos_x": 54.88966, "pos/pos_y": 0.5518571, "pos/pos_z": 79.07125, "pos/speed": 10.92319, "pos/cte": -1.045847, "milliseconds": 211623}