{"cam/image_array": "495_cam-image_array_.jpg", "user/angle": 0.04852443006683554, "user/throttle": 1.0, "user/mode": "user", "pos/pos_x": 81.46343, "pos/pos_y": 0.5548334, "pos/pos_z": 26.53158, "pos/speed": 13.71682, "pos/cte": -8.217272, "milliseconds": 113652}