{"cam/image_array": "219_cam-image_array_.jpg", "user/angle": -1.0, "user/throttle": 0.9142124698629719, "user/mode": "user", "pos/pos_x": 72.48465, "pos/pos_y": 0.5523186, "pos/pos_z": 62.57032, "pos/speed": 10.76789, "pos/cte": 1.04419, "milliseconds": 48874}