{"cam/image_array": "678_cam-image_array_.jpg", "user/angle": 0.17548142948698386, "user/throttle": 0.038392284920804466, "user/mode": "user", "pos/pos_x": 81.22332, "pos/pos_y": 0.5575588, "pos/pos_z": 19.91214, "pos/speed": 14.76301, "pos/cte": -4.246192, "milliseconds": 179336}