{"cam/image_array": "408_cam-image_array_.jpg", "user/angle": -0.02673421430097354, "user/throttle": 1.0, "user/mode": "user", "pos/pos_x": 78.19716, "pos/pos_y": 0.5555477, "pos/pos_z": 55.28867, "pos/speed": 11.95939, "pos/cte": -0.05615823, "milliseconds": 90887}