{"cam/image_array": "498_cam-image_array_.jpg", "user/angle": 0.04803613391521958, "user/throttle": 1.0, "user/mode": "user", "pos/pos_x": 84.74361, "pos/pos_y": 0.5540931, "pos/pos_z": 18.8267, "pos/speed": 14.09361, "pos/cte": -5.933244, "milliseconds": 114315}