{"cam/image_array": "585_cam-image_array_.jpg", "user/angle": -0.5438398388622699, "user/throttle": 0.038392284920804466, "user/mode": "user", "pos/pos_x": 78.9436, "pos/pos_y": 0.5602244, "pos/pos_z": 45.70597, "pos/speed": 13.24797, "pos/cte": -2.668803, "milliseconds": 157006}