{"cam/image_array": "198_cam-image_array_.jpg", "user/angle": 0.67375713370159, "user/throttle": 0.03509628589739677, "user/mode": "user", "pos/pos_x": 43.25078, "pos/pos_y": 0.5540684, "pos/pos_z": 60.51851, "pos/speed": 15.77859, "pos/cte": -6.439217, "milliseconds": 44230}