{"cam/image_array": "288_cam-image_array_.jpg", "user/angle": -0.02099673451948607, "user/throttle": 0.0, "user/mode": "user", "pos/pos_x": 46.75528, "pos/pos_y": 0.5502552, "pos/pos_z": 45.87099, "pos/speed": 14.73522, "pos/cte": -2.684241, "milliseconds": 64132}