{"cam/image_array": "399_cam-image_array_.jpg", "user/angle": 0.008453627124851223, "user/throttle": 1.0, "user/mode": "user", "pos/pos_x": 71.02872, "pos/pos_y": 0.5495799, "pos/pos_z": 75.23356, "pos/speed": 10.20301, "pos/cte": -6.07283, "milliseconds": 88897}