{"cam/image_array": "312_cam-image_array_.jpg", "user/angle": 0.09149449140903958, "user/throttle": 1.0, "user/mode": "user", "pos/pos_x": 64.4278, "pos/pos_y": 0.5544115, "pos/pos_z": 73.7694, "pos/speed": 9.296678, "pos/cte": -0.1025501, "milliseconds": 69438}