{"cam/image_array": "768_cam-image_array_.jpg", "user/angle": -0.024842066713461716, "user/throttle": 1.0, "user/mode": "user", "pos/pos_x": 78.36572, "pos/pos_y": 0.548445, "pos/pos_z": 29.03464, "pos/speed": 12.04699, "pos/cte": -6.041198, "milliseconds": 199239}