{"cam/image_array": "453_cam-image_array_.jpg", "user/angle": 0.058534501174962617, "user/throttle": 1.0, "user/mode": "user", "pos/pos_x": 49.8116, "pos/pos_y": 0.5575568, "pos/pos_z": 9.654295, "pos/speed": 12.69387, "pos/cte": -0.2247326, "milliseconds": 100839}