{"cam/image_array": "873_cam-image_array_.jpg", "user/angle": 0.027558214056825465, "user/throttle": 1.0, "user/mode": "user", "pos/pos_x": 74.3411, "pos/pos_y": 0.552678, "pos/pos_z": -6.640215, "pos/speed": 8.618555, "pos/cte": -2.929114, "milliseconds": 222457}