{"cam/image_array": "1014_cam-image_array_.jpg", "user/angle": 0.09149449140903958, "user/throttle": 1.0, "user/mode": "user", "pos/pos_x": 46.40637, "pos/pos_y": 0.5530179, "pos/pos_z": 34.68948, "pos/speed": 11.09998, "pos/cte": -2.935567, "milliseconds": 276861}