{"cam/image_array": "931_cam-image_array_.jpg", "user/angle": -0.35291604358043155, "user/throttle": 1.0, "user/mode": "user", "pos/pos_x": 78.28252, "pos/pos_y": 0.5529879, "pos/pos_z": 51.71188, "pos/speed": 11.13857, "pos/cte": -0.001536962, "milliseconds": 235288}