{"cam/image_array": "482_cam-image_array_.jpg", "user/angle": 0.4112674336985382, "user/throttle": 1.0, "user/mode": "user", "pos/pos_x": 75.20677, "pos/pos_y": 0.5559809, "pos/pos_z": 61.16531, "pos/speed": 10.65701, "pos/cte": -0.1132491, "milliseconds": 110777}