{"cam/image_array": "848_cam-image_array_.jpg", "user/angle": 0.09720145268105106, "user/throttle": 1.0, "user/mode": "user", "pos/pos_x": 77.71555, "pos/pos_y": 0.5556306, "pos/pos_z": 47.59043, "pos/speed": 12.54167, "pos/cte": -0.5797392, "milliseconds": 216930}