{"cam/image_array": "1002_cam-image_array_.jpg", "user/angle": 0.9429303872798852, "user/throttle": 1.0, "user/mode": "user", "pos/pos_x": 51.63898, "pos/pos_y": 0.5537421, "pos/pos_z": 11.05141, "pos/speed": 7.554272, "pos/cte": 1.661854, "milliseconds": 274208}