{"cam/image_array": "722_cam-image_array_.jpg", "user/angle": 0.06286812952055422, "user/throttle": 1.0, "user/mode": "user", "pos/pos_x": 42.8973, "pos/pos_y": 0.5500546, "pos/pos_z": 54.82515, "pos/speed": 14.3574, "pos/cte": -6.792694, "milliseconds": 189066}