{"cam/image_array": "397_cam-image_array_.jpg", "user/angle": 0.006530961027863399, "user/throttle": 1.0, "user/mode": "user", "pos/pos_x": 67.85217, "pos/pos_y": 0.5524883, "pos/pos_z": 79.08294, "pos/speed": 10.00336, "pos/cte": -6.157328, "milliseconds": 88455}