{"cam/image_array": "897_cam-image_array_.jpg", "user/angle": 0.06286812952055422, "user/throttle": 1.0, "user/mode": "user", "pos/pos_x": 42.45306, "pos/pos_y": 0.5565975, "pos/pos_z": 40.70926, "pos/speed": 14.99361, "pos/cte": -6.941254, "milliseconds": 227765}