{"cam/image_array": "175_cam-image_array_.jpg", "user/angle": 0.42365794854579303, "user/throttle": 1.0, "user/mode": "user", "pos/pos_x": 59.42881, "pos/pos_y": 0.5543634, "pos/pos_z": -5.301934, "pos/speed": 10.28958, "pos/cte": -1.46075, "milliseconds": 39143}