{"cam/image_array": "476_cam-image_array_.jpg", "user/angle": -0.015961180455946532, "user/throttle": 1.0, "user/mode": "user", "pos/pos_x": 69.97752, "pos/pos_y": 0.5548767, "pos/pos_z": 72.48785, "pos/speed": 8.436516, "pos/cte": -3.490298, "milliseconds": 109450}