{"cam/image_array": "620_cam-image_array_.jpg", "user/angle": 0.2976775414288766, "user/throttle": 1.0, "user/mode": "user", "pos/pos_x": 48.01117, "pos/pos_y": 0.5530049, "pos/pos_z": 4.75161, "pos/speed": 9.865153, "pos/cte": -2.244585, "milliseconds": 166509}