{"cam/image_array": "316_cam-image_array_.jpg", "user/angle": -0.014282662434766686, "user/throttle": 1.0, "user/mode": "user", "pos/pos_x": 69.6628, "pos/pos_y": 0.5609881, "pos/pos_z": 68.22553, "pos/speed": 10.13329, "pos/cte": -0.4828273, "milliseconds": 70322}