{"cam/image_array": "592_cam-image_array_.jpg", "user/angle": 0.07431257057405316, "user/throttle": 0.16257209997863703, "user/mode": "user", "pos/pos_x": 77.72517, "pos/pos_y": 0.5502487, "pos/pos_z": 28.32662, "pos/speed": 10.3097, "pos/cte": -5.282349, "milliseconds": 158554}