{"cam/image_array": "156_cam-image_array_.jpg", "user/angle": 0.04089480269783624, "user/throttle": -0.0042115543076876125, "user/mode": "user", "pos/pos_x": 83.64665, "pos/pos_y": 0.5532047, "pos/pos_z": 7.543138, "pos/speed": 11.01043, "pos/cte": 2.883624, "milliseconds": 34942}