{"cam/image_array": "110_cam-image_array_.jpg", "user/angle": 1.0, "user/throttle": 0.012268440809350871, "user/mode": "user", "pos/pos_x": 51.27753, "pos/pos_y": 0.5539993, "pos/pos_z": 83.55349, "pos/speed": 9.714512, "pos/cte": -6.484675, "milliseconds": 24770}