{"cam/image_array": "598_cam-image_array_.jpg", "user/angle": 1.0, "user/throttle": 0.0036927396465956603, "user/mode": "user", "pos/pos_x": 85.10049, "pos/pos_y": 0.553204, "pos/pos_z": 15.28778, "pos/speed": 10.43904, "pos/cte": -3.659256, "milliseconds": 160101}