{"cam/image_array": "44_cam-image_array_.jpg", "user/angle": 0.017975402081362345, "user/throttle": 1.0, "user/mode": "user", "pos/pos_x": 77.30835, "pos/pos_y": 0.5520647, "pos/pos_z": 60.33605, "pos/speed": 11.67857, "pos/cte": -1.172739, "milliseconds": 10170}