{"cam/image_array": "473_cam-image_array_.jpg", "user/angle": -0.16107669301431318, "user/throttle": 1.0, "user/mode": "user", "pos/pos_x": 68.43228, "pos/pos_y": 0.5529307, "pos/pos_z": 76.94832, "pos/speed": 7.231882, "pos/cte": -5.212127, "milliseconds": 108787}