{"cam/image_array": "726_cam-image_array_.jpg", "user/angle": 0.7701651051362651, "user/throttle": 1.0, "user/mode": "user", "pos/pos_x": 45.76036, "pos/pos_y": 0.5606613, "pos/pos_z": 65.75502, "pos/speed": 14.59673, "pos/cte": -3.929634, "milliseconds": 189950}