{"cam/image_array": "327_cam-image_array_.jpg", "user/angle": -0.3001495406964324, "user/throttle": 0.5460066530350658, "user/mode": "user", "pos/pos_x": 78.81037, "pos/pos_y": 0.5622067, "pos/pos_z": 42.83682, "pos/speed": 11.70305, "pos/cte": -3.965685, "milliseconds": 72754}