{"cam/image_array": "405_cam-image_array_.jpg", "user/angle": 0.03137302774132512, "user/throttle": 1.0, "user/mode": "user", "pos/pos_x": 77.73511, "pos/pos_y": 0.550375, "pos/pos_z": 62.2695, "pos/speed": 11.81055, "pos/cte": -2.75292, "milliseconds": 90223}