{"cam/image_array": "286_cam-image_array_.jpg", "user/angle": -0.02197332682271798, "user/throttle": 0.9551072725608082, "user/mode": "user", "pos/pos_x": 47.90926, "pos/pos_y": 0.5473658, "pos/pos_z": 39.23062, "pos/speed": 14.77274, "pos/cte": -1.47236, "milliseconds": 63690}