{"cam/image_array": "767_cam-image_array_.jpg", "user/angle": -0.3414105655079806, "user/throttle": 1.0, "user/mode": "user", "pos/pos_x": 78.0178, "pos/pos_y": 0.5492571, "pos/pos_z": 31.41077, "pos/speed": 12.01252, "pos/cte": -6.075268, "milliseconds": 199017}