{"cam/image_array": "325_cam-image_array_.jpg", "user/angle": -0.15625476851710562, "user/throttle": 0.5464644306772057, "user/mode": "user", "pos/pos_x": 79.43198, "pos/pos_y": 0.5517226, "pos/pos_z": 47.48993, "pos/speed": 11.70756, "pos/cte": -2.231266, "milliseconds": 72312}