{"cam/image_array": "52_cam-image_array_.jpg", "user/angle": -0.5121616260261849, "user/throttle": 1.0, "user/mode": "user", "pos/pos_x": 78.77342, "pos/pos_y": 0.5556999, "pos/pos_z": 38.46632, "pos/speed": 14.08585, "pos/cte": -5.897531, "milliseconds": 11939}