{"cam/image_array": "268_cam-image_array_.jpg", "user/angle": 0.01608325449385052, "user/throttle": 1.0, "user/mode": "user", "pos/pos_x": 63.86171, "pos/pos_y": 0.5517257, "pos/pos_z": -6.201447, "pos/speed": 10.8575, "pos/cte": -2.398913, "milliseconds": 59710}