{"cam/image_array": "458_cam-image_array_.jpg", "user/angle": -0.11212500381481369, "user/throttle": 1.0, "user/mode": "user", "pos/pos_x": 49.86089, "pos/pos_y": 0.5554669, "pos/pos_z": 24.47698, "pos/speed": 14.19828, "pos/cte": 0.4710594, "milliseconds": 101945}