{"cam/image_array": "204_cam-image_array_.jpg", "user/angle": 0.9324320200201422, "user/throttle": 0.03607287820062868, "user/mode": "user", "pos/pos_x": 52.02762, "pos/pos_y": 0.552518, "pos/pos_z": 75.73882, "pos/speed": 12.00138, "pos/cte": 0.4253544, "milliseconds": 45557}