{"cam/image_array": "846_cam-image_array_.jpg", "user/angle": 0.09436323129978332, "user/throttle": 1.0, "user/mode": "user", "pos/pos_x": 76.66624, "pos/pos_y": 0.5556207, "pos/pos_z": 53.11552, "pos/speed": 11.86759, "pos/cte": 1.686671, "milliseconds": 216487}