{"cam/image_array": "444_cam-image_array_.jpg", "user/angle": 0.004638813440351573, "user/throttle": 1.0, "user/mode": "user", "pos/pos_x": 62.22006, "pos/pos_y": 0.5570572, "pos/pos_z": -11.01377, "pos/speed": 10.88205, "pos/cte": -7.196731, "milliseconds": 98849}