{"cam/image_array": "232_cam-image_array_.jpg", "user/angle": -1.0, "user/throttle": 0.5462508011108738, "user/mode": "user", "pos/pos_x": 80.50191, "pos/pos_y": 0.5540696, "pos/pos_z": 39.73102, "pos/speed": 6.306489, "pos/cte": -6.967293, "milliseconds": 51749}