{"cam/image_array": "629_cam-image_array_.jpg", "user/angle": -0.03442487868892483, "user/throttle": 1.0, "user/mode": "user", "pos/pos_x": 47.79858, "pos/pos_y": 0.5557832, "pos/pos_z": 25.24553, "pos/speed": 12.31652, "pos/cte": -1.555763, "milliseconds": 168499}