{"cam/image_array": "226_cam-image_array_.jpg", "user/angle": 1.0, "user/throttle": 0.023194067201757866, "user/mode": "user", "pos/pos_x": 81.69307, "pos/pos_y": 0.5537305, "pos/pos_z": 48.83613, "pos/speed": 9.112467, "pos/cte": -3.839943, "milliseconds": 50422}