{"cam/image_array": "759_cam-image_array_.jpg", "user/angle": 0.40269173253578294, "user/throttle": 1.0, "user/mode": "user", "pos/pos_x": 77.91203, "pos/pos_y": 0.557144, "pos/pos_z": 51.10633, "pos/speed": 9.73488, "pos/cte": 0.2639292, "milliseconds": 197248}