{"cam/image_array": "1005_cam-image_array_.jpg", "user/angle": 0.04660176396984771, "user/throttle": 1.0, "user/mode": "user", "pos/pos_x": 48.95113, "pos/pos_y": 0.5530292, "pos/pos_z": 15.99836, "pos/speed": 8.416345, "pos/cte": -0.8076646, "milliseconds": 274872}