{"cam/image_array": "344_cam-image_array_.jpg", "user/angle": 1.0, "user/throttle": 0.6668294320505387, "user/mode": "user", "pos/pos_x": 85.51839, "pos/pos_y": 0.5532581, "pos/pos_z": 0.3365092, "pos/speed": 9.596023, "pos/cte": 1.532721, "milliseconds": 76734}