{"cam/image_array": "704_cam-image_array_.jpg", "user/angle": 0.4914395580919828, "user/throttle": 1.0, "user/mode": "user", "pos/pos_x": 55.8166, "pos/pos_y": 0.5511621, "pos/pos_z": 2.291623, "pos/speed": 11.84033, "pos/cte": 4.023064, "milliseconds": 185086}