{"cam/image_array": "935_cam-image_array_.jpg", "user/angle": -0.03057954649494919, "user/throttle": 1.0, "user/mode": "user", "pos/pos_x": 77.71725, "pos/pos_y": 0.5510501, "pos/pos_z": 41.33962, "pos/speed": 12.18912, "pos/cte": -3.75154, "milliseconds": 236173}