{"cam/image_array": "180_cam-image_array_.jpg", "user/angle": 0.03326517532883694, "user/throttle": 1.0, "user/mode": "user", "pos/pos_x": 52.84911, "pos/pos_y": 0.5551257, "pos/pos_z": 4.41835, "pos/speed": 11.50241, "pos/cte": 2.476373, "milliseconds": 40249}