{"cam/image_array": "443_cam-image_array_.jpg", "user/angle": 0.0029602954191717277, "user/throttle": 1.0, "user/mode": "user", "pos/pos_x": 63.69093, "pos/pos_y": 0.5592021, "pos/pos_z": -12.56873, "pos/speed": 10.5536, "pos/cte": -8.764462, "milliseconds": 98628}