{"cam/image_array": "594_cam-image_array_.jpg", "user/angle": 0.09372234260078738, "user/throttle": 0.5878780480361339, "user/mode": "user", "pos/pos_x": 80.26192, "pos/pos_y": 0.5591938, "pos/pos_z": 24.00223, "pos/speed": 9.922426, "pos/cte": -6.004165, "milliseconds": 158996}