{"cam/image_array": "752_cam-image_array_.jpg", "user/angle": -0.03827021088290048, "user/throttle": 0.039368877224036376, "user/mode": "user", "pos/pos_x": 75.77045, "pos/pos_y": 0.551078, "pos/pos_z": 64.93254, "pos/speed": 9.314989, "pos/cte": -2.988495, "milliseconds": 195700}