{"cam/image_array": "919_cam-image_array_.jpg", "user/angle": 0.022736289559617907, "user/throttle": 1.0, "user/mode": "user", "pos/pos_x": 67.92164, "pos/pos_y": 0.555397, "pos/pos_z": 76.08321, "pos/speed": 8.303141, "pos/cte": -4.26199, "milliseconds": 232635}