{"cam/image_array": "407_cam-image_array_.jpg", "user/angle": 0.030396435438093204, "user/throttle": 1.0, "user/mode": "user", "pos/pos_x": 78.34516, "pos/pos_y": 0.5518255, "pos/pos_z": 57.64497, "pos/speed": 11.68559, "pos/cte": -0.8639859, "milliseconds": 90666}