{"cam/image_array": "2_cam-image_array_.jpg", "user/angle": 0.02850428785058138, "user/throttle": 0.04556413464766381, "user/mode": "user", "pos/pos_x": 49.68995, "pos/pos_y": 0.5562185, "pos/pos_z": 47.83705, "pos/speed": 0.007155011, "pos/cte": -4.577637e-05, "milliseconds": 883}