{"cam/image_array": "277_cam-image_array_.jpg", "user/angle": 0.057130649739066744, "user/throttle": 1.0, "user/mode": "user", "pos/pos_x": 47.71732, "pos/pos_y": 0.5528375, "pos/pos_z": 11.6051, "pos/speed": 13.02693, "pos/cte": -2.231923, "milliseconds": 61700}