{"cam/image_array": "514_cam-image_array_.jpg", "user/angle": 0.021790215765861997, "user/throttle": 1.0, "user/mode": "user", "pos/pos_x": 94.35648, "pos/pos_y": 0.5562233, "pos/pos_z": 0.6757203, "pos/speed": 6.678573, "pos/cte": -6.548706, "milliseconds": 141306}