{"cam/image_array": "798_cam-image_array_.jpg", "user/angle": 0.021790215765861997, "user/throttle": 1.0, "user/mode": "user", "pos/pos_x": 49.97396, "pos/pos_y": 0.5513, "pos/pos_z": -0.1974508, "pos/speed": 11.50908, "pos/cte": -2.159641, "milliseconds": 205874}