{"cam/image_array": "41_cam-image_array_.jpg", "user/angle": 0.017029328287606435, "user/throttle": 1.0, "user/mode": "user", "pos/pos_x": 76.47929, "pos/pos_y": 0.5498357, "pos/pos_z": 68.0592, "pos/speed": 10.51133, "pos/cte": -5.558101, "milliseconds": 9507}