{"cam/image_array": "778_cam-image_array_.jpg", "user/angle": 1.0, "user/throttle": 0.9526963103122044, "user/mode": "user", "pos/pos_x": 85.04765, "pos/pos_y": 0.5553033, "pos/pos_z": 3.357256, "pos/speed": 12.42391, "pos/cte": 3.144122, "milliseconds": 201450}