{"cam/image_array": "107_cam-image_array_.jpg", "user/angle": 1.0, "user/throttle": 0.013672292245246742, "user/mode": "user", "pos/pos_x": 48.12015, "pos/pos_y": 0.5537556, "pos/pos_z": 76.30082, "pos/speed": 11.98165, "pos/cte": -3.051984, "milliseconds": 24107}