{"cam/image_array": "882_cam-image_array_.jpg", "user/angle": 0.3721121860408338, "user/throttle": 1.0, "user/mode": "user", "pos/pos_x": 56.7268, "pos/pos_y": 0.5539525, "pos/pos_z": 0.6552808, "pos/speed": 11.51963, "pos/cte": 3.489064, "milliseconds": 224448}