{"cam/image_array": "732_cam-image_array_.jpg", "user/angle": 1.0, "user/throttle": 0.02749717703787347, "user/mode": "user", "pos/pos_x": 55.70959, "pos/pos_y": 0.5486431, "pos/pos_z": 81.51526, "pos/speed": 13.19979, "pos/cte": -3.254456, "milliseconds": 191277}