{"cam/image_array": "370_cam-image_array_.jpg", "user/angle": 0.027558214056825465, "user/throttle": 1.0, "user/mode": "user", "pos/pos_x": 45.16058, "pos/pos_y": 0.5517934, "pos/pos_z": 22.80752, "pos/speed": 12.32873, "pos/cte": -4.297594, "milliseconds": 82484}