{"cam/image_array": "469_cam-image_array_.jpg", "user/angle": 0.013214514603106785, "user/throttle": 1.0, "user/mode": "user", "pos/pos_x": 66.40779, "pos/pos_y": 0.5545843, "pos/pos_z": 82.71707, "pos/speed": 6.050123, "pos/cte": -7.647089, "milliseconds": 107902}