{"cam/image_array": "947_cam-image_array_.jpg", "user/angle": 1.0, "user/throttle": 0.029389324625385297, "user/mode": "user", "pos/pos_x": 84.27079, "pos/pos_y": 0.5560603, "pos/pos_z": 6.294676, "pos/speed": 13.1528, "pos/cte": 3.336624, "milliseconds": 238826}