{"cam/image_array": "40_cam-image_array_.jpg", "user/angle": 0.017029328287606435, "user/throttle": 1.0, "user/mode": "user", "pos/pos_x": 76.14116, "pos/pos_y": 0.5528291, "pos/pos_z": 70.10215, "pos/speed": 10.18739, "pos/cte": -6.627773, "milliseconds": 9286}