{"cam/image_array": "77_cam-image_array_.jpg", "user/angle": 0.5630359813226722, "user/throttle": 1.0, "user/mode": "user", "pos/pos_x": 62.91972, "pos/pos_y": 0.5527145, "pos/pos_z": -2.172487, "pos/speed": 11.41017, "pos/cte": 1.638114, "milliseconds": 17468}