{"cam/image_array": "309_cam-image_array_.jpg", "user/angle": 0.7481917783135472, "user/throttle": 1.0, "user/mode": "user", "pos/pos_x": 58.2945, "pos/pos_y": 0.5561666, "pos/pos_z": 75.13453, "pos/speed": 8.834962, "pos/cte": 3.103287, "milliseconds": 68775}