{"cam/image_array": "11_cam-image_array_.jpg", "user/angle": 0.02850428785058138, "user/throttle": 1.0, "user/mode": "user", "pos/pos_x": 49.72114, "pos/pos_y": 0.5592885, "pos/pos_z": 50.63761, "pos/speed": 3.703273, "pos/cte": 0.03113937, "milliseconds": 2874}