{"cam/image_array": "271_cam-image_array_.jpg", "user/angle": 0.271889400921659, "user/throttle": 1.0, "user/mode": "user", "pos/pos_x": 57.72426, "pos/pos_y": 0.5528284, "pos/pos_z": -1.113088, "pos/speed": 11.97185, "pos/cte": 2.328026, "milliseconds": 60373}