{"cam/image_array": "285_cam-image_array_.jpg", "user/angle": -0.5428327280495621, "user/throttle": 1.0, "user/mode": "user", "pos/pos_x": 47.8502, "pos/pos_y": 0.5538458, "pos/pos_z": 36.26861, "pos/speed": 14.7194, "pos/cte": -1.505573, "milliseconds": 63468}