{"cam/image_array": "209_cam-image_array_.jpg", "user/angle": 0.9353007599108859, "user/throttle": 1.0, "user/mode": "user", "pos/pos_x": 62.72355, "pos/pos_y": 0.5515767, "pos/pos_z": 78.71154, "pos/speed": 9.15125, "pos/cte": -2.266151, "milliseconds": 46662}