{"cam/image_array": "673_cam-image_array_.jpg", "user/angle": -0.024842066713461716, "user/throttle": 1.0, "user/mode": "user", "pos/pos_x": 77.29389, "pos/pos_y": 0.5523131, "pos/pos_z": 33.461, "pos/speed": 13.42992, "pos/cte": -5.356559, "milliseconds": 178231}