{"cam/image_array": "348_cam-image_array_.jpg", "user/angle": 0.7978453932309946, "user/throttle": 0.9684133426923429, "user/mode": "user", "pos/pos_x": 80.43671, "pos/pos_y": 0.552552, "pos/pos_z": -4.908047, "pos/speed": 9.103139, "pos/cte": -1.250206, "milliseconds": 77619}