{"cam/image_array": "771_cam-image_array_.jpg", "user/angle": 0.2919400616473891, "user/throttle": 0.0674459059419538, "user/mode": "user", "pos/pos_x": 81.76713, "pos/pos_y": 0.5568074, "pos/pos_z": 21.17992, "pos/speed": 12.59281, "pos/cte": -5.483068, "milliseconds": 199902}