{"cam/image_array": "88_cam-image_array_.jpg", "user/angle": 0.04184087649159215, "user/throttle": 1.0, "user/mode": "user", "pos/pos_x": 47.44521, "pos/pos_y": 0.5553626, "pos/pos_z": 18.96824, "pos/speed": 12.43465, "pos/cte": -2.182604, "milliseconds": 19905}