{"cam/image_array": "203_cam-image_array_.jpg", "user/angle": 0.8637043366801965, "user/throttle": 0.03509628589739677, "user/mode": "user", "pos/pos_x": 50.17534, "pos/pos_y": 0.5536577, "pos/pos_z": 74.15047, "pos/speed": 12.55852, "pos/cte": -0.1203603, "milliseconds": 45335}