{"cam/image_array": "551_cam-image_array_.jpg", "user/angle": -0.0018311105685598315, "user/throttle": 1.0, "user/mode": "user", "pos/pos_x": 45.22119, "pos/pos_y": 0.5534481, "pos/pos_z": 41.07645, "pos/speed": 15.27941, "pos/cte": -4.176432, "milliseconds": 149488}