{"cam/image_array": "553_cam-image_array_.jpg", "user/angle": 0.09625537888729514, "user/throttle": 0.033661915952024904, "user/mode": "user", "pos/pos_x": 45.20659, "pos/pos_y": 0.548504, "pos/pos_z": 47.22923, "pos/speed": 15.42548, "pos/cte": -4.244725, "milliseconds": 149930}