{"cam/image_array": "801_cam-image_array_.jpg", "user/angle": 0.021790215765861997, "user/throttle": 1.0, "user/mode": "user", "pos/pos_x": 49.23216, "pos/pos_y": 0.5516493, "pos/pos_z": 8.183111, "pos/speed": 12.43885, "pos/cte": -0.867794, "milliseconds": 206537}