{"cam/image_array": "272_cam-image_array_.jpg", "user/angle": 0.4370250556962798, "user/throttle": 1.0, "user/mode": "user", "pos/pos_x": 55.88651, "pos/pos_y": 0.557067, "pos/pos_z": 0.4572259, "pos/speed": 12.24798, "pos/cte": 2.728007, "milliseconds": 60594}