{"cam/image_array": "502_cam-image_array_.jpg", "user/angle": 0.05618457594531083, "user/throttle": -0.0037232581560716575, "user/mode": "user", "pos/pos_x": 85.18761, "pos/pos_y": 0.5543295, "pos/pos_z": 9.158834, "pos/speed": 5.473094, "pos/cte": 0.6511577, "milliseconds": 138635}