{"cam/image_array": "499_cam-image_array_.jpg", "user/angle": 0.04589983825189978, "user/throttle": 1.0, "user/mode": "user", "pos/pos_x": 85.34492, "pos/pos_y": 0.554023, "pos/pos_z": 16.06404, "pos/speed": 14.25836, "pos/cte": -4.384239, "milliseconds": 114536}