{"cam/image_array": "717_cam-image_array_.jpg", "user/angle": 0.858424634540849, "user/throttle": 1.0, "user/mode": "user", "pos/pos_x": 47.24099, "pos/pos_y": 0.554234, "pos/pos_z": 38.59749, "pos/speed": 14.36053, "pos/cte": -2.135076, "milliseconds": 187960}