{"cam/image_array": "757_cam-image_array_.jpg", "user/angle": 0.026581621753593555, "user/throttle": 1.0, "user/mode": "user", "pos/pos_x": 77.10576, "pos/pos_y": 0.551585, "pos/pos_z": 54.78845, "pos/speed": 8.942956, "pos/cte": 1.108124, "milliseconds": 196806}