{"cam/image_array": "961_cam-image_array_.jpg", "user/angle": 0.009857478560747094, "user/throttle": -0.020599993896298106, "user/mode": "user", "pos/pos_x": 55.42477, "pos/pos_y": 0.5573322, "pos/pos_z": 2.048126, "pos/speed": 0.4867693, "pos/cte": 3.576722, "milliseconds": 264478}