{"cam/image_array": "949_cam-image_array_.jpg", "user/angle": 1.0, "user/throttle": 0.02749717703787347, "user/mode": "user", "pos/pos_x": 84.56277, "pos/pos_y": 0.5542791, "pos/pos_z": 1.240857, "pos/speed": 12.36065, "pos/cte": 3.074553, "milliseconds": 239268}