{"cam/image_array": "662_cam-image_array_.jpg", "user/angle": 0.56587420270394, "user/throttle": 1.0, "user/mode": "user", "pos/pos_x": 74.58618, "pos/pos_y": 0.5585223, "pos/pos_z": 64.19149, "pos/speed": 11.57127, "pos/cte": -1.606693, "milliseconds": 175797}