{"cam/image_array": "330_cam-image_array_.jpg", "user/angle": -0.2589190343943602, "user/throttle": 0.5469832453382977, "user/mode": "user", "pos/pos_x": 78.21566, "pos/pos_y": 0.5525982, "pos/pos_z": 34.68275, "pos/speed": 11.60751, "pos/cte": -6.184863, "milliseconds": 73418}