{"cam/image_array": "899_cam-image_array_.jpg", "user/angle": 0.060945463423566396, "user/throttle": 1.0, "user/mode": "user", "pos/pos_x": 42.40562, "pos/pos_y": 0.5547391, "pos/pos_z": 46.81497, "pos/speed": 15.44397, "pos/cte": -7.041971, "milliseconds": 228207}