{"cam/image_array": "546_cam-image_array_.jpg", "user/angle": 0.08191167943357647, "user/throttle": 1.0, "user/mode": "user", "pos/pos_x": 45.2741, "pos/pos_y": 0.5550469, "pos/pos_z": 24.93937, "pos/speed": 14.28545, "pos/cte": -4.091194, "milliseconds": 148382}