{"cam/image_array": "185_cam-image_array_.jpg", "user/angle": 0.04278695028534806, "user/throttle": 1.0, "user/mode": "user", "pos/pos_x": 48.71964, "pos/pos_y": 0.5551983, "pos/pos_z": 17.32722, "pos/speed": 13.1435, "pos/cte": -0.9809713, "milliseconds": 41354}