{"cam/image_array": "861_cam-image_array_.jpg", "user/angle": 1.0, "user/throttle": 0.03985717337565233, "user/mode": "user", "pos/pos_x": 82.8802, "pos/pos_y": 0.5553214, "pos/pos_z": 11.39907, "pos/speed": 11.56586, "pos/cte": 0.6705973, "milliseconds": 219804}