{"cam/image_array": "587_cam-image_array_.jpg", "user/angle": -0.8066652424695578, "user/throttle": 0.06494338816492203, "user/mode": "user", "pos/pos_x": 77.53551, "pos/pos_y": 0.5512514, "pos/pos_z": 40.66043, "pos/speed": 12.84314, "pos/cte": -3.927805, "milliseconds": 157448}