{"cam/image_array": "936_cam-image_array_.jpg", "user/angle": -0.027741325113681447, "user/throttle": 1.0, "user/mode": "user", "pos/pos_x": 77.7291, "pos/pos_y": 0.5535685, "pos/pos_z": 38.88105, "pos/speed": 12.45831, "pos/cte": -4.715964, "milliseconds": 236394}