{"cam/image_array": "416_cam-image_array_.jpg", "user/angle": -0.032532731101413005, "user/throttle": 1.0, "user/mode": "user", "pos/pos_x": 77.38319, "pos/pos_y": 0.5577023, "pos/pos_z": 31.10933, "pos/speed": 14.24843, "pos/cte": -5.438056, "milliseconds": 92656}