{"cam/image_array": "292_cam-image_array_.jpg", "user/angle": 1.0, "user/throttle": -0.002380443739127781, "user/mode": "user", "pos/pos_x": 42.33596, "pos/pos_y": 0.561034, "pos/pos_z": 58.00352, "pos/speed": 13.52848, "pos/cte": -7.354034, "milliseconds": 65016}