{"cam/image_array": "133_cam-image_array_.jpg", "user/angle": 0.14731284524063845, "user/throttle": 1.0, "user/mode": "user", "pos/pos_x": 77.02944, "pos/pos_y": 0.5522244, "pos/pos_z": 64.75748, "pos/speed": 9.655612, "pos/cte": -3.832147, "milliseconds": 29856}