{"cam/image_array": "111_cam-image_array_.jpg", "user/angle": 1.0, "user/throttle": 0.03509628589739677, "user/mode": "user", "pos/pos_x": 52.57697, "pos/pos_y": 0.5532933, "pos/pos_z": 84.89856, "pos/speed": 9.146026, "pos/cte": -7.235581, "milliseconds": 24991}