{"cam/image_array": "631_cam-image_array_.jpg", "user/angle": -0.03057954649494919, "user/throttle": 1.0, "user/mode": "user", "pos/pos_x": 48.22548, "pos/pos_y": 0.5540581, "pos/pos_z": 32.09424, "pos/speed": 13.04093, "pos/cte": -1.093883, "milliseconds": 168942}