{"cam/image_array": "756_cam-image_array_.jpg", "user/angle": 0.00891140476699118, "user/throttle": 1.0, "user/mode": "user", "pos/pos_x": 76.71852, "pos/pos_y": 0.5577527, "pos/pos_z": 56.51256, "pos/speed": 8.661958, "pos/cte": 1.056221, "milliseconds": 196584}