{"cam/image_array": "492_cam-image_array_.jpg", "user/angle": -0.02914517654957732, "user/throttle": 1.0, "user/mode": "user", "pos/pos_x": 77.68931, "pos/pos_y": 0.5526436, "pos/pos_z": 35.03617, "pos/speed": 12.8827, "pos/cte": -5.607399, "milliseconds": 112988}