{"cam/image_array": "463_cam-image_array_.jpg", "user/angle": -0.023895992919705802, "user/throttle": 1.0, "user/mode": "user", "pos/pos_x": 50.47572, "pos/pos_y": 0.5541449, "pos/pos_z": 40.76731, "pos/speed": 15.31636, "pos/cte": 1.080593, "milliseconds": 103050}