{"cam/image_array": "283_cam-image_array_.jpg", "user/angle": -0.5630054628131962, "user/throttle": 1.0, "user/mode": "user", "pos/pos_x": 47.12239, "pos/pos_y": 0.5541667, "pos/pos_z": 29.0228, "pos/speed": 14.22608, "pos/cte": -2.170124, "milliseconds": 63026}