{"cam/image_array": "159_cam-image_array_.jpg", "user/angle": 1.0, "user/throttle": -0.0032654805139316996, "user/mode": "user", "pos/pos_x": 83.92484, "pos/pos_y": 0.5587028, "pos/pos_z": 0.201525, "pos/speed": 10.08337, "pos/cte": 2.59767, "milliseconds": 35605}