{"cam/image_array": "487_cam-image_array_.jpg", "user/angle": -0.5265358439893796, "user/throttle": 1.0, "user/mode": "user", "pos/pos_x": 77.23347, "pos/pos_y": 0.5522987, "pos/pos_z": 49.08155, "pos/speed": 11.87155, "pos/cte": 0.3724302, "milliseconds": 111883}