{"cam/image_array": "299_cam-image_array_.jpg", "user/angle": 0.036133915219580676, "user/throttle": 1.0, "user/mode": "user", "pos/pos_x": 43.48521, "pos/pos_y": 0.5476027, "pos/pos_z": 72.09137, "pos/speed": 5.5302, "pos/cte": -6.204792, "milliseconds": 66564}