{"cam/image_array": "248_cam-image_array_.jpg", "user/angle": 0.00271614734336375, "user/throttle": 1.0, "user/mode": "user", "pos/pos_x": 85.16206, "pos/pos_y": 0.5583013, "pos/pos_z": 18.32877, "pos/speed": 9.199372, "pos/cte": -5.871389, "milliseconds": 55287}