{"cam/image_array": "816_cam-image_array_.jpg", "user/angle": 0.6074098941007721, "user/throttle": 0.03793450727866451, "user/mode": "user", "pos/pos_x": 48.12598, "pos/pos_y": 0.5507418, "pos/pos_z": 57.2994, "pos/speed": 16.64539, "pos/cte": -1.564022, "milliseconds": 209853}