{"cam/image_array": "94_cam-image_array_.jpg", "user/angle": -0.33851130710776084, "user/throttle": 1.0, "user/mode": "user", "pos/pos_x": 50.75558, "pos/pos_y": 0.5546929, "pos/pos_z": 36.81074, "pos/speed": 14.1945, "pos/cte": 1.394969, "milliseconds": 21232}