{"cam/image_array": "828_cam-image_array_.jpg", "user/angle": 1.0, "user/throttle": 0.040803247169408245, "user/mode": "user", "pos/pos_x": 63.46758, "pos/pos_y": 0.5532176, "pos/pos_z": 82.8276, "pos/speed": 8.303577, "pos/cte": -6.094573, "milliseconds": 212508}