{"cam/image_array": "319_cam-image_array_.jpg", "user/angle": 0.7715689565721611, "user/throttle": 1.0, "user/mode": "user", "pos/pos_x": 74.04058, "pos/pos_y": 0.5577672, "pos/pos_z": 62.08241, "pos/speed": 11.35384, "pos/cte": 0.1779214, "milliseconds": 70985}