{"cam/image_array": "75_cam-image_array_.jpg", "user/angle": 0.01608325449385052, "user/throttle": 1.0, "user/mode": "user", "pos/pos_x": 68.17593, "pos/pos_y": 0.5592986, "pos/pos_z": -3.848252, "pos/speed": 10.55332, "pos/cte": -0.08345589, "milliseconds": 17026}