{"cam/image_array": "91_cam-image_array_.jpg", "user/angle": -0.03057954649494919, "user/throttle": 1.0, "user/mode": "user", "pos/pos_x": 48.77668, "pos/pos_y": 0.5538213, "pos/pos_z": 27.35799, "pos/speed": 13.3569, "pos/cte": -0.4864509, "milliseconds": 20568}