{"cam/image_array": "383_cam-image_array_.jpg", "user/angle": 1.0, "user/throttle": -0.00784325693533128, "user/mode": "user", "pos/pos_x": 45.23741, "pos/pos_y": 0.5548859, "pos/pos_z": 64.41219, "pos/speed": 14.5633, "pos/cte": -4.452591, "milliseconds": 85358}