{"cam/image_array": "804_cam-image_array_.jpg", "user/angle": 0.023712881862849818, "user/throttle": 1.0, "user/mode": "user", "pos/pos_x": 48.7791, "pos/pos_y": 0.5537295, "pos/pos_z": 17.29769, "pos/speed": 13.58266, "pos/cte": -0.9228488, "milliseconds": 207200}