{"cam/image_array": "908_cam-image_array_.jpg", "user/angle": 1.0, "user/throttle": 0.030793176061281166, "user/mode": "user", "pos/pos_x": 49.117, "pos/pos_y": 0.5529223, "pos/pos_z": 75.92451, "pos/speed": 12.20897, "pos/cte": -2.003706, "milliseconds": 230202}