{"cam/image_array": "333_cam-image_array_.jpg", "user/angle": 0.3224890896328623, "user/throttle": -0.037873470259712515, "user/mode": "user", "pos/pos_x": 81.10155, "pos/pos_y": 0.5546365, "pos/pos_z": 24.70271, "pos/speed": 11.63012, "pos/cte": -7.063569, "milliseconds": 74302}