{"cam/image_array": "329_cam-image_array_.jpg", "user/angle": -0.26081118198187203, "user/throttle": 0.5441145054475539, "user/mode": "user", "pos/pos_x": 78.15448, "pos/pos_y": 0.5516183, "pos/pos_z": 37.02393, "pos/speed": 11.6518, "pos/cte": -5.736866, "milliseconds": 73197}