{"cam/image_array": "337_cam-image_array_.jpg", "user/angle": 0.09244056520279549, "user/throttle": 0.07126071962645344, "user/mode": "user", "pos/pos_x": 84.61826, "pos/pos_y": 0.5545878, "pos/pos_z": 16.50533, "pos/speed": 10.76386, "pos/cte": -4.189674, "milliseconds": 75186}