{"cam/image_array": "962_cam-image_array_.jpg", "user/angle": 0.04376354258857997, "user/throttle": 0.0, "user/mode": "user", "pos/pos_x": 55.33333, "pos/pos_y": 0.5508136, "pos/pos_z": 2.02693, "pos/speed": 0.4732865, "pos/cte": 3.498402, "milliseconds": 264699}