{"cam/image_array": "541_cam-image_array_.jpg", "user/angle": 0.08096560563982055, "user/throttle": 1.0, "user/mode": "user", "pos/pos_x": 50.47115, "pos/pos_y": 0.5545553, "pos/pos_z": 10.01967, "pos/speed": 12.81629, "pos/cte": 0.4501227, "milliseconds": 147276}