{"cam/image_array": "806_cam-image_array_.jpg", "user/angle": -0.0152287362285226, "user/throttle": 1.0, "user/mode": "user", "pos/pos_x": 48.64239, "pos/pos_y": 0.5565429, "pos/pos_z": 22.81096, "pos/speed": 14.10482, "pos/cte": -0.8189458, "milliseconds": 207642}