{"cam/image_array": "885_cam-image_array_.jpg", "user/angle": 0.06427198095645009, "user/throttle": 1.0, "user/mode": "user", "pos/pos_x": 50.72798, "pos/pos_y": 0.5559159, "pos/pos_z": 7.004165, "pos/speed": 11.77501, "pos/cte": 0.5751806, "milliseconds": 225111}