{"cam/image_array": "155_cam-image_array_.jpg", "user/angle": 0.044709616382335886, "user/throttle": -0.0042115543076876125, "user/mode": "user", "pos/pos_x": 83.12503, "pos/pos_y": 0.5564253, "pos/pos_z": 9.72224, "pos/speed": 11.33108, "pos/cte": 1.694988, "milliseconds": 34721}