{"cam/image_array": "976_cam-image_array_.jpg", "user/angle": 0.060945463423566396, "user/throttle": -1.0, "user/mode": "user", "pos/pos_x": 53.01957, "pos/pos_y": 0.5567733, "pos/pos_z": 1.43769, "pos/speed": 2.651192, "pos/cte": 1.269367, "milliseconds": 267796}