{"cam/image_array": "123_cam-image_array_.jpg", "user/angle": -0.9208044679097873, "user/throttle": 1.0, "user/mode": "user", "pos/pos_x": 64.7524, "pos/pos_y": 0.5561947, "pos/pos_z": 79.07056, "pos/speed": 7.35914, "pos/cte": -3.792208, "milliseconds": 27644}