{"cam/image_array": "621_cam-image_array_.jpg", "user/angle": 0.40745262001403854, "user/throttle": 1.0, "user/mode": "user", "pos/pos_x": 47.26733, "pos/pos_y": 0.5533962, "pos/pos_z": 6.583538, "pos/speed": 9.92114, "pos/cte": -2.900521, "milliseconds": 166730}