{"cam/image_array": "215_cam-image_array_.jpg", "user/angle": -0.032532731101413005, "user/throttle": 1.0, "user/mode": "user", "pos/pos_x": 70.79637, "pos/pos_y": 0.5551196, "pos/pos_z": 71.10566, "pos/speed": 9.401004, "pos/cte": -3.215292, "milliseconds": 47989}