{"cam/image_array": "420_cam-image_array_.jpg", "user/angle": -0.0027771843623157445, "user/throttle": -0.016052735984374525, "user/mode": "user", "pos/pos_x": 80.79553, "pos/pos_y": 0.5568625, "pos/pos_z": 18.26541, "pos/speed": 15.31348, "pos/cte": -2.765656, "milliseconds": 93541}