{"cam/image_array": "382_cam-image_array_.jpg", "user/angle": 1.0, "user/throttle": -0.006469924008911405, "user/mode": "user", "pos/pos_x": 44.9611, "pos/pos_y": 0.558296, "pos/pos_z": 61.46969, "pos/speed": 14.89865, "pos/cte": -4.728901, "milliseconds": 85137}