{"cam/image_array": "194_cam-image_array_.jpg", "user/angle": 0.2423169652394177, "user/throttle": 1.0, "user/mode": "user", "pos/pos_x": 43.1899, "pos/pos_y": 0.5556214, "pos/pos_z": 45.56844, "pos/speed": 15.62501, "pos/cte": -6.246849, "milliseconds": 43345}