{"cam/image_array": "876_cam-image_array_.jpg", "user/angle": 0.021301919614246042, "user/throttle": 1.0, "user/mode": "user", "pos/pos_x": 69.2352, "pos/pos_y": 0.5581142, "pos/pos_z": -4.979331, "pos/speed": 9.443535, "pos/cte": -1.223736, "milliseconds": 223120}