{"cam/image_array": "449_cam-image_array_.jpg", "user/angle": 0.4971770378734703, "user/throttle": 1.0, "user/mode": "user", "pos/pos_x": 53.53527, "pos/pos_y": 0.5578287, "pos/pos_z": -1.503428, "pos/speed": 12.43132, "pos/cte": -0.3001302, "milliseconds": 99955}