{"cam/image_array": "135_cam-image_array_.jpg", "user/angle": 0.04803613391521958, "user/throttle": 1.0, "user/mode": "user", "pos/pos_x": 77.53146, "pos/pos_y": 0.5511897, "pos/pos_z": 59.94521, "pos/speed": 9.915717, "pos/cte": -1.189686, "milliseconds": 30298}