{"cam/image_array": "208_cam-image_array_.jpg", "user/angle": 0.9353007599108859, "user/throttle": 0.6658833582567827, "user/mode": "user", "pos/pos_x": 59.92037, "pos/pos_y": 0.5521407, "pos/pos_z": 78.85506, "pos/speed": 9.669064, "pos/cte": -1.063336, "milliseconds": 46441}