{"cam/image_array": "467_cam-image_array_.jpg", "user/angle": 1.0, "user/throttle": 0.0018005920590838343, "user/mode": "user", "pos/pos_x": 56.23907, "pos/pos_y": 0.5545935, "pos/pos_z": 84.1762, "pos/speed": 9.181442, "pos/cte": -5.737724, "milliseconds": 106358}