{"cam/image_array": "39_cam-image_array_.jpg", "user/angle": 0.017029328287606435, "user/throttle": 1.0, "user/mode": "user", "pos/pos_x": 75.56509, "pos/pos_y": 0.5544229, "pos/pos_z": 72.05723, "pos/speed": 10.19393, "pos/cte": -7.459445, "milliseconds": 9065}