{"cam/image_array": "290_cam-image_array_.jpg", "user/angle": 0.7615588854640339, "user/throttle": -0.0020142216254158147, "user/mode": "user", "pos/pos_x": 44.24229, "pos/pos_y": 0.5659386, "pos/pos_z": 52.75806, "pos/speed": 14.32209, "pos/cte": -5.447712, "milliseconds": 64574}