{"cam/image_array": "478_cam-image_array_.jpg", "user/angle": -0.014740440076906645, "user/throttle": 1.0, "user/mode": "user", "pos/pos_x": 71.76249, "pos/pos_y": 0.5563374, "pos/pos_z": 68.41897, "pos/speed": 9.346705, "pos/cte": -2.205067, "milliseconds": 109892}