{"cam/image_array": "470_cam-image_array_.jpg", "user/angle": 0.011291848506118961, "user/throttle": 1.0, "user/mode": "user", "pos/pos_x": 67.02917, "pos/pos_y": 0.5541965, "pos/pos_z": 81.32986, "pos/speed": 5.829052, "pos/cte": -6.990777, "milliseconds": 108123}