{"cam/image_array": "887_cam-image_array_.jpg", "user/angle": 0.07431257057405316, "user/throttle": 1.0, "user/mode": "user", "pos/pos_x": 48.67699, "pos/pos_y": 0.5567385, "pos/pos_z": 11.37134, "pos/speed": 12.4088, "pos/cte": -1.28337, "milliseconds": 225553}