{"cam/image_array": "105_cam-image_array_.jpg", "user/angle": 1.0, "user/throttle": 0.011291848506118961, "user/mode": "user", "pos/pos_x": 47.88713, "pos/pos_y": 0.5516693, "pos/pos_z": 71.24234, "pos/speed": 13.35185, "pos/cte": -1.802872, "milliseconds": 23664}