{"cam/image_array": "1006_cam-image_array_.jpg", "user/angle": 0.03897213660084842, "user/throttle": 1.0, "user/mode": "user", "pos/pos_x": 48.68939, "pos/pos_y": 0.5550945, "pos/pos_z": 17.69031, "pos/speed": 8.65782, "pos/cte": -0.995348, "milliseconds": 275093}