{"cam/image_array": "812_cam-image_array_.jpg", "user/angle": 0.0008239997558519242, "user/throttle": 1.0, "user/mode": "user", "pos/pos_x": 48.50901, "pos/pos_y": 0.5553264, "pos/pos_z": 42.75085, "pos/speed": 15.63353, "pos/cte": -0.9033498, "milliseconds": 208969}