{"cam/image_array": "101_cam-image_array_.jpg", "user/angle": 1.0, "user/throttle": 0.010528885769219032, "user/mode": "user", "pos/pos_x": 51.10906, "pos/pos_y": 0.5523341, "pos/pos_z": 58.5298, "pos/speed": 15.03689, "pos/cte": 1.419064, "milliseconds": 22780}