{"cam/image_array": "276_cam-image_array_.jpg", "user/angle": 0.4036378063295389, "user/throttle": 1.0, "user/mode": "user", "pos/pos_x": 48.67931, "pos/pos_y": 0.5520397, "pos/pos_z": 9.198688, "pos/speed": 12.94064, "pos/cte": -1.375814, "milliseconds": 61479}