{"cam/image_array": "381_cam-image_array_.jpg", "user/angle": 0.217474898525956, "user/throttle": -0.00784325693533128, "user/mode": "user", "pos/pos_x": 44.69643, "pos/pos_y": 0.5503581, "pos/pos_z": 56.9112, "pos/speed": 15.53349, "pos/cte": -4.993572, "milliseconds": 84916}