{"cam/image_array": "533_cam-image_array_.jpg", "user/angle": 0.08862575151829585, "user/throttle": 1.0, "user/mode": "user", "pos/pos_x": 66.33646, "pos/pos_y": 0.5539564, "pos/pos_z": -4.873276, "pos/speed": 11.50906, "pos/cte": -1.092388, "milliseconds": 145507}