{"cam/image_array": "550_cam-image_array_.jpg", "user/angle": -0.27329325235755486, "user/throttle": 1.0, "user/mode": "user", "pos/pos_x": 44.83345, "pos/pos_y": 0.5585682, "pos/pos_z": 36.551, "pos/speed": 14.96737, "pos/cte": -4.524669, "milliseconds": 149267}