{"cam/image_array": "667_cam-image_array_.jpg", "user/angle": -0.27616199224829857, "user/throttle": 1.0, "user/mode": "user", "pos/pos_x": 78.26382, "pos/pos_y": 0.5525331, "pos/pos_z": 51.4921, "pos/speed": 12.32197, "pos/cte": -0.01936834, "milliseconds": 176903}