{"cam/image_array": "14_cam-image_array_.jpg", "user/angle": 0.032319101535081024, "user/throttle": 1.0, "user/mode": "user", "pos/pos_x": 49.79124, "pos/pos_y": 0.5501336, "pos/pos_z": 53.28696, "pos/speed": 5.082934, "pos/cte": 0.1012383, "milliseconds": 3537}