{"cam/image_array": "153_cam-image_array_.jpg", "user/angle": 0.07620471816156499, "user/throttle": -0.002380443739127781, "user/mode": "user", "pos/pos_x": 81.4279, "pos/pos_y": 0.5568802, "pos/pos_z": 14.13827, "pos/speed": 12.06672, "pos/cte": -0.2652119, "milliseconds": 34279}