{"cam/image_array": "228_cam-image_array_.jpg", "user/angle": 1.0, "user/throttle": 0.022736289559617907, "user/mode": "user", "pos/pos_x": 82.58406, "pos/pos_y": 0.5531847, "pos/pos_z": 45.54624, "pos/speed": 8.175906, "pos/cte": -5.851369, "milliseconds": 50864}