{"cam/image_array": "946_cam-image_array_.jpg", "user/angle": 0.060945463423566396, "user/throttle": 0.029389324625385297, "user/mode": "user", "pos/pos_x": 83.76049, "pos/pos_y": 0.5589923, "pos/pos_z": 8.890084, "pos/speed": 13.48305, "pos/cte": 1.843124, "milliseconds": 238605}