{"cam/image_array": "881_cam-image_array_.jpg", "user/angle": 0.7138279366435744, "user/throttle": 1.0, "user/mode": "user", "pos/pos_x": 58.71895, "pos/pos_y": 0.5544668, "pos/pos_z": -0.4532855, "pos/speed": 11.22597, "pos/cte": 3.158049, "milliseconds": 224226}