{"cam/image_array": "246_cam-image_array_.jpg", "user/angle": 0.0003357036042359691, "user/throttle": 1.0, "user/mode": "user", "pos/pos_x": 83.85706, "pos/pos_y": 0.5527884, "pos/pos_z": 22.58072, "pos/speed": 8.762011, "pos/cte": -7.982015, "milliseconds": 54845}