{"cam/image_array": "356_cam-image_array_.jpg", "user/angle": -0.025788140507217627, "user/throttle": 0.8466444898831141, "user/mode": "user", "pos/pos_x": 63.82457, "pos/pos_y": 0.5532834, "pos/pos_z": -2.075655, "pos/speed": 10.78962, "pos/cte": 1.727047, "milliseconds": 79388}