{"cam/image_array": "920_cam-image_array_.jpg", "user/angle": 0.024170659504989776, "user/throttle": 1.0, "user/mode": "user", "pos/pos_x": 68.4859, "pos/pos_y": 0.5594997, "pos/pos_z": 74.49171, "pos/speed": 8.640196, "pos/cte": -3.657463, "milliseconds": 232856}