{"cam/image_array": "421_cam-image_array_.jpg", "user/angle": 0.03421124912259285, "user/throttle": 0.0, "user/mode": "user", "pos/pos_x": 81.71135, "pos/pos_y": 0.5549126, "pos/pos_z": 15.31919, "pos/speed": 15.55073, "pos/cte": -1.306173, "milliseconds": 93762}