{"cam/image_array": "708_cam-image_array_.jpg", "user/angle": -0.5716422009949034, "user/throttle": 1.0, "user/mode": "user", "pos/pos_x": 52.86658, "pos/pos_y": 0.5539019, "pos/pos_z": 12.91927, "pos/speed": 12.64303, "pos/cte": 2.969756, "milliseconds": 185970}