{"cam/image_array": "591_cam-image_array_.jpg", "user/angle": 0.07238990447706534, "user/throttle": 0.12643818475905635, "user/mode": "user", "pos/pos_x": 77.01505, "pos/pos_y": 0.5495781, "pos/pos_z": 30.27021, "pos/speed": 10.58375, "pos/cte": -4.932076, "milliseconds": 158333}