{"cam/image_array": "293_cam-image_array_.jpg", "user/angle": 1.0, "user/throttle": -0.002380443739127781, "user/mode": "user", "pos/pos_x": 41.76697, "pos/pos_y": 0.5487821, "pos/pos_z": 60.56507, "pos/speed": 12.7857, "pos/cte": -7.923031, "milliseconds": 65237}