{"cam/image_array": "422_cam-image_array_.jpg", "user/angle": 0.08767967772453994, "user/throttle": -0.016052735984374525, "user/mode": "user", "pos/pos_x": 82.65533, "pos/pos_y": 0.5545216, "pos/pos_z": 12.34129, "pos/speed": 15.72048, "pos/cte": 0.1561739, "milliseconds": 93983}