{"cam/image_array": "902_cam-image_array_.jpg", "user/angle": 1.0, "user/throttle": 0.03509628589739677, "user/mode": "user", "pos/pos_x": 43.08016, "pos/pos_y": 0.553341, "pos/pos_z": 58.54972, "pos/speed": 16.20656, "pos/cte": -6.60984, "milliseconds": 228875}