{"cam/image_array": "377_cam-image_array_.jpg", "user/angle": 0.023712881862849818, "user/throttle": 1.0, "user/mode": "user", "pos/pos_x": 44.39179, "pos/pos_y": 0.5555387, "pos/pos_z": 44.88409, "pos/speed": 14.55283, "pos/cte": -5.039026, "milliseconds": 84032}