{"cam/image_array": "666_cam-image_array_.jpg", "user/angle": 0.06286812952055422, "user/throttle": 1.0, "user/mode": "user", "pos/pos_x": 78.2434, "pos/pos_y": 0.5530458, "pos/pos_z": 53.21802, "pos/speed": 12.32431, "pos/cte": 0.1086799, "milliseconds": 176682}