{"cam/image_array": "838_cam-image_array_.jpg", "user/angle": 0.021790215765861997, "user/throttle": 1.0, "user/mode": "user", "pos/pos_x": 72.30076, "pos/pos_y": 0.5550915, "pos/pos_z": 71.35992, "pos/speed": 8.819145, "pos/cte": -4.524364, "milliseconds": 214718}