{"cam/image_array": "71_cam-image_array_.jpg", "user/angle": 0.017029328287606435, "user/throttle": 1.0, "user/mode": "user", "pos/pos_x": 76.0368, "pos/pos_y": 0.5510843, "pos/pos_z": -5.288064, "pos/speed": 9.847539, "pos/cte": -1.591812, "milliseconds": 16141}