{"cam/image_array": "922_cam-image_array_.jpg", "user/angle": -0.4641865291299173, "user/throttle": 1.0, "user/mode": "user", "pos/pos_x": 69.62657, "pos/pos_y": 0.5514939, "pos/pos_z": 71.07484, "pos/speed": 9.356285, "pos/cte": -2.305751, "milliseconds": 233298}