{"cam/image_array": "106_cam-image_array_.jpg", "user/angle": 1.0, "user/throttle": 0.010345774712363049, "user/mode": "user", "pos/pos_x": 47.86038, "pos/pos_y": 0.5533295, "pos/pos_z": 73.84924, "pos/speed": 12.6481, "pos/cte": -2.270627, "milliseconds": 23885}