{"cam/image_array": "822_cam-image_array_.jpg", "user/angle": 1.0, "user/throttle": 0.047486800744651635, "user/mode": "user", "pos/pos_x": 52.00095, "pos/pos_y": 0.5529387, "pos/pos_z": 75.48662, "pos/speed": 12.06984, "pos/cte": 0.6938505, "milliseconds": 211181}