{"cam/image_array": "730_cam-image_array_.jpg", "user/angle": 1.0, "user/throttle": 0.028443250831629383, "user/mode": "user", "pos/pos_x": 51.76487, "pos/pos_y": 0.5529882, "pos/pos_z": 77.6171, "pos/speed": 14.41739, "pos/cte": -1.117966, "milliseconds": 190835}