{"cam/image_array": "681_cam-image_array_.jpg", "user/angle": 1.0, "user/throttle": 0.0370189519943846, "user/mode": "user", "pos/pos_x": 84.33086, "pos/pos_y": 0.554027, "pos/pos_z": 10.08641, "pos/speed": 14.24878, "pos/cte": 0.5900683, "milliseconds": 180000}