{"cam/image_array": "1010_cam-image_array_.jpg", "user/angle": -0.023895992919705802, "user/throttle": 1.0, "user/mode": "user", "pos/pos_x": 49.0352, "pos/pos_y": 0.5505143, "pos/pos_z": 26.12818, "pos/speed": 9.97859, "pos/cte": -0.2818143, "milliseconds": 275977}