{"cam/image_array": "891_cam-image_array_.jpg", "user/angle": 0.060945463423566396, "user/throttle": 1.0, "user/mode": "user", "pos/pos_x": 44.66646, "pos/pos_y": 0.5566633, "pos/pos_z": 22.33724, "pos/speed": 13.51233, "pos/cte": -4.811754, "milliseconds": 226438}