{"cam/image_array": "152_cam-image_array_.jpg", "user/angle": 1.0, "user/throttle": -0.0014648884548478652, "user/mode": "user", "pos/pos_x": 80.5223, "pos/pos_y": 0.5504747, "pos/pos_z": 16.42002, "pos/speed": 12.31157, "pos/cte": -1.257927, "milliseconds": 34057}