{"cam/image_array": "823_cam-image_array_.jpg", "user/angle": 1.0, "user/throttle": 0.040803247169408245, "user/mode": "user", "pos/pos_x": 53.37445, "pos/pos_y": 0.5526068, "pos/pos_z": 77.40778, "pos/speed": 11.50781, "pos/cte": -0.07388731, "milliseconds": 211402}