{"cam/image_array": "663_cam-image_array_.jpg", "user/angle": 0.5735038300729393, "user/throttle": 1.0, "user/mode": "user", "pos/pos_x": 75.57338, "pos/pos_y": 0.5555526, "pos/pos_z": 62.06299, "pos/speed": 11.86854, "pos/cte": -0.9750128, "milliseconds": 176018}