{"cam/image_array": "761_cam-image_array_.jpg", "user/angle": 0.06286812952055422, "user/throttle": 1.0, "user/mode": "user", "pos/pos_x": 78.89321, "pos/pos_y": 0.5566009, "pos/pos_z": 46.10675, "pos/speed": 10.56912, "pos/cte": -2.427592, "milliseconds": 197690}