{"cam/image_array": "932_cam-image_array_.jpg", "user/angle": -0.008545182653279214, "user/throttle": 1.0, "user/mode": "user", "pos/pos_x": 78.34269, "pos/pos_y": 0.5528378, "pos/pos_z": 49.48081, "pos/speed": 11.2149, "pos/cte": -0.5398927, "milliseconds": 235509}