{"cam/image_array": "43_cam-image_array_.jpg", "user/angle": 0.015106662190618611, "user/throttle": 1.0, "user/mode": "user", "pos/pos_x": 77.07874, "pos/pos_y": 0.553868, "pos/pos_z": 62.62275, "pos/speed": 11.34511, "pos/cte": -2.483228, "milliseconds": 9949}