{"cam/image_array": "334_cam-image_array_.jpg", "user/angle": 0.13632618182927947, "user/throttle": 0.03793450727866451, "user/mode": "user", "pos/pos_x": 82.05985, "pos/pos_y": 0.55659, "pos/pos_z": 22.61853, "pos/speed": 11.51581, "pos/cte": -6.646996, "milliseconds": 74523}