{"cam/image_array": "328_cam-image_array_.jpg", "user/angle": -0.2694479201635792, "user/throttle": 0.5497909482100894, "user/mode": "user", "pos/pos_x": 78.45696, "pos/pos_y": 0.5555227, "pos/pos_z": 40.52713, "pos/speed": 11.784, "pos/cte": -4.795441, "milliseconds": 72976}