{"cam/image_array": "839_cam-image_array_.jpg", "user/angle": 0.02563554795983764, "user/throttle": 1.0, "user/mode": "user", "pos/pos_x": 73.02177, "pos/pos_y": 0.5562385, "pos/pos_z": 68.71439, "pos/speed": 9.325277, "pos/cte": -3.354494, "milliseconds": 214940}