{"cam/image_array": "636_cam-image_array_.jpg", "user/angle": -0.025788140507217627, "user/throttle": 1.0, "user/mode": "user", "pos/pos_x": 48.39602, "pos/pos_y": 0.5538797, "pos/pos_z": 47.29234, "pos/speed": 14.44355, "pos/cte": -1.055966, "milliseconds": 170047}