{"cam/image_array": "847_cam-image_array_.jpg", "user/angle": 0.5840327158421583, "user/throttle": 1.0, "user/mode": "user", "pos/pos_x": 77.273, "pos/pos_y": 0.555259, "pos/pos_z": 50.03444, "pos/speed": 12.24722, "pos/cte": 0.7172838, "milliseconds": 216709}