{"cam/image_array": "532_cam-image_array_.jpg", "user/angle": 0.044709616382335886, "user/throttle": 1.0, "user/mode": "user", "pos/pos_x": 68.33653, "pos/pos_y": 0.5560287, "pos/pos_z": -5.976956, "pos/speed": 11.177, "pos/cte": -2.213481, "milliseconds": 145286}