{"cam/image_array": "270_cam-image_array_.jpg", "user/angle": 0.2165288247322001, "user/throttle": 1.0, "user/mode": "user", "pos/pos_x": 59.52651, "pos/pos_y": 0.5544655, "pos/pos_z": -2.629379, "pos/speed": 11.62839, "pos/cte": 1.210851, "milliseconds": 60152}