{"cam/image_array": "900_cam-image_array_.jpg", "user/angle": 0.060945463423566396, "user/throttle": 0.03460798974578082, "user/mode": "user", "pos/pos_x": 42.55416, "pos/pos_y": 0.5592868, "pos/pos_z": 51.50997, "pos/speed": 15.84361, "pos/cte": -7.135838, "milliseconds": 228428}