{"cam/image_array": "170_cam-image_array_.jpg", "user/angle": 0.8427076021607105, "user/throttle": 1.0, "user/mode": "user", "pos/pos_x": 69.54266, "pos/pos_y": 0.5518685, "pos/pos_z": -8.44391, "pos/speed": 9.06426, "pos/cte": -4.690866, "milliseconds": 38037}