{"cam/image_array": "335_cam-image_array_.jpg", "user/angle": 0.09149449140903958, "user/throttle": 0.06173894466994232, "user/mode": "user", "pos/pos_x": 83.02094, "pos/pos_y": 0.5561378, "pos/pos_z": 20.56787, "pos/speed": 11.31879, "pos/cte": -6.038974, "milliseconds": 74744}