{"cam/image_array": "324_cam-image_array_.jpg", "user/angle": 0.0, "user/throttle": 0.1619922482985931, "user/mode": "user", "pos/pos_x": 79.465, "pos/pos_y": 0.552568, "pos/pos_z": 49.82086, "pos/speed": 11.65626, "pos/cte": -1.479907, "milliseconds": 72091}