{"cam/image_array": "144_cam-image_array_.jpg", "user/angle": 0.027558214056825465, "user/throttle": 1.0, "user/mode": "user", "pos/pos_x": 79.11874, "pos/pos_y": 0.5538231, "pos/pos_z": 38.79884, "pos/speed": 12.24127, "pos/cte": -6.073858, "milliseconds": 32288}