{"cam/image_array": "579_cam-image_array_.jpg", "user/angle": 0.4532609027375103, "user/throttle": 1.0, "user/mode": "user", "pos/pos_x": 77.42357, "pos/pos_y": 0.552564, "pos/pos_z": 62.82477, "pos/speed": 12.10261, "pos/cte": -2.876647, "milliseconds": 155679}