{"cam/image_array": "113_cam-image_array_.jpg", "user/angle": 1.0, "user/throttle": 0.06079287087618641, "user/mode": "user", "pos/pos_x": 56.22501, "pos/pos_y": 0.5525897, "pos/pos_z": 86.98952, "pos/speed": 7.860701, "pos/cte": -8.487398, "milliseconds": 25433}