{"cam/image_array": "855_cam-image_array_.jpg", "user/angle": 0.020844141972106083, "user/throttle": 0.04843287453840754, "user/mode": "user", "pos/pos_x": 77.15033, "pos/pos_y": 0.5464489, "pos/pos_z": 27.82027, "pos/speed": 13.3934, "pos/cte": -4.624864, "milliseconds": 218477}