{"cam/image_array": "578_cam-image_array_.jpg", "user/angle": 0.09912411877803888, "user/throttle": 1.0, "user/mode": "user", "pos/pos_x": 76.75234, "pos/pos_y": 0.561226, "pos/pos_z": 65.138, "pos/speed": 11.80192, "pos/cte": -3.868564, "milliseconds": 155458}