{"cam/image_array": "622_cam-image_array_.jpg", "user/angle": 0.017029328287606435, "user/throttle": 1.0, "user/mode": "user", "pos/pos_x": 46.79691, "pos/pos_y": 0.5519367, "pos/pos_z": 8.531575, "pos/speed": 10.18381, "pos/cte": -3.285526, "milliseconds": 166951}