{"cam/image_array": "773_cam-image_array_.jpg", "user/angle": 0.3053071687978759, "user/throttle": 0.9227576525162511, "user/mode": "user", "pos/pos_x": 83.9635, "pos/pos_y": 0.5514432, "pos/pos_z": 16.78227, "pos/speed": 12.09669, "pos/cte": -3.928269, "milliseconds": 200344}