{"cam/image_array": "366_cam-image_array_.jpg", "user/angle": 0.02945036164433729, "user/throttle": 1.0, "user/mode": "user", "pos/pos_x": 46.04177, "pos/pos_y": 0.5480014, "pos/pos_z": 13.47021, "pos/speed": 11.06655, "pos/cte": -3.82453, "milliseconds": 81600}