{"cam/image_array": "924_cam-image_array_.jpg", "user/angle": -0.019074068422498244, "user/throttle": 1.0, "user/mode": "user", "pos/pos_x": 71.21003, "pos/pos_y": 0.5552447, "pos/pos_z": 66.44181, "pos/speed": 10.23185, "pos/cte": -0.5009127, "milliseconds": 233740}