{"cam/image_array": "642_cam-image_array_.jpg", "user/angle": 1.0, "user/throttle": 0.00848414563432722, "user/mode": "user", "pos/pos_x": 46.64168, "pos/pos_y": 0.5552795, "pos/pos_z": 66.18686, "pos/speed": 13.47636, "pos/cte": -3.048317, "milliseconds": 171375}