{"cam/image_array": "549_cam-image_array_.jpg", "user/angle": -0.35581530198065126, "user/throttle": 1.0, "user/mode": "user", "pos/pos_x": 44.65742, "pos/pos_y": 0.5548368, "pos/pos_z": 33.58569, "pos/speed": 14.72509, "pos/cte": -4.674812, "milliseconds": 149045}