{"cam/image_array": "505_cam-image_array_.jpg", "user/angle": 1.0, "user/throttle": -0.037415692617572556, "user/mode": "user", "pos/pos_x": 88.77523, "pos/pos_y": 0.5547709, "pos/pos_z": 8.513447, "pos/speed": 5.017129, "pos/cte": -1.77763, "milliseconds": 139299}