{"cam/image_array": "964_cam-image_array_.jpg", "user/angle": 0.037263100070192574, "user/throttle": -0.014191106906338695, "user/mode": "user", "pos/pos_x": 55.09605, "pos/pos_y": 0.556519, "pos/pos_z": 1.96648, "pos/speed": 0.4465705, "pos/cte": 3.291219, "milliseconds": 265141}