{"cam/image_array": "457_cam-image_array_.jpg", "user/angle": -0.031556138798181095, "user/throttle": 1.0, "user/mode": "user", "pos/pos_x": 49.7256, "pos/pos_y": 0.5585527, "pos/pos_z": 21.66535, "pos/speed": 13.945, "pos/cte": 0.2132626, "milliseconds": 101724}