{"cam/image_array": "119_cam-image_array_.jpg", "user/angle": 0.01989806817835017, "user/throttle": 1.0, "user/mode": "user", "pos/pos_x": 63.60263, "pos/pos_y": 0.5531823, "pos/pos_z": 84.21416, "pos/speed": 5.93787, "pos/cte": -7.313899, "milliseconds": 26760}