{"cam/image_array": "552_cam-image_array_.jpg", "user/angle": -0.0018311105685598315, "user/throttle": 0.761009552293466, "user/mode": "user", "pos/pos_x": 45.35262, "pos/pos_y": 0.5572172, "pos/pos_z": 44.14751, "pos/speed": 15.30401, "pos/cte": -4.071805, "milliseconds": 149709}