{"cam/image_array": "78_cam-image_array_.jpg", "user/angle": 0.5467696157719657, "user/throttle": 1.0, "user/mode": "user", "pos/pos_x": 60.72023, "pos/pos_y": 0.556819, "pos/pos_z": -1.44199, "pos/speed": 11.72337, "pos/cte": 2.387778, "milliseconds": 17689}