{"cam/image_array": "758_cam-image_array_.jpg", "user/angle": 0.09482100894192327, "user/throttle": 1.0, "user/mode": "user", "pos/pos_x": 77.50462, "pos/pos_y": 0.5572381, "pos/pos_z": 52.98154, "pos/speed": 9.353352, "pos/cte": 0.849493, "milliseconds": 197027}