{"cam/image_array": "939_cam-image_array_.jpg", "user/angle": -0.03033539841914121, "user/throttle": 1.0, "user/mode": "user", "pos/pos_x": 78.94378, "pos/pos_y": 0.5592065, "pos/pos_z": 30.52695, "pos/speed": 13.28605, "pos/cte": -6.87653, "milliseconds": 237057}