{"cam/image_array": "530_cam-image_array_.jpg", "user/angle": 0.028015991698965424, "user/throttle": 1.0, "user/mode": "user", "pos/pos_x": 72.20056, "pos/pos_y": 0.5540357, "pos/pos_z": -8.035525, "pos/speed": 10.52038, "pos/cte": -4.305691, "milliseconds": 144844}