{"cam/image_array": "829_cam-image_array_.jpg", "user/angle": 1.0, "user/throttle": 0.05984679708243049, "user/mode": "user", "pos/pos_x": 65.08022, "pos/pos_y": 0.5554991, "pos/pos_z": 82.66418, "pos/speed": 7.89091, "pos/cte": -6.860873, "milliseconds": 212729}