{"cam/image_array": "278_cam-image_array_.jpg", "user/angle": 0.053285317545091096, "user/throttle": 1.0, "user/mode": "user", "pos/pos_x": 47.04885, "pos/pos_y": 0.5550148, "pos/pos_z": 14.12374, "pos/speed": 13.08769, "pos/cte": -2.789898, "milliseconds": 61921}