{"cam/image_array": "960_cam-image_array_.jpg", "user/angle": 0.011291848506118961, "user/throttle": 0.00848414563432722, "user/mode": "user", "pos/pos_x": 55.61141, "pos/pos_y": 0.5508805, "pos/pos_z": 2.10069, "pos/speed": 0.5131088, "pos/cte": 3.743323, "milliseconds": 264037}