{"cam/image_array": "466_cam-image_array_.jpg", "user/angle": 1.0, "user/throttle": 0.0018005920590838343, "user/mode": "user", "pos/pos_x": 47.73134, "pos/pos_y": 0.5518041, "pos/pos_z": 65.30947, "pos/speed": 15.44214, "pos/cte": -1.95866, "milliseconds": 104595}