{"cam/image_array": "713_cam-image_array_.jpg", "user/angle": 0.0008239997558519242, "user/throttle": 1.0, "user/mode": "user", "pos/pos_x": 51.98849, "pos/pos_y": 0.5492471, "pos/pos_z": 27.19133, "pos/speed": 13.14448, "pos/cte": 2.715041, "milliseconds": 187076}