{"cam/image_array": "624_cam-image_array_.jpg", "user/angle": 0.01608325449385052, "user/throttle": 1.0, "user/mode": "user", "pos/pos_x": 46.52971, "pos/pos_y": 0.5529902, "pos/pos_z": 12.67271, "pos/speed": 10.55224, "pos/cte": -3.371835, "milliseconds": 167394}