{"cam/image_array": "817_cam-image_array_.jpg", "user/angle": 0.48857081820123904, "user/throttle": 0.03793450727866451, "user/mode": "user", "pos/pos_x": 48.07848, "pos/pos_y": 0.5569544, "pos/pos_z": 60.59157, "pos/speed": 16.30121, "pos/cte": -1.611519, "milliseconds": 210075}