{"cam/image_array": "1027_cam-image_array_.jpg", "user/angle": 0.026581621753593555, "user/throttle": 0.034333323160496844, "user/mode": "user", "pos/pos_x": 44.85936, "pos/pos_y": 0.5559134, "pos/pos_z": 66.84652, "pos/speed": 10.19908, "pos/cte": -4.830635, "milliseconds": 279736}