{"cam/image_array": "358_cam-image_array_.jpg", "user/angle": 1.0, "user/throttle": 0.7619861445966979, "user/mode": "user", "pos/pos_x": 59.63783, "pos/pos_y": 0.5564454, "pos/pos_z": -0.5510783, "pos/speed": 11.40889, "pos/cte": 3.288101, "milliseconds": 79831}