{"cam/image_array": "716_cam-image_array_.jpg", "user/angle": 0.06286812952055422, "user/throttle": 1.0, "user/mode": "user", "pos/pos_x": 48.88466, "pos/pos_y": 0.5543146, "pos/pos_z": 34.69189, "pos/speed": 13.8751, "pos/cte": -0.4573922, "milliseconds": 187739}