{"cam/image_array": "151_cam-image_array_.jpg", "user/angle": 0.03137302774132512, "user/throttle": 0.0, "user/mode": "user", "pos/pos_x": 79.38475, "pos/pos_y": 0.5485701, "pos/pos_z": 20.00108, "pos/speed": 12.54688, "pos/cte": -2.949196, "milliseconds": 33836}