{"cam/image_array": "12_cam-image_array_.jpg", "user/angle": 0.02945036164433729, "user/throttle": 1.0, "user/mode": "user", "pos/pos_x": 49.73727, "pos/pos_y": 0.5637361, "pos/pos_z": 51.42584, "pos/speed": 4.168298, "pos/cte": 0.04726791, "milliseconds": 3095}