{"cam/image_array": "805_cam-image_array_.jpg", "user/angle": 0.027558214056825465, "user/throttle": 1.0, "user/mode": "user", "pos/pos_x": 48.69855, "pos/pos_y": 0.554503, "pos/pos_z": 20.02751, "pos/speed": 13.84812, "pos/cte": -0.8842549, "milliseconds": 207421}