{"cam/image_array": "273_cam-image_array_.jpg", "user/angle": 0.40745262001403854, "user/throttle": 1.0, "user/mode": "user", "pos/pos_x": 54.04522, "pos/pos_y": 0.5563018, "pos/pos_z": 2.108664, "pos/speed": 12.53194, "pos/cte": 2.494001, "milliseconds": 60816}