{"cam/image_array": "485_cam-image_array_.jpg", "user/angle": 0.030396435438093204, "user/throttle": 1.0, "user/mode": "user", "pos/pos_x": 77.37127, "pos/pos_y": 0.5548506, "pos/pos_z": 53.72209, "pos/speed": 11.38527, "pos/cte": 1.041389, "milliseconds": 111440}