{"cam/image_array": "172_cam-image_array_.jpg", "user/angle": 0.44083986938077946, "user/throttle": 1.0, "user/mode": "user", "pos/pos_x": 65.83036, "pos/pos_y": 0.5579467, "pos/pos_z": -7.925686, "pos/speed": 9.704289, "pos/cte": -4.140266, "milliseconds": 38479}