{"cam/image_array": "5_cam-image_array_.jpg", "user/angle": 0.032319101535081024, "user/throttle": 1.0, "user/mode": "user", "pos/pos_x": 49.6902, "pos/pos_y": 0.5545025, "pos/pos_z": 47.8876, "pos/speed": 0.401355, "pos/cte": 0.0002059937, "milliseconds": 1547}