{"cam/image_array": "143_cam-image_array_.jpg", "user/angle": 0.3177282021546068, "user/throttle": 1.0, "user/mode": "user", "pos/pos_x": 78.3604, "pos/pos_y": 0.5553452, "pos/pos_z": 41.60537, "pos/speed": 11.90756, "pos/cte": -4.180449, "milliseconds": 32067}