{"cam/image_array": "803_cam-image_array_.jpg", "user/angle": 0.022736289559617907, "user/throttle": 1.0, "user/mode": "user", "pos/pos_x": 48.94259, "pos/pos_y": 0.5586192, "pos/pos_z": 13.30526, "pos/speed": 13.02401, "pos/cte": -0.9336644, "milliseconds": 206979}