{"cam/image_array": "301_cam-image_array_.jpg", "user/angle": 0.03326517532883694, "user/throttle": 1.0, "user/mode": "user", "pos/pos_x": 45.78539, "pos/pos_y": 0.5532348, "pos/pos_z": 73.21012, "pos/speed": 5.539241, "pos/cte": -4.099351, "milliseconds": 67006}