{"cam/image_array": "347_cam-image_array_.jpg", "user/angle": 1.0, "user/throttle": 0.9898373363444929, "user/mode": "user", "pos/pos_x": 81.99947, "pos/pos_y": 0.5524036, "pos/pos_z": -3.976991, "pos/speed": 9.149842, "pos/cte": -0.4093709, "milliseconds": 77397}