{"cam/image_array": "255_cam-image_array_.jpg", "user/angle": 1.0, "user/throttle": 0.6639606921597949, "user/mode": "user", "pos/pos_x": 87.08258, "pos/pos_y": 0.5524912, "pos/pos_z": 1.747171, "pos/speed": 11.04407, "pos/cte": 0.7617745, "milliseconds": 56835}