{"cam/image_array": "865_cam-image_array_.jpg", "user/angle": 1.0, "user/throttle": 0.04269539475692007, "user/mode": "user", "pos/pos_x": 84.65639, "pos/pos_y": 0.5541726, "pos/pos_z": 2.451191, "pos/speed": 9.846833, "pos/cte": 3.28696, "milliseconds": 220688}