{"cam/image_array": "241_cam-image_array_.jpg", "user/angle": 0.09530930509353923, "user/throttle": 1.0, "user/mode": "user", "pos/pos_x": 78.0237, "pos/pos_y": 0.5492598, "pos/pos_z": 28.60735, "pos/speed": 7.657605, "pos/cte": -5.627039, "milliseconds": 53739}