{"cam/image_array": "862_cam-image_array_.jpg", "user/angle": 1.0, "user/throttle": 0.03653065584276864, "user/mode": "user", "pos/pos_x": 83.63078, "pos/pos_y": 0.5572836, "pos/pos_z": 9.214, "pos/speed": 11.34012, "pos/cte": 1.703009, "milliseconds": 220025}