{"cam/image_array": "386_cam-image_array_.jpg", "user/angle": 1.0, "user/throttle": -0.002380443739127781, "user/mode": "user", "pos/pos_x": 47.19266, "pos/pos_y": 0.5524811, "pos/pos_z": 72.45892, "pos/speed": 12.80313, "pos/cte": -2.542513, "milliseconds": 86022}