{"cam/image_array": "17_cam-image_array_.jpg", "user/angle": 0.026581621753593555, "user/throttle": 1.0, "user/mode": "user", "pos/pos_x": 49.98162, "pos/pos_y": 0.5527596, "pos/pos_z": 57.37875, "pos/speed": 6.61414, "pos/cte": 0.2916222, "milliseconds": 4200}