{"cam/image_array": "207_cam-image_array_.jpg", "user/angle": 0.9400616473891416, "user/throttle": 0.4251533555101169, "user/mode": "user", "pos/pos_x": 57.96837, "pos/pos_y": 0.5536578, "pos/pos_z": 78.5612, "pos/speed": 10.23852, "pos/cte": -0.3016215, "milliseconds": 46220}