{"cam/image_array": "766_cam-image_array_.jpg", "user/angle": -0.4641865291299173, "user/throttle": 1.0, "user/mode": "user", "pos/pos_x": 78.00273, "pos/pos_y": 0.5525876, "pos/pos_z": 33.80463, "pos/speed": 11.98208, "pos/cte": -6.119784, "milliseconds": 198796}