{"cam/image_array": "975_cam-image_array_.jpg", "user/angle": 0.06189153721732231, "user/throttle": -1.0, "user/mode": "user", "pos/pos_x": 53.49018, "pos/pos_y": 0.5557539, "pos/pos_z": 1.56166, "pos/speed": 2.165464, "pos/cte": 1.724495, "milliseconds": 267575}