{"cam/image_array": "968_cam-image_array_.jpg", "user/angle": 0.06286812952055422, "user/throttle": -0.014191106906338695, "user/mode": "user", "pos/pos_x": 54.70916, "pos/pos_y": 0.5551633, "pos/pos_z": 1.870683, "pos/speed": 0.4402843, "pos/cte": 2.896335, "milliseconds": 266026}