{"cam/image_array": "340_cam-image_array_.jpg", "user/angle": 0.7949766533402509, "user/throttle": 0.6354258857997376, "user/mode": "user", "pos/pos_x": 86.25266, "pos/pos_y": 0.555626, "pos/pos_z": 9.080528, "pos/speed": 9.854491, "pos/cte": -0.03949849, "milliseconds": 75849}