{"cam/image_array": "702_cam-image_array_.jpg", "user/angle": 0.01892147587511826, "user/throttle": 1.0, "user/mode": "user", "pos/pos_x": 57.90717, "pos/pos_y": 0.5634738, "pos/pos_z": -2.337851, "pos/speed": 11.13315, "pos/cte": 1.157105, "milliseconds": 184643}