{"cam/image_array": "85_cam-image_array_.jpg", "user/angle": 0.04089480269783624, "user/throttle": 1.0, "user/mode": "user", "pos/pos_x": 48.10335, "pos/pos_y": 0.5534804, "pos/pos_z": 10.52628, "pos/speed": 12.07043, "pos/cte": -1.893323, "milliseconds": 19242}