{"cam/image_array": "417_cam-image_array_.jpg", "user/angle": -0.023895992919705802, "user/throttle": 1.0, "user/mode": "user", "pos/pos_x": 77.9843, "pos/pos_y": 0.5559438, "pos/pos_z": 28.30258, "pos/speed": 14.45594, "pos/cte": -5.532762, "milliseconds": 92877}