{"cam/image_array": "705_cam-image_array_.jpg", "user/angle": 0.15259254737998595, "user/throttle": 1.0, "user/mode": "user", "pos/pos_x": 54.85061, "pos/pos_y": 0.5582272, "pos/pos_z": 4.497228, "pos/speed": 12.11373, "pos/cte": 4.330367, "milliseconds": 185307}