{"cam/image_array": "118_cam-image_array_.jpg", "user/angle": 0.021790215765861997, "user/throttle": 1.0, "user/mode": "user", "pos/pos_x": 62.62653, "pos/pos_y": 0.5552917, "pos/pos_z": 85.66061, "pos/speed": 5.918935, "pos/cte": -8.375876, "milliseconds": 26539}