{"cam/image_array": "186_cam-image_array_.jpg", "user/angle": 0.04278695028534806, "user/throttle": 1.0, "user/mode": "user", "pos/pos_x": 48.014, "pos/pos_y": 0.554463, "pos/pos_z": 19.88236, "pos/speed": 13.41474, "pos/cte": -1.574486, "milliseconds": 41575}