{"cam/image_array": "428_cam-image_array_.jpg", "user/angle": 1.0, "user/throttle": 0.06460768456068605, "user/mode": "user", "pos/pos_x": 86.71837, "pos/pos_y": 0.5517249, "pos/pos_z": -5.596286, "pos/speed": 11.90612, "pos/cte": -3.730635, "milliseconds": 95310}