{"cam/image_array": "376_cam-image_array_.jpg", "user/angle": 0.026581621753593555, "user/throttle": 1.0, "user/mode": "user", "pos/pos_x": 44.40559, "pos/pos_y": 0.5549117, "pos/pos_z": 40.57425, "pos/speed": 14.15424, "pos/cte": -4.98762, "milliseconds": 83811}