{"cam/image_array": "423_cam-image_array_.jpg", "user/angle": 1.0, "user/throttle": -0.01239051484725486, "user/mode": "user", "pos/pos_x": 83.60551, "pos/pos_y": 0.5577832, "pos/pos_z": 9.389039, "pos/speed": 15.40971, "pos/cte": 1.595874, "milliseconds": 94204}