{"cam/image_array": "966_cam-image_array_.jpg", "user/angle": 0.044709616382335886, "user/throttle": -0.014191106906338695, "user/mode": "user", "pos/pos_x": 54.92313, "pos/pos_y": 0.5548777, "pos/pos_z": 1.924017, "pos/speed": 0.4215846, "pos/cte": 3.141384, "milliseconds": 265584}