{"cam/image_array": "588_cam-image_array_.jpg", "user/angle": -0.7232276375621814, "user/throttle": 0.315256202887051, "user/mode": "user", "pos/pos_x": 76.88966, "pos/pos_y": 0.5505118, "pos/pos_z": 38.20681, "pos/speed": 12.43516, "pos/cte": -4.149738, "milliseconds": 157669}