{"cam/image_array": "513_cam-image_array_.jpg", "user/angle": 0.01892147587511826, "user/throttle": 1.0, "user/mode": "user", "pos/pos_x": 94.55734, "pos/pos_y": 0.5534714, "pos/pos_z": 1.97514, "pos/speed": 6.412046, "pos/cte": -6.417817, "milliseconds": 141085}