{"cam/image_array": "84_cam-image_array_.jpg", "user/angle": 0.7119357890560625, "user/throttle": 1.0, "user/mode": "user", "pos/pos_x": 49.00401, "pos/pos_y": 0.5519869, "pos/pos_z": 8.267296, "pos/speed": 12.18918, "pos/cte": -1.09205, "milliseconds": 19020}