{"cam/image_array": "719_cam-image_array_.jpg", "user/angle": 0.21890926847132786, "user/throttle": 1.0, "user/mode": "user", "pos/pos_x": 45.00607, "pos/pos_y": 0.5553218, "pos/pos_z": 43.98162, "pos/speed": 14.85728, "pos/cte": -4.416898, "milliseconds": 188402}