{"cam/image_array": "354_cam-image_array_.jpg", "user/angle": -0.03732413708914457, "user/throttle": 0.9446394238105411, "user/mode": "user", "pos/pos_x": 68.70092, "pos/pos_y": 0.5575653, "pos/pos_z": -4.007514, "pos/speed": 10.10844, "pos/cte": -0.2472932, "milliseconds": 78946}