{"cam/image_array": "707_cam-image_array_.jpg", "user/angle": 0.06381420331431013, "user/throttle": 1.0, "user/mode": "user", "pos/pos_x": 53.06902, "pos/pos_y": 0.5518104, "pos/pos_z": 10.41352, "pos/speed": 12.50824, "pos/cte": 3.062703, "milliseconds": 185749}