{"cam/image_array": "639_cam-image_array_.jpg", "user/angle": 0.6995452742088076, "user/throttle": 0.007995849482711264, "user/mode": "user", "pos/pos_x": 47.37122, "pos/pos_y": 0.5498125, "pos/pos_z": 56.12347, "pos/speed": 15.14369, "pos/cte": -2.318775, "milliseconds": 170711}