{"cam/image_array": "814_cam-image_array_.jpg", "user/angle": 0.09625537888729514, "user/throttle": 0.040803247169408245, "user/mode": "user", "pos/pos_x": 48.32762, "pos/pos_y": 0.5567166, "pos/pos_z": 49.10772, "pos/speed": 16.0837, "pos/cte": -1.362381, "milliseconds": 209411}