{"cam/image_array": "527_cam-image_array_.jpg", "user/angle": 0.027558214056825465, "user/throttle": 1.0, "user/mode": "user", "pos/pos_x": 78.81744, "pos/pos_y": 0.5541294, "pos/pos_z": -11.32394, "pos/speed": 9.331076, "pos/cte": -7.651719, "milliseconds": 144180}