{"cam/image_array": "836_cam-image_array_.jpg", "user/angle": 0.021790215765861997, "user/throttle": 1.0, "user/mode": "user", "pos/pos_x": 71.36678, "pos/pos_y": 0.5572553, "pos/pos_z": 74.62392, "pos/speed": 8.021669, "pos/cte": -5.93396, "milliseconds": 214276}