{"cam/image_array": "427_cam-image_array_.jpg", "user/angle": 1.0, "user/throttle": -0.01239051484725486, "user/mode": "user", "pos/pos_x": 86.72475, "pos/pos_y": 0.5513202, "pos/pos_z": -3.112174, "pos/speed": 12.83132, "pos/cte": -1.721965, "milliseconds": 95089}