{"cam/image_array": "364_cam-image_array_.jpg", "user/angle": 0.023712881862849818, "user/throttle": 1.0, "user/mode": "user", "pos/pos_x": 47.60104, "pos/pos_y": 0.5532516, "pos/pos_z": 8.245358, "pos/speed": 10.9577, "pos/cte": -2.494649, "milliseconds": 81157}