{"cam/image_array": "544_cam-image_array_.jpg", "user/angle": 0.26902066103091526, "user/throttle": 1.0, "user/mode": "user", "pos/pos_x": 47.51488, "pos/pos_y": 0.553585, "pos/pos_z": 17.42486, "pos/speed": 13.60341, "pos/cte": -2.180323, "milliseconds": 147939}