{"cam/image_array": "879_cam-image_array_.jpg", "user/angle": 0.33774834437086093, "user/throttle": 1.0, "user/mode": "user", "pos/pos_x": 62.72549, "pos/pos_y": 0.5569767, "pos/pos_z": -2.259641, "pos/speed": 10.62364, "pos/cte": 1.552659, "milliseconds": 223784}