{"cam/image_array": "1004_cam-image_array_.jpg", "user/angle": 0.3568529313028352, "user/throttle": 1.0, "user/mode": "user", "pos/pos_x": 49.48543, "pos/pos_y": 0.5515788, "pos/pos_z": 14.41532, "pos/speed": 8.268243, "pos/cte": -0.3429182, "milliseconds": 274651}