{"cam/image_array": "57_cam-image_array_.jpg", "user/angle": 1.0, "user/throttle": 0.031769768364513076, "user/mode": "user", "pos/pos_x": 81.55164, "pos/pos_y": 0.5494707, "pos/pos_z": 21.97174, "pos/speed": 14.21141, "pos/cte": -5.857655, "milliseconds": 13045}