{"cam/image_array": "308_cam-image_array_.jpg", "user/angle": 0.8484450819421979, "user/throttle": 1.0, "user/mode": "user", "pos/pos_x": 56.55717, "pos/pos_y": 0.5553653, "pos/pos_z": 74.95825, "pos/speed": 8.622544, "pos/cte": 3.330572, "milliseconds": 68554}