{"cam/image_array": "809_cam-image_array_.jpg", "user/angle": -0.004699850459303568, "user/throttle": 1.0, "user/mode": "user", "pos/pos_x": 48.62537, "pos/pos_y": 0.5552144, "pos/pos_z": 31.47122, "pos/speed": 14.85046, "pos/cte": -0.6885633, "milliseconds": 208306}