{"cam/image_array": "1028_cam-image_array_.jpg", "user/angle": 0.026581621753593555, "user/throttle": 0.034333323160496844, "user/mode": "user", "pos/pos_x": 45.20945, "pos/pos_y": 0.5572903, "pos/pos_z": 68.81922, "pos/speed": 9.996138, "pos/cte": -4.480549, "milliseconds": 279957}