{"cam/image_array": "898_cam-image_array_.jpg", "user/angle": 0.06286812952055422, "user/throttle": 1.0, "user/mode": "user", "pos/pos_x": 42.395, "pos/pos_y": 0.5564817, "pos/pos_z": 43.73932, "pos/speed": 15.22145, "pos/cte": -7.025756, "milliseconds": 227986}