{"cam/image_array": "933_cam-image_array_.jpg", "user/angle": -0.2349314859462264, "user/throttle": 1.0, "user/mode": "user", "pos/pos_x": 78.16322, "pos/pos_y": 0.5559162, "pos/pos_z": 47.22905, "pos/speed": 11.46516, "pos/cte": -1.239589, "milliseconds": 235730}