{"cam/image_array": "412_cam-image_array_.jpg", "user/angle": -0.22052674947355572, "user/throttle": 1.0, "user/mode": "user", "pos/pos_x": 76.85661, "pos/pos_y": 0.5583513, "pos/pos_z": 43.46351, "pos/speed": 13.33694, "pos/cte": -1.956623, "milliseconds": 91771}