{"cam/image_array": "1030_cam-image_array_.jpg", "user/angle": 0.026581621753593555, "user/throttle": 0.034333323160496844, "user/mode": "user", "pos/pos_x": 46.01571, "pos/pos_y": 0.5553364, "pos/pos_z": 73.01315, "pos/speed": 9.509489, "pos/cte": -3.67429, "milliseconds": 280400}