{"cam/image_array": "472_cam-image_array_.jpg", "user/angle": -0.15051728873561815, "user/throttle": 1.0, "user/mode": "user", "pos/pos_x": 67.99718, "pos/pos_y": 0.5587381, "pos/pos_z": 78.29316, "pos/speed": 6.872642, "pos/cte": -5.754681, "milliseconds": 108565}