{"cam/image_array": "129_cam-image_array_.jpg", "user/angle": 0.858912930692465, "user/throttle": 1.0, "user/mode": "user", "pos/pos_x": 71.84553, "pos/pos_y": 0.5590241, "pos/pos_z": 71.21743, "pos/speed": 9.137463, "pos/cte": -4.085666, "milliseconds": 28971}