{"cam/image_array": "282_cam-image_array_.jpg", "user/angle": -0.1543321024201178, "user/throttle": 1.0, "user/mode": "user", "pos/pos_x": 46.89828, "pos/pos_y": 0.5517924, "pos/pos_z": 26.2044, "pos/speed": 13.96598, "pos/cte": -2.413373, "milliseconds": 62805}