{"cam/image_array": "800_cam-image_array_.jpg", "user/angle": 0.02465895565660573, "user/throttle": 1.0, "user/mode": "user", "pos/pos_x": 49.40293, "pos/pos_y": 0.5584019, "pos/pos_z": 5.711593, "pos/speed": 12.176, "pos/cte": -0.8049895, "milliseconds": 206316}