{"cam/image_array": "439_cam-image_array_.jpg", "user/angle": 0.0017700735496078372, "user/throttle": 1.0, "user/mode": "user", "pos/pos_x": 69.86061, "pos/pos_y": 0.5535815, "pos/pos_z": -17.56634, "pos/speed": 9.783387, "pos/cte": -13.81573, "milliseconds": 97743}