{"cam/image_array": "536_cam-image_array_.jpg", "user/angle": 0.7864009521774956, "user/throttle": 1.0, "user/mode": "user", "pos/pos_x": 59.02957, "pos/pos_y": 0.5549394, "pos/pos_z": -0.58118, "pos/speed": 12.62987, "pos/cte": 3.088901, "milliseconds": 146171}