{"cam/image_array": "177_cam-image_array_.jpg", "user/angle": 0.057130649739066744, "user/throttle": 1.0, "user/mode": "user", "pos/pos_x": 56.40551, "pos/pos_y": 0.5511675, "pos/pos_z": -2.401511, "pos/speed": 10.7163, "pos/cte": 0.52722, "milliseconds": 39585}