{"cam/image_array": "1021_cam-image_array_.jpg", "user/angle": 0.02563554795983764, "user/throttle": 0.033204138309884945, "user/mode": "user", "pos/pos_x": 42.97701, "pos/pos_y": 0.5607502, "pos/pos_z": 52.99068, "pos/speed": 11.34302, "pos/cte": -6.71299, "milliseconds": 278409}