{"cam/image_array": "74_cam-image_array_.jpg", "user/angle": 0.017975402081362345, "user/throttle": 1.0, "user/mode": "user", "pos/pos_x": 70.17485, "pos/pos_y": 0.5496917, "pos/pos_z": -4.464113, "pos/speed": 10.26289, "pos/cte": -0.716737, "milliseconds": 16804}