{"cam/image_array": "604_cam-image_array_.jpg", "user/angle": 0.03897213660084842, "user/throttle": 1.0, "user/mode": "user", "pos/pos_x": 76.77103, "pos/pos_y": 0.5534496, "pos/pos_z": -2.312603, "pos/speed": 6.683969, "pos/cte": 1.377129, "milliseconds": 162970}