{"cam/image_array": "655_cam-image_array_.jpg", "user/angle": 0.08001953184606464, "user/throttle": 1.0, "user/mode": "user", "pos/pos_x": 67.18067, "pos/pos_y": 0.5534036, "pos/pos_z": 77.84449, "pos/speed": 9.659555, "pos/cte": -4.842412, "milliseconds": 174249}