{"cam/image_array": "92_cam-image_array_.jpg", "user/angle": -0.03442487868892483, "user/throttle": 1.0, "user/mode": "user", "pos/pos_x": 49.55474, "pos/pos_y": 0.5572062, "pos/pos_z": 31.34294, "pos/speed": 13.6877, "pos/cte": 0.2418915, "milliseconds": 20790}