{"cam/image_array": "659_cam-image_array_.jpg", "user/angle": -0.01794488357188635, "user/throttle": 1.0, "user/mode": "user", "pos/pos_x": 71.36971, "pos/pos_y": 0.5614709, "pos/pos_z": 71.20172, "pos/speed": 10.42242, "pos/cte": -3.713651, "milliseconds": 175134}