{"cam/image_array": "471_cam-image_array_.jpg", "user/angle": -0.03442487868892483, "user/throttle": 1.0, "user/mode": "user", "pos/pos_x": 67.38118, "pos/pos_y": 0.5527663, "pos/pos_z": 80.17351, "pos/speed": 6.223738, "pos/cte": -6.507455, "milliseconds": 108344}