{"cam/image_array": "729_cam-image_array_.jpg", "user/angle": 1.0, "user/throttle": 0.028901028473769342, "user/mode": "user", "pos/pos_x": 50.06386, "pos/pos_y": 0.5506318, "pos/pos_z": 75.23386, "pos/speed": 14.74812, "pos/cte": -0.8363767, "milliseconds": 190613}