{"cam/image_array": "15_cam-image_array_.jpg", "user/angle": 0.027039399395733514, "user/throttle": 1.0, "user/mode": "user", "pos/pos_x": 49.83001, "pos/pos_y": 0.5576475, "pos/pos_z": 54.34471, "pos/speed": 5.462493, "pos/cte": 0.140007, "milliseconds": 3758}