{"cam/image_array": "737_cam-image_array_.jpg", "user/angle": 0.6288644062623981, "user/throttle": 0.02749717703787347, "user/mode": "user", "pos/pos_x": 67.2802, "pos/pos_y": 0.5528408, "pos/pos_z": 85.90328, "pos/speed": 9.853326, "pos/cte": -10.77642, "milliseconds": 192383}