{"cam/image_array": "176_cam-image_array_.jpg", "user/angle": 0.42365794854579303, "user/throttle": 1.0, "user/mode": "user", "pos/pos_x": 57.84048, "pos/pos_y": 0.5531187, "pos/pos_z": -3.960663, "pos/speed": 10.50461, "pos/cte": -0.4506865, "milliseconds": 39364}