{"cam/image_array": "414_cam-image_array_.jpg", "user/angle": -0.05456709494308298, "user/throttle": 1.0, "user/mode": "user", "pos/pos_x": 76.61549, "pos/pos_y": 0.556829, "pos/pos_z": 38.0536, "pos/speed": 13.7745, "pos/cte": -3.942441, "milliseconds": 92214}