{"cam/image_array": "699_cam-image_array_.jpg", "user/angle": 0.01892147587511826, "user/throttle": 1.0, "user/mode": "user", "pos/pos_x": 61.48535, "pos/pos_y": 0.5539265, "pos/pos_z": -8.884252, "pos/speed": 10.45493, "pos/cte": -5.060878, "milliseconds": 183980}