{"cam/image_array": "1017_cam-image_array_.jpg", "user/angle": 0.02465895565660573, "user/throttle": 0.06079287087618641, "user/mode": "user", "pos/pos_x": 43.62595, "pos/pos_y": 0.5553553, "pos/pos_z": 42.35934, "pos/speed": 12.14042, "pos/cte": -5.782808, "milliseconds": 277524}