{"cam/image_array": "534_cam-image_array_.jpg", "user/angle": 0.5534836878566851, "user/throttle": 1.0, "user/mode": "user", "pos/pos_x": 64.2925, "pos/pos_y": 0.5556839, "pos/pos_z": -3.719611, "pos/speed": 11.8033, "pos/cte": 0.07906923, "milliseconds": 145728}