{"cam/image_array": "55_cam-image_array_.jpg", "user/angle": -0.0037232581560716575, "user/throttle": 0.028443250831629383, "user/mode": "user", "pos/pos_x": 79.79505, "pos/pos_y": 0.5573409, "pos/pos_z": 27.50227, "pos/speed": 14.82639, "pos/cte": -7.020479, "milliseconds": 12602}