{"cam/image_array": "1007_cam-image_array_.jpg", "user/angle": -0.7155369731742302, "user/throttle": 1.0, "user/mode": "user", "pos/pos_x": 48.65895, "pos/pos_y": 0.5536256, "pos/pos_z": 19.45762, "pos/speed": 9.027636, "pos/cte": -0.9486715, "milliseconds": 275314}