{"cam/image_array": "859_cam-image_array_.jpg", "user/angle": 0.08212530899990844, "user/throttle": 0.033204138309884945, "user/mode": "user", "pos/pos_x": 80.63432, "pos/pos_y": 0.5598968, "pos/pos_z": 16.9442, "pos/speed": 12.37879, "pos/cte": -1.710307, "milliseconds": 219362}