{"cam/image_array": "305_cam-image_array_.jpg", "user/angle": 0.03518784142582476, "user/throttle": 1.0, "user/mode": "user", "pos/pos_x": 50.79638, "pos/pos_y": 0.5554999, "pos/pos_z": 74.09889, "pos/speed": 7.138669, "pos/cte": 0.3760668, "milliseconds": 67891}