{"cam/image_array": "819_cam-image_array_.jpg", "user/angle": 1.0, "user/throttle": 0.03888058107242042, "user/mode": "user", "pos/pos_x": 48.61628, "pos/pos_y": 0.5504138, "pos/pos_z": 66.79285, "pos/speed": 14.92762, "pos/cte": -1.073723, "milliseconds": 210517}