{"cam/image_array": "825_cam-image_array_.jpg", "user/angle": 1.0, "user/throttle": 0.041261024811548204, "user/mode": "user", "pos/pos_x": 56.53473, "pos/pos_y": 0.5532385, "pos/pos_z": 80.43626, "pos/speed": 10.34142, "pos/cte": -2.099079, "milliseconds": 211844}