{"cam/image_array": "404_cam-image_array_.jpg", "user/angle": 0.6040528580584125, "user/throttle": 1.0, "user/mode": "user", "pos/pos_x": 76.90048, "pos/pos_y": 0.5593419, "pos/pos_z": 64.48517, "pos/speed": 11.88312, "pos/cte": -3.55723, "milliseconds": 90002}