{"cam/image_array": "880_cam-image_array_.jpg", "user/angle": 0.6597491378521073, "user/throttle": 1.0, "user/mode": "user", "pos/pos_x": 60.73893, "pos/pos_y": 0.5564027, "pos/pos_z": -1.393131, "pos/speed": 10.97, "pos/cte": 2.436471, "milliseconds": 224005}