{"cam/image_array": "454_cam-image_array_.jpg", "user/angle": 0.05807672353282266, "user/throttle": 1.0, "user/mode": "user", "pos/pos_x": 49.69582, "pos/pos_y": 0.5604962, "pos/pos_z": 12.22764, "pos/speed": 12.99555, "pos/cte": -0.2281514, "milliseconds": 101061}