{"cam/image_array": "331_cam-image_array_.jpg", "user/angle": -0.03347880489516892, "user/throttle": 0.47370830408642844, "user/mode": "user", "pos/pos_x": 78.51262, "pos/pos_y": 0.5503418, "pos/pos_z": 32.37278, "pos/speed": 11.5589, "pos/cte": -6.656908, "milliseconds": 73639}