{"cam/image_array": "61_cam-image_array_.jpg", "user/angle": 1.0, "user/throttle": 0.028901028473769342, "user/mode": "user", "pos/pos_x": 86.51273, "pos/pos_y": 0.5514086, "pos/pos_z": 11.2428, "pos/speed": 11.92781, "pos/cte": -1.764024, "milliseconds": 13929}