{"cam/image_array": "196_cam-image_array_.jpg", "user/angle": 0.39979247413556324, "user/throttle": 0.03509628589739677, "user/mode": "user", "pos/pos_x": 42.69181, "pos/pos_y": 0.5594737, "pos/pos_z": 51.87187, "pos/speed": 16.01964, "pos/cte": -6.998192, "milliseconds": 43788}