{"cam/image_array": "63_cam-image_array_.jpg", "user/angle": 1.0, "user/throttle": 0.9684133426923429, "user/mode": "user", "pos/pos_x": 86.9847, "pos/pos_y": 0.5536619, "pos/pos_z": 6.821507, "pos/speed": 10.61603, "pos/cte": 0.6238711, "milliseconds": 14372}