{"cam/image_array": "287_cam-image_array_.jpg", "user/angle": -0.02099673451948607, "user/throttle": -0.0028992584002197333, "user/mode": "user", "pos/pos_x": 47.61998, "pos/pos_y": 0.5496245, "pos/pos_z": 42.16076, "pos/speed": 14.61043, "pos/cte": -1.787201, "milliseconds": 63911}