{"cam/image_array": "8_cam-image_array_.jpg", "user/angle": 0.02850428785058138, "user/throttle": 1.0, "user/mode": "user", "pos/pos_x": 49.69418, "pos/pos_y": 0.5605642, "pos/pos_z": 48.6206, "pos/speed": 1.97564, "pos/cte": 0.004180908, "milliseconds": 2211}