{"cam/image_array": "211_cam-image_array_.jpg", "user/angle": 0.7959227271340068, "user/throttle": 1.0, "user/mode": "user", "pos/pos_x": 66.07322, "pos/pos_y": 0.5535383, "pos/pos_z": 77.48077, "pos/speed": 8.790821, "pos/cte": -3.764084, "milliseconds": 47104}