{"cam/image_array": "907_cam-image_array_.jpg", "user/angle": 1.0, "user/throttle": 0.03164769432660909, "user/mode": "user", "pos/pos_x": 47.62184, "pos/pos_y": 0.553828, "pos/pos_z": 73.90612, "pos/speed": 12.83401, "pos/cte": -2.515691, "milliseconds": 229981}