{"cam/image_array": "917_cam-image_array_.jpg", "user/angle": 0.024170659504989776, "user/throttle": 1.0, "user/mode": "user", "pos/pos_x": 65.73222, "pos/pos_y": 0.5538795, "pos/pos_z": 79.41611, "pos/speed": 7.820389, "pos/cte": -4.761687, "milliseconds": 232192}