{"cam/image_array": "1015_cam-image_array_.jpg", "user/angle": 0.6594134342478714, "user/throttle": 1.0, "user/mode": "user", "pos/pos_x": 45.20026, "pos/pos_y": 0.5550428, "pos/pos_z": 37.87299, "pos/speed": 11.54008, "pos/cte": -4.169409, "milliseconds": 277082}