{"cam/image_array": "735_cam-image_array_.jpg", "user/angle": 0.024170659504989776, "user/throttle": 0.029389324625385297, "user/mode": "user", "pos/pos_x": 63.15457, "pos/pos_y": 0.5533353, "pos/pos_z": 85.40292, "pos/speed": 11.02607, "pos/cte": -8.299057, "milliseconds": 191940}