{"cam/image_array": "58_cam-image_array_.jpg", "user/angle": 1.0, "user/throttle": 0.03225806451612903, "user/mode": "user", "pos/pos_x": 82.76711, "pos/pos_y": 0.5486509, "pos/pos_z": 19.46541, "pos/speed": 13.85021, "pos/cte": -5.003461, "milliseconds": 13266}