{"cam/image_array": "904_cam-image_array_.jpg", "user/angle": 1.0, "user/throttle": 0.03033539841914121, "user/mode": "user", "pos/pos_x": 43.93452, "pos/pos_y": 0.5495791, "pos/pos_z": 64.81718, "pos/speed": 15.41108, "pos/cte": -5.755478, "milliseconds": 229317}