{"cam/image_array": "889_cam-image_array_.jpg", "user/angle": 0.4141361735892819, "user/throttle": 1.0, "user/mode": "user", "pos/pos_x": 46.3503, "pos/pos_y": 0.5534685, "pos/pos_z": 17.2809, "pos/speed": 12.95327, "pos/cte": -3.350076, "milliseconds": 225996}