{"cam/image_array": "401_cam-image_array_.jpg", "user/angle": 0.12775048066652425, "user/throttle": 1.0, "user/mode": "user", "pos/pos_x": 73.10495, "pos/pos_y": 0.5601831, "pos/pos_z": 71.54407, "pos/speed": 10.89857, "pos/cte": -5.255472, "milliseconds": 89339}