{"cam/image_array": "97_cam-image_array_.jpg", "user/angle": -0.4636982329783013, "user/throttle": 1.0, "user/mode": "user", "pos/pos_x": 52.68293, "pos/pos_y": 0.5515417, "pos/pos_z": 46.88066, "pos/speed": 14.92674, "pos/cte": 3.23437, "milliseconds": 21895}