{"cam/image_array": "490_cam-image_array_.jpg", "user/angle": -0.228217413861507, "user/throttle": 1.0, "user/mode": "user", "pos/pos_x": 76.60122, "pos/pos_y": 0.5502502, "pos/pos_z": 39.99852, "pos/speed": 12.57851, "pos/cte": -3.285518, "milliseconds": 112546}