{"cam/image_array": "53_cam-image_array_.jpg", "user/angle": -0.6167180394909513, "user/throttle": 0.8504593035676138, "user/mode": "user", "pos/pos_x": 79.05025, "pos/pos_y": 0.5542187, "pos/pos_z": 33.33061, "pos/speed": 14.53852, "pos/cte": -7.117731, "milliseconds": 12160}