{"cam/image_array": "4_cam-image_array_.jpg", "user/angle": 0.032319101535081024, "user/throttle": 1.0, "user/mode": "user", "pos/pos_x": 49.69007, "pos/pos_y": 0.5546727, "pos/pos_z": 47.84536, "pos/speed": 0.05137769, "pos/cte": 7.629395e-05, "milliseconds": 1326}