{"cam/image_array": "459_cam-image_array_.jpg", "user/angle": -0.24835963011566514, "user/throttle": 1.0, "user/mode": "user", "pos/pos_x": 50.05348, "pos/pos_y": 0.553523, "pos/pos_z": 27.33553, "pos/speed": 14.45063, "pos/cte": 0.7881563, "milliseconds": 102166}