{"cam/image_array": "372_cam-image_array_.jpg", "user/angle": 0.027558214056825465, "user/throttle": 1.0, "user/mode": "user", "pos/pos_x": 44.76022, "pos/pos_y": 0.5551217, "pos/pos_z": 29.14032, "pos/speed": 13.03537, "pos/cte": -4.533227, "milliseconds": 82927}