{"cam/image_array": "725_cam-image_array_.jpg", "user/angle": 0.05951109347819453, "user/throttle": 1.0, "user/mode": "user", "pos/pos_x": 44.72155, "pos/pos_y": 0.5551249, "pos/pos_z": 63.05724, "pos/speed": 14.35377, "pos/cte": -4.968445, "milliseconds": 189729}