{"cam/image_array": "149_cam-image_array_.jpg", "user/angle": -1.0, "user/throttle": 0.9512924588763085, "user/mode": "user", "pos/pos_x": 78.92177, "pos/pos_y": 0.5524275, "pos/pos_z": 25.06233, "pos/speed": 12.88379, "pos/cte": -5.250948, "milliseconds": 33394}