{"cam/image_array": "317_cam-image_array_.jpg", "user/angle": 0.09244056520279549, "user/throttle": 1.0, "user/mode": "user", "pos/pos_x": 70.86166, "pos/pos_y": 0.5561581, "pos/pos_z": 66.53349, "pos/speed": 10.53713, "pos/cte": -0.2955512, "milliseconds": 70543}