{"cam/image_array": "632_cam-image_array_.jpg", "user/angle": -0.02868739890743736, "user/throttle": 1.0, "user/mode": "user", "pos/pos_x": 48.32395, "pos/pos_y": 0.555543, "pos/pos_z": 34.73786, "pos/speed": 13.3283, "pos/cte": -1.018483, "milliseconds": 169163}