{"cam/image_array": "269_cam-image_array_.jpg", "user/angle": 0.026581621753593555, "user/throttle": 1.0, "user/mode": "user", "pos/pos_x": 61.28946, "pos/pos_y": 0.5594948, "pos/pos_z": -4.09568, "pos/speed": 11.3437, "pos/cte": -0.2707792, "milliseconds": 59931}