{"cam/image_array": "834_cam-image_array_.jpg", "user/angle": 0.023712881862849818, "user/throttle": 1.0, "user/mode": "user", "pos/pos_x": 70.48412, "pos/pos_y": 0.5554582, "pos/pos_z": 77.5909, "pos/speed": 7.376435, "pos/cte": -7.189685, "milliseconds": 213834}