{"cam/image_array": "554_cam-image_array_.jpg", "user/angle": 1.0, "user/throttle": 0.0370189519943846, "user/mode": "user", "pos/pos_x": 44.78807, "pos/pos_y": 0.5616265, "pos/pos_z": 50.3035, "pos/speed": 15.59678, "pos/cte": -4.901928, "milliseconds": 150151}