{"cam/image_array": "265_cam-image_array_.jpg", "user/angle": 0.01654103213599048, "user/throttle": 1.0, "user/mode": "user", "pos/pos_x": 70.42535, "pos/pos_y": 0.5520424, "pos/pos_z": -9.471676, "pos/speed": 10.61824, "pos/cte": -5.726295, "milliseconds": 59047}