{"cam/image_array": "674_cam-image_array_.jpg", "user/angle": -0.02673421430097354, "user/throttle": 1.0, "user/mode": "user", "pos/pos_x": 77.99478, "pos/pos_y": 0.5574057, "pos/pos_z": 30.83813, "pos/speed": 13.70294, "pos/cte": -5.961727, "milliseconds": 178452}