{"cam/image_array": "1019_cam-image_array_.jpg", "user/angle": 0.022736289559617907, "user/throttle": 0.033204138309884945, "user/mode": "user", "pos/pos_x": 42.7331, "pos/pos_y": 0.5526342, "pos/pos_z": 47.13914, "pos/speed": 12.16612, "pos/cte": -6.717328, "milliseconds": 277967}