{"cam/image_array": "410_cam-image_array_.jpg", "user/angle": -0.21765800958281198, "user/throttle": 1.0, "user/mode": "user", "pos/pos_x": 77.52736, "pos/pos_y": 0.5512266, "pos/pos_z": 49.15108, "pos/speed": 12.72585, "pos/cte": 0.1186075, "milliseconds": 91329}