{"cam/image_array": "48_cam-image_array_.jpg", "user/angle": 0.01608325449385052, "user/throttle": 1.0, "user/mode": "user", "pos/pos_x": 78.21264, "pos/pos_y": 0.5557384, "pos/pos_z": 49.27814, "pos/speed": 12.97954, "pos/cte": -0.4849529, "milliseconds": 11055}