{"cam/image_array": "581_cam-image_array_.jpg", "user/angle": 0.4246040223395489, "user/throttle": 1.0, "user/mode": "user", "pos/pos_x": 78.79807, "pos/pos_y": 0.5584819, "pos/pos_z": 58.0213, "pos/speed": 12.68505, "pos/cte": -1.420002, "milliseconds": 156121}