{"cam/image_array": "944_cam-image_array_.jpg", "user/angle": 0.40168462172307506, "user/throttle": 0.02749717703787347, "user/mode": "user", "pos/pos_x": 82.22378, "pos/pos_y": 0.556569, "pos/pos_z": 15.58005, "pos/speed": 13.99126, "pos/cte": -1.851394, "milliseconds": 238163}