{"cam/image_array": "452_cam-image_array_.jpg", "user/angle": 0.060945463423566396, "user/throttle": 1.0, "user/mode": "user", "pos/pos_x": 50.05441, "pos/pos_y": 0.5534811, "pos/pos_z": 7.14691, "pos/speed": 12.53535, "pos/cte": -0.09152827, "milliseconds": 100618}