{"cam/image_array": "96_cam-image_array_.jpg", "user/angle": -0.4641865291299173, "user/throttle": 1.0, "user/mode": "user", "pos/pos_x": 51.99886, "pos/pos_y": 0.5556151, "pos/pos_z": 42.47815, "pos/speed": 14.67647, "pos/cte": 2.58875, "milliseconds": 21674}