{"cam/image_array": "385_cam-image_array_.jpg", "user/angle": 1.0, "user/throttle": -0.007354960783715323, "user/mode": "user", "pos/pos_x": 46.29557, "pos/pos_y": 0.5515569, "pos/pos_z": 69.97726, "pos/speed": 13.51193, "pos/cte": -3.394424, "milliseconds": 85801}