{"cam/image_array": "266_cam-image_array_.jpg", "user/angle": 0.01989806817835017, "user/throttle": 1.0, "user/mode": "user", "pos/pos_x": 67.42059, "pos/pos_y": 0.5536487, "pos/pos_z": -8.491009, "pos/speed": 10.49794, "pos/cte": -4.719445, "milliseconds": 59268}