{"cam/image_array": "440_cam-image_array_.jpg", "user/angle": 0.004638813440351573, "user/throttle": 1.0, "user/mode": "user", "pos/pos_x": 68.12984, "pos/pos_y": 0.5528995, "pos/pos_z": -16.64733, "pos/speed": 9.860428, "pos/cte": -12.88164, "milliseconds": 97964}