{"cam/image_array": "890_cam-image_array_.jpg", "user/angle": 0.06381420331431013, "user/throttle": 1.0, "user/mode": "user", "pos/pos_x": 45.48311, "pos/pos_y": 0.5562096, "pos/pos_z": 19.77301, "pos/speed": 13.23068, "pos/cte": -4.10773, "milliseconds": 226217}