{"cam/image_array": "680_cam-image_array_.jpg", "user/angle": 1.0, "user/throttle": 0.03888058107242042, "user/mode": "user", "pos/pos_x": 83.45569, "pos/pos_y": 0.5557119, "pos/pos_z": 12.83922, "pos/speed": 14.56422, "pos/cte": -0.7599577, "milliseconds": 179778}