{"cam/image_array": "62_cam-image_array_.jpg", "user/angle": 1.0, "user/throttle": 0.0674459059419538, "user/mode": "user", "pos/pos_x": 86.90174, "pos/pos_y": 0.5518695, "pos/pos_z": 8.982827, "pos/speed": 11.19488, "pos/cte": -0.4247586, "milliseconds": 14150}