{"cam/image_array": "884_cam-image_array_.jpg", "user/angle": 0.06286812952055422, "user/throttle": 1.0, "user/mode": "user", "pos/pos_x": 51.98389, "pos/pos_y": 0.5533208, "pos/pos_z": 5.027847, "pos/speed": 11.67224, "pos/cte": 1.682859, "milliseconds": 224890}