{"cam/image_array": "300_cam-image_array_.jpg", "user/angle": 0.032319101535081024, "user/throttle": 1.0, "user/mode": "user", "pos/pos_x": 44.29336, "pos/pos_y": 0.5510299, "pos/pos_z": 72.76521, "pos/speed": 5.112444, "pos/cte": -5.396641, "milliseconds": 66785}