{"cam/image_array": "289_cam-image_array_.jpg", "user/angle": 0.8150273140659811, "user/throttle": -0.002380443739127781, "user/mode": "user", "pos/pos_x": 45.8054, "pos/pos_y": 0.5520221, "pos/pos_z": 48.66821, "pos/speed": 14.88311, "pos/cte": -3.884594, "milliseconds": 64353}