{"cam/image_array": "192_cam-image_array_.jpg", "user/angle": 0.053285317545091096, "user/throttle": 1.0, "user/mode": "user", "pos/pos_x": 43.94064, "pos/pos_y": 0.5553094, "pos/pos_z": 39.46418, "pos/speed": 15.17075, "pos/cte": -5.442867, "milliseconds": 42903}