{"cam/image_array": "341_cam-image_array_.jpg", "user/angle": 0.8026062807092501, "user/throttle": 0.6002380443739128, "user/mode": "user", "pos/pos_x": 86.50459, "pos/pos_y": 0.5555949, "pos/pos_z": 7.106307, "pos/speed": 9.92515, "pos/cte": 0.8929949, "milliseconds": 76071}