{"cam/image_array": "797_cam-image_array_.jpg", "user/angle": 0.024170659504989776, "user/throttle": 1.0, "user/mode": "user", "pos/pos_x": 50.49347, "pos/pos_y": 0.5532527, "pos/pos_z": -2.434421, "pos/speed": 11.46401, "pos/cte": -3.069287, "milliseconds": 205653}