{"cam/image_array": "400_cam-image_array_.jpg", "user/angle": 0.006530961027863399, "user/throttle": 1.0, "user/mode": "user", "pos/pos_x": 72.05779, "pos/pos_y": 0.5556998, "pos/pos_z": 73.42308, "pos/speed": 10.57997, "pos/cte": -5.679529, "milliseconds": 89118}