{"cam/image_array": "132_cam-image_array_.jpg", "user/angle": 0.597369304483169, "user/throttle": 1.0, "user/mode": "user", "pos/pos_x": 76.29964, "pos/pos_y": 0.5511605, "pos/pos_z": 66.52513, "pos/speed": 9.5624, "pos/cte": -4.425199, "milliseconds": 29635}