{"cam/image_array": "315_cam-image_array_.jpg", "user/angle": -0.01239051484725486, "user/throttle": 1.0, "user/mode": "user", "pos/pos_x": 68.49323, "pos/pos_y": 0.5524721, "pos/pos_z": 69.85345, "pos/speed": 9.861676, "pos/cte": -0.6507235, "milliseconds": 70101}