{"cam/image_array": "1001_cam-image_array_.jpg", "user/angle": 0.6145817438276314, "user/throttle": 1.0, "user/mode": "user", "pos/pos_x": 52.49138, "pos/pos_y": 0.5509415, "pos/pos_z": 9.84996, "pos/speed": 7.16973, "pos/cte": 2.46103, "milliseconds": 273987}