{"cam/image_array": "193_cam-image_array_.jpg", "user/angle": 0.23944822534867397, "user/throttle": 1.0, "user/mode": "user", "pos/pos_x": 43.53823, "pos/pos_y": 0.555354, "pos/pos_z": 42.4903, "pos/speed": 15.404, "pos/cte": -5.871666, "milliseconds": 43124}