{"cam/image_array": "1026_cam-image_array_.jpg", "user/angle": 0.026581621753593555, "user/throttle": 0.034333323160496844, "user/mode": "user", "pos/pos_x": 44.52483, "pos/pos_y": 0.5545717, "pos/pos_z": 64.83477, "pos/speed": 10.41745, "pos/cte": -5.165169, "milliseconds": 279515}