{"cam/image_array": "638_cam-image_array_.jpg", "user/angle": 0.38642536698507646, "user/throttle": 0.006073183385723441, "user/mode": "user", "pos/pos_x": 47.77267, "pos/pos_y": 0.5652357, "pos/pos_z": 53.14004, "pos/speed": 14.93135, "pos/cte": -1.917328, "milliseconds": 170490}