{"cam/image_array": "874_cam-image_array_.jpg", "user/angle": 0.020844141972106083, "user/throttle": 1.0, "user/mode": "user", "pos/pos_x": 72.6413, "pos/pos_y": 0.5553278, "pos/pos_z": -6.271979, "pos/speed": 8.687911, "pos/cte": -2.546058, "milliseconds": 222678}