{"cam/image_array": "81_cam-image_array_.jpg", "user/angle": 0.7109591967528306, "user/throttle": 1.0, "user/mode": "user", "pos/pos_x": 53.35694, "pos/pos_y": 0.5502689, "pos/pos_z": 2.496384, "pos/speed": 12.11655, "pos/cte": 2.158814, "milliseconds": 18357}