{"cam/image_array": "462_cam-image_array_.jpg", "user/angle": -0.025788140507217627, "user/throttle": 1.0, "user/mode": "user", "pos/pos_x": 50.62851, "pos/pos_y": 0.551442, "pos/pos_z": 37.71481, "pos/speed": 15.10664, "pos/cte": 1.260018, "milliseconds": 102829}