{"cam/image_array": "751_cam-image_array_.jpg", "user/angle": -1.0, "user/throttle": 0.7658009582811975, "user/mode": "user", "pos/pos_x": 76.3539, "pos/pos_y": 0.5576625, "pos/pos_z": 66.71873, "pos/speed": 9.415543, "pos/cte": -4.592194, "milliseconds": 195479}