{"cam/image_array": "205_cam-image_array_.jpg", "user/angle": 0.9353007599108859, "user/throttle": 0.06079287087618641, "user/mode": "user", "pos/pos_x": 53.97688, "pos/pos_y": 0.5540838, "pos/pos_z": 77.00665, "pos/speed": 11.40939, "pos/cte": 0.5631146, "milliseconds": 45778}