{"cam/image_array": "128_cam-image_array_.jpg", "user/angle": 0.9095126194036683, "user/throttle": 1.0, "user/mode": "user", "pos/pos_x": 70.33089, "pos/pos_y": 0.5534573, "pos/pos_z": 72.15997, "pos/speed": 8.733505, "pos/cte": -3.546062, "milliseconds": 28750}