{"cam/image_array": "777_cam-image_array_.jpg", "user/angle": 0.760612811670278, "user/throttle": 1.0, "user/mode": "user", "pos/pos_x": 85.35, "pos/pos_y": 0.5538039, "pos/pos_z": 5.809559, "pos/speed": 12.22941, "pos/cte": 2.545976, "milliseconds": 201229}