{"cam/image_array": "654_cam-image_array_.jpg", "user/angle": 0.7749259926145207, "user/throttle": 1.0, "user/mode": "user", "pos/pos_x": 64.81805, "pos/pos_y": 0.5507945, "pos/pos_z": 79.47942, "pos/speed": 9.556029, "pos/cte": -4.107667, "milliseconds": 174028}