{"cam/image_array": "950_cam-image_array_.jpg", "user/angle": 1.0, "user/throttle": 0.028443250831629383, "user/mode": "user", "pos/pos_x": 84.33216, "pos/pos_y": 0.5523858, "pos/pos_z": -1.148369, "pos/speed": 11.78074, "pos/cte": 1.360997, "milliseconds": 239489}