{"cam/image_array": "701_cam-image_array_.jpg", "user/angle": 0.01892147587511826, "user/throttle": 1.0, "user/mode": "user", "pos/pos_x": 58.83346, "pos/pos_y": 0.5523312, "pos/pos_z": -4.346412, "pos/speed": 10.82536, "pos/cte": -0.6490193, "milliseconds": 184422}