{"cam/image_array": "50_cam-image_array_.jpg", "user/angle": 0.09289834284493545, "user/throttle": 0.8656880397961364, "user/mode": "user", "pos/pos_x": 77.33976, "pos/pos_y": 0.5525332, "pos/pos_z": 41.591, "pos/speed": 12.49535, "pos/cte": -3.299203, "milliseconds": 14361}