{"cam/image_array": "186_cam-image_array_.jpg", "user/angle": 1.0, "user/throttle": -0.002380443739127781, "user/mode": "user", "pos/pos_x": 50.39213, "pos/pos_y": 0.5555431, "pos/pos_z": 60.40543, "pos/speed": 16.15269, "pos/cte": 0.7021332, "milliseconds": 44875}