{"cam/image_array": "87_cam-image_array_.jpg", "user/angle": 0.022736289559617907, "user/throttle": 1.0, "user/mode": "user", "pos/pos_x": 49.65707, "pos/pos_y": 0.5551715, "pos/pos_z": 10.87191, "pos/speed": 11.53364, "pos/cte": -0.3260077, "milliseconds": 22542}