{"cam/image_array": "25_cam-image_array_.jpg", "user/angle": 1.0, "user/throttle": 0.7658009582811975, "user/mode": "user", "pos/pos_x": 50.35003, "pos/pos_y": 0.5528162, "pos/pos_z": 72.33569, "pos/speed": 9.156898, "pos/cte": 0.6600342, "milliseconds": 8832}