{"cam/image_array": "166_cam-image_array_.jpg", "user/angle": 0.304330576494644, "user/throttle": 1.0, "user/mode": "user", "pos/pos_x": 60.95824, "pos/pos_y": 0.5559504, "pos/pos_z": -2.134825, "pos/speed": 11.1925, "pos/cte": 1.692892, "milliseconds": 40011}