{"cam/image_array": "165_cam-image_array_.jpg", "user/angle": 0.22894985808893092, "user/throttle": 1.0, "user/mode": "user", "pos/pos_x": 62.74001, "pos/pos_y": 0.5551249, "pos/pos_z": -3.42074, "pos/speed": 10.81592, "pos/cte": 0.3914773, "milliseconds": 39789}