{"cam/image_array": "197_cam-image_array_.jpg", "user/angle": -1.0, "user/throttle": 0.005615405743583483, "user/mode": "user", "pos/pos_x": 56.22886, "pos/pos_y": 0.5540255, "pos/pos_z": 80.36124, "pos/speed": 4.138045, "pos/cte": -2.015401, "milliseconds": 453493}