{"cam/image_array": "123_cam-image_array_.jpg", "user/angle": 0.2241584521011994, "user/throttle": 1.0, "user/mode": "user", "pos/pos_x": 72.86843, "pos/pos_y": 0.5557104, "pos/pos_z": 66.51574, "pos/speed": 9.261627, "pos/cte": -1.809984, "milliseconds": 30502}