{"cam/image_array": "113_cam-image_array_.jpg", "user/angle": 1.0, "user/throttle": 0.04843287453840754, "user/mode": "user", "pos/pos_x": 61.10588, "pos/pos_y": 0.5548871, "pos/pos_z": 78.06654, "pos/speed": 8.696757, "pos/cte": -0.8268285, "milliseconds": 28291}