{"cam/image_array": "34_cam-image_array_.jpg", "user/angle": 0.08191167943357647, "user/throttle": 1.0, "user/mode": "user", "pos/pos_x": 65.24442, "pos/pos_y": 0.5535504, "pos/pos_z": 77.09962, "pos/speed": 9.434449, "pos/cte": -2.88632, "milliseconds": 10823}