{"cam/image_array": "120_cam-image_array_.jpg", "user/angle": 0.04184087649159215, "user/throttle": 1.0, "user/mode": "user", "pos/pos_x": 70.10243, "pos/pos_y": 0.5531276, "pos/pos_z": 70.93993, "pos/speed": 8.192569, "pos/cte": -2.579986, "milliseconds": 29839}