{"cam/image_array": "212_cam-image_array_.jpg", "user/angle": 0.05905331583605457, "user/throttle": 1.0, "user/mode": "user", "pos/pos_x": 69.86929, "pos/pos_y": 0.5556569, "pos/pos_z": 70.41856, "pos/speed": 7.865068, "pos/cte": -2.064092, "milliseconds": 456810}