{"cam/image_array": "52_cam-image_array_.jpg", "user/angle": 0.04947050386059145, "user/throttle": 0.9689016388439589, "user/mode": "user", "pos/pos_x": 78.7209, "pos/pos_y": 0.5530027, "pos/pos_z": 36.72895, "pos/speed": 12.87404, "pos/cte": -6.369261, "milliseconds": 14803}