{"cam/image_array": "173_cam-image_array_.jpg", "user/angle": 0.10962248603778192, "user/throttle": 1.0, "user/mode": "user", "pos/pos_x": 49.48594, "pos/pos_y": 0.5546821, "pos/pos_z": 11.49642, "pos/speed": 12.78442, "pos/cte": -0.4697274, "milliseconds": 41559}