{"cam/image_array": "146_cam-image_array_.jpg", "user/angle": 1.0, "user/throttle": 0.02652058473464156, "user/mode": "user", "pos/pos_x": 86.59895, "pos/pos_y": 0.5523166, "pos/pos_z": 4.556595, "pos/speed": 12.96267, "pos/cte": 1.64119, "milliseconds": 35588}