{"cam/image_array": "106_cam-image_array_.jpg", "user/angle": 1.0, "user/throttle": 0.03131199072237312, "user/mode": "user", "pos/pos_x": 47.75187, "pos/pos_y": 0.5535952, "pos/pos_z": 69.21655, "pos/speed": 13.19765, "pos/cte": -1.938129, "milliseconds": 26743}