{"cam/image_array": "167_cam-image_array_.jpg", "user/angle": 0.30195013275551624, "user/throttle": 1.0, "user/mode": "user", "pos/pos_x": 59.14021, "pos/pos_y": 0.5554945, "pos/pos_z": -0.7906366, "pos/speed": 11.52788, "pos/cte": 2.903115, "milliseconds": 40232}