{"cam/image_array": "48_cam-image_array_.jpg", "user/angle": -0.46324045533616137, "user/throttle": 1.0, "user/mode": "user", "pos/pos_x": 77.27785, "pos/pos_y": 0.5526256, "pos/pos_z": 47.77641, "pos/speed": 12.45817, "pos/cte": -0.1050719, "milliseconds": 13918}