{"cam/image_array": "49_cam-image_array_.jpg", "user/angle": -0.03732413708914457, "user/throttle": 1.0, "user/mode": "user", "pos/pos_x": 77.06992, "pos/pos_y": 0.5486056, "pos/pos_z": 44.06919, "pos/speed": 12.36475, "pos/cte": -1.84402, "milliseconds": 14140}