{"cam/image_array": "135_cam-image_array_.jpg", "user/angle": 0.02563554795983764, "user/throttle": 1.0, "user/mode": "user", "pos/pos_x": 79.59389, "pos/pos_y": 0.5555842, "pos/pos_z": 37.96442, "pos/speed": 13.18676, "pos/cte": -6.779776, "milliseconds": 33156}