{"cam/image_array": "99_cam-image_array_.jpg", "user/angle": 0.09436323129978332, "user/throttle": 1.0, "user/mode": "user", "pos/pos_x": 43.96981, "pos/pos_y": 0.555651, "pos/pos_z": 47.26442, "pos/speed": 15.19389, "pos/cte": -5.481763, "milliseconds": 25195}