{"cam/image_array": "37_cam-image_array_.jpg", "user/angle": 0.06476027710806605, "user/throttle": 1.0, "user/mode": "user", "pos/pos_x": 70.26498, "pos/pos_y": 0.5597239, "pos/pos_z": 72.58741, "pos/speed": 10.10818, "pos/cte": -3.773536, "milliseconds": 11486}