{"cam/image_array": "160_cam-image_array_.jpg", "user/angle": 0.0337229529709769, "user/throttle": 1.0, "user/mode": "user", "pos/pos_x": 72.07186, "pos/pos_y": 0.555545, "pos/pos_z": -9.672955, "pos/speed": 8.847434, "pos/cte": -5.941935, "milliseconds": 38684}