{"cam/image_array": "182_cam-image_array_.jpg", "user/angle": -0.005645924253059481, "user/throttle": 1.0, "user/mode": "user", "pos/pos_x": 48.14944, "pos/pos_y": 0.5545664, "pos/pos_z": 39.91969, "pos/speed": 15.16607, "pos/cte": -1.238201, "milliseconds": 43549}