{"cam/image_array": "66_cam-image_array_.jpg", "user/angle": 1.0, "user/throttle": 0.06079287087618641, "user/mode": "user", "pos/pos_x": 84.52953, "pos/pos_y": 0.553338, "pos/pos_z": -3.653451, "pos/speed": 10.49122, "pos/cte": -0.9457102, "milliseconds": 17899}