{"cam/image_array": "19_cam-image_array_.jpg", "user/angle": 0.08957182531205175, "user/throttle": 1.0, "user/mode": "user", "pos/pos_x": 49.50636, "pos/pos_y": 0.5566403, "pos/pos_z": 61.17627, "pos/speed": 7.591652, "pos/cte": -0.1836433, "milliseconds": 7506}