{"cam/image_array": "77_cam-image_array_.jpg", "user/angle": 0.05279702139347514, "user/throttle": 1.0, "user/mode": "user", "pos/pos_x": 66.10323, "pos/pos_y": 0.5515665, "pos/pos_z": -5.088933, "pos/speed": 9.60718, "pos/cte": -1.306002, "milliseconds": 20330}