{"cam/image_array": "73_cam-image_array_.jpg", "user/angle": 0.053285317545091096, "user/throttle": 1.0, "user/mode": "user", "pos/pos_x": 73.04688, "pos/pos_y": 0.5519538, "pos/pos_z": -9.061687, "pos/speed": 8.301791, "pos/cte": -5.3392, "milliseconds": 19446}