{"cam/image_array": "63_cam-image_array_.jpg", "user/angle": 1.0, "user/throttle": 0.033204138309884945, "user/mode": "user", "pos/pos_x": 86.82808, "pos/pos_y": 0.549933, "pos/pos_z": 3.980812, "pos/speed": 12.74301, "pos/cte": 1.358314, "milliseconds": 17235}