{"cam/image_array": "164_cam-image_array_.jpg", "user/angle": 0.036133915219580676, "user/throttle": 1.0, "user/mode": "user", "pos/pos_x": 64.4821, "pos/pos_y": 0.554876, "pos/pos_z": -4.649108, "pos/speed": 10.54582, "pos/cte": -0.8520472, "milliseconds": 39568}