{"cam/image_array": "130_cam-image_array_.jpg", "user/angle": 0.036133915219580676, "user/throttle": 1.0, "user/mode": "user", "pos/pos_x": 78.58971, "pos/pos_y": 0.555462, "pos/pos_z": 51.57528, "pos/speed": 11.56029, "pos/cte": -0.3270532, "milliseconds": 32050}