{"cam/image_array": "13_cam-image_array_.jpg", "user/angle": -0.02554399243140965, "user/throttle": 1.0, "user/mode": "user", "pos/pos_x": 49.67173, "pos/pos_y": 0.5502112, "pos/pos_z": 52.47126, "pos/speed": 4.709964, "pos/cte": -0.0182724, "milliseconds": 6179}