{"cam/image_array": "213_cam-image_array_.jpg", "user/angle": 0.06570635090182196, "user/throttle": 1.0, "user/mode": "user", "pos/pos_x": 70.81239, "pos/pos_y": 0.5544769, "pos/pos_z": 69.09795, "pos/speed": 8.350416, "pos/cte": -1.923569, "milliseconds": 457031}