{"cam/image_array": "91_cam-image_array_.jpg", "user/angle": 0.02850428785058138, "user/throttle": 1.0, "user/mode": "user", "pos/pos_x": 47.17341, "pos/pos_y": 0.5548662, "pos/pos_z": 22.09689, "pos/speed": 12.87737, "pos/cte": -2.317674, "milliseconds": 23426}