{"cam/image_array": "109_cam-image_array_.jpg", "user/angle": 1.0, "user/throttle": 0.03131199072237312, "user/mode": "user", "pos/pos_x": 53.83289, "pos/pos_y": 0.55402, "pos/pos_z": 75.88857, "pos/speed": 10.78691, "pos/cte": 1.559396, "milliseconds": 27406}