{"cam/image_array": "224_cam-image_array_.jpg", "user/angle": -0.028443250831629383, "user/throttle": 1.0, "user/mode": "user", "pos/pos_x": 76.41642, "pos/pos_y": 0.5604455, "pos/pos_z": 47.20605, "pos/speed": 10.98931, "pos/cte": 0.2694167, "milliseconds": 459463}