{"cam/image_array": "138_cam-image_array_.jpg", "user/angle": -0.39414654988250375, "user/throttle": 1.0, "user/mode": "user", "pos/pos_x": 79.71568, "pos/pos_y": 0.555554, "pos/pos_z": 28.3975, "pos/speed": 14.10602, "pos/cte": -7.252445, "milliseconds": 33820}