{"cam/image_array": "59_cam-image_array_.jpg", "user/angle": 0.9772942289498581, "user/throttle": 0.03225806451612903, "user/mode": "user", "pos/pos_x": 85.22228, "pos/pos_y": 0.5560027, "pos/pos_z": 16.57093, "pos/speed": 14.69026, "pos/cte": -4.659822, "milliseconds": 16351}