{"cam/image_array": "51_cam-image_array_.jpg", "user/angle": 0.051393169957579275, "user/throttle": 0.8628192999053926, "user/mode": "user", "pos/pos_x": 77.90928, "pos/pos_y": 0.5491334, "pos/pos_z": 39.14406, "pos/speed": 12.58603, "pos/cte": -4.830139, "milliseconds": 14582}