{"cam/image_array": "193_cam-image_array_.jpg", "user/angle": 1.0, "user/throttle": -0.0005493331705679495, "user/mode": "user", "pos/pos_x": 60.69, "pos/pos_y": 0.5532821, "pos/pos_z": 79.76422, "pos/speed": 10.48492, "pos/cte": -2.169723, "milliseconds": 46643}