{"cam/image_array": "35_cam-image_array_.jpg", "user/angle": 0.06701864680928983, "user/throttle": 1.0, "user/mode": "user", "pos/pos_x": 67.535, "pos/pos_y": 0.5518295, "pos/pos_z": 75.43999, "pos/speed": 9.585807, "pos/cte": -3.550248, "milliseconds": 11044}