{"cam/image_array": "159_cam-image_array_.jpg", "user/angle": 0.036133915219580676, "user/throttle": 1.0, "user/mode": "user", "pos/pos_x": 73.55219, "pos/pos_y": 0.5584528, "pos/pos_z": -10.57206, "pos/speed": 8.423164, "pos/cte": -6.853922, "milliseconds": 38463}