{"cam/image_array": "57_cam-image_array_.jpg", "user/angle": 0.08767967772453994, "user/throttle": 0.967467268898587, "user/mode": "user", "pos/pos_x": 83.72414, "pos/pos_y": 0.555217, "pos/pos_z": 22.15004, "pos/speed": 14.22141, "pos/cte": -7.60123, "milliseconds": 15909}