{"cam/image_array": "207_cam-image_array_.jpg", "user/angle": 0.4532609027375103, "user/throttle": 1.0, "user/mode": "user", "pos/pos_x": 64.12117, "pos/pos_y": 0.5560347, "pos/pos_z": 75.64236, "pos/speed": 5.89632, "pos/cte": -1.085782, "milliseconds": 455704}