{"cam/image_array": "112_cam-image_array_.jpg", "user/angle": 1.0, "user/throttle": 0.033204138309884945, "user/mode": "user", "pos/pos_x": 59.33874, "pos/pos_y": 0.5544451, "pos/pos_z": 77.97553, "pos/speed": 9.194043, "pos/cte": -0.04470732, "milliseconds": 28070}