{"cam/image_array": "78_cam-image_array_.jpg", "user/angle": 0.053285317545091096, "user/throttle": 1.0, "user/mode": "user", "pos/pos_x": 64.45898, "pos/pos_y": 0.5565608, "pos/pos_z": -3.99637, "pos/speed": 10.01985, "pos/cte": -0.199132, "milliseconds": 20552}