{"cam/image_array": "140_cam-image_array_.jpg", "user/angle": -0.10254219183935057, "user/throttle": 1.0, "user/mode": "user", "pos/pos_x": 79.918, "pos/pos_y": 0.5519837, "pos/pos_z": 22.67094, "pos/speed": 14.47959, "pos/cte": -4.958877, "milliseconds": 34262}