{"cam/image_array": "145_cam-image_array_.jpg", "user/angle": 1.0, "user/throttle": 0.028443250831629383, "user/mode": "user", "pos/pos_x": 85.80162, "pos/pos_y": 0.5503758, "pos/pos_z": 7.093135, "pos/speed": 13.73738, "pos/cte": 1.694149, "milliseconds": 35367}