{"cam/image_array": "15_cam-image_array_.jpg", "user/angle": -0.024842066713461716, "user/throttle": 1.0, "user/mode": "user", "pos/pos_x": 49.65751, "pos/pos_y": 0.5586616, "pos/pos_z": 54.53426, "pos/speed": 5.566459, "pos/cte": -0.03249359, "milliseconds": 6621}