{"cam/image_array": "151_cam-image_array_.jpg", "user/angle": 1.0, "user/throttle": 0.04843287453840754, "user/mode": "user", "pos/pos_x": 85.80016, "pos/pos_y": 0.5526846, "pos/pos_z": -7.073525, "pos/speed": 9.169838, "pos/cte": -4.537443, "milliseconds": 36694}