{"cam/image_array": "177_cam-image_array_.jpg", "user/angle": 0.05999938962981048, "user/throttle": 1.0, "user/mode": "user", "pos/pos_x": 47.59499, "pos/pos_y": 0.5591642, "pos/pos_z": 23.17862, "pos/speed": 13.75606, "pos/cte": -1.849313, "milliseconds": 42444}