{"cam/image_array": "203_cam-image_array_.jpg", "user/angle": 0.03137302774132512, "user/throttle": 1.0, "user/mode": "user", "pos/pos_x": 60.22931, "pos/pos_y": 0.5552277, "pos/pos_z": 77.6401, "pos/speed": 3.806507, "pos/cte": -0.009186703, "milliseconds": 454819}