{"cam/image_array": "60_cam-image_array_.jpg", "user/angle": 1.0, "user/throttle": 0.03415021210364086, "user/mode": "user", "pos/pos_x": 85.88611, "pos/pos_y": 0.5564685, "pos/pos_z": 13.69129, "pos/speed": 14.91136, "pos/cte": -3.0712, "milliseconds": 16572}