{"cam/image_array": "143_cam-image_array_.jpg", "user/angle": 1.0, "user/throttle": 0.02749717703787347, "user/mode": "user", "pos/pos_x": 82.93954, "pos/pos_y": 0.5570562, "pos/pos_z": 13.02254, "pos/speed": 14.7071, "pos/cte": -0.5289404, "milliseconds": 34925}