{"cam/image_array": "64_cam-image_array_.jpg", "user/angle": 1.0, "user/throttle": 0.0370189519943846, "user/mode": "user", "pos/pos_x": 86.46903, "pos/pos_y": 0.550489, "pos/pos_z": 1.539326, "pos/speed": 11.91809, "pos/cte": 1.303739, "milliseconds": 17457}