{"cam/image_array": "189_cam-image_array_.jpg", "user/angle": 1.0, "user/throttle": -0.005096591082491531, "user/mode": "user", "pos/pos_x": 54.20132, "pos/pos_y": 0.5522953, "pos/pos_z": 73.0809, "pos/speed": 13.22916, "pos/cte": 4.045026, "milliseconds": 45759}