{"cam/image_array": "43_cam-image_array_.jpg", "user/angle": 0.09149449140903958, "user/throttle": 1.0, "user/mode": "user", "pos/pos_x": 78.1576, "pos/pos_y": 0.5540716, "pos/pos_z": 60.67159, "pos/speed": 11.58086, "pos/cte": -2.036428, "milliseconds": 12813}