{"cam/image_array": "74_cam-image_array_.jpg", "user/angle": 0.05279702139347514, "user/throttle": 1.0, "user/mode": "user", "pos/pos_x": 71.50961, "pos/pos_y": 0.5524389, "pos/pos_z": -8.412836, "pos/speed": 8.481151, "pos/cte": -4.676958, "milliseconds": 19667}