{"cam/image_array": "228_cam-image_array_.jpg", "user/angle": 0.022736289559617907, "user/throttle": 1.0, "user/mode": "user", "pos/pos_x": 77.82021, "pos/pos_y": 0.5583766, "pos/pos_z": 36.86094, "pos/speed": 11.50247, "pos/cte": -5.389103, "milliseconds": 460348}