{"cam/image_array": "125_cam-image_array_.jpg", "user/angle": 0.2674642170476394, "user/throttle": 1.0, "user/mode": "user", "pos/pos_x": 75.26955, "pos/pos_y": 0.5563603, "pos/pos_z": 62.31037, "pos/speed": 10.10409, "pos/cte": -0.9046363, "milliseconds": 30944}