{"cam/image_array": "79_cam-image_array_.jpg", "user/angle": 0.03994872890408033, "user/throttle": 1.0, "user/mode": "user", "pos/pos_x": 62.77728, "pos/pos_y": 0.5575044, "pos/pos_z": -2.836643, "pos/speed": 10.35864, "pos/cte": 0.9752269, "milliseconds": 20773}