{"cam/image_array": "209_cam-image_array_.jpg", "user/angle": 0.06189153721732231, "user/throttle": 1.0, "user/mode": "user", "pos/pos_x": 67.00716, "pos/pos_y": 0.5546829, "pos/pos_z": 73.79283, "pos/speed": 6.760639, "pos/cte": -2.079134, "milliseconds": 456146}