{"cam/image_array": "211_cam-image_array_.jpg", "user/angle": 0.058534501174962617, "user/throttle": 1.0, "user/mode": "user", "pos/pos_x": 68.9536, "pos/pos_y": 0.5563866, "pos/pos_z": 71.6685, "pos/speed": 7.552311, "pos/cte": -2.179573, "milliseconds": 456589}