{"cam/image_array": "181_cam-image_array_.jpg", "user/angle": -0.006622516556291391, "user/throttle": 1.0, "user/mode": "user", "pos/pos_x": 47.89399, "pos/pos_y": 0.5540777, "pos/pos_z": 36.9252, "pos/speed": 14.9345, "pos/cte": -1.467516, "milliseconds": 43328}