{"cam/image_array": "47_cam-image_array_.jpg", "user/angle": -0.35386211737418743, "user/throttle": 1.0, "user/mode": "user", "pos/pos_x": 77.75307, "pos/pos_y": 0.5610232, "pos/pos_z": 50.20218, "pos/speed": 12.187, "pos/cte": 0.271488, "milliseconds": 13697}