{"cam/image_array": "67_cam-image_array_.jpg", "user/angle": 1.0, "user/throttle": 0.13406781212805566, "user/mode": "user", "pos/pos_x": 83.40118, "pos/pos_y": 0.5535079, "pos/pos_z": -5.343648, "pos/speed": 9.978518, "pos/cte": -2.100914, "milliseconds": 18120}