{"cam/image_array": "161_cam-image_array_.jpg", "user/angle": 0.03326517532883694, "user/throttle": 1.0, "user/mode": "user", "pos/pos_x": 70.54599, "pos/pos_y": 0.5540098, "pos/pos_z": -8.706178, "pos/speed": 9.111672, "pos/cte": -4.961879, "milliseconds": 38905}