{"cam/image_array": "111_cam-image_array_.jpg", "user/angle": 1.0, "user/throttle": 0.0446180608539079, "user/mode": "user", "pos/pos_x": 57.50946, "pos/pos_y": 0.5540977, "pos/pos_z": 77.59224, "pos/speed": 9.628222, "pos/cte": 0.6900321, "milliseconds": 27849}