{"cam/image_array": "156_cam-image_array_.jpg", "user/angle": 0.4327219458601642, "user/throttle": 1.0, "user/mode": "user", "pos/pos_x": 78.89944, "pos/pos_y": 0.5557731, "pos/pos_z": -12.04046, "pos/speed": 7.733072, "pos/cte": -8.368932, "milliseconds": 37799}