{"cam/image_array": "75_cam-image_array_.jpg", "user/angle": 0.05807672353282266, "user/throttle": 1.0, "user/mode": "user", "pos/pos_x": 70.01743, "pos/pos_y": 0.5565312, "pos/pos_z": -7.554044, "pos/speed": 8.739635, "pos/cte": -3.805177, "milliseconds": 19888}