{"cam/image_array": "238_cam-image_array_.jpg", "user/angle": 1.0, "user/throttle": 0.011291848506118961, "user/mode": "user", "pos/pos_x": 84.18733, "pos/pos_y": 0.5552825, "pos/pos_z": 11.43261, "pos/speed": 12.04523, "pos/cte": -0.2695099, "milliseconds": 462559}