{"cam/image_array": "170_cam-image_array_.jpg", "user/angle": 0.30149235511337624, "user/throttle": 1.0, "user/mode": "user", "pos/pos_x": 53.12819, "pos/pos_y": 0.5573443, "pos/pos_z": 4.938871, "pos/speed": 12.26588, "pos/cte": 2.774769, "milliseconds": 40895}