{"cam/image_array": "180_cam-image_array_.jpg", "user/angle": -0.014282662434766686, "user/throttle": 1.0, "user/mode": "user", "pos/pos_x": 47.6657, "pos/pos_y": 0.5579216, "pos/pos_z": 33.09417, "pos/speed": 14.5584, "pos/cte": -1.66236, "milliseconds": 43107}