{"cam/image_array": "88_cam-image_array_.jpg", "user/angle": 0.02465895565660573, "user/throttle": 1.0, "user/mode": "user", "pos/pos_x": 48.75541, "pos/pos_y": 0.5550853, "pos/pos_z": 14.28251, "pos/speed": 11.92767, "pos/cte": -1.078039, "milliseconds": 22763}