{"cam/image_array": "118_cam-image_array_.jpg", "user/angle": 0.04315317239906003, "user/throttle": 1.0, "user/mode": "user", "pos/pos_x": 67.97293, "pos/pos_y": 0.5543785, "pos/pos_z": 74.12114, "pos/speed": 7.101412, "pos/cte": -3.026728, "milliseconds": 29397}