{"cam/image_array": "169_cam-image_array_.jpg", "user/angle": 0.30149235511337624, "user/throttle": 1.0, "user/mode": "user", "pos/pos_x": 54.70505, "pos/pos_y": 0.5540268, "pos/pos_z": 3.081112, "pos/speed": 12.08814, "pos/cte": 3.595887, "milliseconds": 40674}