{"cam/image_array": "12_cam-image_array_.jpg", "user/angle": -0.027741325113681447, "user/throttle": 1.0, "user/mode": "user", "pos/pos_x": 49.6762, "pos/pos_y": 0.5619556, "pos/pos_z": 51.56945, "pos/speed": 4.250182, "pos/cte": -0.01380157, "milliseconds": 5958}