{"cam/image_array": "85_cam-image_array_.jpg", "user/angle": 0.023712881862849818, "user/throttle": 1.0, "user/mode": "user", "pos/pos_x": 51.68521, "pos/pos_y": 0.552352, "pos/pos_z": 6.709037, "pos/speed": 11.71727, "pos/cte": 1.51863, "milliseconds": 22100}