{"cam/image_array": "223_cam-image_array_.jpg", "user/angle": -0.7059236426892911, "user/throttle": 1.0, "user/mode": "user", "pos/pos_x": 76.96237, "pos/pos_y": 0.5524886, "pos/pos_z": 49.32461, "pos/speed": 10.86727, "pos/cte": 0.7091111, "milliseconds": 459242}