{"cam/image_array": "171_cam-image_array_.jpg", "user/angle": 0.30051576281014436, "user/throttle": 1.0, "user/mode": "user", "pos/pos_x": 51.71867, "pos/pos_y": 0.5533412, "pos/pos_z": 6.96992, "pos/speed": 12.48845, "pos/cte": 1.563436, "milliseconds": 41117}