{"cam/image_array": "218_cam-image_array_.jpg", "user/angle": 0.5534836878566851, "user/throttle": 1.0, "user/mode": "user", "pos/pos_x": 76.2672, "pos/pos_y": 0.5558, "pos/pos_z": 60.45548, "pos/speed": 10.1526, "pos/cte": -0.4586041, "milliseconds": 458136}