{"cam/image_array": "10_cam-image_array_.jpg", "user/angle": -0.009491256447035128, "user/throttle": 1.0, "user/mode": "user", "pos/pos_x": 49.68382, "pos/pos_y": 0.5542757, "pos/pos_z": 49.72855, "pos/speed": 3.075474, "pos/cte": -0.006175995, "milliseconds": 5516}