{"cam/image_array": "107_cam-image_array_.jpg", "user/angle": 1.0, "user/throttle": 0.031769768364513076, "user/mode": "user", "pos/pos_x": 49.60616, "pos/pos_y": 0.5540948, "pos/pos_z": 71.96954, "pos/speed": 12.39572, "pos/cte": -0.08383942, "milliseconds": 26964}