{"cam/image_array": "94_cam-image_array_.jpg", "user/angle": 0.07907345805230873, "user/throttle": 1.0, "user/mode": "user", "pos/pos_x": 45.58138, "pos/pos_y": 0.555161, "pos/pos_z": 31.34306, "pos/speed": 13.88549, "pos/cte": -3.731324, "milliseconds": 24089}