{"cam/image_array": "18_cam-image_array_.jpg", "user/angle": 0.0008239997558519242, "user/throttle": 1.0, "user/mode": "user", "pos/pos_x": 49.5729, "pos/pos_y": 0.5553903, "pos/pos_z": 58.97364, "pos/speed": 6.968369, "pos/cte": -0.1170959, "milliseconds": 7285}