{"cam/image_array": "158_cam-image_array_.jpg", "user/angle": 0.03326517532883694, "user/throttle": 1.0, "user/mode": "user", "pos/pos_x": 75.03953, "pos/pos_y": 0.551477, "pos/pos_z": -11.32314, "pos/speed": 8.178632, "pos/cte": -7.61795, "milliseconds": 38242}