{"cam/image_array": "221_cam-image_array_.jpg", "user/angle": -0.8507950071718497, "user/throttle": 1.0, "user/mode": "user", "pos/pos_x": 77.81167, "pos/pos_y": 0.5521663, "pos/pos_z": 53.46188, "pos/speed": 10.39577, "pos/cte": 0.5382673, "milliseconds": 458800}