{"cam/image_array": "188_cam-image_array_.jpg", "user/angle": 1.0, "user/throttle": -0.002380443739127781, "user/mode": "user", "pos/pos_x": 51.48349, "pos/pos_y": 0.5518501, "pos/pos_z": 66.58714, "pos/speed": 15.08022, "pos/cte": 1.793488, "milliseconds": 45317}