{"cam/image_array": "103_cam-image_array_.jpg", "user/angle": 1.0, "user/throttle": 0.03509628589739677, "user/mode": "user", "pos/pos_x": 44.48345, "pos/pos_y": 0.5631358, "pos/pos_z": 59.71748, "pos/speed": 15.70032, "pos/cte": -5.206551, "milliseconds": 26079}