{"cam/image_array": "92_cam-image_array_.jpg", "user/angle": 0.04089480269783624, "user/throttle": 1.0, "user/mode": "user", "pos/pos_x": 46.69878, "pos/pos_y": 0.5572271, "pos/pos_z": 24.66605, "pos/speed": 13.15431, "pos/cte": -2.679794, "milliseconds": 23647}