{"cam/image_array": "200_cam-image_array_.jpg", "user/angle": 0.02990813928647725, "user/throttle": 0.5507370220038453, "user/mode": "user", "pos/pos_x": 58.24492, "pos/pos_y": 0.5544816, "pos/pos_z": 78.5432, "pos/speed": 3.729292, "pos/cte": -0.2981146, "milliseconds": 454156}