{"cam/image_array": "56_cam-image_array_.jpg", "user/angle": 0.0848109378337962, "user/throttle": 0.9722281563768426, "user/mode": "user", "pos/pos_x": 82.91793, "pos/pos_y": 0.5586208, "pos/pos_z": 24.84953, "pos/speed": 13.98235, "pos/cte": -8.649424, "milliseconds": 15687}