{"cam/image_array": "174_cam-image_array_.jpg", "user/angle": 0.06286812952055422, "user/throttle": 1.0, "user/mode": "user", "pos/pos_x": 48.70215, "pos/pos_y": 0.5531783, "pos/pos_z": 13.95038, "pos/speed": 12.95579, "pos/cte": -1.145733, "milliseconds": 41780}