{"cam/image_array": "117_cam-image_array_.jpg", "user/angle": 0.04660176396984771, "user/throttle": 1.0, "user/mode": "user", "pos/pos_x": 67.15604, "pos/pos_y": 0.5546556, "pos/pos_z": 75.24952, "pos/speed": 6.852316, "pos/cte": -3.138381, "milliseconds": 29176}