{"cam/image_array": "205_cam-image_array_.jpg", "user/angle": 0.08862575151829585, "user/throttle": 1.0, "user/mode": "user", "pos/pos_x": 62.19574, "pos/pos_y": 0.5546505, "pos/pos_z": 76.64401, "pos/speed": 4.955941, "pos/cte": -0.2569474, "milliseconds": 455262}