{"cam/image_array": "6_cam-image_array_.jpg", "user/angle": -0.007568590350047304, "user/throttle": 1.0, "user/mode": "user", "pos/pos_x": 49.68961, "pos/pos_y": 0.5552518, "pos/pos_z": 48.05692, "pos/speed": 1.02548, "pos/cte": -0.0003890991, "milliseconds": 4632}