{"cam/image_array": "24_cam-image_array_.jpg", "user/angle": 1.0, "user/throttle": 0.6506546220282602, "user/mode": "user", "pos/pos_x": 49.52446, "pos/pos_y": 0.5566555, "pos/pos_z": 69.70835, "pos/speed": 9.188602, "pos/cte": -0.1655388, "milliseconds": 8611}