{"cam/image_array": "202_cam-image_array_.jpg", "user/angle": 0.02850428785058138, "user/throttle": 1.0, "user/mode": "user", "pos/pos_x": 59.57303, "pos/pos_y": 0.555162, "pos/pos_z": 77.96917, "pos/speed": 3.558047, "pos/cte": -0.1130144, "milliseconds": 454598}