{"cam/image_array": "2_cam-image_array_.jpg", "user/angle": -0.0152287362285226, "user/throttle": 0.17114780114139225, "user/mode": "user", "pos/pos_x": 49.69005, "pos/pos_y": 0.5553409, "pos/pos_z": 47.83807, "pos/speed": 0.0003197543, "pos/cte": 5.340576e-05, "milliseconds": 3747}