{"cam/image_array": "198_cam-image_array_.jpg", "user/angle": -1.0, "user/throttle": -0.005096591082491531, "user/mode": "user", "pos/pos_x": 57.00581, "pos/pos_y": 0.5541963, "pos/pos_z": 79.43559, "pos/speed": 3.952912, "pos/cte": -1.124435, "milliseconds": 453714}