{"cam/image_array": "142_cam-image_array_.jpg", "user/angle": 1.0, "user/throttle": 0.02749717703787347, "user/mode": "user", "pos/pos_x": 81.73354, "pos/pos_y": 0.549574, "pos/pos_z": 15.68914, "pos/speed": 14.46297, "pos/cte": -1.585597, "milliseconds": 34704}