{"cam/image_array": "230_cam-image_array_.jpg", "user/angle": 0.02465895565660573, "user/throttle": 1.0, "user/mode": "user", "pos/pos_x": 78.99413, "pos/pos_y": 0.5534374, "pos/pos_z": 32.30556, "pos/speed": 11.88461, "pos/cte": -7.142212, "milliseconds": 460790}