{"cam/image_array": "157_cam-image_array_.jpg", "user/angle": 0.036133915219580676, "user/throttle": 1.0, "user/mode": "user", "pos/pos_x": 77.34222, "pos/pos_y": 0.5514476, "pos/pos_z": -11.98002, "pos/speed": 7.825356, "pos/cte": -8.294903, "milliseconds": 38020}