{"cam/image_array": "199_cam-image_array_.jpg", "user/angle": 0.036133915219580676, "user/throttle": 0.0, "user/mode": "user", "pos/pos_x": 57.60349, "pos/pos_y": 0.5546373, "pos/pos_z": 78.94, "pos/speed": 3.835984, "pos/cte": -0.660805, "milliseconds": 453935}