{"cam/image_array": "163_cam-image_array_.jpg", "user/angle": 0.032319101535081024, "user/throttle": 1.0, "user/mode": "user", "pos/pos_x": 66.18395, "pos/pos_y": 0.5558069, "pos/pos_z": -5.82159, "pos/speed": 10.15267, "pos/cte": -2.039335, "milliseconds": 39347}