{"cam/image_array": "215_cam-image_array_.jpg", "user/angle": 0.24326303903317362, "user/throttle": 1.0, "user/mode": "user", "pos/pos_x": 73.2679, "pos/pos_y": 0.5556751, "pos/pos_z": 65.47115, "pos/speed": 9.095718, "pos/cte": -1.435332, "milliseconds": 457473}