{"cam/image_array": "176_cam-image_array_.jpg", "user/angle": 0.06189153721732231, "user/throttle": 1.0, "user/mode": "user", "pos/pos_x": 47.72814, "pos/pos_y": 0.5600572, "pos/pos_z": 20.46275, "pos/speed": 13.48745, "pos/cte": -1.834756, "milliseconds": 42223}