{"cam/image_array": "17_cam-image_array_.jpg", "user/angle": -0.02099673451948607, "user/throttle": 1.0, "user/mode": "user", "pos/pos_x": 49.60587, "pos/pos_y": 0.5525692, "pos/pos_z": 57.60574, "pos/speed": 6.684632, "pos/cte": -0.08412552, "milliseconds": 7064}