{"cam/image_array": "38_cam-image_array_.jpg", "user/angle": 0.6584673604541155, "user/throttle": 1.0, "user/mode": "user", "pos/pos_x": 72.32734, "pos/pos_y": 0.5515977, "pos/pos_z": 70.22009, "pos/speed": 10.64931, "pos/cte": -3.804319, "milliseconds": 11707}