{"cam/image_array": "139_cam-image_array_.jpg", "user/angle": -0.39271217993713187, "user/throttle": 1.0, "user/mode": "user", "pos/pos_x": 79.72937, "pos/pos_y": 0.5547832, "pos/pos_z": 25.54838, "pos/speed": 14.38821, "pos/cte": -6.248699, "milliseconds": 34041}