{"cam/image_array": "58_cam-image_array_.jpg", "user/angle": 0.08603167821283608, "user/throttle": 0.11026337473677786, "user/mode": "user", "pos/pos_x": 84.49517, "pos/pos_y": 0.5537547, "pos/pos_z": 19.39034, "pos/speed": 14.45532, "pos/cte": -6.161124, "milliseconds": 16130}