{"cam/image_array": "195_cam-image_array_.jpg", "user/angle": 1.0, "user/throttle": -0.002380443739127781, "user/mode": "user", "pos/pos_x": 65.23071, "pos/pos_y": 0.5535663, "pos/pos_z": 81.39716, "pos/speed": 9.033752, "pos/cte": -5.894616, "milliseconds": 47085}