{"cam/image_array": "183_cam-image_array_.jpg", "user/angle": 0.009399700918607135, "user/throttle": 1.0, "user/mode": "user", "pos/pos_x": 48.46042, "pos/pos_y": 0.5565814, "pos/pos_z": 42.95623, "pos/speed": 15.38648, "pos/cte": -0.9537317, "milliseconds": 43770}