{"cam/image_array": "144_cam-image_array_.jpg", "user/angle": 1.0, "user/throttle": 0.02749717703787347, "user/mode": "user", "pos/pos_x": 84.66254, "pos/pos_y": 0.5577514, "pos/pos_z": 9.646322, "pos/speed": 14.35136, "pos/cte": 0.6714786, "milliseconds": 35146}