{"cam/image_array": "194_cam-image_array_.jpg", "user/angle": 1.0, "user/throttle": -0.0010071108127079073, "user/mode": "user", "pos/pos_x": 63.42106, "pos/pos_y": 0.5548675, "pos/pos_z": 80.97324, "pos/speed": 9.53192, "pos/cte": -4.531227, "milliseconds": 46864}