{"cam/image_array": "45_cam-image_array_.jpg", "user/angle": -0.4181646168401135, "user/throttle": 1.0, "user/mode": "user", "pos/pos_x": 78.60802, "pos/pos_y": 0.5543488, "pos/pos_z": 54.89925, "pos/speed": 11.68796, "pos/cte": -0.3891711, "milliseconds": 13255}