{"cam/image_array": "4_cam-image_array_.jpg", "user/angle": -0.011383404034546954, "user/throttle": 1.0, "user/mode": "user", "pos/pos_x": 49.68985, "pos/pos_y": 0.5553326, "pos/pos_z": 47.84261, "pos/speed": 0.04622883, "pos/cte": -0.0001449585, "milliseconds": 4189}