{"cam/image_array": "7_cam-image_array_.jpg", "user/angle": -0.01239051484725486, "user/throttle": 1.0, "user/mode": "user", "pos/pos_x": 49.68879, "pos/pos_y": 0.5563483, "pos/pos_z": 48.32343, "pos/speed": 1.546986, "pos/cte": -0.001213074, "milliseconds": 4853}