{"cam/image_array": "216_cam-image_array_.jpg", "user/angle": 0.7529831843012788, "user/throttle": 1.0, "user/mode": "user", "pos/pos_x": 74.27417, "pos/pos_y": 0.5550486, "pos/pos_z": 63.88353, "pos/speed": 9.568577, "pos/cte": -1.169435, "milliseconds": 457694}