{"cam/image_array": "89_cam-image_array_.jpg", "user/angle": 0.0260933256019776, "user/throttle": 1.0, "user/mode": "user", "pos/pos_x": 48.15462, "pos/pos_y": 0.5575107, "pos/pos_z": 17.14249, "pos/speed": 12.29227, "pos/cte": -1.553506, "milliseconds": 22984}