{"cam/image_array": "69_cam-image_array_.jpg", "user/angle": 1.0, "user/throttle": 0.6668294320505387, "user/mode": "user", "pos/pos_x": 80.68736, "pos/pos_y": 0.5540771, "pos/pos_z": -7.902864, "pos/speed": 8.903187, "pos/cte": -4.247095, "milliseconds": 18562}