{"cam/image_array": "40_cam-image_array_.jpg", "user/angle": 0.5716116824854274, "user/throttle": 1.0, "user/mode": "user", "pos/pos_x": 75.10307, "pos/pos_y": 0.5581111, "pos/pos_z": 66.78976, "pos/speed": 11.31987, "pos/cte": -3.687178, "milliseconds": 12150}