{"cam/image_array": "119_cam-image_array_.jpg", "user/angle": 0.044709616382335886, "user/throttle": 1.0, "user/mode": "user", "pos/pos_x": 68.79926, "pos/pos_y": 0.5579573, "pos/pos_z": 72.90073, "pos/speed": 7.606847, "pos/cte": -2.862486, "milliseconds": 29618}