{"cam/image_array": "100_cam-image_array_.jpg", "user/angle": 0.5849787896359142, "user/throttle": 0.8704184087649159, "user/mode": "user", "pos/pos_x": 43.92986, "pos/pos_y": 0.5596966, "pos/pos_z": 50.32507, "pos/speed": 15.43396, "pos/cte": -5.760139, "milliseconds": 25416}