{"cam/image_array": "150_cam-image_array_.jpg", "user/angle": 1.0, "user/throttle": 0.06649983214819788, "user/mode": "user", "pos/pos_x": 86.50809, "pos/pos_y": 0.5550523, "pos/pos_z": -5.321153, "pos/speed": 9.667095, "pos/cte": -3.38685, "milliseconds": 36473}