{"cam/image_array": "129_cam-image_array_.jpg", "user/angle": 0.03518784142582476, "user/throttle": 1.0, "user/mode": "user", "pos/pos_x": 78.23813, "pos/pos_y": 0.5554721, "pos/pos_z": 53.83885, "pos/speed": 11.29234, "pos/cte": 0.1677671, "milliseconds": 31829}