{"cam/image_array": "72_cam-image_array_.jpg", "user/angle": 0.055238502151554916, "user/throttle": 1.0, "user/mode": "user", "pos/pos_x": 74.65581, "pos/pos_y": 0.5523018, "pos/pos_z": -9.409537, "pos/speed": 8.215614, "pos/cte": -5.701077, "milliseconds": 19225}