{"cam/image_array": "93_cam-image_array_.jpg", "user/angle": 0.057130649739066744, "user/throttle": 1.0, "user/mode": "user", "pos/pos_x": 46.01491, "pos/pos_y": 0.5544919, "pos/pos_z": 28.62892, "pos/speed": 13.62087, "pos/cte": -3.274124, "milliseconds": 23868}