{"cam/image_array": "41_cam-image_array_.jpg", "user/angle": 0.6555986205633717, "user/throttle": 1.0, "user/mode": "user", "pos/pos_x": 76.39539, "pos/pos_y": 0.5555711, "pos/pos_z": 64.91077, "pos/speed": 11.4791, "pos/cte": -3.44956, "milliseconds": 12371}