{"cam/image_array": "124_cam-image_array_.jpg", "user/angle": 0.26044495986816, "user/throttle": 1.0, "user/mode": "user", "pos/pos_x": 73.82871, "pos/pos_y": 0.5539007, "pos/pos_z": 64.89456, "pos/speed": 9.594646, "pos/cte": -1.487317, "milliseconds": 30723}