{"cam/image_array": "33_cam-image_array_.jpg", "user/angle": 0.09244056520279549, "user/throttle": 1.0, "user/mode": "user", "pos/pos_x": 63.52712, "pos/pos_y": 0.5535362, "pos/pos_z": 77.8596, "pos/speed": 9.316373, "pos/cte": -2.009209, "milliseconds": 10602}