{"cam/image_array": "191_cam-image_array_.jpg", "user/angle": 1.0, "user/throttle": -0.0032654805139316996, "user/mode": "user", "pos/pos_x": 57.20193, "pos/pos_y": 0.55267, "pos/pos_z": 77.03898, "pos/speed": 11.84566, "pos/cte": 1.438718, "milliseconds": 46201}