{"cam/image_array": "201_cam-image_array_.jpg", "user/angle": 0.02850428785058138, "user/throttle": 1.0, "user/mode": "user", "pos/pos_x": 58.91392, "pos/pos_y": 0.5544899, "pos/pos_z": 78.24355, "pos/speed": 3.617724, "pos/cte": -0.1640813, "milliseconds": 454377}