{"cam/image_array": "14_cam-image_array_.jpg", "user/angle": -0.027741325113681447, "user/throttle": 1.0, "user/mode": "user", "pos/pos_x": 49.66647, "pos/pos_y": 0.551013, "pos/pos_z": 53.46453, "pos/speed": 5.238776, "pos/cte": -0.02352905, "milliseconds": 6400}