{"cam/image_array": "121_cam-image_array_.jpg", "user/angle": 0.0456556901760918, "user/throttle": 1.0, "user/mode": "user", "pos/pos_x": 71.00126, "pos/pos_y": 0.5540728, "pos/pos_z": 69.5406, "pos/speed": 8.427152, "pos/cte": -2.354662, "milliseconds": 30060}