{"cam/image_array": "90_cam-image_array_.jpg", "user/angle": 0.02563554795983764, "user/throttle": 1.0, "user/mode": "user", "pos/pos_x": 47.66, "pos/pos_y": 0.5535603, "pos/pos_z": 19.58905, "pos/speed": 12.57568, "pos/cte": -1.940943, "milliseconds": 23205}