{"cam/image_array": "148_cam-image_array_.jpg", "user/angle": 1.0, "user/throttle": 0.026032288583025604, "user/mode": "user", "pos/pos_x": 87.23714, "pos/pos_y": 0.5508593, "pos/pos_z": -1.30613, "pos/speed": 10.80715, "pos/cte": -0.7720841, "milliseconds": 36030}