{"cam/image_array": "226_cam-image_array_.jpg", "user/angle": -0.02868739890743736, "user/throttle": 1.0, "user/mode": "user", "pos/pos_x": 76.43256, "pos/pos_y": 0.5497808, "pos/pos_z": 41.82538, "pos/speed": 10.85294, "pos/cte": -2.394196, "milliseconds": 459905}