{"cam/image_array": "136_cam-image_array_.jpg", "user/angle": -0.2675557725760674, "user/throttle": 1.0, "user/mode": "user", "pos/pos_x": 79.69627, "pos/pos_y": 0.5554957, "pos/pos_z": 33.94521, "pos/speed": 13.57973, "pos/cte": -7.766899, "milliseconds": 33377}