{"cam/image_array": "192_cam-image_array_.jpg", "user/angle": 1.0, "user/throttle": -0.0019226660969878231, "user/mode": "user", "pos/pos_x": 58.91045, "pos/pos_y": 0.5544797, "pos/pos_z": 78.56037, "pos/speed": 11.14257, "pos/cte": -0.3500976, "milliseconds": 46422}