{"cam/image_array": "96_cam-image_array_.jpg", "user/angle": 0.0848109378337962, "user/throttle": 1.0, "user/mode": "user", "pos/pos_x": 44.79208, "pos/pos_y": 0.5556515, "pos/pos_z": 36.94073, "pos/speed": 14.38319, "pos/cte": -4.569443, "milliseconds": 24532}