{"cam/image_array": "127_cam-image_array_.jpg", "user/angle": 0.08096560563982055, "user/throttle": 1.0, "user/mode": "user", "pos/pos_x": 77.12061, "pos/pos_y": 0.554244, "pos/pos_z": 58.10624, "pos/speed": 10.8122, "pos/cte": 0.09765519, "milliseconds": 31387}