{"cam/image_array": "55_cam-image_array_.jpg", "user/angle": 0.048982207708975496, "user/throttle": 0.9760429700613422, "user/mode": "user", "pos/pos_x": 82.08013, "pos/pos_y": 0.554526, "pos/pos_z": 27.48933, "pos/speed": 13.7354, "pos/cte": -9.130329, "milliseconds": 15466}