{"cam/image_array": "196_cam-image_array_.jpg", "user/angle": 1.0, "user/throttle": -0.0014648884548478652, "user/mode": "user", "pos/pos_x": 67.31956, "pos/pos_y": 0.5548676, "pos/pos_z": 81.52807, "pos/speed": 8.420414, "pos/cte": -7.171217, "milliseconds": 47307}