{"cam/image_array": "185_cam-image_array_.jpg", "user/angle": 0.0, "user/throttle": 0.4118472853785821, "user/mode": "user", "pos/pos_x": 49.1343, "pos/pos_y": 0.5557976, "pos/pos_z": 49.16419, "pos/speed": 15.81455, "pos/cte": -0.5557022, "milliseconds": 44213}