{"cam/image_array": "116_cam-image_array_.jpg", "user/angle": 0.04376354258857997, "user/throttle": 1.0, "user/mode": "user", "pos/pos_x": 66.18706, "pos/pos_y": 0.5540915, "pos/pos_z": 76.24913, "pos/speed": 7.097982, "pos/cte": -3.050758, "milliseconds": 28955}