{"cam/image_array": "220_cam-image_array_.jpg", "user/angle": 0.05807672353282266, "user/throttle": 1.0, "user/mode": "user", "pos/pos_x": 77.78918, "pos/pos_y": 0.552176, "pos/pos_z": 55.54174, "pos/speed": 10.3891, "pos/cte": 0.2988741, "milliseconds": 458578}