{"cam/image_array": "206_cam-image_array_.jpg", "user/angle": 0.7300637836848048, "user/throttle": 1.0, "user/mode": "user", "pos/pos_x": 63.11968, "pos/pos_y": 0.5547701, "pos/pos_z": 76.16818, "pos/speed": 5.504228, "pos/cte": -0.6657336, "milliseconds": 455483}