{"cam/image_array": "65_cam-image_array_.jpg", "user/angle": 1.0, "user/throttle": 0.03344828638569292, "user/mode": "user", "pos/pos_x": 85.85446, "pos/pos_y": 0.5520456, "pos/pos_z": -0.6930977, "pos/speed": 11.22518, "pos/cte": 0.7332132, "milliseconds": 17678}