{"cam/image_array": "225_cam-image_array_.jpg", "user/angle": -0.025788140507217627, "user/throttle": 1.0, "user/mode": "user", "pos/pos_x": 76.15541, "pos/pos_y": 0.5503336, "pos/pos_z": 45.04417, "pos/speed": 10.78917, "pos/cte": -0.5679723, "milliseconds": 459684}