{"cam/image_array": "217_cam-image_array_.jpg", "user/angle": 0.6040528580584125, "user/throttle": 1.0, "user/mode": "user", "pos/pos_x": 75.28461, "pos/pos_y": 0.5555872, "pos/pos_z": 62.21547, "pos/speed": 9.917211, "pos/cte": -0.854457, "milliseconds": 457915}