{"cam/image_array": "239_cam-image_array_.jpg", "user/angle": 1.0, "user/throttle": 0.012268440809350871, "user/mode": "user", "pos/pos_x": 85.80548, "pos/pos_y": 0.5683802, "pos/pos_z": 9.609899, "pos/speed": 12.19836, "pos/cte": -0.1036378, "milliseconds": 462780}