{"cam/image_array": "131_cam-image_array_.jpg", "user/angle": 0.03897213660084842, "user/throttle": 1.0, "user/mode": "user", "pos/pos_x": 78.97856, "pos/pos_y": 0.5556334, "pos/pos_z": 48.0484, "pos/speed": 12.0232, "pos/cte": -1.61744, "milliseconds": 32271}