{"cam/image_array": "133_cam-image_array_.jpg", "user/angle": 0.036133915219580676, "user/throttle": 1.0, "user/mode": "user", "pos/pos_x": 79.34359, "pos/pos_y": 0.555418, "pos/pos_z": 43.12514, "pos/speed": 12.61423, "pos/cte": -4.287799, "milliseconds": 32714}