{"cam/image_array": "104_cam-image_array_.jpg", "user/angle": 1.0, "user/throttle": 0.03225806451612903, "user/mode": "user", "pos/pos_x": 45.51398, "pos/pos_y": 0.5546373, "pos/pos_z": 64.15031, "pos/speed": 14.64051, "pos/cte": -4.176018, "milliseconds": 26300}