{"cam/image_array": "86_cam-image_array_.jpg", "user/angle": 0.02465895565660573, "user/throttle": 1.0, "user/mode": "user", "pos/pos_x": 50.52993, "pos/pos_y": 0.553727, "pos/pos_z": 8.726921, "pos/speed": 11.60826, "pos/cte": 0.4524666, "milliseconds": 22321}