{"cam/image_array": "128_cam-image_array_.jpg", "user/angle": 0.10388500625629445, "user/throttle": 1.0, "user/mode": "user", "pos/pos_x": 77.75742, "pos/pos_y": 0.5548229, "pos/pos_z": 56.02105, "pos/speed": 11.06445, "pos/cte": 0.2552465, "milliseconds": 31608}