{"cam/image_array": "240_cam-image_array_.jpg", "user/angle": 1.0, "user/throttle": 0.054109317300943024, "user/mode": "user", "pos/pos_x": 87.16879, "pos/pos_y": 0.5445308, "pos/pos_z": 7.668402, "pos/speed": 11.48902, "pos/cte": 0.03542305, "milliseconds": 463001}