{"cam/image_array": "21_cam-image_array_.jpg", "user/angle": 0.8942228461561937, "user/throttle": 1.0, "user/mode": "user", "pos/pos_x": 49.40343, "pos/pos_y": 0.5551414, "pos/pos_z": 64.38056, "pos/speed": 8.363576, "pos/cte": -0.2865715, "milliseconds": 7948}