{"cam/image_array": "16_cam-image_array_.jpg", "user/angle": -0.019074068422498244, "user/throttle": 1.0, "user/mode": "user", "pos/pos_x": 49.63836, "pos/pos_y": 0.5576186, "pos/pos_z": 55.70034, "pos/speed": 6.088851, "pos/cte": -0.05163574, "milliseconds": 6843}