{"cam/image_array": "9_cam-image_array_.jpg", "user/angle": -0.010895107882930999, "user/throttle": 1.0, "user/mode": "user", "pos/pos_x": 49.68572, "pos/pos_y": 0.5702136, "pos/pos_z": 49.15575, "pos/speed": 2.58117, "pos/cte": -0.004276276, "milliseconds": 5295}