{"cam/image_array": "149_cam-image_array_.jpg", "user/angle": 1.0, "user/throttle": 0.01989806817835017, "user/mode": "user", "pos/pos_x": 86.98736, "pos/pos_y": 0.5535296, "pos/pos_z": -3.390601, "pos/speed": 10.18409, "pos/cte": -2.104425, "milliseconds": 36252}