{"cam/image_array": "108_cam-image_array_.jpg", "user/angle": 1.0, "user/throttle": 0.03131199072237312, "user/mode": "user", "pos/pos_x": 51.20972, "pos/pos_y": 0.5531025, "pos/pos_z": 73.77044, "pos/speed": 11.76295, "pos/cte": 0.9779617, "milliseconds": 27185}