{"cam/image_array": "132_cam-image_array_.jpg", "user/angle": 0.03994872890408033, "user/throttle": 1.0, "user/mode": "user", "pos/pos_x": 79.1759, "pos/pos_y": 0.5556162, "pos/pos_z": 45.61712, "pos/speed": 12.32926, "pos/cte": -2.914743, "milliseconds": 32493}