{"cam/image_array": "162_cam-image_array_.jpg", "user/angle": 0.03326517532883694, "user/throttle": 1.0, "user/mode": "user", "pos/pos_x": 68.97128, "pos/pos_y": 0.5555221, "pos/pos_z": -7.68631, "pos/speed": 9.532887, "pos/cte": -3.928308, "milliseconds": 39126}