{"cam/image_array": "3_cam-image_array_.jpg", "user/angle": -0.01239051484725486, "user/throttle": 1.0, "user/mode": "user", "pos/pos_x": 49.69002, "pos/pos_y": 0.5553398, "pos/pos_z": 47.83834, "pos/speed": 0.00530711, "pos/cte": 2.288818e-05, "milliseconds": 3968}