{"cam/image_array": "61_cam-image_array_.jpg", "user/angle": 1.0, "user/throttle": 0.033661915952024904, "user/mode": "user", "pos/pos_x": 86.68837, "pos/pos_y": 0.5569398, "pos/pos_z": 9.381921, "pos/speed": 14.19025, "pos/cte": -0.5598581, "milliseconds": 16793}