{"cam/image_array": "54_cam-image_array_.jpg", "user/angle": 0.04947050386059145, "user/throttle": 0.9770195623645741, "user/mode": "user", "pos/pos_x": 80.76264, "pos/pos_y": 0.5548096, "pos/pos_z": 31.32808, "pos/speed": 13.28465, "pos/cte": -8.819284, "milliseconds": 15245}