{"cam/image_array": "11_cam-image_array_.jpg", "user/angle": -0.01239051484725486, "user/throttle": 1.0, "user/mode": "user", "pos/pos_x": 49.68184, "pos/pos_y": 0.5530195, "pos/pos_z": 50.39604, "pos/speed": 3.550549, "pos/cte": -0.008155823, "milliseconds": 5737}