{"cam/image_array": "20_cam-image_array_.jpg", "user/angle": 0.09576708273567919, "user/throttle": 1.0, "user/mode": "user", "pos/pos_x": 49.45719, "pos/pos_y": 0.5536951, "pos/pos_z": 62.74054, "pos/speed": 7.977951, "pos/cte": -0.2328072, "milliseconds": 7727}