{"cam/image_array": "141_cam-image_array_.jpg", "user/angle": -0.0152287362285226, "user/throttle": 0.03793450727866451, "user/mode": "user", "pos/pos_x": 80.40636, "pos/pos_y": 0.5513865, "pos/pos_z": 19.82019, "pos/speed": 14.49839, "pos/cte": -3.565257, "milliseconds": 34483}