{"cam/image_array": "68_cam-image_array_.jpg", "user/angle": 1.0, "user/throttle": 0.6639606921597949, "user/mode": "user", "pos/pos_x": 82.10891, "pos/pos_y": 0.5533992, "pos/pos_z": -6.768824, "pos/speed": 9.415961, "pos/cte": -3.125504, "milliseconds": 18341}