{"cam/image_array": "175_cam-image_array_.jpg", "user/angle": 0.06570635090182196, "user/throttle": 1.0, "user/mode": "user", "pos/pos_x": 47.97288, "pos/pos_y": 0.5507051, "pos/pos_z": 17.8032, "pos/speed": 13.12215, "pos/cte": -1.706257, "milliseconds": 42001}