{"cam/image_array": "42_cam-image_array_.jpg", "user/angle": 0.6288644062623981, "user/throttle": 1.0, "user/mode": "user", "pos/pos_x": 77.42926, "pos/pos_y": 0.5535458, "pos/pos_z": 62.86063, "pos/speed": 11.49561, "pos/cte": -2.904265, "milliseconds": 12592}