{"cam/image_array": "122_cam-image_array_.jpg", "user/angle": 0.10962248603778192, "user/throttle": 1.0, "user/mode": "user", "pos/pos_x": 71.9245, "pos/pos_y": 0.5577562, "pos/pos_z": 68.06402, "pos/speed": 8.888452, "pos/cte": -2.097739, "milliseconds": 30281}