{"cam/image_array": "178_cam-image_array_.jpg", "user/angle": 0.06234931485946226, "user/throttle": 1.0, "user/mode": "user", "pos/pos_x": 47.53645, "pos/pos_y": 0.5521754, "pos/pos_z": 25.94934, "pos/speed": 14.01857, "pos/cte": -1.786938, "milliseconds": 42665}