{"cam/image_array": "114_cam-image_array_.jpg", "user/angle": 1.0, "user/throttle": 0.0674459059419538, "user/mode": "user", "pos/pos_x": 62.77143, "pos/pos_y": 0.5535609, "pos/pos_z": 77.8727, "pos/speed": 8.225188, "pos/cte": -1.597501, "milliseconds": 28512}