{"cam/image_array": "101_cam-image_array_.jpg", "user/angle": 1.0, "user/throttle": 0.03131199072237312, "user/mode": "user", "pos/pos_x": 43.98701, "pos/pos_y": 0.5611267, "pos/pos_z": 53.43039, "pos/speed": 15.62463, "pos/cte": -5.702984, "milliseconds": 25637}