{"cam/image_array": "8_cam-image_array_.jpg", "user/angle": -0.010895107882930999, "user/throttle": 1.0, "user/mode": "user", "pos/pos_x": 49.68765, "pos/pos_y": 0.5627126, "pos/pos_z": 48.68689, "pos/speed": 2.067067, "pos/cte": -0.002349854, "milliseconds": 5074}