{"cam/image_array": "97_cam-image_array_.jpg", "user/angle": 0.08706930753501999, "user/throttle": 1.0, "user/mode": "user", "pos/pos_x": 44.46304, "pos/pos_y": 0.5551916, "pos/pos_z": 39.82382, "pos/speed": 14.6195, "pos/cte": -4.923629, "milliseconds": 24753}