{"cam/image_array": "39_cam-image_array_.jpg", "user/angle": 0.5554063539536729, "user/throttle": 1.0, "user/mode": "user", "pos/pos_x": 73.71309, "pos/pos_y": 0.5559346, "pos/pos_z": 68.54445, "pos/speed": 11.02928, "pos/cte": -3.769808, "milliseconds": 11928}