{"cam/image_array": "208_cam-image_array_.jpg", "user/angle": 0.45133823664052247, "user/throttle": 1.0, "user/mode": "user", "pos/pos_x": 65.189, "pos/pos_y": 0.5563109, "pos/pos_z": 75.06693, "pos/speed": 6.199466, "pos/cte": -1.52405, "milliseconds": 455925}