{"cam/image_array": "53_cam-image_array_.jpg", "user/angle": 0.04947050386059145, "user/throttle": 0.9703360087893307, "user/mode": "user", "pos/pos_x": 79.84033, "pos/pos_y": 0.5606217, "pos/pos_z": 33.81084, "pos/speed": 13.10471, "pos/cte": -7.931159, "milliseconds": 15024}