{"cam/image_array": "236_cam-image_array_.jpg", "user/angle": 1.0, "user/throttle": 0.9284646137882626, "user/mode": "user", "pos/pos_x": 81.33933, "pos/pos_y": 0.5486406, "pos/pos_z": 15.29287, "pos/speed": 12.19246, "pos/cte": -1.026652, "milliseconds": 462117}