{"cam/image_array": "1_cam-image_array_.jpg", "user/angle": -0.01239051484725486, "user/throttle": 0.05603198339793085, "user/mode": "user", "pos/pos_x": 49.69005, "pos/pos_y": 0.5553058, "pos/pos_z": 47.8381, "pos/speed": 5.312552e-05, "pos/cte": 5.340576e-05, "milliseconds": 3526}