{"cam/image_array": "168_cam-image_array_.jpg", "user/angle": 0.30051576281014436, "user/throttle": 1.0, "user/mode": "user", "pos/pos_x": 57.31578, "pos/pos_y": 0.5549834, "pos/pos_z": 0.6403947, "pos/speed": 11.73705, "pos/cte": 3.691078, "milliseconds": 40453}