{"cam/image_array": "219_cam-image_array_.jpg", "user/angle": 0.5525376140629291, "user/throttle": 1.0, "user/mode": "user", "pos/pos_x": 77.10184, "pos/pos_y": 0.5572954, "pos/pos_z": 58.56969, "pos/speed": 10.35733, "pos/cte": -0.1213945, "milliseconds": 458357}