{"cam/image_array": "137_cam-image_array_.jpg", "user/angle": -0.41911069063386946, "user/throttle": 1.0, "user/mode": "user", "pos/pos_x": 79.72242, "pos/pos_y": 0.5555128, "pos/pos_z": 31.19769, "pos/speed": 13.84763, "pos/cte": -7.777964, "milliseconds": 33598}