{"cam/image_array": "179_cam-image_array_.jpg", "user/angle": 0.06189153721732231, "user/throttle": 1.0, "user/mode": "user", "pos/pos_x": 47.5409, "pos/pos_y": 0.5535878, "pos/pos_z": 28.77107, "pos/speed": 14.26152, "pos/cte": -1.749437, "milliseconds": 42886}