{"cam/image_array": "105_cam-image_array_.jpg", "user/angle": 1.0, "user/throttle": 0.03225806451612903, "user/mode": "user", "pos/pos_x": 46.5236, "pos/pos_y": 0.5520255, "pos/pos_z": 66.81226, "pos/speed": 13.89201, "pos/cte": -3.166401, "milliseconds": 26522}