{"cam/image_array": "229_cam-image_array_.jpg", "user/angle": 0.020844141972106083, "user/throttle": 1.0, "user/mode": "user", "pos/pos_x": 78.48457, "pos/pos_y": 0.5526683, "pos/pos_z": 34.61378, "pos/speed": 11.71793, "pos/cte": -6.461463, "milliseconds": 460569}