{"cam/image_array": "15_cam-image_array_.jpg", "user/angle": 0.020844141972106083, "user/throttle": 1.0, "user/mode": "user", "pos/pos_x": 49.72305, "pos/pos_y": 0.5632939, "pos/pos_z": 51.48795, "pos/speed": 4.183717, "pos/cte": 0.03305435, "milliseconds": 3318}