{"cam/image_array": "7_cam-image_array_.jpg", "user/angle": 0.022736289559617907, "user/throttle": 1.0, "user/mode": "user", "pos/pos_x": 49.69028, "pos/pos_y": 0.5558076, "pos/pos_z": 47.87716, "pos/speed": 0.09219188, "pos/cte": 0.0002822876, "milliseconds": 1549}