{"cam/image_array": "288_cam-image_array_.jpg", "user/angle": -0.031556138798181095, "user/throttle": 0.027680288094729454, "user/mode": "user", "pos/pos_x": 42.98766, "pos/pos_y": 0.5611181, "pos/pos_z": 52.99864, "pos/speed": 15.65741, "pos/cte": -6.702335, "milliseconds": 109680}