{"cam/image_array": "299_cam-image_array_.jpg", "user/angle": -0.031556138798181095, "user/throttle": 0.027680288094729454, "user/mode": "user", "pos/pos_x": 35.60593, "pos/pos_y": 0.557731, "pos/pos_z": 72.03526, "pos/speed": 13.63794, "pos/cte": -14.08406, "milliseconds": 112116}