{"cam/image_array": "277_cam-image_array_.jpg", "user/angle": -0.5438398388622699, "user/throttle": 1.0, "user/mode": "user", "pos/pos_x": 49.29853, "pos/pos_y": 0.5604225, "pos/pos_z": 17.12272, "pos/speed": 13.6251, "pos/cte": -0.4115469, "milliseconds": 107248}