{"cam/image_array": "197_cam-image_array_.jpg", "user/angle": 0.04611346781823176, "user/throttle": 1.0, "user/mode": "user", "pos/pos_x": 53.62946, "pos/pos_y": 0.5569617, "pos/pos_z": 91.18313, "pos/speed": 1.57768, "pos/cte": -13.14338, "milliseconds": 89557}