{"cam/image_array": "62_cam-image_array_.jpg", "user/angle": 1.0, "user/throttle": 0.014160588396862697, "user/mode": "user", "pos/pos_x": 80.98808, "pos/pos_y": 0.558525, "pos/pos_z": 18.62021, "pos/speed": 15.04072, "pos/cte": -3.153678, "milliseconds": 13716}