{"cam/image_array": "192_cam-image_array_.jpg", "user/angle": 0.04660176396984771, "user/throttle": -0.03332621234778894, "user/mode": "user", "pos/pos_x": 54.17124, "pos/pos_y": 0.5554646, "pos/pos_z": 88.14796, "pos/speed": 3.339517, "pos/cte": -10.0629, "milliseconds": 88452}