{"cam/image_array": "21_cam-image_array_.jpg", "user/angle": 0.07333597827082125, "user/throttle": 1.0, "user/mode": "user", "pos/pos_x": 49.96453, "pos/pos_y": 0.5553527, "pos/pos_z": 58.82173, "pos/speed": 6.998797, "pos/cte": 0.2745361, "milliseconds": 4644}