{"cam/image_array": "55_cam-image_array_.jpg", "user/angle": -0.3552964873195593, "user/throttle": 1.0, "user/mode": "user", "pos/pos_x": 75.62746, "pos/pos_y": 0.5553749, "pos/pos_z": 39.2237, "pos/speed": 13.88448, "pos/cte": -2.620498, "milliseconds": 12168}