{"cam/image_array": "266_cam-image_array_.jpg", "user/angle": 0.0008239997558519242, "user/throttle": 1.0, "user/mode": "user", "pos/pos_x": 59.62203, "pos/pos_y": 0.5577251, "pos/pos_z": -10.63896, "pos/speed": 11.40862, "pos/cte": -6.799263, "milliseconds": 104815}