{"cam/image_array": "104_cam-image_array_.jpg", "user/angle": -0.10348826563310648, "user/throttle": 1.0, "user/mode": "user", "pos/pos_x": 44.03378, "pos/pos_y": 0.5549425, "pos/pos_z": 44.84097, "pos/speed": 14.46377, "pos/cte": -5.396649, "milliseconds": 23003}