{"cam/image_array": "67_cam-image_array_.jpg", "user/angle": 1.0, "user/throttle": 0.010803552354503006, "user/mode": "user", "pos/pos_x": 86.92834, "pos/pos_y": 0.5507281, "pos/pos_z": 4.808734, "pos/speed": 12.14881, "pos/cte": 1.256404, "milliseconds": 14821}