{"cam/image_array": "58_cam-image_array_.jpg", "user/angle": -0.26371044038209174, "user/throttle": 1.0, "user/mode": "user", "pos/pos_x": 75.98634, "pos/pos_y": 0.5511175, "pos/pos_z": 30.71033, "pos/speed": 14.37194, "pos/cte": -3.950285, "milliseconds": 12832}