{"cam/image_array": "284_cam-image_array_.jpg", "user/angle": -0.03033539841914121, "user/throttle": 1.0, "user/mode": "user", "pos/pos_x": 47.14873, "pos/pos_y": 0.5542972, "pos/pos_z": 39.65365, "pos/speed": 15.02069, "pos/cte": -2.236554, "milliseconds": 108795}