{"cam/image_array": "228_cam-image_array_.jpg", "user/angle": 0.5748161259804071, "user/throttle": 1.0, "user/mode": "user", "pos/pos_x": 77.34857, "pos/pos_y": 0.5563328, "pos/pos_z": 55.60098, "pos/speed": 12.40393, "pos/cte": 0.7853127, "milliseconds": 96412}