{"cam/image_array": "203_cam-image_array_.jpg", "user/angle": -0.3337199011200293, "user/throttle": 1.0, "user/mode": "user", "pos/pos_x": 53.69543, "pos/pos_y": 0.5548804, "pos/pos_z": 90.83286, "pos/speed": 1.972796, "pos/cte": -12.78713, "milliseconds": 90885}