{"cam/image_array": "196_cam-image_array_.jpg", "user/angle": 0.046967986083559676, "user/throttle": 1.0, "user/mode": "user", "pos/pos_x": 53.69758, "pos/pos_y": 0.5552809, "pos/pos_z": 90.82642, "pos/speed": 2.161295, "pos/cte": -12.78039, "milliseconds": 89336}