{"cam/image_array": "245_cam-image_array_.jpg", "user/angle": 1.0, "user/throttle": 0.009430219428083133, "user/mode": "user", "pos/pos_x": 86.14458, "pos/pos_y": 0.5580895, "pos/pos_z": 4.829412, "pos/speed": 15.24573, "pos/cte": 2.006133, "milliseconds": 100172}