{"cam/image_array": "91_cam-image_array_.jpg", "user/angle": 0.020844141972106083, "user/throttle": 1.0, "user/mode": "user", "pos/pos_x": 48.80355, "pos/pos_y": 0.5528328, "pos/pos_z": 8.798131, "pos/speed": 12.06377, "pos/cte": -1.269163, "milliseconds": 20129}