{"cam/image_array": "208_cam-image_array_.jpg", "user/angle": -0.02868739890743736, "user/throttle": 1.0, "user/mode": "user", "pos/pos_x": 54.82799, "pos/pos_y": 0.553437, "pos/pos_z": 87.38306, "pos/speed": 4.508295, "pos/cte": -9.173979, "milliseconds": 91990}