{"cam/image_array": "241_cam-image_array_.jpg", "user/angle": -0.0037232581560716575, "user/throttle": 0.9427472762230292, "user/mode": "user", "pos/pos_x": 80.82739, "pos/pos_y": 0.553717, "pos/pos_z": 18.53882, "pos/speed": 14.8823, "pos/cte": -2.983002, "milliseconds": 99287}