{"cam/image_array": "129_cam-image_array_.jpg", "user/angle": -0.5438398388622699, "user/throttle": 1.0, "user/mode": "user", "pos/pos_x": 66.26276, "pos/pos_y": 0.5578254, "pos/pos_z": 70.55666, "pos/speed": 9.718517, "pos/cte": 0.588635, "milliseconds": 28751}