{"cam/image_array": "87_cam-image_array_.jpg", "user/angle": 0.8856471449934386, "user/throttle": 1.0, "user/mode": "user", "pos/pos_x": 56.79908, "pos/pos_y": 0.5558861, "pos/pos_z": 1.549043, "pos/speed": 11.7094, "pos/cte": 4.34713, "milliseconds": 19244}