{"cam/image_array": "80_cam-image_array_.jpg", "user/angle": 0.03897213660084842, "user/throttle": 1.0, "user/mode": "user", "pos/pos_x": 70.89037, "pos/pos_y": 0.5588855, "pos/pos_z": -6.68664, "pos/speed": 9.078363, "pos/cte": -2.945423, "milliseconds": 17696}