{"cam/image_array": "78_cam-image_array_.jpg", "user/angle": 0.03946043275246437, "user/throttle": 1.0, "user/mode": "user", "pos/pos_x": 74.79643, "pos/pos_y": 0.5541779, "pos/pos_z": -8.56976, "pos/speed": 8.195347, "pos/cte": -4.862559, "milliseconds": 17253}