{"cam/image_array": "158_cam-image_array_.jpg", "user/angle": 0.26139103366191596, "user/throttle": 1.0, "user/mode": "user", "pos/pos_x": 88.06525, "pos/pos_y": 0.5589383, "pos/pos_z": 9.916074, "pos/speed": 11.8064, "pos/cte": -1.905909, "milliseconds": 36045}