{"cam/image_array": "239_cam-image_array_.jpg", "user/angle": -0.18408764915921508, "user/throttle": 1.0, "user/mode": "user", "pos/pos_x": 79.08676, "pos/pos_y": 0.5576255, "pos/pos_z": 24.13166, "pos/speed": 14.39406, "pos/cte": -4.999205, "milliseconds": 98845}