{"cam/image_array": "56_cam-image_array_.jpg", "user/angle": -0.3394878994109928, "user/throttle": 1.0, "user/mode": "user", "pos/pos_x": 75.52965, "pos/pos_y": 0.5535311, "pos/pos_z": 36.41217, "pos/speed": 14.08532, "pos/cte": -3.283868, "milliseconds": 12389}