{"cam/image_array": "244_cam-image_array_.jpg", "user/angle": 1.0, "user/throttle": -0.006927701651051363, "user/mode": "user", "pos/pos_x": 84.97919, "pos/pos_y": 0.5559859, "pos/pos_z": 7.681773, "pos/speed": 15.60921, "pos/cte": 1.850755, "milliseconds": 99950}