{"cam/image_array": "236_cam-image_array_.jpg", "user/angle": -0.0967741935483871, "user/throttle": 1.0, "user/mode": "user", "pos/pos_x": 77.39948, "pos/pos_y": 0.5504279, "pos/pos_z": 32.38781, "pos/speed": 13.8187, "pos/cte": -5.465496, "milliseconds": 98182}