{"cam/image_array": "155_cam-image_array_.jpg", "user/angle": 0.06286812952055422, "user/throttle": 1.0, "user/mode": "user", "pos/pos_x": 86.92316, "pos/pos_y": 0.5520267, "pos/pos_z": 17.78988, "pos/speed": 11.31618, "pos/cte": -6.721399, "milliseconds": 35381}