{"cam/image_array": "242_cam-image_array_.jpg", "user/angle": -0.005645924253059481, "user/throttle": -0.0032654805139316996, "user/mode": "user", "pos/pos_x": 82.32569, "pos/pos_y": 0.556094, "pos/pos_z": 14.28064, "pos/speed": 15.19569, "pos/cte": -0.9960219, "milliseconds": 99508}