{"cam/image_array": "180_cam-image_array_.jpg", "user/angle": 0.03707998901333659, "user/throttle": 1.0, "user/mode": "user", "pos/pos_x": 52.22772, "pos/pos_y": 0.5526531, "pos/pos_z": -0.8145317, "pos/speed": 11.55733, "pos/cte": -0.7004849, "milliseconds": 40909}