{"cam/image_array": "1_cam-image_array_.jpg", "user/angle": 0.020844141972106083, "user/throttle": 0.049378948332163455, "user/mode": "user", "pos/pos_x": 49.69018, "pos/pos_y": 0.5534615, "pos/pos_z": 47.83802, "pos/speed": 0.02212363, "pos/cte": 0.0001792908, "milliseconds": 222}