{"cam/image_array": "142_cam-image_array_.jpg", "user/angle": -0.9184240241706595, "user/throttle": 1.0, "user/mode": "user", "pos/pos_x": 74.63237, "pos/pos_y": 0.5553219, "pos/pos_z": 41.85524, "pos/speed": 8.522447, "pos/cte": -0.7239718, "milliseconds": 32507}