{"cam/image_array": "11_cam-image_array_.jpg", "user/angle": 0.020142216254158147, "user/throttle": 1.0, "user/mode": "user", "pos/pos_x": 49.69145, "pos/pos_y": 0.5587584, "pos/pos_z": 48.48117, "pos/speed": 1.731958, "pos/cte": 0.0014534, "milliseconds": 2433}