{"cam/image_array": "265_cam-image_array_.jpg", "user/angle": 0.0017700735496078372, "user/throttle": 1.0, "user/mode": "user", "pos/pos_x": 60.85434, "pos/pos_y": 0.5574933, "pos/pos_z": -12.5211, "pos/speed": 11.03927, "pos/cte": -8.692084, "milliseconds": 104594}