{"cam/image_array": "267_cam-image_array_.jpg", "user/angle": 0.00271614734336375, "user/throttle": 1.0, "user/mode": "user", "pos/pos_x": 58.35593, "pos/pos_y": 0.5520359, "pos/pos_z": -8.708805, "pos/speed": 11.73785, "pos/cte": -5.025388, "milliseconds": 105036}