{"cam/image_array": "70_cam-image_array_.jpg", "user/angle": 1.0, "user/throttle": 0.014160588396862697, "user/mode": "user", "pos/pos_x": 86.06396, "pos/pos_y": 0.5523686, "pos/pos_z": -2.719171, "pos/speed": 9.759267, "pos/cte": -0.9752021, "milliseconds": 15484}