{"cam/image_array": "9_cam-image_array_.jpg", "user/angle": 0.020844141972106083, "user/throttle": 1.0, "user/mode": "user", "pos/pos_x": 49.69062, "pos/pos_y": 0.5528731, "pos/pos_z": 47.98066, "pos/speed": 0.6893122, "pos/cte": 0.0006217957, "milliseconds": 1991}