{"cam/image_array": "107_cam-image_array_.jpg", "user/angle": -0.020050660725730154, "user/throttle": -9.155552842799158e-05, "user/mode": "user", "pos/pos_x": 45.94617, "pos/pos_y": 0.5535875, "pos/pos_z": 55.52109, "pos/speed": 14.80412, "pos/cte": -3.743824, "milliseconds": 23666}