{"cam/image_array": "156_cam-image_array_.jpg", "user/angle": 0.060945463423566396, "user/throttle": 1.0, "user/mode": "user", "pos/pos_x": 87.57969, "pos/pos_y": 0.551082, "pos/pos_z": 15.63304, "pos/speed": 11.27987, "pos/cte": -5.6432, "milliseconds": 35602}