{"cam/image_array": "193_cam-image_array_.jpg", "user/angle": 0.04611346781823176, "user/throttle": 1.0, "user/mode": "user", "pos/pos_x": 54.06139, "pos/pos_y": 0.5558913, "pos/pos_z": 88.79947, "pos/speed": 3.274405, "pos/cte": -10.72274, "milliseconds": 88673}