{"cam/image_array": "52_cam-image_array_.jpg", "user/angle": -0.059389019440290534, "user/throttle": 1.0, "user/mode": "user", "pos/pos_x": 76.38004, "pos/pos_y": 0.5560207, "pos/pos_z": 48.6472, "pos/speed": 13.09391, "pos/cte": 1.031924, "milliseconds": 11505}