{"cam/image_array": "76_cam-image_array_.jpg", "user/angle": 0.17358928189947204, "user/throttle": 1.0, "user/mode": "user", "pos/pos_x": 77.96852, "pos/pos_y": 0.5531563, "pos/pos_z": -9.122057, "pos/speed": 7.958493, "pos/cte": -5.442516, "milliseconds": 16811}