{"cam/image_array": "217_cam-image_array_.jpg", "user/angle": 0.08386486404004029, "user/throttle": 1.0, "user/mode": "user", "pos/pos_x": 63.2297, "pos/pos_y": 0.5555147, "pos/pos_z": 77.24358, "pos/speed": 8.562575, "pos/cte": -1.447811, "milliseconds": 93980}