{"cam/image_array": "71_cam-image_array_.jpg", "user/angle": 1.0, "user/throttle": 0.009765923032319102, "user/mode": "user", "pos/pos_x": 85.23568, "pos/pos_y": 0.5540897, "pos/pos_z": -4.43243, "pos/speed": 9.223749, "pos/cte": -1.975301, "milliseconds": 15706}