{"cam/image_array": "109_cam-image_array_.jpg", "user/angle": 1.0, "user/throttle": -0.002380443739127781, "user/mode": "user", "pos/pos_x": 45.65434, "pos/pos_y": 0.5578914, "pos/pos_z": 61.51518, "pos/speed": 15.16854, "pos/cte": -4.035664, "milliseconds": 24108}