{"cam/image_array": "226_cam-image_array_.jpg", "user/angle": 0.43128757591479233, "user/throttle": 1.0, "user/mode": "user", "pos/pos_x": 75.25447, "pos/pos_y": 0.5554889, "pos/pos_z": 60.01807, "pos/speed": 11.95308, "pos/cte": 0.5955551, "milliseconds": 95970}