{"cam/image_array": "134_cam-image_array_.jpg", "user/angle": 1.0, "user/throttle": 0.014160588396862697, "user/mode": "user", "pos/pos_x": 78.32627, "pos/pos_y": 0.5533207, "pos/pos_z": 55.33694, "pos/speed": 9.240998, "pos/cte": -0.1919045, "milliseconds": 30738}