{"cam/image_array": "23_cam-image_array_.jpg", "user/angle": 0.08862575151829585, "user/throttle": 1.0, "user/mode": "user", "pos/pos_x": 50.12538, "pos/pos_y": 0.5547718, "pos/pos_z": 61.76596, "pos/speed": 7.67953, "pos/cte": 0.435379, "milliseconds": 5086}