{"cam/image_array": "26_cam-image_array_.jpg", "user/angle": 0.4666280098879971, "user/throttle": 1.0, "user/mode": "user", "pos/pos_x": 50.69147, "pos/pos_y": 0.5553904, "pos/pos_z": 67.6366, "pos/speed": 9.108385, "pos/cte": 1.001472, "milliseconds": 5750}