{"cam/image_array": "53_cam-image_array_.jpg", "user/angle": -0.23010956144901884, "user/throttle": 1.0, "user/mode": "user", "pos/pos_x": 76.17789, "pos/pos_y": 0.5553439, "pos/pos_z": 46.02153, "pos/speed": 13.36525, "pos/cte": -0.1062659, "milliseconds": 11726}