{"cam/image_array": "65_cam-image_array_.jpg", "user/angle": 1.0, "user/throttle": 0.017975402081362345, "user/mode": "user", "pos/pos_x": 85.23919, "pos/pos_y": 0.5556312, "pos/pos_z": 11.02635, "pos/speed": 13.76126, "pos/cte": -0.7169994, "milliseconds": 14379}