{"cam/image_array": "294_cam-image_array_.jpg", "user/angle": -0.031556138798181095, "user/throttle": 0.027680288094729454, "user/mode": "user", "pos/pos_x": 36.1656, "pos/pos_y": 0.5573094, "pos/pos_z": 70.78822, "pos/speed": 13.71922, "pos/cte": -13.5244, "milliseconds": 111007}