{"cam/image_array": "249_cam-image_array_.jpg", "user/angle": 1.0, "user/throttle": 0.5602893154698324, "user/mode": "user", "pos/pos_x": 88.11593, "pos/pos_y": 0.551572, "pos/pos_z": -7.065339, "pos/speed": 11.72964, "pos/cte": -5.705729, "milliseconds": 101056}