{"cam/image_array": "224_cam-image_array_.jpg", "user/angle": 0.09149449140903958, "user/throttle": 1.0, "user/mode": "user", "pos/pos_x": 72.1384, "pos/pos_y": 0.5555794, "pos/pos_z": 65.41856, "pos/speed": 11.12859, "pos/cte": -0.5423034, "milliseconds": 95528}