{"cam/image_array": "147_cam-image_array_.jpg", "user/angle": -0.02197332682271798, "user/throttle": 1.0, "user/mode": "user", "pos/pos_x": 76.01377, "pos/pos_y": 0.5558468, "pos/pos_z": 32.75409, "pos/speed": 9.19727, "pos/cte": -4.083041, "milliseconds": 33612}