{"cam/image_array": "45_cam-image_array_.jpg", "user/angle": 0.03421124912259285, "user/throttle": 1.0, "user/mode": "user", "pos/pos_x": 76.84723, "pos/pos_y": 0.557354, "pos/pos_z": 66.95232, "pos/speed": 10.69991, "pos/cte": -5.119025, "milliseconds": 9957}