{"cam/image_array": "105_cam-image_array_.jpg", "user/angle": -0.030091250343333233, "user/throttle": 1.0, "user/mode": "user", "pos/pos_x": 44.93053, "pos/pos_y": 0.5562549, "pos/pos_z": 48.23599, "pos/speed": 14.71756, "pos/cte": 0.0, "milliseconds": 23224}