{"cam/image_array": "262_cam-image_array_.jpg", "user/angle": 0.001281777397991882, "user/throttle": 1.0, "user/mode": "user", "pos/pos_x": 65.72429, "pos/pos_y": 0.552089, "pos/pos_z": -18.12161, "pos/speed": 10.53374, "pos/cte": -14.33488, "milliseconds": 103931}