{"cam/image_array": "200_cam-image_array_.jpg", "user/angle": 0.0456556901760918, "user/throttle": 1.0, "user/mode": "user", "pos/pos_x": 53.55063, "pos/pos_y": 0.5561152, "pos/pos_z": 91.58565, "pos/speed": 0.1335869, "pos/cte": -13.55342, "milliseconds": 90221}