{"cam/image_array": "96_cam-image_array_.jpg", "user/angle": 0.01892147587511826, "user/throttle": 1.0, "user/mode": "user", "pos/pos_x": 44.84183, "pos/pos_y": 0.5507582, "pos/pos_z": 21.65371, "pos/speed": 12.92614, "pos/cte": -4.666367, "milliseconds": 21234}