{"cam/image_array": "198_cam-image_array_.jpg", "user/angle": 0.0456556901760918, "user/throttle": 1.0, "user/mode": "user", "pos/pos_x": 53.58142, "pos/pos_y": 0.5531052, "pos/pos_z": 91.42932, "pos/speed": 0.9866604, "pos/cte": -13.39414, "milliseconds": 89779}