{"cam/image_array": "279_cam-image_array_.jpg", "user/angle": -0.027741325113681447, "user/throttle": 1.0, "user/mode": "user", "pos/pos_x": 49.88762, "pos/pos_y": 0.5509658, "pos/pos_z": 22.65109, "pos/speed": 14.09008, "pos/cte": 0.4181199, "milliseconds": 107690}