{"cam/image_array": "137_cam-image_array_.jpg", "user/angle": 0.0038453321939756462, "user/throttle": 1.0, "user/mode": "user", "pos/pos_x": 78.71769, "pos/pos_y": 0.5535199, "pos/pos_z": 49.38862, "pos/speed": 7.360691, "pos/cte": -0.9241583, "milliseconds": 31401}