{"cam/image_array": "232_cam-image_array_.jpg", "user/angle": -0.4296395764030885, "user/throttle": 1.0, "user/mode": "user", "pos/pos_x": 78.42679, "pos/pos_y": 0.5594788, "pos/pos_z": 44.43652, "pos/speed": 12.98242, "pos/cte": -2.8441, "milliseconds": 97297}