{"cam/image_array": "234_cam-image_array_.jpg", "user/angle": -0.1620227668080691, "user/throttle": 1.0, "user/mode": "user", "pos/pos_x": 77.68642, "pos/pos_y": 0.5518855, "pos/pos_z": 39.19833, "pos/speed": 13.45936, "pos/cte": -4.60484, "milliseconds": 97739}