{"cam/image_array": "185_cam-image_array_.jpg", "user/angle": -0.5246436964018677, "user/throttle": 1.0, "user/mode": "user", "pos/pos_x": 52.11885, "pos/pos_y": 0.5535865, "pos/pos_z": 12.44288, "pos/speed": 12.78187, "pos/cte": 2.201962, "milliseconds": 42014}