{"cam/image_array": "125_cam-image_array_.jpg", "user/angle": 0.023712881862849818, "user/throttle": 1.0, "user/mode": "user", "pos/pos_x": 63.10371, "pos/pos_y": 0.5530388, "pos/pos_z": 77.93642, "pos/speed": 8.011984, "pos/cte": -1.83613, "milliseconds": 27867}