{"cam/image_array": "287_cam-image_array_.jpg", "user/angle": -0.03137302774132512, "user/throttle": 0.027680288094729454, "user/mode": "user", "pos/pos_x": 44.45148, "pos/pos_y": 0.5570982, "pos/pos_z": 48.49726, "pos/speed": 15.72025, "pos/cte": 0.0, "milliseconds": 109459}