{"cam/image_array": "44_cam-image_array_.jpg", "user/angle": 0.03518784142582476, "user/throttle": 1.0, "user/mode": "user", "pos/pos_x": 76.70258, "pos/pos_y": 0.5510353, "pos/pos_z": 69.05537, "pos/speed": 10.39083, "pos/cte": -6.374851, "milliseconds": 9736}