{"cam/image_array": "216_cam-image_array_.jpg", "user/angle": 0.02465895565660573, "user/throttle": 1.0, "user/mode": "user", "pos/pos_x": 62.14297, "pos/pos_y": 0.5553474, "pos/pos_z": 78.51545, "pos/speed": 8.147329, "pos/cte": -1.778932, "milliseconds": 93759}