{"cam/image_array": "16_cam-image_array_.jpg", "user/angle": 0.01989806817835017, "user/throttle": 1.0, "user/mode": "user", "pos/pos_x": 49.73994, "pos/pos_y": 0.5505278, "pos/pos_z": 52.37606, "pos/speed": 4.645282, "pos/cte": 0.04994202, "milliseconds": 3539}