{"cam/image_array": "238_cam-image_array_.jpg", "user/angle": -0.03827021088290048, "user/throttle": 1.0, "user/mode": "user", "pos/pos_x": 78.36063, "pos/pos_y": 0.5576843, "pos/pos_z": 26.89361, "pos/speed": 14.13122, "pos/cte": -5.475565, "milliseconds": 98624}