{"cam/image_array": "209_cam-image_array_.jpg", "user/angle": -0.030396435438093204, "user/throttle": 1.0, "user/mode": "user", "pos/pos_x": 55.73562, "pos/pos_y": 0.5533748, "pos/pos_z": 86.25504, "pos/speed": 5.119203, "pos/cte": -7.87625, "milliseconds": 92211}