{"cam/image_array": "154_cam-image_array_.jpg", "user/angle": 0.6011841181676687, "user/throttle": 1.0, "user/mode": "user", "pos/pos_x": 85.60253, "pos/pos_y": 0.5545152, "pos/pos_z": 20.41703, "pos/speed": 11.39752, "pos/cte": -7.669576, "milliseconds": 35160}