{"cam/image_array": "263_cam-image_array_.jpg", "user/angle": 0.0008239997558519242, "user/throttle": 1.0, "user/mode": "user", "pos/pos_x": 64.10622, "pos/pos_y": 0.5543913, "pos/pos_z": -16.76534, "pos/speed": 10.49985, "pos/cte": -12.96454, "milliseconds": 104152}