{"cam/image_array": "186_cam-image_array_.jpg", "user/angle": -0.40806299020355846, "user/throttle": 1.0, "user/mode": "user", "pos/pos_x": 52.27538, "pos/pos_y": 0.5589401, "pos/pos_z": 15.03771, "pos/speed": 13.0525, "pos/cte": 2.471518, "milliseconds": 42235}