{"cam/image_array": "25_cam-image_array_.jpg", "user/angle": 0.4503921628467666, "user/throttle": 1.0, "user/mode": "user", "pos/pos_x": 50.38621, "pos/pos_y": 0.556146, "pos/pos_z": 65.01447, "pos/speed": 8.520888, "pos/cte": 0.696209, "milliseconds": 5529}