{"cam/image_array": "110_cam-image_array_.jpg", "user/angle": 1.0, "user/throttle": -0.0019226660969878231, "user/mode": "user", "pos/pos_x": 45.43827, "pos/pos_y": 0.5616337, "pos/pos_z": 64.51126, "pos/speed": 14.82516, "pos/cte": -4.251724, "milliseconds": 24329}