{"cam/image_array": "132_cam-image_array_.jpg", "user/angle": 1.0, "user/throttle": 0.021790215765861997, "user/mode": "user", "pos/pos_x": 76.28871, "pos/pos_y": 0.5537176, "pos/pos_z": 58.63901, "pos/speed": 10.38312, "pos/cte": 0.5440422, "milliseconds": 30296}