{"cam/image_array": "2_cam-image_array_.jpg", "user/angle": 0.020844141972106083, "user/throttle": 0.03415021210364086, "user/mode": "user", "pos/pos_x": 49.69022, "pos/pos_y": 0.5538304, "pos/pos_z": 47.8397, "pos/speed": 0.01277622, "pos/cte": 0.0002174377, "milliseconds": 443}