{"cam/image_array": "210_cam-image_array_.jpg", "user/angle": -0.029389324625385297, "user/throttle": 1.0, "user/mode": "user", "pos/pos_x": 56.4208, "pos/pos_y": 0.5574278, "pos/pos_z": 85.42806, "pos/speed": 5.534063, "pos/cte": -6.920579, "milliseconds": 92432}