{"cam/image_array": "157_cam-image_array_.jpg", "user/angle": 0.08239997558519242, "user/throttle": 1.0, "user/mode": "user", "pos/pos_x": 88.0189, "pos/pos_y": 0.5500511, "pos/pos_z": 12.25153, "pos/speed": 11.49876, "pos/cte": -3.539186, "milliseconds": 35823}