{"cam/image_array": "47_cam-image_array_.jpg", "user/angle": 0.03326517532883694, "user/throttle": 1.0, "user/mode": "user", "pos/pos_x": 76.89492, "pos/pos_y": 0.5533651, "pos/pos_z": 62.5448, "pos/speed": 11.19494, "pos/cte": -2.29283, "milliseconds": 10399}