{"cam/image_array": "106_cam-image_array_.jpg", "user/angle": -0.030091250343333233, "user/throttle": 1.0, "user/mode": "user", "pos/pos_x": 45.56114, "pos/pos_y": 0.5630509, "pos/pos_z": 51.11458, "pos/speed": 14.64348, "pos/cte": -4.12886, "milliseconds": 23445}