{"cam/image_array": "286_cam-image_array_.jpg", "user/angle": -0.03137302774132512, "user/throttle": 0.02783288064210944, "user/mode": "user", "pos/pos_x": 45.38802, "pos/pos_y": 0.55689, "pos/pos_z": 45.51238, "pos/speed": 15.4909, "pos/cte": -4.048323, "milliseconds": 109238}