{"cam/image_array": "72_cam-image_array_.jpg", "user/angle": 1.0, "user/throttle": 0.7676931058687094, "user/mode": "user", "pos/pos_x": 84.21577, "pos/pos_y": 0.5545164, "pos/pos_z": -5.911383, "pos/speed": 8.714017, "pos/cte": -2.731969, "milliseconds": 15927}