{"cam/image_array": "278_cam-image_array_.jpg", "user/angle": -0.27426984466078674, "user/throttle": 1.0, "user/mode": "user", "pos/pos_x": 49.59029, "pos/pos_y": 0.55779, "pos/pos_z": 19.86288, "pos/speed": 13.87946, "pos/cte": -0.000545551, "milliseconds": 107469}