{"cam/image_array": "66_cam-image_array_.jpg", "user/angle": 1.0, "user/throttle": 0.015106662190618611, "user/mode": "user", "pos/pos_x": 86.49862, "pos/pos_y": 0.5518572, "pos/pos_z": 7.251547, "pos/speed": 12.83694, "pos/cte": 0.8244274, "milliseconds": 14600}