{"cam/image_array": "101_cam-image_array_.jpg", "user/angle": 0.04852443006683554, "user/throttle": 1.0, "user/mode": "user", "pos/pos_x": 42.57834, "pos/pos_y": 0.5553358, "pos/pos_z": 35.08749, "pos/speed": 14.02388, "pos/cte": -6.766924, "milliseconds": 22340}