{"cam/image_array": "293_cam-image_array_.jpg", "user/angle": -0.031556138798181095, "user/throttle": 0.027680288094729454, "user/mode": "user", "pos/pos_x": 37.81921, "pos/pos_y": 0.5523593, "pos/pos_z": 66.94776, "pos/speed": 14.1927, "pos/cte": -11.87078, "milliseconds": 110786}