{"cam/image_array": "12_cam-image_array_.jpg", "user/angle": 0.01892147587511826, "user/throttle": 1.0, "user/mode": "user", "pos/pos_x": 49.69455, "pos/pos_y": 0.5695791, "pos/pos_z": 49.12216, "pos/speed": 2.507496, "pos/cte": 0.004547119, "milliseconds": 2654}