{"cam/image_array": "19_cam-image_array_.jpg", "user/angle": 0.020844141972106083, "user/throttle": 1.0, "user/mode": "user", "pos/pos_x": 49.83033, "pos/pos_y": 0.5581382, "pos/pos_z": 55.56726, "pos/speed": 5.98426, "pos/cte": 0.1403275, "milliseconds": 4202}