{"cam/image_array": "143_cam-image_array_.jpg", "user/angle": -0.8872646259956664, "user/throttle": 1.0, "user/mode": "user", "pos/pos_x": 74.17146, "pos/pos_y": 0.5510548, "pos/pos_z": 40.21646, "pos/speed": 8.542863, "pos/cte": -0.9166132, "milliseconds": 32728}