{"cam/image_array": "184_cam-image_array_.jpg", "user/angle": 0.03421124912259285, "user/throttle": 1.0, "user/mode": "user", "pos/pos_x": 51.99806, "pos/pos_y": 0.551528, "pos/pos_z": 9.90411, "pos/speed": 12.45369, "pos/cte": 1.970542, "milliseconds": 41793}