{"cam/image_array": "42_cam-image_array_.jpg", "user/angle": 0.15353862117374187, "user/throttle": 1.0, "user/mode": "user", "pos/pos_x": 75.26708, "pos/pos_y": 0.5534976, "pos/pos_z": 73.94738, "pos/speed": 10.23861, "pos/cte": -8.460397, "milliseconds": 9294}