{"cam/image_array": "220_cam-image_array_.jpg", "user/angle": 0.08227790154728844, "user/throttle": 1.0, "user/mode": "user", "pos/pos_x": 67.32029, "pos/pos_y": 0.555491, "pos/pos_z": 72.28157, "pos/speed": 9.804116, "pos/cte": -1.335751, "milliseconds": 94643}