{"cam/image_array": "271_cam-image_array_.jpg", "user/angle": 0.609302041688284, "user/throttle": 1.0, "user/mode": "user", "pos/pos_x": 52.31071, "pos/pos_y": 0.5550736, "pos/pos_z": 0.6416804, "pos/speed": 12.9544, "pos/cte": 0.2300323, "milliseconds": 105921}