{"cam/image_array": "248_cam-image_array_.jpg", "user/angle": 1.0, "user/throttle": 0.38425855281228066, "user/mode": "user", "pos/pos_x": 88.21813, "pos/pos_y": 0.5484922, "pos/pos_z": -4.641296, "pos/speed": 12.50642, "pos/cte": -3.858898, "milliseconds": 100835}