{"cam/image_array": "24_cam-image_array_.jpg", "user/angle": 0.11441389202551347, "user/throttle": 1.0, "user/mode": "user", "pos/pos_x": 50.23916, "pos/pos_y": 0.5543666, "pos/pos_z": 63.35387, "pos/speed": 8.203434, "pos/cte": 0.5491638, "milliseconds": 5307}