{"cam/image_array": "123_cam-image_array_.jpg", "user/angle": 0.01989806817835017, "user/throttle": 1.0, "user/mode": "user", "pos/pos_x": 61.6643, "pos/pos_y": 0.5522925, "pos/pos_z": 80.66525, "pos/speed": 7.396386, "pos/cte": -3.333343, "milliseconds": 27425}