{"cam/image_array": "283_cam-image_array_.jpg", "user/angle": -0.02868739890743736, "user/throttle": 1.0, "user/mode": "user", "pos/pos_x": 47.98363, "pos/pos_y": 0.559289, "pos/pos_z": 36.78318, "pos/speed": 14.78174, "pos/cte": -1.376638, "milliseconds": 108574}