{"cam/image_array": "274_cam-image_array_.jpg", "user/angle": 0.030396435438093204, "user/throttle": 1.0, "user/mode": "user", "pos/pos_x": 49.14498, "pos/pos_y": 0.5525682, "pos/pos_z": 9.173475, "pos/speed": 13.10772, "pos/cte": -0.9116895, "milliseconds": 106584}