{"cam/image_array": "83_cam-image_array_.jpg", "user/angle": 0.03848384044923246, "user/throttle": 1.0, "user/mode": "user", "pos/pos_x": 65.80149, "pos/pos_y": 0.5572422, "pos/pos_z": -3.917014, "pos/speed": 10.20312, "pos/cte": -0.1314944, "milliseconds": 18360}