{"cam/image_array": "117_cam-image_array_.jpg", "user/angle": 1.0, "user/throttle": 0.16638691366313668, "user/mode": "user", "pos/pos_x": 52.63996, "pos/pos_y": 0.5554701, "pos/pos_z": 82.53175, "pos/speed": 8.34892, "pos/cte": -4.911244, "milliseconds": 26098}