{"cam/image_array": "218_cam-image_array_.jpg", "user/angle": 0.08673360393078403, "user/throttle": 1.0, "user/mode": "user", "pos/pos_x": 64.35676, "pos/pos_y": 0.5555303, "pos/pos_z": 75.91031, "pos/speed": 8.862143, "pos/cte": -1.438941, "milliseconds": 94201}