{"cam/image_array": "61_cam-image_array_.jpg", "user/angle": 0.22128971221045565, "user/throttle": 0.014160588396862697, "user/mode": "user", "pos/pos_x": 79.49244, "pos/pos_y": 0.5512009, "pos/pos_z": 21.19437, "pos/speed": 14.83335, "pos/cte": -3.729815, "milliseconds": 13495}