{"cam/image_array": "235_cam-image_array_.jpg", "user/angle": -0.1533860286263619, "user/throttle": 1.0, "user/mode": "user", "pos/pos_x": 77.37488, "pos/pos_y": 0.5557466, "pos/pos_z": 36.50031, "pos/speed": 13.63065, "pos/cte": -5.048255, "milliseconds": 97960}