{"cam/image_array": "280_cam-image_array_.jpg", "user/angle": -0.029633472701193275, "user/throttle": 1.0, "user/mode": "user", "pos/pos_x": 50.04345, "pos/pos_y": 0.5498557, "pos/pos_z": 26.91305, "pos/speed": 14.27996, "pos/cte": 0.7597047, "milliseconds": 107911}