{"cam/image_array": "94_cam-image_array_.jpg", "user/angle": 0.023712881862849818, "user/throttle": 1.0, "user/mode": "user", "pos/pos_x": 46.19074, "pos/pos_y": 0.55543, "pos/pos_z": 15.48571, "pos/speed": 12.27983, "pos/cte": -3.587786, "milliseconds": 20792}