{"cam/image_array": "275_cam-image_array_.jpg", "user/angle": 0.03421124912259285, "user/throttle": 1.0, "user/mode": "user", "pos/pos_x": 48.96623, "pos/pos_y": 0.5537953, "pos/pos_z": 11.78976, "pos/speed": 13.16173, "pos/cte": -0.9761482, "milliseconds": 106805}