{"cam/image_array": "292_cam-image_array_.jpg", "user/angle": -0.031556138798181095, "user/throttle": 0.027680288094729454, "user/mode": "user", "pos/pos_x": 38.89589, "pos/pos_y": 0.5570621, "pos/pos_z": 64.30058, "pos/speed": 14.47817, "pos/cte": -10.79411, "milliseconds": 110565}