{"cam/image_array": "138_cam-image_array_.jpg", "user/angle": -0.03442487868892483, "user/throttle": 1.0, "user/mode": "user", "pos/pos_x": 78.16438, "pos/pos_y": 0.5539271, "pos/pos_z": 48.06753, "pos/speed": 7.046071, "pos/cte": -0.8435749, "milliseconds": 31623}