{"cam/image_array": "82_cam-image_array_.jpg", "user/angle": 0.03994872890408033, "user/throttle": 1.0, "user/mode": "user", "pos/pos_x": 67.54942, "pos/pos_y": 0.5533952, "pos/pos_z": -4.89378, "pos/speed": 9.778019, "pos/cte": -1.123477, "milliseconds": 18138}