{"cam/image_array": "59_cam-image_array_.jpg", "user/angle": -0.03827021088290048, "user/throttle": 1.0, "user/mode": "user", "pos/pos_x": 76.63629, "pos/pos_y": 0.5508704, "pos/pos_z": 27.89491, "pos/speed": 14.49044, "pos/cte": -4.133034, "milliseconds": 13053}