{"cam/image_array": "86_cam-image_array_.jpg", "user/angle": 0.2709433271279031, "user/throttle": 1.0, "user/mode": "user", "pos/pos_x": 59.32799, "pos/pos_y": 0.5559037, "pos/pos_z": -0.06235153, "pos/speed": 11.30225, "pos/cte": 3.779513, "milliseconds": 19023}