{"cam/image_array": "290_cam-image_array_.jpg", "user/angle": -0.031556138798181095, "user/throttle": 0.027680288094729454, "user/mode": "user", "pos/pos_x": 40.98606, "pos/pos_y": 0.5518522, "pos/pos_z": 58.79309, "pos/speed": 15.06826, "pos/cte": -8.703938, "milliseconds": 110122}