{"cam/image_array": "231_cam-image_array_.jpg", "user/angle": -0.03540147099215674, "user/throttle": 1.0, "user/mode": "user", "pos/pos_x": 78.67912, "pos/pos_y": 0.5530511, "pos/pos_z": 46.98468, "pos/speed": 12.73344, "pos/cte": -1.808941, "milliseconds": 97076}