{"cam/image_array": "182_cam-image_array_.jpg", "user/angle": 0.03518784142582476, "user/throttle": 1.0, "user/mode": "user", "pos/pos_x": 51.83576, "pos/pos_y": 0.5543584, "pos/pos_z": 3.804918, "pos/speed": 11.79509, "pos/cte": 1.299873, "milliseconds": 41351}