{"cam/image_array": "223_cam-image_array_.jpg", "user/angle": 0.08957182531205175, "user/throttle": 1.0, "user/mode": "user", "pos/pos_x": 70.9445, "pos/pos_y": 0.555425, "pos/pos_z": 67.26071, "pos/speed": 10.81155, "pos/cte": -0.8308331, "milliseconds": 95307}