{"cam/image_array": "385_cam-image_array_.jpg", "user/angle": 0.04202398754844813, "user/throttle": -0.002380443739127781, "user/mode": "user", "pos/pos_x": 55.27361, "pos/pos_y": 0.5643471, "pos/pos_z": 80.06139, "pos/speed": 4.125752, "pos/cte": -1.92941, "milliseconds": 86241}