{"cam/image_array": "188_cam-image_array_.jpg", "user/angle": -0.02868739890743736, "user/throttle": 1.0, "user/mode": "user", "pos/pos_x": 52.6185, "pos/pos_y": 0.5552337, "pos/pos_z": 20.38134, "pos/speed": 13.53207, "pos/cte": 3.0474, "milliseconds": 42678}