{"cam/image_array": "133_cam-image_array_.jpg", "user/angle": 1.0, "user/throttle": 0.017029328287606435, "user/mode": "user", "pos/pos_x": 77.47213, "pos/pos_y": 0.5551113, "pos/pos_z": 57.01717, "pos/speed": 9.784509, "pos/cte": 0.1736163, "milliseconds": 30517}