{"cam/image_array": "122_cam-image_array_.jpg", "user/angle": 0.021790215765861997, "user/throttle": 1.0, "user/mode": "user", "pos/pos_x": 60.65866, "pos/pos_y": 0.5518026, "pos/pos_z": 81.75124, "pos/speed": 7.375511, "pos/cte": -4.044121, "milliseconds": 27204}