{"cam/image_array": "246_cam-image_array_.jpg", "user/angle": 1.0, "user/throttle": 0.00466933194982757, "user/mode": "user", "pos/pos_x": 87.1447, "pos/pos_y": 0.5520892, "pos/pos_z": 2.032248, "pos/speed": 14.60626, "pos/cte": 0.7730126, "milliseconds": 100393}