{"cam/image_array": "103_cam-image_array_.jpg", "user/angle": -0.8162480544450209, "user/throttle": 1.0, "user/mode": "user", "pos/pos_x": 43.34813, "pos/pos_y": 0.5549092, "pos/pos_z": 42.05307, "pos/speed": 14.23801, "pos/cte": -6.057942, "milliseconds": 22782}