{"cam/image_array": "100_cam-image_array_.jpg", "user/angle": 0.054261909848323006, "user/throttle": 1.0, "user/mode": "user", "pos/pos_x": 42.83972, "pos/pos_y": 0.5531226, "pos/pos_z": 32.28835, "pos/speed": 14.00574, "pos/cte": -6.481129, "milliseconds": 22118}