{"cam/image_array": "135_cam-image_array_.jpg", "user/angle": 1.0, "user/throttle": 0.01544236579485458, "user/mode": "user", "pos/pos_x": 78.99233, "pos/pos_y": 0.5527986, "pos/pos_z": 52.80871, "pos/speed": 8.427492, "pos/cte": -0.6366509, "milliseconds": 30959}