{"cam/image_array": "95_cam-image_array_.jpg", "user/angle": 0.01989806817835017, "user/throttle": 1.0, "user/mode": "user", "pos/pos_x": 45.64312, "pos/pos_y": 0.5621548, "pos/pos_z": 17.90787, "pos/speed": 12.57512, "pos/cte": -4.029234, "milliseconds": 21013}