{"cam/image_array": "195_cam-image_array_.jpg", "user/angle": 0.047578356273079624, "user/throttle": 1.0, "user/mode": "user", "pos/pos_x": 53.78656, "pos/pos_y": 0.5533431, "pos/pos_z": 90.34772, "pos/speed": 2.769058, "pos/cte": -12.29377, "milliseconds": 89115}