{"cam/image_array": "14_cam-image_array_.jpg", "user/angle": 0.021790215765861997, "user/throttle": 1.0, "user/mode": "user", "pos/pos_x": 49.7065, "pos/pos_y": 0.5516845, "pos/pos_z": 50.33438, "pos/speed": 3.483667, "pos/cte": 0.0165062, "milliseconds": 3096}