{"cam/image_array": "145_cam-image_array_.jpg", "user/angle": -0.024842066713461716, "user/throttle": 1.0, "user/mode": "user", "pos/pos_x": 74.25524, "pos/pos_y": 0.5529321, "pos/pos_z": 36.80949, "pos/speed": 8.680664, "pos/cte": -1.950573, "milliseconds": 33170}