{"cam/image_array": "179_cam-image_array_.jpg", "user/angle": 0.03421124912259285, "user/throttle": 1.0, "user/mode": "user", "pos/pos_x": 52.86517, "pos/pos_y": 0.5513924, "pos/pos_z": -3.040971, "pos/speed": 11.60257, "pos/cte": -1.845711, "milliseconds": 40688}