{"cam/image_array": "84_cam-image_array_.jpg", "user/angle": 0.03897213660084842, "user/throttle": 1.0, "user/mode": "user", "pos/pos_x": 64.00656, "pos/pos_y": 0.5561095, "pos/pos_z": -2.886358, "pos/speed": 10.53798, "pos/cte": 0.9147856, "milliseconds": 18581}