{"cam/image_array": "233_cam-image_array_.jpg", "user/angle": -0.4546037171544542, "user/throttle": 1.0, "user/mode": "user", "pos/pos_x": 78.07133, "pos/pos_y": 0.5575593, "pos/pos_z": 41.84212, "pos/speed": 13.2262, "pos/cte": -3.812273, "milliseconds": 97518}