{"cam/image_array": "64_cam-image_array_.jpg", "user/angle": 1.0, "user/throttle": 0.01989806817835017, "user/mode": "user", "pos/pos_x": 83.9976, "pos/pos_y": 0.5512212, "pos/pos_z": 13.55477, "pos/speed": 14.36124, "pos/cte": -1.650156, "milliseconds": 14158}