{"cam/image_array": "92_cam-image_array_.jpg", "user/angle": 0.022736289559617907, "user/throttle": 1.0, "user/mode": "user", "pos/pos_x": 47.66977, "pos/pos_y": 0.5529141, "pos/pos_z": 10.91247, "pos/speed": 11.92356, "pos/cte": -2.309644, "milliseconds": 20350}