{"cam/image_array": "128_cam-image_array_.jpg", "user/angle": -0.5615405743583484, "user/throttle": 1.0, "user/mode": "user", "pos/pos_x": 65.52655, "pos/pos_y": 0.5541046, "pos/pos_z": 72.32091, "pos/speed": 9.345084, "pos/cte": 0.002671497, "milliseconds": 28530}