{"cam/image_array": "148_cam-image_array_.jpg", "user/angle": -0.024842066713461716, "user/throttle": 1.0, "user/mode": "user", "pos/pos_x": 77.11363, "pos/pos_y": 0.5537362, "pos/pos_z": 31.25034, "pos/speed": 9.387683, "pos/cte": -5.169735, "milliseconds": 33834}