{"cam/image_array": "150_cam-image_array_.jpg", "user/angle": 0.0695211645863216, "user/throttle": 1.0, "user/mode": "user", "pos/pos_x": 79.54428, "pos/pos_y": 0.5564489, "pos/pos_z": 28.14699, "pos/speed": 10.20608, "pos/cte": -6.951122, "milliseconds": 34276}