{"cam/image_array": "3_cam-image_array_.jpg", "user/angle": 0.020844141972106083, "user/throttle": 0.03415021210364086, "user/mode": "user", "pos/pos_x": 49.68994, "pos/pos_y": 0.5563118, "pos/pos_z": 47.83822, "pos/speed": 0.01048026, "pos/cte": -5.722046e-05, "milliseconds": 664}