{"cam/image_array": "201_cam-image_array_.jpg", "user/angle": 0.0380260628070925, "user/throttle": 1.0, "user/mode": "user", "pos/pos_x": 53.58371, "pos/pos_y": 0.5543492, "pos/pos_z": 91.41672, "pos/speed": 0.9420041, "pos/cte": -13.38134, "milliseconds": 90442}