{"cam/image_array": "127_cam-image_array_.jpg", "user/angle": -0.2454603717154454, "user/throttle": 1.0, "user/mode": "user", "pos/pos_x": 64.45976, "pos/pos_y": 0.5555536, "pos/pos_z": 74.83499, "pos/speed": 8.766676, "pos/cte": -0.8189034, "milliseconds": 28309}