{"cam/image_array": "282_cam-image_array_.jpg", "user/angle": -0.032532731101413005, "user/throttle": 1.0, "user/mode": "user", "pos/pos_x": 49.1622, "pos/pos_y": 0.5524066, "pos/pos_z": 32.55612, "pos/speed": 14.47102, "pos/cte": -0.1612275, "milliseconds": 108353}