{"cam/image_array": "99_cam-image_array_.jpg", "user/angle": 0.5630359813226722, "user/throttle": 1.0, "user/mode": "user", "pos/pos_x": 43.29608, "pos/pos_y": 0.5558279, "pos/pos_z": 29.5419, "pos/speed": 13.76839, "pos/cte": -6.000817, "milliseconds": 21897}