{"cam/image_array": "8_cam-image_array_.jpg", "user/angle": 0.023712881862849818, "user/throttle": 1.0, "user/mode": "user", "pos/pos_x": 49.6904, "pos/pos_y": 0.5552499, "pos/pos_z": 47.89598, "pos/speed": 0.1426796, "pos/cte": 0.0003967285, "milliseconds": 1770}