{"cam/image_array": "46_cam-image_array_.jpg", "user/angle": 0.03421124912259285, "user/throttle": 1.0, "user/mode": "user", "pos/pos_x": 76.88809, "pos/pos_y": 0.5569823, "pos/pos_z": 64.78012, "pos/speed": 10.90544, "pos/cte": -3.739364, "milliseconds": 10178}