{"cam/image_array": "98_cam-image_array_.jpg", "user/angle": 0.5673085726493118, "user/throttle": 1.0, "user/mode": "user", "pos/pos_x": 43.80051, "pos/pos_y": 0.5590889, "pos/pos_z": 26.85446, "pos/speed": 13.50024, "pos/cte": -5.479844, "milliseconds": 21676}