{"cam/image_array": "126_cam-image_array_.jpg", "user/angle": 0.003662221137119663, "user/throttle": 1.0, "user/mode": "user", "pos/pos_x": 63.76885, "pos/pos_y": 0.5598878, "pos/pos_z": 76.41915, "pos/speed": 8.444877, "pos/cte": -1.322361, "milliseconds": 28088}