{"cam/image_array": "102_cam-image_array_.jpg", "user/angle": 0.04803613391521958, "user/throttle": 1.0, "user/mode": "user", "pos/pos_x": 42.81605, "pos/pos_y": 0.5517756, "pos/pos_z": 39.28154, "pos/speed": 14.07072, "pos/cte": -6.565822, "milliseconds": 22561}