{"cam/image_array": "285_cam-image_array_.jpg", "user/angle": -0.029633472701193275, "user/throttle": 0.7619861445966979, "user/mode": "user", "pos/pos_x": 46.28659, "pos/pos_y": 0.5524163, "pos/pos_z": 42.56348, "pos/speed": 15.24981, "pos/cte": -3.12405, "milliseconds": 109017}