{"cam/image_array": "48_cam-image_array_.jpg", "user/angle": 0.036133915219580676, "user/throttle": 1.0, "user/mode": "user", "pos/pos_x": 76.87472, "pos/pos_y": 0.5552917, "pos/pos_z": 60.24525, "pos/speed": 11.60561, "pos/cte": -0.7840322, "milliseconds": 10621}