{"cam/image_array": "211_cam-image_array_.jpg", "user/angle": -0.029633472701193275, "user/throttle": 1.0, "user/mode": "user", "pos/pos_x": 57.13842, "pos/pos_y": 0.556946, "pos/pos_z": 84.51545, "pos/speed": 5.993007, "pos/cte": -6.20427, "milliseconds": 92653}