{"cam/image_array": "49_cam-image_array_.jpg", "user/angle": 0.03360087893307291, "user/throttle": 1.0, "user/mode": "user", "pos/pos_x": 76.82686, "pos/pos_y": 0.5573215, "pos/pos_z": 57.88488, "pos/speed": 11.84585, "pos/cte": 0.463111, "milliseconds": 10842}