{"cam/image_array": "124_cam-image_array_.jpg", "user/angle": 0.022736289559617907, "user/throttle": 1.0, "user/mode": "user", "pos/pos_x": 62.4506, "pos/pos_y": 0.5524031, "pos/pos_z": 79.36952, "pos/speed": 7.668985, "pos/cte": -2.659012, "milliseconds": 27646}