{"cam/image_array": "222_cam-image_array_.jpg", "user/angle": 0.08957182531205175, "user/throttle": 1.0, "user/mode": "user", "pos/pos_x": 69.74081, "pos/pos_y": 0.555475, "pos/pos_z": 69.01879, "pos/speed": 10.51565, "pos/cte": -1.057322, "milliseconds": 95086}