{"cam/image_array": "68_cam-image_array_.jpg", "user/angle": 1.0, "user/throttle": 0.009430219428083133, "user/mode": "user", "pos/pos_x": 87.04778, "pos/pos_y": 0.5536098, "pos/pos_z": 2.922873, "pos/speed": 11.63581, "pos/cte": 1.147852, "milliseconds": 15042}