{"cam/image_array": "20_cam-image_array_.jpg", "user/angle": 0.04089480269783624, "user/throttle": 1.0, "user/mode": "user", "pos/pos_x": 49.9034, "pos/pos_y": 0.5526126, "pos/pos_z": 57.4603, "pos/speed": 6.594746, "pos/cte": 0.2134018, "milliseconds": 4423}