{"cam/image_array": "215_cam-image_array_.jpg", "user/angle": 0.017029328287606435, "user/throttle": 1.0, "user/mode": "user", "pos/pos_x": 61.10751, "pos/pos_y": 0.5546207, "pos/pos_z": 79.73332, "pos/speed": 7.772501, "pos/cte": -2.272898, "milliseconds": 93538}