{"cam/image_array": "221_cam-image_array_.jpg", "user/angle": 0.09054841761528366, "user/throttle": 1.0, "user/mode": "user", "pos/pos_x": 68.53107, "pos/pos_y": 0.5556071, "pos/pos_z": 70.69187, "pos/speed": 10.19898, "pos/cte": -1.224013, "milliseconds": 94865}