{"cam/image_array": "43_cam-image_array_.jpg", "user/angle": 0.03277687917722098, "user/throttle": 1.0, "user/mode": "user", "pos/pos_x": 76.06324, "pos/pos_y": 0.5542773, "pos/pos_z": 72.06367, "pos/speed": 10.23729, "pos/cte": -7.842426, "milliseconds": 9515}