{"cam/image_array": "225_cam-image_array_.jpg", "user/angle": 0.35590685750907924, "user/throttle": 1.0, "user/mode": "user", "pos/pos_x": 73.89339, "pos/pos_y": 0.5555081, "pos/pos_z": 62.49582, "pos/speed": 11.55886, "pos/cte": 0.02135929, "milliseconds": 95749}