{"cam/image_array": "227_cam-image_array_.jpg", "user/angle": 0.5811639759514146, "user/throttle": 1.0, "user/mode": "user", "pos/pos_x": 76.34995, "pos/pos_y": 0.5555672, "pos/pos_z": 57.85964, "pos/speed": 12.219, "pos/cte": 0.8868344, "milliseconds": 96191}