{"cam/image_array": "144_cam-image_array_.jpg", "user/angle": -0.5457319864497818, "user/throttle": 1.0, "user/mode": "user", "pos/pos_x": 74.05229, "pos/pos_y": 0.5496723, "pos/pos_z": 38.52163, "pos/speed": 8.526536, "pos/cte": -1.3254, "milliseconds": 32949}