{"cam/image_array": "113_cam-image_array_.jpg", "user/angle": 1.0, "user/throttle": -0.0032654805139316996, "user/mode": "user", "pos/pos_x": 47.13318, "pos/pos_y": 0.549769, "pos/pos_z": 76.09595, "pos/speed": 11.22693, "pos/cte": -3.571785, "milliseconds": 25213}