{"cam/image_array": "93_cam-image_array_.jpg", "user/angle": 0.018433179723502304, "user/throttle": 1.0, "user/mode": "user", "pos/pos_x": 46.82047, "pos/pos_y": 0.5514306, "pos/pos_z": 13.14738, "pos/speed": 12.0318, "pos/cte": -3.060651, "milliseconds": 20571}