{"cam/image_array": "214_cam-image_array_.jpg", "user/angle": 0.020844141972106083, "user/throttle": 1.0, "user/mode": "user", "pos/pos_x": 60.12971, "pos/pos_y": 0.5562073, "pos/pos_z": 80.89625, "pos/speed": 7.357531, "pos/cte": -3.06547, "milliseconds": 93317}