{"cam/image_array": "187_cam-image_array_.jpg", "user/angle": -0.03540147099215674, "user/throttle": 1.0, "user/mode": "user", "pos/pos_x": 52.46755, "pos/pos_y": 0.5561185, "pos/pos_z": 17.68517, "pos/speed": 13.31944, "pos/cte": 2.778992, "milliseconds": 42457}