{"cam/image_array": "199_cam-image_array_.jpg", "user/angle": 0.04660176396984771, "user/throttle": 1.0, "user/mode": "user", "pos/pos_x": 53.55527, "pos/pos_y": 0.5537394, "pos/pos_z": 91.56153, "pos/speed": 0.4219624, "pos/cte": -13.52887, "milliseconds": 90000}