{"cam/image_array": "5_cam-image_array_.jpg", "user/angle": 0.020844141972106083, "user/throttle": 0.03415021210364086, "user/mode": "user", "pos/pos_x": 49.69018, "pos/pos_y": 0.5548431, "pos/pos_z": 47.84698, "pos/speed": 0.0387751, "pos/cte": 0.0001831055, "milliseconds": 1106}