{"cam/image_array": "190_cam-image_array_.jpg", "user/angle": 0.04278695028534806, "user/throttle": -0.006927701651051363, "user/mode": "user", "pos/pos_x": 54.41925, "pos/pos_y": 0.5556765, "pos/pos_z": 86.59798, "pos/speed": 3.485362, "pos/cte": -8.495981, "milliseconds": 88009}