{"cam/image_array": "213_cam-image_array_.jpg", "user/angle": -0.029633472701193275, "user/throttle": 1.0, "user/mode": "user", "pos/pos_x": 58.76471, "pos/pos_y": 0.555009, "pos/pos_z": 82.52877, "pos/speed": 6.793926, "pos/cte": -4.30543, "milliseconds": 93095}