{"cam/image_array": "6_cam-image_array_.jpg", "user/angle": 0.020844141972106083, "user/throttle": 1.0, "user/mode": "user", "pos/pos_x": 49.69023, "pos/pos_y": 0.5547484, "pos/pos_z": 47.85624, "pos/speed": 0.05436786, "pos/cte": 0.0002288818, "milliseconds": 1328}