{"cam/image_array": "230_cam-image_array_.jpg", "user/angle": 0.047578356273079624, "user/throttle": 1.0, "user/mode": "user", "pos/pos_x": 78.59611, "pos/pos_y": 0.5510274, "pos/pos_z": 50.75729, "pos/speed": 12.57861, "pos/cte": -0.4683729, "milliseconds": 96855}