{"cam/image_array": "159_cam-image_array_.jpg", "user/angle": 0.6575212866603595, "user/throttle": 1.0, "user/mode": "user", "pos/pos_x": 88.03737, "pos/pos_y": 0.5598293, "pos/pos_z": 7.516154, "pos/speed": 12.08967, "pos/cte": -0.6357028, "milliseconds": 36266}