{"cam/image_array": "272_cam-image_array_.jpg", "user/angle": 0.41508224738303784, "user/throttle": 1.0, "user/mode": "user", "pos/pos_x": 51.0368, "pos/pos_y": 0.5577894, "pos/pos_z": 2.930726, "pos/speed": 13.12357, "pos/cte": 0.2103308, "milliseconds": 106142}