{"cam/image_array": "240_cam-image_array_.jpg", "user/angle": -0.005645924253059481, "user/throttle": 1.0, "user/mode": "user", "pos/pos_x": 79.92306, "pos/pos_y": 0.5527024, "pos/pos_z": 21.35055, "pos/speed": 14.6355, "pos/cte": -4.171078, "milliseconds": 99066}