{"cam/image_array": "291_cam-image_array_.jpg", "user/angle": -0.031556138798181095, "user/throttle": 0.027680288094729454, "user/mode": "user", "pos/pos_x": 39.95131, "pos/pos_y": 0.5602438, "pos/pos_z": 61.58243, "pos/speed": 14.76907, "pos/cte": -9.738689, "milliseconds": 110343}