{"cam/image_array": "276_cam-image_array_.jpg", "user/angle": -0.15625476851710562, "user/throttle": 1.0, "user/mode": "user", "pos/pos_x": 49.0593, "pos/pos_y": 0.5517808, "pos/pos_z": 14.43367, "pos/speed": 13.36442, "pos/cte": -0.7678483, "milliseconds": 107026}