{"cam/image_array": "149_cam-image_array_.jpg", "user/angle": -0.02197332682271798, "user/throttle": 1.0, "user/mode": "user", "pos/pos_x": 78.30274, "pos/pos_y": 0.5558959, "pos/pos_z": 29.72317, "pos/speed": 9.695328, "pos/cte": -6.104754, "milliseconds": 34055}