{"cam/image_array": "10_cam-image_array_.jpg", "user/angle": 0.024170659504989776, "user/throttle": 1.0, "user/mode": "user", "pos/pos_x": 49.69064, "pos/pos_y": 0.5566525, "pos/pos_z": 48.17899, "pos/speed": 1.223656, "pos/cte": 0.0006370544, "milliseconds": 2212}