{"cam/image_array": "268_cam-image_array_.jpg", "user/angle": 0.14014099551377912, "user/throttle": 1.0, "user/mode": "user", "pos/pos_x": 57.05748, "pos/pos_y": 0.5546366, "pos/pos_z": -6.725836, "pos/speed": 12.03577, "pos/cte": -3.312248, "milliseconds": 105257}