{"cam/image_array": "212_cam-image_array_.jpg", "user/angle": -0.027741325113681447, "user/throttle": 1.0, "user/mode": "user", "pos/pos_x": 57.9192, "pos/pos_y": 0.5534607, "pos/pos_z": 83.54939, "pos/speed": 6.371826, "pos/cte": -5.280393, "milliseconds": 92874}