{"cam/image_array": "4_cam-image_array_.jpg", "user/angle": 0.02197332682271798, "user/throttle": 0.03415021210364086, "user/mode": "user", "pos/pos_x": 49.68998, "pos/pos_y": 0.556205, "pos/pos_z": 47.84019, "pos/speed": 0.02079315, "pos/cte": -1.525879e-05, "milliseconds": 885}