{"cam/image_array": "183_cam-image_array_.jpg", "user/angle": 0.03518784142582476, "user/throttle": 1.0, "user/mode": "user", "pos/pos_x": 51.87547, "pos/pos_y": 0.5614842, "pos/pos_z": 6.202357, "pos/speed": 12.18338, "pos/cte": 1.686598, "milliseconds": 41572}