{"cam/image_array": "85_cam-image_array_.jpg", "user/angle": 0.08957182531205175, "user/throttle": 1.0, "user/mode": "user", "pos/pos_x": 61.23, "pos/pos_y": 0.5546519, "pos/pos_z": -1.234233, "pos/speed": 10.98193, "pos/cte": 2.591078, "milliseconds": 18802}