{"cam/image_array": "207_cam-image_array_.jpg", "user/angle": -0.029633472701193275, "user/throttle": 1.0, "user/mode": "user", "pos/pos_x": 54.48304, "pos/pos_y": 0.5537425, "pos/pos_z": 87.99049, "pos/speed": 4.188435, "pos/cte": -9.535567, "milliseconds": 91769}