{"cam/image_array": "194_cam-image_array_.jpg", "user/angle": 0.0456556901760918, "user/throttle": 1.0, "user/mode": "user", "pos/pos_x": 53.95042, "pos/pos_y": 0.5552353, "pos/pos_z": 89.43748, "pos/speed": 3.2112, "pos/cte": -11.36965, "milliseconds": 88894}