{"cam/image_array": "18_cam-image_array_.jpg", "user/angle": 0.020844141972106083, "user/throttle": 1.0, "user/mode": "user", "pos/pos_x": 49.79282, "pos/pos_y": 0.5585611, "pos/pos_z": 54.41493, "pos/speed": 5.510806, "pos/cte": 0.1028252, "milliseconds": 3981}