{"cam/image_array": "3561_cam-image_array_.jpg", "user/angle": -0.018454018980264664, "user/throttle": 0.8459290266036987, "user/mode": "local", "pos/pos_x": 78.68797, "pos/pos_y": 0.5566551, "pos/pos_z": 49.91053, "pos/speed": 11.43229, "pos/cte": -0.6987328, "pilot/angle": 0.0, "pilot/throttle": 0.0, "milliseconds": 178239}