{"cam/image_array": "2387_cam-image_array_.jpg", "user/angle": 0.18292787671089172, "user/throttle": 0.5863040685653687, "user/mode": "local", "pos/pos_x": 74.78615, "pos/pos_y": 0.5520763, "pos/pos_z": 70.20666, "pos/speed": 9.313625, "pos/cte": -5.665287, "pilot/angle": 0.0, "pilot/throttle": 0.0, "milliseconds": 119462}