{"cam/image_array": "3678_cam-image_array_.jpg", "user/angle": 0.12374819815158844, "user/throttle": 0.8625807762145996, "user/mode": "local", "pos/pos_x": 74.88671, "pos/pos_y": 0.5527644, "pos/pos_z": -9.309182, "pos/speed": 9.587284, "pos/cte": -5.60274, "pilot/angle": 0.0, "pilot/throttle": 0.0, "milliseconds": 184096}