{"cam/image_array": "5236_cam-image_array_.jpg", "user/angle": 0.1098618358373642, "user/throttle": 0.7613921165466309, "user/mode": "local", "pos/pos_x": 51.9045, "pos/pos_y": 0.5539364, "pos/pos_z": 7.065796, "pos/speed": 11.30265, "pos/cte": 1.75327, "pilot/angle": 0.0, "pilot/throttle": 0.0, "milliseconds": 262097}