{"cam/image_array": "549_cam-image_array_.jpg", "user/angle": -0.10884784162044525, "user/throttle": 0.8235424757003784, "user/mode": "local", "pos/pos_x": 78.45579, "pos/pos_y": 0.5562101, "pos/pos_z": 48.11554, "pos/speed": 11.89988, "pos/cte": -1.102237, "pilot/angle": 0.0, "pilot/throttle": 0.0, "milliseconds": 27444}