{"cam/image_array": "5474_cam-image_array_.jpg", "user/angle": -0.0685606449842453, "user/throttle": 0.5184141397476196, "user/mode": "local", "pos/pos_x": 79.63293, "pos/pos_y": 0.5497673, "pos/pos_z": 26.09173, "pos/speed": 12.78781, "pos/cte": -6.348651, "pilot/angle": 0.0, "pilot/throttle": 0.0, "milliseconds": 274012}