{"cam/image_array": "1670_cam-image_array_.jpg", "user/angle": 0.12748943269252777, "user/throttle": 1.016261100769043, "user/mode": "local", "pos/pos_x": 78.70005, "pos/pos_y": 0.5581214, "pos/pos_z": 51.72206, "pos/speed": 11.2871, "pos/cte": -0.411658, "pilot/angle": 0.0, "pilot/throttle": 0.0, "milliseconds": 83567}