{"cam/image_array": "5609_cam-image_array_.jpg", "user/angle": 0.15356990694999695, "user/throttle": 0.7560186386108398, "user/mode": "local", "pos/pos_x": 51.70631, "pos/pos_y": 0.5547204, "pos/pos_z": 7.235082, "pos/speed": 11.0246, "pos/cte": 1.562651, "pilot/angle": 0.0, "pilot/throttle": 0.0, "milliseconds": 280771}