{"cam/image_array": "5763_cam-image_array_.jpg", "user/angle": 0.1843934953212738, "user/throttle": 0.459980845451355, "user/mode": "local", "pos/pos_x": 73.24235, "pos/pos_y": 0.5505574, "pos/pos_z": 70.2904, "pos/speed": 9.360045, "pos/cte": -4.545757, "pilot/angle": 0.0, "pilot/throttle": 0.0, "milliseconds": 288481}