{"cam/image_array": "1143_cam-image_array_.jpg", "user/angle": 0.029890816658735275, "user/throttle": 0.859610915184021, "user/mode": "local", "pos/pos_x": 45.74189, "pos/pos_y": 0.5561822, "pos/pos_z": 26.62753, "pos/speed": 12.60385, "pos/cte": -3.55021, "pilot/angle": 0.0, "pilot/throttle": 0.0, "milliseconds": 57182}