{"cam/image_array": "5644_cam-image_array_.jpg", "user/angle": 0.023879636079072952, "user/throttle": 0.9266109466552734, "user/mode": "local", "pos/pos_x": 45.80794, "pos/pos_y": 0.5558741, "pos/pos_z": 27.27846, "pos/speed": 12.6107, "pos/cte": -3.455829, "pilot/angle": 0.0, "pilot/throttle": 0.0, "milliseconds": 282524}