{"cam/image_array": "808_cam-image_array_.jpg", "user/angle": 0.3580682873725891, "user/throttle": 0.3565376102924347, "user/mode": "local", "pos/pos_x": 44.13409, "pos/pos_y": 0.5538964, "pos/pos_z": 58.64683, "pos/speed": 13.00083, "pos/cte": -5.555908, "pilot/angle": 0.0, "pilot/throttle": 0.0, "milliseconds": 40411}