{"cam/image_array": "747_cam-image_array_.jpg", "user/angle": 0.05516419932246208, "user/throttle": 0.6854703426361084, "user/mode": "local", "pos/pos_x": 47.33459, "pos/pos_y": 0.5552476, "pos/pos_z": 18.65476, "pos/speed": 12.07113, "pos/cte": -2.306795, "pilot/angle": 0.0, "pilot/throttle": 0.0, "milliseconds": 37358}