{"cam/image_array": "803_cam-image_array_.jpg", "user/angle": 0.3196164667606354, "user/throttle": 0.46145835518836975, "user/mode": "local", "pos/pos_x": 43.62971, "pos/pos_y": 0.5527673, "pos/pos_z": 56.05002, "pos/speed": 13.38619, "pos/cte": -6.060287, "pilot/angle": 0.0, "pilot/throttle": 0.0, "milliseconds": 40161}