{"cam/image_array": "2768_cam-image_array_.jpg", "user/angle": -0.20823128521442413, "user/throttle": 0.9103659391403198, "user/mode": "local", "pos/pos_x": 73.93339, "pos/pos_y": 0.5544574, "pos/pos_z": 65.97247, "pos/speed": 9.241655, "pos/cte": -2.26696, "pilot/angle": 0.0, "pilot/throttle": 0.0, "milliseconds": 138537}