{"cam/image_array": "2766_cam-image_array_.jpg", "user/angle": -0.18752390146255493, "user/throttle": 0.7739748954772949, "user/mode": "local", "pos/pos_x": 73.57997, "pos/pos_y": 0.5572484, "pos/pos_z": 66.8192, "pos/speed": 9.131358, "pos/cte": -2.548124, "pilot/angle": 0.0, "pilot/throttle": 0.0, "milliseconds": 138437}