{"cam/image_array": "2923_cam-image_array_.jpg", "user/angle": 0.10777486860752106, "user/throttle": 0.539297342300415, "user/mode": "local", "pos/pos_x": 74.35229, "pos/pos_y": 0.5567861, "pos/pos_z": -7.985489, "pos/speed": 9.269959, "pos/cte": -4.274434, "pilot/angle": 0.0, "pilot/throttle": 0.0, "milliseconds": 146297}