{"cam/image_array": "4834_cam-image_array_.jpg", "user/angle": 0.21396443247795105, "user/throttle": 0.6679449081420898, "user/mode": "local", "pos/pos_x": 63.85121, "pos/pos_y": 0.5570867, "pos/pos_z": -5.523731, "pos/speed": 9.964057, "pos/cte": -1.721131, "pilot/angle": 0.0, "pilot/throttle": 0.0, "milliseconds": 241971}