{"cam/image_array": "1601_cam-image_array_.jpg", "user/angle": 1.1383275985717773, "user/throttle": 0.5389689207077026, "user/mode": "local", "pos/pos_x": 60.3837, "pos/pos_y": 0.5543599, "pos/pos_z": 75.30129, "pos/speed": 10.46217, "pos/cte": 1.869498, "pilot/angle": 0.0, "pilot/throttle": 0.0, "milliseconds": 80112}