{"cam/image_array": "2890_cam-image_array_.jpg", "user/angle": 1.0253435373306274, "user/throttle": 0.3404429852962494, "user/mode": "local", "pos/pos_x": 86.50304, "pos/pos_y": 0.5507785, "pos/pos_z": -0.9391884, "pos/speed": 9.935444, "pos/cte": 0.04754152, "pilot/angle": 0.0, "pilot/throttle": 0.0, "milliseconds": 144646}