{"cam/image_array": "1394_cam-image_array_.jpg", "user/angle": 0.8809289336204529, "user/throttle": 0.4454460144042969, "user/mode": "local", "pos/pos_x": 84.59624, "pos/pos_y": 0.5538172, "pos/pos_z": -1.986875, "pos/speed": 9.851748, "pos/cte": 0.5849286, "pilot/angle": 0.0, "pilot/throttle": 0.0, "milliseconds": 69749}