{"cam/image_array": "265_cam-image_array_.jpg", "user/angle": 0.4524582624435425, "user/throttle": 0.3479140102863312, "user/mode": "local", "pos/pos_x": 84.68893, "pos/pos_y": 0.5538987, "pos/pos_z": 4.130535, "pos/speed": 11.15508, "pos/cte": 3.595602, "pilot/angle": 0.0, "pilot/throttle": 0.0, "milliseconds": 13226}