{"cam/image_array": "3736_cam-image_array_.jpg", "user/angle": 0.09450110793113708, "user/throttle": 0.7374774217605591, "user/mode": "local", "pos/pos_x": 51.34897, "pos/pos_y": 0.5545554, "pos/pos_z": 7.809494, "pos/speed": 11.26421, "pos/cte": 1.230704, "pilot/angle": 0.0, "pilot/throttle": 0.0, "milliseconds": 187000}