{"cam/image_array": "135_cam-image_array_.jpg", "user/angle": 0.060018230229616165, "user/throttle": 0.7854752540588379, "user/mode": "local", "pos/pos_x": 68.67472, "pos/pos_y": 0.5566604, "pos/pos_z": 76.62518, "pos/speed": 8.953835, "pos/cte": -5.186614, "pilot/angle": 0.0, "pilot/throttle": 0.0, "milliseconds": 6718}