{"cam/image_array": "1521_cam-image_array_.jpg", "user/angle": -0.06380926072597504, "user/throttle": 0.8591791391372681, "user/mode": "local", "pos/pos_x": 45.50023, "pos/pos_y": 0.5560483, "pos/pos_z": 32.02693, "pos/speed": 12.85914, "pos/cte": -3.818435, "pilot/angle": 0.0, "pilot/throttle": 0.0, "milliseconds": 76108}