{"cam/image_array": "774_cam-image_array_.jpg", "user/angle": -0.06381642818450928, "user/throttle": 0.9055130481719971, "user/mode": "local", "pos/pos_x": 45.23739, "pos/pos_y": 0.5551908, "pos/pos_z": 35.06274, "pos/speed": 13.60921, "pos/cte": -4.107756, "pilot/angle": 0.0, "pilot/throttle": 0.0, "milliseconds": 38710}