{"cam/image_array": "4486_cam-image_array_.jpg", "user/angle": 0.02897406741976738, "user/throttle": 0.83901047706604, "user/mode": "local", "pos/pos_x": 50.92013, "pos/pos_y": 0.5551527, "pos/pos_z": 8.450885, "pos/speed": 10.86971, "pos/cte": 0.8302487, "pilot/angle": 0.0, "pilot/throttle": 0.0, "milliseconds": 224549}