{"cam/image_array": "2746_cam-image_array_.jpg", "user/angle": 0.6330481767654419, "user/throttle": 0.6560227870941162, "user/mode": "local", "pos/pos_x": 68.81934, "pos/pos_y": 0.5530695, "pos/pos_z": 74.22108, "pos/speed": 8.946353, "pos/cte": -3.735249, "pilot/angle": 0.0, "pilot/throttle": 0.0, "milliseconds": 137436}