{"cam/image_array": "2382_cam-image_array_.jpg", "user/angle": 0.24451203644275665, "user/throttle": 0.5936931371688843, "user/mode": "local", "pos/pos_x": 73.80255, "pos/pos_y": 0.5528944, "pos/pos_z": 71.78281, "pos/speed": 9.34478, "pos/cte": -5.94098, "pilot/angle": 0.0, "pilot/throttle": 0.0, "milliseconds": 119212}