{"cam/image_array": "530_cam-image_array_.jpg", "user/angle": 0.46996548771858215, "user/throttle": 1.005525827407837, "user/mode": "local", "pos/pos_x": 77.13621, "pos/pos_y": 0.5558942, "pos/pos_z": 59.08717, "pos/speed": 10.42111, "pos/cte": -0.4136407, "pilot/angle": 0.0, "pilot/throttle": 0.0, "milliseconds": 26493}