{"cam/image_array": "3465_cam-image_array_.jpg", "user/angle": 0.31352752447128296, "user/throttle": 0.15430253744125366, "user/mode": "local", "pos/pos_x": 51.821, "pos/pos_y": 0.5541899, "pos/pos_z": 70.48568, "pos/speed": 11.61255, "pos/cte": 2.131004, "pilot/angle": 0.0, "pilot/throttle": 0.0, "milliseconds": 173432}