{"cam/image_array": "3512_cam-image_array_.jpg", "user/angle": 0.14661455154418945, "user/throttle": 0.6438537836074829, "user/mode": "local", "pos/pos_x": 71.33811, "pos/pos_y": 0.5530921, "pos/pos_z": 72.81461, "pos/speed": 8.814233, "pos/cte": -4.737106, "pilot/angle": 0.0, "pilot/throttle": 0.0, "milliseconds": 175785}