{"cam/image_array": "3528_cam-image_array_.jpg", "user/angle": -0.151093989610672, "user/throttle": 0.9492660760879517, "user/mode": "local", "pos/pos_x": 74.51762, "pos/pos_y": 0.5541803, "pos/pos_z": 66.3313, "pos/speed": 9.324164, "pos/cte": -2.944256, "pilot/angle": 0.0, "pilot/throttle": 0.0, "milliseconds": 176586}