{"cam/image_array": "3568_cam-image_array_.jpg", "user/angle": -0.06373780965805054, "user/throttle": 0.831305980682373, "user/mode": "local", "pos/pos_x": 78.62848, "pos/pos_y": 0.554664, "pos/pos_z": 45.22161, "pos/speed": 11.98077, "pos/cte": -2.633045, "pilot/angle": 0.0, "pilot/throttle": 0.0, "milliseconds": 178589}