{"cam/image_array": "4713_cam-image_array_.jpg", "user/angle": -0.19314152002334595, "user/throttle": 0.7189537286758423, "user/mode": "local", "pos/pos_x": 78.01947, "pos/pos_y": 0.55064, "pos/pos_z": 41.07965, "pos/speed": 12.4172, "pos/cte": -4.142591, "pilot/angle": 0.0, "pilot/throttle": 0.0, "milliseconds": 235913}