{"cam/image_array": "4682_cam-image_array_.jpg", "user/angle": 0.4168558418750763, "user/throttle": 0.8177019357681274, "user/mode": "local", "pos/pos_x": 76.8713, "pos/pos_y": 0.5567421, "pos/pos_z": 59.70235, "pos/speed": 10.78836, "pos/cte": -0.4288477, "pilot/angle": 0.0, "pilot/throttle": 0.0, "milliseconds": 234361}