{"cam/image_array": "2501_cam-image_array_.jpg", "user/angle": 0.7458404898643494, "user/throttle": 0.1788967251777649, "user/mode": "local", "pos/pos_x": 87.58864, "pos/pos_y": 0.5529512, "pos/pos_z": 6.060208, "pos/speed": 11.33038, "pos/cte": 0.2856756, "pilot/angle": 0.0, "pilot/throttle": 0.0, "milliseconds": 125170}