{"cam/image_array": "4551_cam-image_array_.jpg", "user/angle": 0.2155032902956009, "user/throttle": 0.17703159153461456, "user/mode": "local", "pos/pos_x": 45.38052, "pos/pos_y": 0.5562633, "pos/pos_z": 47.71995, "pos/speed": 13.5498, "pos/cte": 0.0, "pilot/angle": 0.0, "pilot/throttle": 0.0, "milliseconds": 227803}