{"cam/image_array": "1725_cam-image_array_.jpg", "user/angle": -0.10628116130828857, "user/throttle": 0.2648225426673889, "user/mode": "local", "pos/pos_x": 83.29888, "pos/pos_y": 0.5557979, "pos/pos_z": 17.92475, "pos/speed": 12.94402, "pos/cte": -4.277301, "pilot/angle": 0.0, "pilot/throttle": 0.0, "milliseconds": 86320}