{"cam/image_array": "5306_cam-image_array_.jpg", "user/angle": 0.6528728008270264, "user/throttle": 0.34819552302360535, "user/mode": "local", "pos/pos_x": 43.5391, "pos/pos_y": 0.5615287, "pos/pos_z": 51.87154, "pos/speed": 13.95478, "pos/cte": -6.150894, "pilot/angle": 0.0, "pilot/throttle": 0.0, "milliseconds": 265602}