{"cam/image_array": "4968_cam-image_array_.jpg", "user/angle": 0.325471431016922, "user/throttle": 0.22945475578308105, "user/mode": "local", "pos/pos_x": 50.44817, "pos/pos_y": 0.5572852, "pos/pos_z": 69.79937, "pos/speed": 11.97256, "pos/cte": 0.7581711, "pilot/angle": 0.0, "pilot/throttle": 0.0, "milliseconds": 248679}