{"cam/image_array": "4557_cam-image_array_.jpg", "user/angle": 0.407950222492218, "user/throttle": 0.26309192180633545, "user/mode": "local", "pos/pos_x": 45.5411, "pos/pos_y": 0.561942, "pos/pos_z": 52.56549, "pos/speed": 13.25585, "pos/cte": -4.148895, "pilot/angle": 0.0, "pilot/throttle": 0.0, "milliseconds": 228103}