{"cam/image_array": "2145_cam-image_array_.jpg", "user/angle": 0.753874659538269, "user/throttle": 0.8682953119277954, "user/mode": "local", "pos/pos_x": 87.39158, "pos/pos_y": 0.5525037, "pos/pos_z": -6.224278, "pos/speed": 9.060818, "pos/cte": -4.613411, "pilot/angle": 0.0, "pilot/throttle": 0.0, "milliseconds": 107347}