{"cam/image_array": "992_cam-image_array_.jpg", "user/angle": 0.35749030113220215, "user/throttle": 0.0758415013551712, "user/mode": "local", "pos/pos_x": 86.48795, "pos/pos_y": 0.5568848, "pos/pos_z": 9.810723, "pos/speed": 12.2427, "pos/cte": -0.7252221, "pilot/angle": 0.0, "pilot/throttle": 0.0, "milliseconds": 49624}