{"cam/image_array": "2807_cam-image_array_.jpg", "user/angle": -0.16403913497924805, "user/throttle": 0.8250277042388916, "user/mode": "local", "pos/pos_x": 78.01311, "pos/pos_y": 0.5600101, "pos/pos_z": 47.09742, "pos/speed": 11.61073, "pos/cte": -1.173758, "pilot/angle": 0.0, "pilot/throttle": 0.0, "milliseconds": 140490}