{"cam/image_array": "1221_cam-image_array_.jpg", "user/angle": 0.8203269243240356, "user/throttle": 0.3846723437309265, "user/mode": "local", "pos/pos_x": 54.57933, "pos/pos_y": 0.5532085, "pos/pos_z": 73.4317, "pos/speed": 11.71554, "pos/cte": 3.962321, "pilot/angle": 0.0, "pilot/throttle": 0.0, "milliseconds": 61088}