{"cam/image_array": "479_cam-image_array_.jpg", "user/angle": 0.823816180229187, "user/throttle": 0.68611741065979, "user/mode": "local", "pos/pos_x": 61.55301, "pos/pos_y": 0.5529627, "pos/pos_z": 75.28386, "pos/speed": 10.59208, "pos/cte": 1.230081, "pilot/angle": 0.0, "pilot/throttle": 0.0, "milliseconds": 23940}