{"cam/image_array": "2992_cam-image_array_.jpg", "user/angle": 0.13421288132667542, "user/throttle": 0.7394980192184448, "user/mode": "local", "pos/pos_x": 49.46144, "pos/pos_y": 0.5546284, "pos/pos_z": 12.71087, "pos/speed": 11.37688, "pos/cte": -0.4412329, "pilot/angle": 0.0, "pilot/throttle": 0.0, "milliseconds": 149752}