{"cam/image_array": "3025_cam-image_array_.jpg", "user/angle": -0.07504953444004059, "user/throttle": 0.8734115362167358, "user/mode": "local", "pos/pos_x": 45.50623, "pos/pos_y": 0.5555586, "pos/pos_z": 31.61891, "pos/speed": 12.87696, "pos/cte": -3.808882, "pilot/angle": 0.0, "pilot/throttle": 0.0, "milliseconds": 151404}