{"cam/image_array": "623_cam-image_array_.jpg", "user/angle": 1.1432827711105347, "user/throttle": 0.484881192445755, "user/mode": "local", "pos/pos_x": 88.5646, "pos/pos_y": 0.5547564, "pos/pos_z": 3.31351, "pos/speed": 11.24479, "pos/cte": -0.3723148, "pilot/angle": 0.0, "pilot/throttle": 0.0, "milliseconds": 31149}