{"cam/image_array": "700_cam-image_array_.jpg", "user/angle": 0.4845629334449768, "user/throttle": 0.5617625713348389, "user/mode": "local", "pos/pos_x": 59.72575, "pos/pos_y": 0.554581, "pos/pos_z": -3.706925, "pos/speed": 10.61223, "pos/cte": 0.1316074, "pilot/angle": 0.0, "pilot/throttle": 0.0, "milliseconds": 35005}