{"cam/image_array": "2857_cam-image_array_.jpg", "user/angle": 0.13116668164730072, "user/throttle": 0.08148933947086334, "user/mode": "local", "pos/pos_x": 83.60454, "pos/pos_y": 0.5551882, "pos/pos_z": 16.25079, "pos/speed": 12.28136, "pos/cte": -3.297589, "pilot/angle": 0.0, "pilot/throttle": 0.0, "milliseconds": 142993}