{"cam/image_array": "1397_cam-image_array_.jpg", "user/angle": 0.9184874296188354, "user/throttle": 0.07373224943876266, "user/mode": "local", "pos/pos_x": 83.50861, "pos/pos_y": 0.5531853, "pos/pos_z": -3.628683, "pos/speed": 9.790836, "pos/cte": -0.4062173, "pilot/angle": 0.0, "pilot/throttle": 0.0, "milliseconds": 69899}