{"cam/image_array": "97_cam-image_array_.jpg", "user/angle": 0.7249113917350769, "user/throttle": 0.2628874182701111, "user/mode": "local", "pos/pos_x": 55.34307, "pos/pos_y": 0.5535669, "pos/pos_z": 82.30978, "pos/speed": 8.854411, "pos/cte": -4.109469, "pilot/angle": 0.0, "pilot/throttle": 0.0, "milliseconds": 4815}