{"cam/image_array": "2025_cam-image_array_.jpg", "user/angle": 0.22247850894927979, "user/throttle": 0.8348487615585327, "user/mode": "local", "pos/pos_x": 75.95345, "pos/pos_y": 0.5555905, "pos/pos_z": 62.12426, "pos/speed": 10.01985, "pos/cte": -1.303816, "pilot/angle": 0.0, "pilot/throttle": 0.0, "milliseconds": 101340}