{"cam/image_array": "46_cam-image_array_.jpg", "user/angle": 0.10750162601470947, "user/throttle": 0.7144218683242798, "user/mode": "local", "pos/pos_x": 48.85541, "pos/pos_y": 0.5555813, "pos/pos_z": 57.75964, "pos/speed": 9.151711, "pos/cte": -0.8345871, "pilot/angle": 0.0, "pilot/throttle": 0.0, "milliseconds": 2262}