{"cam/image_array": "3497_cam-image_array_.jpg", "user/angle": 0.9769771695137024, "user/throttle": 0.7251877784729004, "user/mode": "local", "pos/pos_x": 66.3301, "pos/pos_y": 0.5532566, "pos/pos_z": 76.18006, "pos/speed": 9.044851, "pos/cte": -3.114673, "pilot/angle": 0.0, "pilot/throttle": 0.0, "milliseconds": 175034}