{"cam/image_array": "4275_cam-image_array_.jpg", "user/angle": 0.056916575878858566, "user/throttle": 0.7485095262527466, "user/mode": "local", "pos/pos_x": 75.4202, "pos/pos_y": 0.5545321, "pos/pos_z": 64.0105, "pos/speed": 9.592772, "pos/cte": -2.123344, "pilot/angle": 0.0, "pilot/throttle": 0.0, "milliseconds": 213984}