{"cam/image_array": "2619_cam-image_array_.jpg", "user/angle": 0.12510910630226135, "user/throttle": 0.6409176588058472, "user/mode": "local", "pos/pos_x": 48.54641, "pos/pos_y": 0.5555987, "pos/pos_z": 15.80224, "pos/speed": 11.6302, "pos/cte": -1.220551, "pilot/angle": 0.0, "pilot/throttle": 0.0, "milliseconds": 131077}