{"cam/image_array": "1079_cam-image_array_.jpg", "user/angle": 0.4778854548931122, "user/throttle": 0.41931143403053284, "user/mode": "local", "pos/pos_x": 61.47609, "pos/pos_y": 0.5548987, "pos/pos_z": -4.493358, "pos/speed": 10.384, "pos/cte": -0.6700702, "pilot/angle": 0.0, "pilot/throttle": 0.0, "milliseconds": 53978}