{"cam/image_array": "4361_cam-image_array_.jpg", "user/angle": 0.31390976905822754, "user/throttle": 0.057828761637210846, "user/mode": "local", "pos/pos_x": 85.27232, "pos/pos_y": 0.5543378, "pos/pos_z": 14.13713, "pos/speed": 12.52465, "pos/cte": -2.958984, "pilot/angle": 0.0, "pilot/throttle": 0.0, "milliseconds": 218290}