{"cam/image_array": "4392_cam-image_array_.jpg", "user/angle": 0.8899214267730713, "user/throttle": 0.07995687425136566, "user/mode": "local", "pos/pos_x": 86.91552, "pos/pos_y": 0.5536399, "pos/pos_z": -2.459706, "pos/speed": 10.1399, "pos/cte": -1.400713, "pilot/angle": 0.0, "pilot/throttle": 0.0, "milliseconds": 219842}