{"cam/image_array": "3225_cam-image_array_.jpg", "user/angle": -0.06614023447036743, "user/throttle": 0.35627976059913635, "user/mode": "local", "pos/pos_x": 81.35391, "pos/pos_y": 0.5558283, "pos/pos_z": 20.84885, "pos/speed": 12.67926, "pos/cte": -4.953842, "pilot/angle": 0.0, "pilot/throttle": 0.0, "milliseconds": 161417}