{"cam/image_array": "3672_cam-image_array_.jpg", "user/angle": 0.7081104516983032, "user/throttle": 0.773065447807312, "user/mode": "local", "pos/pos_x": 77.74587, "pos/pos_y": 0.5516557, "pos/pos_z": -9.202117, "pos/speed": 9.457523, "pos/cte": -5.52063, "pilot/angle": 0.0, "pilot/throttle": 0.0, "milliseconds": 183795}