{"cam/image_array": "3702_cam-image_array_.jpg", "user/angle": 0.2540937662124634, "user/throttle": 0.662616491317749, "user/mode": "local", "pos/pos_x": 63.34444, "pos/pos_y": 0.5576528, "pos/pos_z": -5.518626, "pos/speed": 10.53506, "pos/cte": -1.711604, "pilot/angle": 0.0, "pilot/throttle": 0.0, "milliseconds": 185297}