{"cam/image_array": "408_cam-image_array_.jpg", "user/angle": -0.06920012831687927, "user/throttle": 0.7823858261108398, "user/mode": "local", "pos/pos_x": 44.92714, "pos/pos_y": 0.5550616, "pos/pos_z": 39.81503, "pos/speed": 13.86944, "pos/cte": -4.459462, "pilot/angle": 0.0, "pilot/throttle": 0.0, "milliseconds": 20385}