{"cam/image_array": "1479_cam-image_array_.jpg", "user/angle": 0.11857430636882782, "user/throttle": 0.7530890703201294, "user/mode": "local", "pos/pos_x": 51.42456, "pos/pos_y": 0.5540022, "pos/pos_z": 7.863522, "pos/speed": 10.87308, "pos/cte": 1.308577, "pilot/angle": 0.0, "pilot/throttle": 0.0, "milliseconds": 74004}