{"cam/image_array": "3262_cam-image_array_.jpg", "user/angle": 0.9853982329368591, "user/throttle": 0.814922571182251, "user/mode": "local", "pos/pos_x": 87.05813, "pos/pos_y": 0.5524704, "pos/pos_z": 0.9081619, "pos/speed": 10.10285, "pos/cte": 0.5753756, "pilot/angle": 0.0, "pilot/throttle": 0.0, "milliseconds": 163269}