{"cam/image_array": "3041_cam-image_array_.jpg", "user/angle": -0.005792984738945961, "user/throttle": 0.6833142042160034, "user/mode": "local", "pos/pos_x": 45.14783, "pos/pos_y": 0.5551089, "pos/pos_z": 42.32898, "pos/speed": 13.63664, "pos/cte": -4.260716, "pilot/angle": 0.0, "pilot/throttle": 0.0, "milliseconds": 152205}