{"cam/image_array": "3130_cam-image_array_.jpg", "user/angle": 0.21386395394802094, "user/throttle": 0.43884530663490295, "user/mode": "local", "pos/pos_x": 70.1133, "pos/pos_y": 0.5526232, "pos/pos_z": 71.33828, "pos/speed": 9.314307, "pos/cte": -2.846952, "pilot/angle": 0.0, "pilot/throttle": 0.0, "milliseconds": 156660}