{"cam/image_array": "4795_cam-image_array_.jpg", "user/angle": 0.8855681419372559, "user/throttle": 0.3707074224948883, "user/mode": "local", "pos/pos_x": 80.73426, "pos/pos_y": 0.5551463, "pos/pos_z": -5.266415, "pos/speed": 9.743769, "pos/cte": -1.611157, "pilot/angle": 0.0, "pilot/throttle": 0.0, "milliseconds": 240018}