{"cam/image_array": "3299_cam-image_array_.jpg", "user/angle": 0.08804664015769958, "user/throttle": 0.470816433429718, "user/mode": "local", "pos/pos_x": 73.25433, "pos/pos_y": 0.5562516, "pos/pos_z": -7.491306, "pos/speed": 9.469028, "pos/cte": -3.770689, "pilot/angle": 0.0, "pilot/throttle": 0.0, "milliseconds": 165121}