{"cam/image_array": "1772_cam-image_array_.jpg", "user/angle": 0.7870131134986877, "user/throttle": 0.8764640092849731, "user/mode": "local", "pos/pos_x": 85.13676, "pos/pos_y": 0.5543763, "pos/pos_z": -6.633833, "pos/speed": 9.057055, "pos/cte": -3.807987, "pilot/angle": 0.0, "pilot/throttle": 0.0, "milliseconds": 88673}