{"cam/image_array": "1881_cam-image_array_.jpg", "user/angle": 0.1044681966304779, "user/throttle": 0.7967672348022461, "user/mode": "local", "pos/pos_x": 46.46535, "pos/pos_y": 0.5559036, "pos/pos_z": 22.52951, "pos/speed": 12.29409, "pos/cte": -3.006186, "pilot/angle": 0.0, "pilot/throttle": 0.0, "milliseconds": 94130}