{"cam/image_array": "5380_cam-image_array_.jpg", "user/angle": 0.9715899229049683, "user/throttle": 0.4475991427898407, "user/mode": "local", "pos/pos_x": 71.21634, "pos/pos_y": 0.5516208, "pos/pos_z": 74.94305, "pos/speed": 9.403616, "pos/cte": -6.026821, "pilot/angle": 0.0, "pilot/throttle": 0.0, "milliseconds": 269306}