{"cam/image_array": "2311_cam-image_array_.jpg", "user/angle": 0.3449588716030121, "user/throttle": 0.4383765459060669, "user/mode": "local", "pos/pos_x": 44.02282, "pos/pos_y": 0.5520855, "pos/pos_z": 56.95853, "pos/speed": 13.56422, "pos/cte": -5.667179, "pilot/angle": 0.0, "pilot/throttle": 0.0, "milliseconds": 115658}