{"cam/image_array": "4981_cam-image_array_.jpg", "user/angle": 0.7804647088050842, "user/throttle": 0.21389344334602356, "user/mode": "local", "pos/pos_x": 55.84971, "pos/pos_y": 0.5529411, "pos/pos_z": 74.24348, "pos/speed": 11.25993, "pos/cte": 4.140988, "pilot/angle": 0.0, "pilot/throttle": 0.0, "milliseconds": 249331}