{"cam/image_array": "2925_cam-image_array_.jpg", "user/angle": 0.08917218446731567, "user/throttle": 0.4464823305606842, "user/mode": "local", "pos/pos_x": 73.42371, "pos/pos_y": 0.554608, "pos/pos_z": -7.843865, "pos/speed": 9.493123, "pos/cte": -4.124712, "pilot/angle": 0.0, "pilot/throttle": 0.0, "milliseconds": 146398}