{"cam/image_array": "4070_cam-image_array_.jpg", "user/angle": 0.2126343548297882, "user/throttle": 0.5748341083526611, "user/mode": "local", "pos/pos_x": 65.52608, "pos/pos_y": 0.5553603, "pos/pos_z": -6.074305, "pos/speed": 10.38755, "pos/cte": -2.286299, "pilot/angle": 0.0, "pilot/throttle": 0.0, "milliseconds": 203721}