{"cam/image_array": "3464_cam-image_array_.jpg", "user/angle": 0.3382130265235901, "user/throttle": 0.236587256193161, "user/mode": "local", "pos/pos_x": 51.11381, "pos/pos_y": 0.5542948, "pos/pos_z": 69.5649, "pos/speed": 11.57034, "pos/cte": 1.423813, "pilot/angle": 0.0, "pilot/throttle": 0.0, "milliseconds": 173382}