{"cam/image_array": "3168_cam-image_array_.jpg", "user/angle": 0.08929544687271118, "user/throttle": 0.9528796672821045, "user/mode": "local", "pos/pos_x": 77.91933, "pos/pos_y": 0.5552784, "pos/pos_z": 54.53444, "pos/speed": 10.23154, "pos/cte": 0.3544616, "pilot/angle": 0.0, "pilot/throttle": 0.0, "milliseconds": 158563}