{"cam/image_array": "4527_cam-image_array_.jpg", "user/angle": -0.04938015714287758, "user/throttle": 0.8405935764312744, "user/mode": "local", "pos/pos_x": 45.53327, "pos/pos_y": 0.5547208, "pos/pos_z": 32.54812, "pos/speed": 12.84256, "pos/cte": -3.789949, "pilot/angle": 0.0, "pilot/throttle": 0.0, "milliseconds": 226601}