{"cam/image_array": "3186_cam-image_array_.jpg", "user/angle": -0.128961443901062, "user/throttle": 0.8460143804550171, "user/mode": "local", "pos/pos_x": 77.90685, "pos/pos_y": 0.5545779, "pos/pos_z": 44.7486, "pos/speed": 11.57623, "pos/cte": -2.237891, "pilot/angle": 0.0, "pilot/throttle": 0.0, "milliseconds": 159464}