{"cam/image_array": "4194_cam-image_array_.jpg", "user/angle": -0.13712681829929352, "user/throttle": 0.24840359389781952, "user/mode": "local", "pos/pos_x": 46.41485, "pos/pos_y": 0.5527455, "pos/pos_z": 63.37253, "pos/speed": 12.61577, "pos/cte": -3.27515, "pilot/angle": 0.0, "pilot/throttle": 0.0, "milliseconds": 209930}