{"cam/image_array": "2801_cam-image_array_.jpg", "user/angle": -0.10557696223258972, "user/throttle": 0.7866356372833252, "user/mode": "local", "pos/pos_x": 78.21839, "pos/pos_y": 0.5496325, "pos/pos_z": 50.49149, "pos/speed": 11.02976, "pos/cte": -0.1397051, "pilot/angle": 0.0, "pilot/throttle": 0.0, "milliseconds": 140189}