{"cam/image_array": "5679_cam-image_array_.jpg", "user/angle": 0.4320841431617737, "user/throttle": 0.2488888055086136, "user/mode": "local", "pos/pos_x": 44.17621, "pos/pos_y": 0.564433, "pos/pos_z": 51.73379, "pos/speed": 13.9516, "pos/cte": -5.513786, "pilot/angle": 0.0, "pilot/throttle": 0.0, "milliseconds": 284276}