{"cam/image_array": "2877_cam-image_array_.jpg", "user/angle": 0.8191322088241577, "user/throttle": 0.2285359501838684, "user/mode": "local", "pos/pos_x": 87.18344, "pos/pos_y": 0.5521752, "pos/pos_z": 5.140535, "pos/speed": 10.98551, "pos/cte": 0.9219079, "pilot/angle": 0.0, "pilot/throttle": 0.0, "milliseconds": 143995}