{"cam/image_array": "132_cam-image_array_.jpg", "user/angle": 0.1716960072517395, "user/throttle": 0.7763357162475586, "user/mode": "local", "pos/pos_x": 67.84557, "pos/pos_y": 0.554194, "pos/pos_z": 78.1933, "pos/speed": 8.697451, "pos/cte": -5.574534, "pilot/angle": 0.0, "pilot/throttle": 0.0, "milliseconds": 6568}