{"cam/image_array": "1971_cam-image_array_.jpg", "user/angle": 0.9511033296585083, "user/throttle": 0.17012760043144226, "user/mode": "local", "pos/pos_x": 56.70238, "pos/pos_y": 0.552986, "pos/pos_z": 74.78672, "pos/speed": 10.87512, "pos/cte": 3.802733, "pilot/angle": 0.0, "pilot/throttle": 0.0, "milliseconds": 98636}