{"cam/image_array": "4307_cam-image_array_.jpg", "user/angle": -0.14473901689052582, "user/throttle": 0.7683863639831543, "user/mode": "local", "pos/pos_x": 78.6943, "pos/pos_y": 0.556653, "pos/pos_z": 47.5849, "pos/speed": 11.60738, "pos/cte": -1.504197, "pilot/angle": 0.0, "pilot/throttle": 0.0, "milliseconds": 215587}