{"cam/image_array": "1960_cam-image_array_.jpg", "user/angle": 0.3405969738960266, "user/throttle": 0.5118087530136108, "user/mode": "local", "pos/pos_x": 51.47353, "pos/pos_y": 0.5556198, "pos/pos_z": 71.63172, "pos/speed": 11.0068, "pos/cte": 1.783527, "pilot/angle": 0.0, "pilot/throttle": 0.0, "milliseconds": 98085}