{"cam/image_array": "855_cam-image_array_.jpg", "user/angle": 0.9198282361030579, "user/throttle": 0.3331473767757416, "user/mode": "local", "pos/pos_x": 64.70084, "pos/pos_y": 0.5545196, "pos/pos_z": 76.94131, "pos/speed": 10.37041, "pos/cte": -2.370165, "pilot/angle": 0.0, "pilot/throttle": 0.0, "milliseconds": 42764}