{"cam/image_array": "3618_cam-image_array_.jpg", "user/angle": 0.3561316430568695, "user/throttle": 0.06226234883069992, "user/mode": "local", "pos/pos_x": 84.57863, "pos/pos_y": 0.5543973, "pos/pos_z": 14.63359, "pos/speed": 13.09829, "pos/cte": -2.826871, "pilot/angle": 0.0, "pilot/throttle": 0.0, "milliseconds": 181092}