{"cam/image_array": "1951_cam-image_array_.jpg", "user/angle": 0.2542113661766052, "user/throttle": 0.29371556639671326, "user/mode": "local", "pos/pos_x": 48.36007, "pos/pos_y": 0.5518391, "pos/pos_z": 68.44332, "pos/speed": 11.35067, "pos/cte": -1.329926, "pilot/angle": 0.0, "pilot/throttle": 0.0, "milliseconds": 97634}