{"cam/image_array": "1548_cam-image_array_.jpg", "user/angle": 0.46998417377471924, "user/throttle": 0.17915447056293488, "user/mode": "local", "pos/pos_x": 44.05575, "pos/pos_y": 0.562366, "pos/pos_z": 50.57956, "pos/speed": 13.92387, "pos/cte": -5.634247, "pilot/angle": 0.0, "pilot/throttle": 0.0, "milliseconds": 77459}