{"cam/image_array": "3066_cam-image_array_.jpg", "user/angle": 0.4751366376876831, "user/throttle": 0.07033858448266983, "user/mode": "local", "pos/pos_x": 45.20654, "pos/pos_y": 0.550096, "pos/pos_z": 60.96642, "pos/speed": 13.00005, "pos/cte": -4.483459, "pilot/angle": 0.0, "pilot/throttle": 0.0, "milliseconds": 153456}