{"cam/image_array": "4355_cam-image_array_.jpg", "user/angle": 0.2778797149658203, "user/throttle": 0.19631600379943848, "user/mode": "local", "pos/pos_x": 83.53362, "pos/pos_y": 0.5547274, "pos/pos_z": 17.53609, "pos/speed": 12.88525, "pos/cte": -4.164622, "pilot/angle": 0.0, "pilot/throttle": 0.0, "milliseconds": 217990}