{"cam/image_array": "1254_cam-image_array_.jpg", "user/angle": 0.5795972347259521, "user/throttle": 0.7413979768753052, "user/mode": "local", "pos/pos_x": 70.78394, "pos/pos_y": 0.5515013, "pos/pos_z": 73.74709, "pos/speed": 9.439177, "pos/cte": -4.92131, "pilot/angle": 0.0, "pilot/throttle": 0.0, "milliseconds": 62741}