{"cam/image_array": "4722_cam-image_array_.jpg", "user/angle": -0.06403304636478424, "user/throttle": 0.5940450429916382, "user/mode": "local", "pos/pos_x": 78.4417, "pos/pos_y": 0.5558878, "pos/pos_z": 36.05132, "pos/speed": 12.73807, "pos/cte": -6.193519, "pilot/angle": 0.0, "pilot/throttle": 0.0, "milliseconds": 236364}