{"cam/image_array": "3086_cam-image_array_.jpg", "user/angle": 0.2842414379119873, "user/throttle": 0.28299567103385925, "user/mode": "local", "pos/pos_x": 50.22321, "pos/pos_y": 0.5527915, "pos/pos_z": 70.31461, "pos/speed": 11.21323, "pos/cte": 0.5332108, "pilot/angle": 0.0, "pilot/throttle": 0.0, "milliseconds": 154458}