{"cam/image_array": "450_cam-image_array_.jpg", "user/angle": 0.22640353441238403, "user/throttle": 0.4202105700969696, "user/mode": "local", "pos/pos_x": 47.43734, "pos/pos_y": 0.5524219, "pos/pos_z": 66.68842, "pos/speed": 11.98414, "pos/cte": -2.252655, "pilot/angle": 0.0, "pilot/throttle": 0.0, "milliseconds": 22488}