{"cam/image_array": "5657_cam-image_array_.jpg", "user/angle": -0.025113556534051895, "user/throttle": 0.7706708908081055, "user/mode": "local", "pos/pos_x": 45.24242, "pos/pos_y": 0.5556279, "pos/pos_z": 36.42049, "pos/speed": 13.54972, "pos/cte": -4.114576, "pilot/angle": 0.0, "pilot/throttle": 0.0, "milliseconds": 283175}