{"cam/image_array": "5145_cam-image_array_.jpg", "user/angle": 1.022581696510315, "user/throttle": 0.44940444827079773, "user/mode": "local", "pos/pos_x": 86.98117, "pos/pos_y": 0.5535794, "pos/pos_z": -0.02091232, "pos/speed": 10.7589, "pos/cte": 0.08357593, "pilot/angle": 0.0, "pilot/throttle": 0.0, "milliseconds": 257541}