{"cam/image_array": "5464_cam-image_array_.jpg", "user/angle": -0.27198803424835205, "user/throttle": 0.5233317017555237, "user/mode": "local", "pos/pos_x": 78.76153, "pos/pos_y": 0.5547028, "pos/pos_z": 32.44915, "pos/speed": 12.82198, "pos/cte": -6.899058, "pilot/angle": 0.0, "pilot/throttle": 0.0, "milliseconds": 273511}