{"cam/image_array": "2150_cam-image_array_.jpg", "user/angle": 0.8460184335708618, "user/throttle": 0.917446494102478, "user/mode": "local", "pos/pos_x": 85.53892, "pos/pos_y": 0.5527369, "pos/pos_z": -8.225894, "pos/speed": 9.195534, "pos/cte": -5.397765, "pilot/angle": 0.0, "pilot/throttle": 0.0, "milliseconds": 107597}