{"cam/image_array": "2302_cam-image_array_.jpg", "user/angle": 0.581014096736908, "user/throttle": 0.3022029399871826, "user/mode": "local", "pos/pos_x": 43.77528, "pos/pos_y": 0.5631617, "pos/pos_z": 51.39587, "pos/speed": 14.23078, "pos/cte": -5.914722, "pilot/angle": 0.0, "pilot/throttle": 0.0, "milliseconds": 115207}