{"cam/image_array": "3980_cam-image_array_.jpg", "user/angle": -0.012878280133008957, "user/throttle": 0.2730724811553955, "user/mode": "local", "pos/pos_x": 82.74841, "pos/pos_y": 0.5567721, "pos/pos_z": 19.69055, "pos/speed": 12.83864, "pos/cte": -5.150932, "pilot/angle": 0.0, "pilot/throttle": 0.0, "milliseconds": 199215}