{"cam/image_array": "3096_cam-image_array_.jpg", "user/angle": 0.5942895412445068, "user/throttle": 0.5823769569396973, "user/mode": "local", "pos/pos_x": 54.59258, "pos/pos_y": 0.5541319, "pos/pos_z": 73.58229, "pos/speed": 10.65832, "pos/cte": 3.896118, "pilot/angle": 0.0, "pilot/throttle": 0.0, "milliseconds": 154958}