{"cam/image_array": "5282_cam-image_array_.jpg", "user/angle": -0.0581611804664135, "user/throttle": 0.8936793804168701, "user/mode": "local", "pos/pos_x": 45.17501, "pos/pos_y": 0.5551774, "pos/pos_z": 35.08921, "pos/speed": 13.62547, "pos/cte": -4.170362, "pilot/angle": 0.0, "pilot/throttle": 0.0, "milliseconds": 264400}