{"cam/image_array": "5183_cam-image_array_.jpg", "user/angle": 0.13034573197364807, "user/throttle": 0.6582105159759521, "user/mode": "local", "pos/pos_x": 72.50719, "pos/pos_y": 0.5582623, "pos/pos_z": -8.949008, "pos/speed": 9.919113, "pos/cte": -5.221815, "pilot/angle": 0.0, "pilot/throttle": 0.0, "milliseconds": 259444}