{"cam/image_array": "4746_cam-image_array_.jpg", "user/angle": 0.25561782717704773, "user/throttle": 0.16207200288772583, "user/mode": "local", "pos/pos_x": 82.19367, "pos/pos_y": 0.5555797, "pos/pos_z": 21.13773, "pos/speed": 12.73692, "pos/cte": -5.780015, "pilot/angle": 0.0, "pilot/throttle": 0.0, "milliseconds": 237565}