{"cam/image_array": "3598_cam-image_array_.jpg", "user/angle": -0.11586475372314453, "user/throttle": 0.6043343544006348, "user/mode": "local", "pos/pos_x": 79.56294, "pos/pos_y": 0.5524606, "pos/pos_z": 27.39571, "pos/speed": 13.13487, "pos/cte": -6.768334, "pilot/angle": 0.0, "pilot/throttle": 0.0, "milliseconds": 180091}