{"cam/image_array": "714_cam-image_array_.jpg", "user/angle": 0.13800393044948578, "user/throttle": 0.6842955350875854, "user/mode": "local", "pos/pos_x": 54.43538, "pos/pos_y": 0.5544813, "pos/pos_z": 1.473336, "pos/speed": 10.6539, "pos/cte": 2.478726, "pilot/angle": 0.0, "pilot/throttle": 0.0, "milliseconds": 35705}