{"cam/image_array": "5650_cam-image_array_.jpg", "user/angle": -0.09117884933948517, "user/throttle": 0.9535777568817139, "user/mode": "local", "pos/pos_x": 45.50343, "pos/pos_y": 0.5554058, "pos/pos_z": 31.11288, "pos/speed": 13.02371, "pos/cte": -3.807258, "pilot/angle": 0.0, "pilot/throttle": 0.0, "milliseconds": 282824}