{"cam/image_array": "1270_cam-image_array_.jpg", "user/angle": 0.07153833657503128, "user/throttle": 0.6143097877502441, "user/mode": "local", "pos/pos_x": 74.94947, "pos/pos_y": 0.5554671, "pos/pos_z": 67.45286, "pos/speed": 9.706244, "pos/cte": -4.001029, "pilot/angle": 0.0, "pilot/throttle": 0.0, "milliseconds": 63541}