{"cam/image_array": "2523_cam-image_array_.jpg", "user/angle": 0.8927390575408936, "user/throttle": 0.49822887778282166, "user/mode": "local", "pos/pos_x": 84.15826, "pos/pos_y": 0.5552526, "pos/pos_z": -4.861251, "pos/speed": 9.508432, "pos/cte": -1.838383, "pilot/angle": 0.0, "pilot/throttle": 0.0, "milliseconds": 126271}