{"cam/image_array": "930_cam-image_array_.jpg", "user/angle": -0.025796525180339813, "user/throttle": 0.8785532712936401, "user/mode": "local", "pos/pos_x": 78.8371, "pos/pos_y": 0.5559645, "pos/pos_z": 47.16873, "pos/speed": 11.81487, "pos/cte": -1.855816, "pilot/angle": 0.0, "pilot/throttle": 0.0, "milliseconds": 46519}