{"cam/image_array": "2296_cam-image_array_.jpg", "user/angle": 0.21737180650234222, "user/throttle": 0.5235460996627808, "user/mode": "local", "pos/pos_x": 44.20137, "pos/pos_y": 0.5553834, "pos/pos_z": 47.11123, "pos/speed": 14.49875, "pos/cte": -5.248871, "pilot/angle": 0.0, "pilot/throttle": 0.0, "milliseconds": 114907}