{"cam/image_array": "1972_cam-image_array_.jpg", "user/angle": 0.5908371806144714, "user/throttle": 0.3071756660938263, "user/mode": "local", "pos/pos_x": 57.72704, "pos/pos_y": 0.5522403, "pos/pos_z": 75.14275, "pos/speed": 10.81114, "pos/cte": 3.403657, "pilot/angle": 0.0, "pilot/throttle": 0.0, "milliseconds": 98686}