{"cam/image_array": "4756_cam-image_array_.jpg", "user/angle": -0.06863786280155182, "user/throttle": 0.18842774629592896, "user/mode": "local", "pos/pos_x": 84.16041, "pos/pos_y": 0.5543954, "pos/pos_z": 15.19978, "pos/speed": 12.17612, "pos/cte": -2.937575, "pilot/angle": 0.0, "pilot/throttle": 0.0, "milliseconds": 238066}