{"cam/image_array": "3921_cam-image_array_.jpg", "user/angle": 0.19752445816993713, "user/throttle": 0.7707059383392334, "user/mode": "local", "pos/pos_x": 78.35316, "pos/pos_y": 0.5567606, "pos/pos_z": 55.55367, "pos/speed": 10.98228, "pos/cte": -0.2578434, "pilot/angle": 0.0, "pilot/throttle": 0.0, "milliseconds": 196261}