{"cam/image_array": "960_cam-image_array_.jpg", "user/angle": -0.2166917622089386, "user/throttle": 0.32262948155403137, "user/mode": "local", "pos/pos_x": 79.34925, "pos/pos_y": 0.5557948, "pos/pos_z": 29.703, "pos/speed": 13.011, "pos/cte": -7.201164, "pilot/angle": 0.0, "pilot/throttle": 0.0, "milliseconds": 48021}