{"cam/image_array": "1613_cam-image_array_.jpg", "user/angle": 0.9298227429389954, "user/throttle": 0.4966495633125305, "user/mode": "local", "pos/pos_x": 66.38937, "pos/pos_y": 0.55442, "pos/pos_z": 74.94769, "pos/speed": 9.746423, "pos/cte": -2.359374, "pilot/angle": 0.0, "pilot/throttle": 0.0, "milliseconds": 80713}