{"cam/image_array": "2007_cam-image_array_.jpg", "user/angle": 0.06093364581465721, "user/throttle": 0.5014216899871826, "user/mode": "local", "pos/pos_x": 72.1834, "pos/pos_y": 0.5525389, "pos/pos_z": 69.89325, "pos/speed": 9.293642, "pos/cte": -3.482596, "pilot/angle": 0.0, "pilot/throttle": 0.0, "milliseconds": 100438}