{"cam/image_array": "4886_cam-image_array_.jpg", "user/angle": 0.2127709835767746, "user/throttle": 0.7623941898345947, "user/mode": "local", "pos/pos_x": 47.39726, "pos/pos_y": 0.555092, "pos/pos_z": 17.02521, "pos/speed": 11.97015, "pos/cte": -2.315259, "pilot/angle": 0.0, "pilot/throttle": 0.0, "milliseconds": 244574}