{"cam/image_array": "2367_cam-image_array_.jpg", "user/angle": 0.8190533518791199, "user/throttle": 0.7075678110122681, "user/mode": "local", "pos/pos_x": 67.64348, "pos/pos_y": 0.5520968, "pos/pos_z": 75.95054, "pos/speed": 9.69181, "pos/cte": -3.96431, "pilot/angle": 0.0, "pilot/throttle": 0.0, "milliseconds": 118461}