{"cam/image_array": "3624_cam-image_array_.jpg", "user/angle": 0.892568826675415, "user/throttle": 0.07766342163085938, "user/mode": "local", "pos/pos_x": 86.17503, "pos/pos_y": 0.5564533, "pos/pos_z": 11.06527, "pos/speed": 12.91481, "pos/cte": -1.400696, "pilot/angle": 0.0, "pilot/throttle": 0.0, "milliseconds": 181392}