{"cam/image_array": "2932_cam-image_array_.jpg", "user/angle": 0.13899482786655426, "user/throttle": 0.25776511430740356, "user/mode": "local", "pos/pos_x": 70.62481, "pos/pos_y": 0.555958, "pos/pos_z": -7.25015, "pos/speed": 9.577825, "pos/cte": -3.506595, "pilot/angle": 0.0, "pilot/throttle": 0.0, "milliseconds": 146748}