{"cam/image_array": "5724_cam-image_array_.jpg", "user/angle": 0.786738932132721, "user/throttle": 0.17550630867481232, "user/mode": "local", "pos/pos_x": 56.89157, "pos/pos_y": 0.5502037, "pos/pos_z": 74.77855, "pos/speed": 11.21651, "pos/cte": 3.578393, "pilot/angle": 0.0, "pilot/throttle": 0.0, "milliseconds": 286528}