{"cam/image_array": "1011_cam-image_array_.jpg", "user/angle": 0.8364242911338806, "user/throttle": 0.05315670371055603, "user/mode": "local", "pos/pos_x": 88.43057, "pos/pos_y": 0.5529863, "pos/pos_z": -1.037627, "pos/speed": 10.01191, "pos/cte": -1.678573, "pilot/angle": 0.0, "pilot/throttle": 0.0, "milliseconds": 50575}