{"cam/image_array": "1215_cam-image_array_.jpg", "user/angle": 0.2544860243797302, "user/throttle": 0.44779935479164124, "user/mode": "local", "pos/pos_x": 51.90673, "pos/pos_y": 0.5544889, "pos/pos_z": 71.13204, "pos/speed": 11.86594, "pos/cte": 2.216732, "pilot/angle": 0.0, "pilot/throttle": 0.0, "milliseconds": 60788}