{"cam/image_array": "3458_cam-image_array_.jpg", "user/angle": 0.2938501536846161, "user/throttle": 0.09348241984844208, "user/mode": "local", "pos/pos_x": 49.13579, "pos/pos_y": 0.5581148, "pos/pos_z": 66.62215, "pos/speed": 12.03778, "pos/cte": -0.5542107, "pilot/angle": 0.0, "pilot/throttle": 0.0, "milliseconds": 173082}