{"cam/image_array": "3574_cam-image_array_.jpg", "user/angle": -0.1587410271167755, "user/throttle": 0.8644434213638306, "user/mode": "local", "pos/pos_x": 78.5584, "pos/pos_y": 0.5558112, "pos/pos_z": 41.56895, "pos/speed": 12.37259, "pos/cte": -4.370705, "pilot/angle": 0.0, "pilot/throttle": 0.0, "milliseconds": 178889}