{"cam/image_array": "2752_cam-image_array_.jpg", "user/angle": 0.14030759036540985, "user/throttle": 0.46915769577026367, "user/mode": "local", "pos/pos_x": 70.70764, "pos/pos_y": 0.5538773, "pos/pos_z": 72.35066, "pos/speed": 8.89827, "pos/cte": -3.956386, "pilot/angle": 0.0, "pilot/throttle": 0.0, "milliseconds": 137736}