{"cam/image_array": "1599_cam-image_array_.jpg", "user/angle": 0.9349141120910645, "user/throttle": 0.4205123484134674, "user/mode": "local", "pos/pos_x": 59.35311, "pos/pos_y": 0.552709, "pos/pos_z": 75.0829, "pos/speed": 10.64282, "pos/cte": 2.693886, "pilot/angle": 0.0, "pilot/throttle": 0.0, "milliseconds": 80012}