{"cam/image_array": "4350_cam-image_array_.jpg", "user/angle": -0.14857107400894165, "user/throttle": 0.4247992932796478, "user/mode": "local", "pos/pos_x": 82.00193, "pos/pos_y": 0.5565229, "pos/pos_z": 21.0626, "pos/speed": 12.69051, "pos/cte": -5.585416, "pilot/angle": 0.0, "pilot/throttle": 0.0, "milliseconds": 217739}