{"cam/image_array": "790_cam-image_array_.jpg", "user/angle": 0.3102502226829529, "user/throttle": 0.15617963671684265, "user/mode": "local", "pos/pos_x": 44.1008, "pos/pos_y": 0.5559554, "pos/pos_z": 46.25518, "pos/speed": 14.34653, "pos/cte": -5.341976, "pilot/angle": 0.0, "pilot/throttle": 0.0, "milliseconds": 39510}