{"cam/image_array": "3637_cam-image_array_.jpg", "user/angle": 1.0738199949264526, "user/throttle": 0.6382623910903931, "user/mode": "local", "pos/pos_x": 87.67339, "pos/pos_y": 0.5539975, "pos/pos_z": 2.863397, "pos/speed": 11.01442, "pos/cte": 0.5227847, "pilot/angle": 0.0, "pilot/throttle": 0.0, "milliseconds": 182043}