{"cam/image_array": "1917_cam-image_array_.jpg", "user/angle": -0.005016054958105087, "user/throttle": 0.605072021484375, "user/mode": "local", "pos/pos_x": 44.80804, "pos/pos_y": 0.5552998, "pos/pos_z": 46.82267, "pos/speed": 14.15918, "pos/cte": -4.639709, "pilot/angle": 0.0, "pilot/throttle": 0.0, "milliseconds": 95933}