{"cam/image_array": "2818_cam-image_array_.jpg", "user/angle": -0.1490030288696289, "user/throttle": 0.8070913553237915, "user/mode": "local", "pos/pos_x": 77.99405, "pos/pos_y": 0.5545936, "pos/pos_z": 39.96289, "pos/speed": 12.2152, "pos/cte": -4.567717, "pilot/angle": 0.0, "pilot/throttle": 0.0, "milliseconds": 141040}