{"cam/image_array": "3748_cam-image_array_.jpg", "user/angle": 0.11222270131111145, "user/throttle": 0.7308303117752075, "user/mode": "local", "pos/pos_x": 48.87674, "pos/pos_y": 0.555711, "pos/pos_z": 14.32497, "pos/speed": 11.90907, "pos/cte": -0.954976, "pilot/angle": 0.0, "pilot/throttle": 0.0, "milliseconds": 187600}