{"cam/image_array": "5201_cam-image_array_.jpg", "user/angle": 0.31229397654533386, "user/throttle": 0.5323644876480103, "user/mode": "local", "pos/pos_x": 63.67558, "pos/pos_y": 0.5579065, "pos/pos_z": -6.090752, "pos/speed": 10.5912, "pos/cte": -2.286597, "pilot/angle": 0.0, "pilot/throttle": 0.0, "milliseconds": 260345}