{"cam/image_array": "5017_cam-image_array_.jpg", "user/angle": 0.22282513976097107, "user/throttle": 0.6078660488128662, "user/mode": "local", "pos/pos_x": 72.39747, "pos/pos_y": 0.5548968, "pos/pos_z": 71.80215, "pos/speed": 9.197941, "pos/cte": -4.885108, "pilot/angle": 0.0, "pilot/throttle": 0.0, "milliseconds": 251132}