{"cam/image_array": "1835_cam-image_array_.jpg", "user/angle": 0.18097467720508575, "user/throttle": 0.6111886501312256, "user/mode": "local", "pos/pos_x": 56.80021, "pos/pos_y": 0.5528351, "pos/pos_z": -1.124695, "pos/speed": 10.48316, "pos/cte": 1.859851, "pilot/angle": 0.0, "pilot/throttle": 0.0, "milliseconds": 91828}