{"cam/image_array": "5014_cam-image_array_.jpg", "user/angle": 0.6295952796936035, "user/throttle": 0.5937992334365845, "user/mode": "local", "pos/pos_x": 70.92326, "pos/pos_y": 0.5540414, "pos/pos_z": 73.42896, "pos/speed": 9.096101, "pos/cte": -4.820646, "pilot/angle": 0.0, "pilot/throttle": 0.0, "milliseconds": 250982}