{"cam/image_array": "57_cam-image_array_.jpg", "user/angle": 0.3421756327152252, "user/throttle": 0.5188956260681152, "user/mode": "local", "pos/pos_x": 48.18392, "pos/pos_y": 0.5541216, "pos/pos_z": 62.82059, "pos/speed": 11.11113, "pos/cte": -1.506077, "pilot/angle": 0.0, "pilot/throttle": 0.0, "milliseconds": 2813}