{"cam/image_array": "1976_cam-image_array_.jpg", "user/angle": 1.0151325464248657, "user/throttle": 0.5536856651306152, "user/mode": "local", "pos/pos_x": 59.80294, "pos/pos_y": 0.5553018, "pos/pos_z": 75.61932, "pos/speed": 10.45477, "pos/cte": 2.04245, "pilot/angle": 0.0, "pilot/throttle": 0.0, "milliseconds": 98886}