{"cam/image_array": "4160_cam-image_array_.jpg", "user/angle": -0.044245343655347824, "user/throttle": 0.7304233312606812, "user/mode": "local", "pos/pos_x": 44.93214, "pos/pos_y": 0.5551836, "pos/pos_z": 40.47091, "pos/speed": 13.88221, "pos/cte": -4.460192, "pilot/angle": 0.0, "pilot/throttle": 0.0, "milliseconds": 208227}