{"cam/image_array": "4583_cam-image_array_.jpg", "user/angle": 0.5520371198654175, "user/throttle": 0.013779494911432266, "user/mode": "local", "pos/pos_x": 50.21828, "pos/pos_y": 0.5526435, "pos/pos_z": 68.19703, "pos/speed": 12.11631, "pos/cte": 0.528286, "pilot/angle": 0.0, "pilot/throttle": 0.0, "milliseconds": 229405}