{"cam/image_array": "468_cam-image_array_.jpg", "user/angle": 0.7010225653648376, "user/throttle": 0.5180234313011169, "user/mode": "local", "pos/pos_x": 55.23862, "pos/pos_y": 0.5534967, "pos/pos_z": 73.56725, "pos/speed": 11.33468, "pos/cte": 4.457629, "pilot/angle": 0.0, "pilot/throttle": 0.0, "milliseconds": 23389}