{"cam/image_array": "2907_cam-image_array_.jpg", "user/angle": 0.7168205380439758, "user/throttle": 0.7432925701141357, "user/mode": "local", "pos/pos_x": 81.26955, "pos/pos_y": 0.5547441, "pos/pos_z": -7.103804, "pos/speed": 8.60763, "pos/cte": -3.2274, "pilot/angle": 0.0, "pilot/throttle": 0.0, "milliseconds": 145496}