{"cam/image_array": "1111_cam-image_array_.jpg", "user/angle": 0.05524324253201485, "user/throttle": 0.8517000675201416, "user/mode": "local", "pos/pos_x": 50.85572, "pos/pos_y": 0.5560302, "pos/pos_z": 8.292593, "pos/speed": 11.13867, "pos/cte": 0.7589982, "pilot/angle": 0.0, "pilot/throttle": 0.0, "milliseconds": 55581}