{"cam/image_array": "934_cam-image_array_.jpg", "user/angle": -0.09985317289829254, "user/throttle": 0.7349334955215454, "user/mode": "local", "pos/pos_x": 78.72139, "pos/pos_y": 0.5548841, "pos/pos_z": 44.79293, "pos/speed": 12.02593, "pos/cte": -2.925001, "pilot/angle": 0.0, "pilot/throttle": 0.0, "milliseconds": 46720}