{"cam/image_array": "940_cam-image_array_.jpg", "user/angle": -0.17638063430786133, "user/throttle": 0.8389408588409424, "user/mode": "local", "pos/pos_x": 78.59561, "pos/pos_y": 0.5556629, "pos/pos_z": 41.14137, "pos/speed": 12.24256, "pos/cte": -4.613647, "pilot/angle": 0.0, "pilot/throttle": 0.0, "milliseconds": 47020}