{"cam/image_array": "5739_cam-image_array_.jpg", "user/angle": 0.7710314989089966, "user/throttle": 0.10036252439022064, "user/mode": "local", "pos/pos_x": 64.11507, "pos/pos_y": 0.5546482, "pos/pos_z": 76.11346, "pos/speed": 10.07658, "pos/cte": -1.387096, "pilot/angle": 0.0, "pilot/throttle": 0.0, "milliseconds": 287280}