{"cam/image_array": "3811_cam-image_array_.jpg", "user/angle": 0.473511278629303, "user/throttle": 0.3621355891227722, "user/mode": "local", "pos/pos_x": 43.99581, "pos/pos_y": 0.5518203, "pos/pos_z": 55.87086, "pos/speed": 13.57585, "pos/cte": -5.694187, "pilot/angle": 0.0, "pilot/throttle": 0.0, "milliseconds": 190755}