{"cam/image_array": "542_cam-image_array_.jpg", "user/angle": 0.05059448629617691, "user/throttle": 0.8885713815689087, "user/mode": "local", "pos/pos_x": 78.46717, "pos/pos_y": 0.5558341, "pos/pos_z": 52.73922, "pos/speed": 11.22605, "pos/cte": -0.1109027, "pilot/angle": 0.0, "pilot/throttle": 0.0, "milliseconds": 27094}