{"cam/image_array": "4925_cam-image_array_.jpg", "user/angle": -0.0489523746073246, "user/throttle": 0.6945358514785767, "user/mode": "local", "pos/pos_x": 44.88612, "pos/pos_y": 0.5543634, "pos/pos_z": 41.31759, "pos/speed": 14.02265, "pos/cte": -4.513599, "pilot/angle": 0.0, "pilot/throttle": 0.0, "milliseconds": 246527}