{"cam/image_array": "4868_cam-image_array_.jpg", "user/angle": 0.10624134540557861, "user/throttle": 0.8024648427963257, "user/mode": "local", "pos/pos_x": 51.29822, "pos/pos_y": 0.5558932, "pos/pos_z": 7.395772, "pos/speed": 11.12437, "pos/cte": 1.161959, "pilot/angle": 0.0, "pilot/throttle": 0.0, "milliseconds": 243673}