{"cam/image_array": "2972_cam-image_array_.jpg", "user/angle": 0.11844256520271301, "user/throttle": 0.8046978712081909, "user/mode": "local", "pos/pos_x": 54.66232, "pos/pos_y": 0.5567456, "pos/pos_z": 2.741719, "pos/speed": 10.14629, "pos/cte": 3.364012, "pilot/angle": 0.0, "pilot/throttle": 0.0, "milliseconds": 148750}