{"cam/image_array": "5078_cam-image_array_.jpg", "user/angle": -0.1943555325269699, "user/throttle": 0.936928391456604, "user/mode": "local", "pos/pos_x": 78.5211, "pos/pos_y": 0.5556426, "pos/pos_z": 41.15762, "pos/speed": 12.56849, "pos/cte": -4.540792, "pilot/angle": 0.0, "pilot/throttle": 0.0, "milliseconds": 254187}