{"cam/image_array": "1679_cam-image_array_.jpg", "user/angle": -0.10372942686080933, "user/throttle": 0.8908993005752563, "user/mode": "local", "pos/pos_x": 78.4735, "pos/pos_y": 0.5553955, "pos/pos_z": 46.38123, "pos/speed": 11.88244, "pos/cte": -1.927128, "pilot/angle": 0.0, "pilot/throttle": 0.0, "milliseconds": 84017}