{"cam/image_array": "478_cam-image_array_.jpg", "user/angle": 1.0377472639083862, "user/throttle": 0.6933250427246094, "user/mode": "local", "pos/pos_x": 60.49476, "pos/pos_y": 0.5544369, "pos/pos_z": 75.19437, "pos/speed": 10.64534, "pos/cte": 1.89604, "pilot/angle": 0.0, "pilot/throttle": 0.0, "milliseconds": 23890}