{"cam/image_array": "5346_cam-image_array_.jpg", "user/angle": 0.872529149055481, "user/throttle": 0.33784809708595276, "user/mode": "local", "pos/pos_x": 54.51634, "pos/pos_y": 0.5545851, "pos/pos_z": 72.85694, "pos/speed": 11.85363, "pos/cte": 4.408441, "pilot/angle": 0.0, "pilot/throttle": 0.0, "milliseconds": 267605}