{"cam/image_array": "1127_cam-image_array_.jpg", "user/angle": 0.1658652424812317, "user/throttle": 0.6268067359924316, "user/mode": "local", "pos/pos_x": 47.92166, "pos/pos_y": 0.5551267, "pos/pos_z": 15.83732, "pos/speed": 11.90837, "pos/cte": -1.843178, "pilot/angle": 0.0, "pilot/throttle": 0.0, "milliseconds": 56382}