{"cam/image_array": "2174_cam-image_array_.jpg", "user/angle": 0.09654407203197479, "user/throttle": 0.5563857555389404, "user/mode": "local", "pos/pos_x": 74.94566, "pos/pos_y": 0.5552914, "pos/pos_z": -10.15006, "pos/speed": 9.57569, "pos/cte": -6.444099, "pilot/angle": 0.0, "pilot/throttle": 0.0, "milliseconds": 108799}