{"cam/image_array": "3809_cam-image_array_.jpg", "user/angle": 0.6145108938217163, "user/throttle": 0.28665679693222046, "user/mode": "local", "pos/pos_x": 43.89811, "pos/pos_y": 0.5492421, "pos/pos_z": 54.50249, "pos/speed": 13.88228, "pos/cte": -5.791893, "pilot/angle": 0.0, "pilot/throttle": 0.0, "milliseconds": 190655}