{"cam/image_array": "2019_cam-image_array_.jpg", "user/angle": 0.18614041805267334, "user/throttle": 0.7978476285934448, "user/mode": "local", "pos/pos_x": 74.7519, "pos/pos_y": 0.5545397, "pos/pos_z": 64.83441, "pos/speed": 9.786375, "pos/cte": -2.15025, "pilot/angle": 0.0, "pilot/throttle": 0.0, "milliseconds": 101039}