{"cam/image_array": "4018_cam-image_array_.jpg", "user/angle": 0.8478912711143494, "user/throttle": 0.06830679625272751, "user/mode": "local", "pos/pos_x": 86.74368, "pos/pos_y": 0.5525273, "pos/pos_z": -1.964843, "pos/speed": 10.36992, "pos/cte": -0.9312966, "pilot/angle": 0.0, "pilot/throttle": 0.0, "milliseconds": 201117}