{"cam/image_array": "2430_cam-image_array_.jpg", "user/angle": -0.09955182671546936, "user/throttle": 0.7589811086654663, "user/mode": "local", "pos/pos_x": 78.94357, "pos/pos_y": 0.5558753, "pos/pos_z": 49.30806, "pos/speed": 11.61824, "pos/cte": -1.163969, "pilot/angle": 0.0, "pilot/throttle": 0.0, "milliseconds": 121615}