{"cam/image_array": "4039_cam-image_array_.jpg", "user/angle": 0.6244128942489624, "user/throttle": 0.8155924081802368, "user/mode": "local", "pos/pos_x": 79.81805, "pos/pos_y": 0.5550764, "pos/pos_z": -8.271148, "pos/speed": 9.260804, "pos/cte": -4.60778, "pilot/angle": 0.0, "pilot/throttle": 0.0, "milliseconds": 202169}