{"cam/image_array": "243_cam-image_array_.jpg", "user/angle": 0.288706511259079, "user/throttle": 0.03808393329381943, "user/mode": "local", "pos/pos_x": 83.17387, "pos/pos_y": 0.5562861, "pos/pos_z": 17.28427, "pos/speed": 12.5547, "pos/cte": -3.732857, "pilot/angle": 0.0, "pilot/throttle": 0.0, "milliseconds": 12125}