{"cam/image_array": "4487_cam-image_array_.jpg", "user/angle": 0.015805013477802277, "user/throttle": 0.7727483510971069, "user/mode": "local", "pos/pos_x": 50.49361, "pos/pos_y": 0.5566781, "pos/pos_z": 9.458603, "pos/speed": 10.99458, "pos/cte": 0.448093, "pilot/angle": 0.0, "pilot/throttle": 0.0, "milliseconds": 224599}