{"cam/image_array": "3707_cam-image_array_.jpg", "user/angle": 0.3609939515590668, "user/throttle": 0.6702808141708374, "user/mode": "local", "pos/pos_x": 60.5472, "pos/pos_y": 0.5545595, "pos/pos_z": -3.994447, "pos/speed": 10.71341, "pos/cte": -0.1630729, "pilot/angle": 0.0, "pilot/throttle": 0.0, "milliseconds": 185548}