{"cam/image_array": "3799_cam-image_array_.jpg", "user/angle": 0.16824199259281158, "user/throttle": 0.3127516806125641, "user/mode": "local", "pos/pos_x": 44.30976, "pos/pos_y": 0.5555363, "pos/pos_z": 47.45593, "pos/speed": 14.38483, "pos/cte": -5.143497, "pilot/angle": 0.0, "pilot/throttle": 0.0, "milliseconds": 190154}