{"cam/image_array": "75_cam-image_array_.jpg", "user/angle": 0.951181948184967, "user/throttle": 0.06566230207681656, "user/mode": "local", "pos/pos_x": 48.62645, "pos/pos_y": 0.5535676, "pos/pos_z": 73.66707, "pos/speed": 11.79232, "pos/cte": -1.483732, "pilot/angle": 0.0, "pilot/throttle": 0.0, "milliseconds": 3714}