{"cam/image_array": "4034_cam-image_array_.jpg", "user/angle": 0.6524516940116882, "user/throttle": 0.7031346559524536, "user/mode": "local", "pos/pos_x": 81.5313, "pos/pos_y": 0.5526106, "pos/pos_z": -7.542625, "pos/speed": 9.269095, "pos/cte": -3.720212, "pilot/angle": 0.0, "pilot/throttle": 0.0, "milliseconds": 201919}