{"cam/image_array": "1594_cam-image_array_.jpg", "user/angle": 0.585533857345581, "user/throttle": 0.4158513844013214, "user/mode": "local", "pos/pos_x": 55.93223, "pos/pos_y": 0.5534003, "pos/pos_z": 73.75229, "pos/speed": 10.94588, "pos/cte": 4.554086, "pilot/angle": 0.0, "pilot/throttle": 0.0, "milliseconds": 79762}