{"cam/image_array": "1339_cam-image_array_.jpg", "user/angle": -0.04548047110438347, "user/throttle": 0.317035973072052, "user/mode": "local", "pos/pos_x": 80.00069, "pos/pos_y": 0.5572768, "pos/pos_z": 28.66359, "pos/speed": 12.7395, "pos/cte": -7.581174, "pilot/angle": 0.0, "pilot/throttle": 0.0, "milliseconds": 66995}