{"cam/image_array": "4984_cam-image_array_.jpg", "user/angle": 0.622622549533844, "user/throttle": 0.4855215549468994, "user/mode": "local", "pos/pos_x": 57.87025, "pos/pos_y": 0.5540127, "pos/pos_z": 75.20569, "pos/speed": 11.00543, "pos/cte": 3.054429, "pilot/angle": 0.0, "pilot/throttle": 0.0, "milliseconds": 249480}