{"cam/image_array": "4385_cam-image_array_.jpg", "user/angle": 1.0526152849197388, "user/throttle": 0.3874628245830536, "user/mode": "local", "pos/pos_x": 88.07178, "pos/pos_y": 0.552411, "pos/pos_z": 0.876424, "pos/speed": 10.58068, "pos/cte": -0.4139398, "pilot/angle": 0.0, "pilot/throttle": 0.0, "milliseconds": 219491}