{"cam/image_array": "5214_cam-image_array_.jpg", "user/angle": 0.11925634741783142, "user/throttle": 0.6047452688217163, "user/mode": "local", "pos/pos_x": 58.28617, "pos/pos_y": 0.552405, "pos/pos_z": -2.755002, "pos/speed": 10.50569, "pos/cte": 0.8160068, "pilot/angle": 0.0, "pilot/throttle": 0.0, "milliseconds": 260996}