{"cam/image_array": "5582_cam-image_array_.jpg", "user/angle": 0.38218286633491516, "user/throttle": 0.6222742795944214, "user/mode": "local", "pos/pos_x": 60.34021, "pos/pos_y": 0.5547113, "pos/pos_z": -3.249932, "pos/speed": 10.41996, "pos/cte": 0.5832205, "pilot/angle": 0.0, "pilot/throttle": 0.0, "milliseconds": 279419}