{"cam/image_array": "900_cam-image_array_.jpg", "user/angle": -0.01482553780078888, "user/throttle": 0.7881664037704468, "user/mode": "local", "pos/pos_x": 77.31956, "pos/pos_y": 0.5543801, "pos/pos_z": 63.3968, "pos/speed": 9.526813, "pos/cte": -3.169062, "pilot/angle": 0.0, "pilot/throttle": 0.0, "milliseconds": 45017}