{"cam/image_array": "3843_cam-image_array_.jpg", "user/angle": 0.8186927437782288, "user/throttle": 0.3287411034107208, "user/mode": "local", "pos/pos_x": 53.28052, "pos/pos_y": 0.5532615, "pos/pos_z": 73.06532, "pos/speed": 11.35478, "pos/cte": 3.161877, "pilot/angle": 0.0, "pilot/throttle": 0.0, "milliseconds": 192357}