{"cam/image_array": "5321_cam-image_array_.jpg", "user/angle": 0.48318448662757874, "user/throttle": 0.1257873922586441, "user/mode": "local", "pos/pos_x": 45.27374, "pos/pos_y": 0.5535336, "pos/pos_z": 60.94888, "pos/speed": 12.83934, "pos/cte": -4.416256, "pilot/angle": 0.0, "pilot/throttle": 0.0, "milliseconds": 266353}