{"cam/image_array": "3493_cam-image_array_.jpg", "user/angle": 0.8265098333358765, "user/throttle": 0.09324534237384796, "user/mode": "local", "pos/pos_x": 64.53382, "pos/pos_y": 0.5540478, "pos/pos_z": 76.52527, "pos/speed": 9.2438, "pos/cte": -1.972965, "pilot/angle": 0.0, "pilot/throttle": 0.0, "milliseconds": 174834}