{"cam/image_array": "1081_cam-image_array_.jpg", "user/angle": 0.46491938829421997, "user/throttle": 0.636893630027771, "user/mode": "local", "pos/pos_x": 60.55502, "pos/pos_y": 0.5533886, "pos/pos_z": -3.997022, "pos/speed": 10.52127, "pos/cte": -0.1657158, "pilot/angle": 0.0, "pilot/throttle": 0.0, "milliseconds": 54079}