{"cam/image_array": "1530_cam-image_array_.jpg", "user/angle": -0.04562724754214287, "user/throttle": 0.7493422031402588, "user/mode": "local", "pos/pos_x": 45.11008, "pos/pos_y": 0.5555344, "pos/pos_z": 39.46321, "pos/speed": 13.60031, "pos/cte": -4.273461, "pilot/angle": 0.0, "pilot/throttle": 0.0, "milliseconds": 76557}