{"cam/image_array": "464_cam-image_array_.jpg", "user/angle": 0.24553267657756805, "user/throttle": 0.417815625667572, "user/mode": "local", "pos/pos_x": 53.27661, "pos/pos_y": 0.5532848, "pos/pos_z": 72.41642, "pos/speed": 11.53217, "pos/cte": 3.331519, "pilot/angle": 0.0, "pilot/throttle": 0.0, "milliseconds": 23189}