{"cam/image_array": "1162_cam-image_array_.jpg", "user/angle": -0.032736897468566895, "user/throttle": 0.7378169298171997, "user/mode": "local", "pos/pos_x": 44.90485, "pos/pos_y": 0.5555198, "pos/pos_z": 38.50488, "pos/speed": 13.83643, "pos/cte": -4.470326, "pilot/angle": 0.0, "pilot/throttle": 0.0, "milliseconds": 58133}