{"cam/image_array": "1922_cam-image_array_.jpg", "user/angle": 0.15769243240356445, "user/throttle": 0.3628421127796173, "user/mode": "local", "pos/pos_x": 44.67336, "pos/pos_y": 0.5594376, "pos/pos_z": 49.63702, "pos/speed": 14.11279, "pos/cte": -5.016644, "pilot/angle": 0.0, "pilot/throttle": 0.0, "milliseconds": 96183}