{"cam/image_array": "5458_cam-image_array_.jpg", "user/angle": -0.2029118686914444, "user/throttle": 0.691146969795227, "user/mode": "local", "pos/pos_x": 78.76761, "pos/pos_y": 0.5552549, "pos/pos_z": 36.26374, "pos/speed": 12.52425, "pos/cte": -6.455854, "pilot/angle": 0.0, "pilot/throttle": 0.0, "milliseconds": 273212}