{"cam/image_array": "4286_cam-image_array_.jpg", "user/angle": 0.41678646206855774, "user/throttle": 0.8532487154006958, "user/mode": "local", "pos/pos_x": 77.67864, "pos/pos_y": 0.5558208, "pos/pos_z": 58.43636, "pos/speed": 10.32659, "pos/cte": -0.5507115, "pilot/angle": 0.0, "pilot/throttle": 0.0, "milliseconds": 214535}