{"cam/image_array": "2092_cam-image_array_.jpg", "user/angle": -0.07887135446071625, "user/throttle": 0.6513659954071045, "user/mode": "local", "pos/pos_x": 81.13159, "pos/pos_y": 0.5529496, "pos/pos_z": 22.63233, "pos/speed": 13.06084, "pos/cte": -5.899299, "pilot/angle": 0.0, "pilot/throttle": 0.0, "milliseconds": 104694}