{"cam/image_array": "3777_cam-image_array_.jpg", "user/angle": -0.049457695335149765, "user/throttle": 0.9148077964782715, "user/mode": "local", "pos/pos_x": 45.39221, "pos/pos_y": 0.555428, "pos/pos_z": 32.19009, "pos/speed": 13.26261, "pos/cte": -3.927875, "pilot/angle": 0.0, "pilot/throttle": 0.0, "milliseconds": 189052}