{"cam/image_array": "4318_cam-image_array_.jpg", "user/angle": -0.13289451599121094, "user/throttle": 0.8148061037063599, "user/mode": "local", "pos/pos_x": 78.40371, "pos/pos_y": 0.554516, "pos/pos_z": 40.89491, "pos/speed": 12.23022, "pos/cte": -4.567989, "pilot/angle": 0.0, "pilot/throttle": 0.0, "milliseconds": 216137}