{"cam/image_array": "105_cam-image_array_.jpg", "user/angle": 0.708612322807312, "user/throttle": 0.411419153213501, "user/mode": "local", "pos/pos_x": 58.61033, "pos/pos_y": 0.5527596, "pos/pos_z": 83.28572, "pos/speed": 8.265344, "pos/cte": -5.053263, "pilot/angle": 0.0, "pilot/throttle": 0.0, "milliseconds": 5216}