{"cam/image_array": "284_cam-image_array_.jpg", "user/angle": 0.9397664070129395, "user/throttle": 0.4285702109336853, "user/mode": "local", "pos/pos_x": 80.59989, "pos/pos_y": 0.552518, "pos/pos_z": -4.509082, "pos/speed": 10.21453, "pos/cte": -0.8526795, "pilot/angle": 0.0, "pilot/throttle": 0.0, "milliseconds": 14178}