{"cam/image_array": "2822_cam-image_array_.jpg", "user/angle": -0.014028266072273254, "user/throttle": 0.6732033491134644, "user/mode": "local", "pos/pos_x": 78.18105, "pos/pos_y": 0.5555953, "pos/pos_z": 38.00734, "pos/speed": 12.3565, "pos/cte": -5.43364, "pilot/angle": 0.0, "pilot/throttle": 0.0, "milliseconds": 141241}