{"cam/image_array": "5691_cam-image_array_.jpg", "user/angle": 0.436055988073349, "user/throttle": 0.23382490873336792, "user/mode": "local", "pos/pos_x": 44.56226, "pos/pos_y": 0.5535909, "pos/pos_z": 58.51529, "pos/speed": 13.14905, "pos/cte": -5.127743, "pilot/angle": 0.0, "pilot/throttle": 0.0, "milliseconds": 284877}