{"cam/image_array": "49_cam-image_array_.jpg", "user/angle": 0.05683831870555878, "user/throttle": 0.7175061702728271, "user/mode": "local", "pos/pos_x": 48.72134, "pos/pos_y": 0.5556062, "pos/pos_z": 58.69257, "pos/speed": 9.604531, "pos/cte": -0.9686623, "pilot/angle": 0.0, "pilot/throttle": 0.0, "milliseconds": 2413}