{"cam/image_array": "2720_cam-image_array_.jpg", "user/angle": 0.7537808418273926, "user/throttle": 0.1255907416343689, "user/mode": "local", "pos/pos_x": 56.50542, "pos/pos_y": 0.5536125, "pos/pos_z": 74.98587, "pos/speed": 10.62102, "pos/cte": 3.534429, "pilot/angle": 0.0, "pilot/throttle": 0.0, "milliseconds": 136134}