{"cam/image_array": "1445_cam-image_array_.jpg", "user/angle": 0.44015440344810486, "user/throttle": 0.5571646690368652, "user/mode": "local", "pos/pos_x": 62.15927, "pos/pos_y": 0.5571629, "pos/pos_z": -4.265277, "pos/speed": 10.20842, "pos/cte": -0.4479599, "pilot/angle": 0.0, "pilot/throttle": 0.0, "milliseconds": 72302}