{"cam/image_array": "4079_cam-image_array_.jpg", "user/angle": 0.45584341883659363, "user/throttle": 0.6456403732299805, "user/mode": "local", "pos/pos_x": 60.76481, "pos/pos_y": 0.5543969, "pos/pos_z": -3.814735, "pos/speed": 10.72321, "pos/cte": 0.01473332, "pilot/angle": 0.0, "pilot/throttle": 0.0, "milliseconds": 204172}