{"cam/image_array": "1046_cam-image_array_.jpg", "user/angle": 0.0933937281370163, "user/throttle": 0.8223720788955688, "user/mode": "local", "pos/pos_x": 77.42585, "pos/pos_y": 0.5524319, "pos/pos_z": -9.916674, "pos/speed": 9.233311, "pos/cte": -6.232367, "pilot/angle": 0.0, "pilot/throttle": 0.0, "milliseconds": 52326}