{"cam/image_array": "4293_cam-image_array_.jpg", "user/angle": 0.2034914791584015, "user/throttle": 0.8108454942703247, "user/mode": "local", "pos/pos_x": 78.49411, "pos/pos_y": 0.5537577, "pos/pos_z": 55.37944, "pos/speed": 10.70459, "pos/cte": -0.3646787, "pilot/angle": 0.0, "pilot/throttle": 0.0, "milliseconds": 214886}