{"cam/image_array": "1738_cam-image_array_.jpg", "user/angle": 0.3317280411720276, "user/throttle": 0.058011990040540695, "user/mode": "local", "pos/pos_x": 86.40925, "pos/pos_y": 0.5566474, "pos/pos_z": 10.96044, "pos/speed": 12.51379, "pos/cte": -1.490096, "pilot/angle": 0.0, "pilot/throttle": 0.0, "milliseconds": 86971}