{"cam/image_array": "4458_cam-image_array_.jpg", "user/angle": 0.3775585889816284, "user/throttle": 0.4318685531616211, "user/mode": "local", "pos/pos_x": 58.2868, "pos/pos_y": 0.5537498, "pos/pos_z": -3.188239, "pos/speed": 10.06484, "pos/cte": 0.3901391, "pilot/angle": 0.0, "pilot/throttle": 0.0, "milliseconds": 223147}