{"cam/image_array": "1230_cam-image_array_.jpg", "user/angle": 1.1482219696044922, "user/throttle": 0.5828465223312378, "user/mode": "local", "pos/pos_x": 59.5849, "pos/pos_y": 0.5536848, "pos/pos_z": 75.86489, "pos/speed": 10.63063, "pos/cte": 1.878758, "pilot/angle": 0.0, "pilot/throttle": 0.0, "milliseconds": 61539}