{"cam/image_array": "3979_cam-image_array_.jpg", "user/angle": -0.09578193724155426, "user/throttle": 0.48810821771621704, "user/mode": "local", "pos/pos_x": 82.27135, "pos/pos_y": 0.556329, "pos/pos_z": 20.88996, "pos/speed": 12.9945, "pos/cte": -5.678167, "pilot/angle": 0.0, "pilot/throttle": 0.0, "milliseconds": 199166}