{"cam/image_array": "2788_cam-image_array_.jpg", "user/angle": 0.2694418728351593, "user/throttle": 0.7938275337219238, "user/mode": "local", "pos/pos_x": 77.72685, "pos/pos_y": 0.5561808, "pos/pos_z": 56.86274, "pos/speed": 10.35742, "pos/cte": -0.01089105, "pilot/angle": 0.0, "pilot/throttle": 0.0, "milliseconds": 139538}