{"cam/image_array": "4841_cam-image_array_.jpg", "user/angle": 0.22470444440841675, "user/throttle": 0.5410900115966797, "user/mode": "local", "pos/pos_x": 60.38782, "pos/pos_y": 0.5537964, "pos/pos_z": -3.387735, "pos/speed": 10.30483, "pos/cte": 0.4450069, "pilot/angle": 0.0, "pilot/throttle": 0.0, "milliseconds": 242321}