{"cam/image_array": "1386_cam-image_array_.jpg", "user/angle": 0.7516958713531494, "user/throttle": 0.4902009069919586, "user/mode": "local", "pos/pos_x": 85.95776, "pos/pos_y": 0.5551631, "pos/pos_z": 1.810616, "pos/speed": 10.50329, "pos/cte": 1.866648, "pilot/angle": 0.0, "pilot/throttle": 0.0, "milliseconds": 69349}