{"cam/image_array": "1810_cam-image_array_.jpg", "user/angle": 0.12921376526355743, "user/throttle": 0.5868370532989502, "user/mode": "local", "pos/pos_x": 68.255, "pos/pos_y": 0.5528581, "pos/pos_z": -7.458477, "pos/speed": 10.19166, "pos/cte": -3.694233, "pilot/angle": 0.0, "pilot/throttle": 0.0, "milliseconds": 90576}