{"cam/image_array": "2572_cam-image_array_.jpg", "user/angle": 0.3397568464279175, "user/throttle": 0.5649428367614746, "user/mode": "local", "pos/pos_x": 62.85933, "pos/pos_y": 0.5561087, "pos/pos_z": -4.503278, "pos/speed": 10.30166, "pos/cte": -0.6920609, "pilot/angle": 0.0, "pilot/throttle": 0.0, "milliseconds": 128724}