{"cam/image_array": "356_cam-image_array_.jpg", "user/angle": 0.07872813940048218, "user/throttle": 0.8152611255645752, "user/mode": "local", "pos/pos_x": 51.03254, "pos/pos_y": 0.5558246, "pos/pos_z": 8.290275, "pos/speed": 11.16263, "pos/cte": 0.9355475, "pilot/angle": 0.0, "pilot/throttle": 0.0, "milliseconds": 17782}