{"cam/image_array": "3413_cam-image_array_.jpg", "user/angle": -0.02682008594274521, "user/throttle": 0.7457425594329834, "user/mode": "local", "pos/pos_x": 44.9152, "pos/pos_y": 0.5551404, "pos/pos_z": 38.84293, "pos/speed": 13.36816, "pos/cte": -4.462923, "pilot/angle": 0.0, "pilot/throttle": 0.0, "milliseconds": 170829}