{"cam/image_array": "244_cam-image_array_.jpg", "user/angle": 0.17172744870185852, "user/throttle": 0.06890247017145157, "user/mode": "local", "pos/pos_x": 83.52454, "pos/pos_y": 0.5563708, "pos/pos_z": 16.07698, "pos/speed": 12.56619, "pos/cte": -3.117552, "pilot/angle": 0.0, "pilot/throttle": 0.0, "milliseconds": 12175}