{"cam/image_array": "1495_cam-image_array_.jpg", "user/angle": 0.06498736143112183, "user/throttle": 0.6125655174255371, "user/mode": "local", "pos/pos_x": 48.41941, "pos/pos_y": 0.55532, "pos/pos_z": 16.4276, "pos/speed": 11.83418, "pos/cte": -1.320147, "pilot/angle": 0.0, "pilot/throttle": 0.0, "milliseconds": 74806}