{"cam/image_array": "185_cam-image_array_.jpg", "user/angle": 0.14777499437332153, "user/throttle": 0.7944948673248291, "user/mode": "local", "pos/pos_x": 77.8849, "pos/pos_y": 0.5536042, "pos/pos_z": 53.56946, "pos/speed": 11.51766, "pos/cte": 0.4641042, "pilot/angle": 0.0, "pilot/throttle": 0.0, "milliseconds": 9221}