{"cam/image_array": "3496_cam-image_array_.jpg", "user/angle": 0.9743964076042175, "user/throttle": 0.36466464400291443, "user/mode": "local", "pos/pos_x": 65.44535, "pos/pos_y": 0.5515872, "pos/pos_z": 76.38968, "pos/speed": 9.169954, "pos/cte": -2.578039, "pilot/angle": 0.0, "pilot/throttle": 0.0, "milliseconds": 174984}