{"cam/image_array": "2544_cam-image_array_.jpg", "user/angle": 0.17388637363910675, "user/throttle": 0.5971169471740723, "user/mode": "local", "pos/pos_x": 75.05755, "pos/pos_y": 0.55372, "pos/pos_z": -8.087439, "pos/speed": 9.372165, "pos/cte": -4.382535, "pilot/angle": 0.0, "pilot/throttle": 0.0, "milliseconds": 127322}