{"cam/image_array": "4611_cam-image_array_.jpg", "user/angle": 0.773475706577301, "user/throttle": 0.06595861166715622, "user/mode": "local", "pos/pos_x": 58.14495, "pos/pos_y": 0.5543892, "pos/pos_z": 80.13092, "pos/speed": 8.718482, "pos/cte": -1.878429, "pilot/angle": 0.0, "pilot/throttle": 0.0, "milliseconds": 230807}