{"cam/image_array": "1057_cam-image_array_.jpg", "user/angle": 0.029839325696229935, "user/throttle": 0.6305807828903198, "user/mode": "local", "pos/pos_x": 72.79632, "pos/pos_y": 0.5564204, "pos/pos_z": -8.959931, "pos/speed": 9.792352, "pos/cte": -5.235261, "pilot/angle": 0.0, "pilot/throttle": 0.0, "milliseconds": 52877}