{"cam/image_array": "1472_cam-image_array_.jpg", "user/angle": 0.08431795239448547, "user/throttle": 0.7028281688690186, "user/mode": "local", "pos/pos_x": 52.74361, "pos/pos_y": 0.55802, "pos/pos_z": 4.9235, "pos/speed": 10.51167, "pos/cte": 2.397232, "pilot/angle": 0.0, "pilot/throttle": 0.0, "milliseconds": 73655}