{"cam/image_array": "3292_cam-image_array_.jpg", "user/angle": 0.3079446852207184, "user/throttle": 0.8705641031265259, "user/mode": "local", "pos/pos_x": 77.30816, "pos/pos_y": 0.5525661, "pos/pos_z": -7.678814, "pos/speed": 8.880316, "pos/cte": -3.993566, "pilot/angle": 0.0, "pilot/throttle": 0.0, "milliseconds": 164771}