{"cam/image_array": "545_cam-image_array_.jpg", "user/angle": 0.02073296532034874, "user/throttle": 0.786164402961731, "user/mode": "local", "pos/pos_x": 78.51347, "pos/pos_y": 0.5528199, "pos/pos_z": 50.45979, "pos/speed": 11.58145, "pos/cte": -0.4359736, "pilot/angle": 0.0, "pilot/throttle": 0.0, "milliseconds": 27244}