{"cam/image_array": "2944_cam-image_array_.jpg", "user/angle": 0.2579307556152344, "user/throttle": 0.43018442392349243, "user/mode": "local", "pos/pos_x": 65.08546, "pos/pos_y": 0.5551627, "pos/pos_z": -5.62723, "pos/speed": 9.636436, "pos/cte": -1.835397, "pilot/angle": 0.0, "pilot/throttle": 0.0, "milliseconds": 147349}