{"cam/image_array": "4181_cam-image_array_.jpg", "user/angle": 0.6235870122909546, "user/throttle": 0.34130942821502686, "user/mode": "local", "pos/pos_x": 44.06339, "pos/pos_y": 0.5503328, "pos/pos_z": 54.5757, "pos/speed": 13.71002, "pos/cte": -5.62661, "pilot/angle": 0.0, "pilot/throttle": 0.0, "milliseconds": 209278}