{"cam/image_array": "4769_cam-image_array_.jpg", "user/angle": 0.19734947383403778, "user/throttle": 0.13371515274047852, "user/mode": "local", "pos/pos_x": 85.04662, "pos/pos_y": 0.5582173, "pos/pos_z": 8.15683, "pos/speed": 11.563, "pos/cte": 1.46466, "pilot/angle": 0.0, "pilot/throttle": 0.0, "milliseconds": 238716}