{"cam/image_array": "65_cam-image_array_.jpg", "user/angle": 0.7628362774848938, "user/throttle": 0.21939556300640106, "user/mode": "local", "pos/pos_x": 47.82857, "pos/pos_y": 0.5568071, "pos/pos_z": 67.56759, "pos/speed": 12.54823, "pos/cte": -1.861431, "pilot/angle": 0.0, "pilot/throttle": 0.0, "milliseconds": 3214}