{"cam/image_array": "161_cam-image_array_.jpg", "user/angle": 0.1307515799999237, "user/throttle": 0.7962266206741333, "user/mode": "local", "pos/pos_x": 73.81115, "pos/pos_y": 0.5550258, "pos/pos_z": 65.04494, "pos/speed": 10.52584, "pos/cte": -1.571623, "pilot/angle": 0.0, "pilot/throttle": 0.0, "milliseconds": 8019}