{"cam/image_array": "4114_cam-image_array_.jpg", "user/angle": 0.11006791889667511, "user/throttle": 0.7184962034225464, "user/mode": "local", "pos/pos_x": 49.71601, "pos/pos_y": 0.555709, "pos/pos_z": 11.86964, "pos/speed": 11.68849, "pos/cte": -0.2235988, "pilot/angle": 0.0, "pilot/throttle": 0.0, "milliseconds": 205924}