{"cam/image_array": "1642_cam-image_array_.jpg", "user/angle": -0.076679527759552, "user/throttle": 0.6774120330810547, "user/mode": "local", "pos/pos_x": 74.74748, "pos/pos_y": 0.5563986, "pos/pos_z": 65.5839, "pos/speed": 9.447687, "pos/cte": -2.633645, "pilot/angle": 0.0, "pilot/throttle": 0.0, "milliseconds": 82165}