{"cam/image_array": "3530_cam-image_array_.jpg", "user/angle": -0.137788325548172, "user/throttle": 0.8539464473724365, "user/mode": "local", "pos/pos_x": 74.83606, "pos/pos_y": 0.5537716, "pos/pos_z": 65.4501, "pos/speed": 9.331962, "pos/cte": -2.614101, "pilot/angle": 0.0, "pilot/throttle": 0.0, "milliseconds": 176686}