{"cam/image_array": "3743_cam-image_array_.jpg", "user/angle": 0.12691989541053772, "user/throttle": 0.7174690961837769, "user/mode": "local", "pos/pos_x": 49.65685, "pos/pos_y": 0.556186, "pos/pos_z": 12.08898, "pos/speed": 11.68603, "pos/cte": -0.2731411, "pilot/angle": 0.0, "pilot/throttle": 0.0, "milliseconds": 187350}