{"cam/image_array": "5046_cam-image_array_.jpg", "user/angle": 0.28270408511161804, "user/throttle": 0.9654450416564941, "user/mode": "local", "pos/pos_x": 77.32633, "pos/pos_y": 0.5560837, "pos/pos_z": 59.44893, "pos/speed": 10.23204, "pos/cte": -0.761066, "pilot/angle": 0.0, "pilot/throttle": 0.0, "milliseconds": 252591}