{"cam/image_array": "685_cam-image_array_.jpg", "user/angle": 0.14924758672714233, "user/throttle": 0.6086604595184326, "user/mode": "local", "pos/pos_x": 67.16193, "pos/pos_y": 0.5538353, "pos/pos_z": -7.517076, "pos/speed": 10.16633, "pos/cte": -3.743292, "pilot/angle": 0.0, "pilot/throttle": 0.0, "milliseconds": 34253}