{"cam/image_array": "767_cam-image_array_.jpg", "user/angle": -0.10023640096187592, "user/throttle": 1.030121088027954, "user/mode": "local", "pos/pos_x": 45.49407, "pos/pos_y": 0.5555481, "pos/pos_z": 31.05558, "pos/speed": 13.13175, "pos/cte": -3.816123, "pilot/angle": 0.0, "pilot/throttle": 0.0, "milliseconds": 38359}