{"cam/image_array": "2785_cam-image_array_.jpg", "user/angle": 0.5220600962638855, "user/throttle": 0.9627028703689575, "user/mode": "local", "pos/pos_x": 77.10239, "pos/pos_y": 0.5542632, "pos/pos_z": 58.83312, "pos/speed": 10.27468, "pos/cte": -0.2555608, "pilot/angle": 0.0, "pilot/throttle": 0.0, "milliseconds": 139388}