{"cam/image_array": "2828_cam-image_array_.jpg", "user/angle": -0.07912704348564148, "user/throttle": 0.5213741064071655, "user/mode": "local", "pos/pos_x": 78.73693, "pos/pos_y": 0.5544244, "pos/pos_z": 34.30753, "pos/speed": 12.5516, "pos/cte": -6.760914, "pilot/angle": 0.0, "pilot/throttle": 0.0, "milliseconds": 141541}