{"cam/image_array": "1986_cam-image_array_.jpg", "user/angle": 0.7889404892921448, "user/throttle": 0.409341424703598, "user/mode": "local", "pos/pos_x": 64.86279, "pos/pos_y": 0.553744, "pos/pos_z": 75.41668, "pos/speed": 9.927799, "pos/cte": -1.503146, "pilot/angle": 0.0, "pilot/throttle": 0.0, "milliseconds": 99387}