{"cam/image_array": "3270_cam-image_array_.jpg", "user/angle": 0.9025903940200806, "user/throttle": 0.10480042546987534, "user/mode": "local", "pos/pos_x": 85.51843, "pos/pos_y": 0.5533937, "pos/pos_z": -2.713934, "pos/speed": 9.76167, "pos/cte": -0.5824302, "pilot/angle": 0.0, "pilot/throttle": 0.0, "milliseconds": 163670}