{"cam/image_array": "924_cam-image_array_.jpg", "user/angle": -0.017062872648239136, "user/throttle": 0.7968325614929199, "user/mode": "local", "pos/pos_x": 78.97887, "pos/pos_y": 0.5553063, "pos/pos_z": 50.64831, "pos/speed": 11.32719, "pos/cte": -0.8638692, "pilot/angle": 0.0, "pilot/throttle": 0.0, "milliseconds": 46218}