{"cam/image_array": "5412_cam-image_array_.jpg", "user/angle": 0.12659598886966705, "user/throttle": 0.6922016143798828, "user/mode": "local", "pos/pos_x": 77.60669, "pos/pos_y": 0.5569804, "pos/pos_z": 61.81657, "pos/speed": 9.526484, "pos/cte": -2.361116, "pilot/angle": 0.0, "pilot/throttle": 0.0, "milliseconds": 270908}