{"cam/image_array": "4200_cam-image_array_.jpg", "user/angle": 0.2856549918651581, "user/throttle": 0.154333233833313, "user/mode": "local", "pos/pos_x": 48.3394, "pos/pos_y": 0.5547327, "pos/pos_z": 66.55081, "pos/speed": 12.24608, "pos/cte": -1.350601, "pilot/angle": 0.0, "pilot/throttle": 0.0, "milliseconds": 210230}