{"cam/image_array": "4009_cam-image_array_.jpg", "user/angle": 1.0622485876083374, "user/throttle": 0.758906364440918, "user/mode": "local", "pos/pos_x": 88.0578, "pos/pos_y": 0.5534796, "pos/pos_z": 3.120866, "pos/speed": 10.75725, "pos/cte": 0.1361451, "pilot/angle": 0.0, "pilot/throttle": 0.0, "milliseconds": 200667}