{"cam/image_array": "2005_cam-image_array_.jpg", "user/angle": 0.17287002503871918, "user/throttle": 0.45066404342651367, "user/mode": "local", "pos/pos_x": 71.6763, "pos/pos_y": 0.5530113, "pos/pos_z": 70.67393, "pos/speed": 9.382217, "pos/cte": -3.604012, "pilot/angle": 0.0, "pilot/throttle": 0.0, "milliseconds": 100338}