{"cam/image_array": "3177_cam-image_array_.jpg", "user/angle": -0.053236398845911026, "user/throttle": 0.8004395961761475, "user/mode": "local", "pos/pos_x": 78.01105, "pos/pos_y": 0.5552544, "pos/pos_z": 50.34716, "pos/speed": 10.73937, "pos/cte": 0.04096682, "pilot/angle": 0.0, "pilot/throttle": 0.0, "milliseconds": 159014}