{"cam/image_array": "5742_cam-image_array_.jpg", "user/angle": 1.014324426651001, "user/throttle": 0.5592819452285767, "user/mode": "local", "pos/pos_x": 66.06496, "pos/pos_y": 0.5527325, "pos/pos_z": 75.80291, "pos/speed": 9.738325, "pos/cte": -2.668115, "pilot/angle": 0.0, "pilot/throttle": 0.0, "milliseconds": 287430}