{"cam/image_array": "5182_cam-image_array_.jpg", "user/angle": 0.14102497696876526, "user/throttle": 0.8726587295532227, "user/mode": "local", "pos/pos_x": 73.47338, "pos/pos_y": 0.5556929, "pos/pos_z": -9.132649, "pos/speed": 9.727434, "pos/cte": -5.413881, "pilot/angle": 0.0, "pilot/throttle": 0.0, "milliseconds": 259393}