{"cam/image_array": "4282_cam-image_array_.jpg", "user/angle": 0.3918323218822479, "user/throttle": 0.9360121488571167, "user/mode": "local", "pos/pos_x": 76.93349, "pos/pos_y": 0.5561575, "pos/pos_z": 60.34724, "pos/speed": 10.10757, "pos/cte": -0.8949634, "pilot/angle": 0.0, "pilot/throttle": 0.0, "milliseconds": 214334}