{"cam/image_array": "4622_cam-image_array_.jpg", "user/angle": 0.6008698344230652, "user/throttle": 0.629696249961853, "user/mode": "local", "pos/pos_x": 62.18347, "pos/pos_y": 0.5498044, "pos/pos_z": 80.97276, "pos/speed": 8.031346, "pos/cte": -3.838778, "pilot/angle": 0.0, "pilot/throttle": 0.0, "milliseconds": 231357}