{"cam/image_array": "4593_cam-image_array_.jpg", "user/angle": 0.8394861221313477, "user/throttle": 0.03908803313970566, "user/mode": "local", "pos/pos_x": 52.00442, "pos/pos_y": 0.5520867, "pos/pos_z": 73.84072, "pos/speed": 11.39779, "pos/cte": 1.72497, "pilot/angle": 0.0, "pilot/throttle": 0.0, "milliseconds": 229905}