{"cam/image_array": "4677_cam-image_array_.jpg", "user/angle": 0.39842280745506287, "user/throttle": 0.8350409269332886, "user/mode": "local", "pos/pos_x": 75.94861, "pos/pos_y": 0.5546098, "pos/pos_z": 61.63148, "pos/speed": 10.6688, "pos/cte": -0.9801001, "pilot/angle": 0.0, "pilot/throttle": 0.0, "milliseconds": 234111}