{"cam/image_array": "990_cam-image_array_.jpg", "user/angle": 0.44588926434516907, "user/throttle": 0.054075226187705994, "user/mode": "local", "pos/pos_x": 85.93826, "pos/pos_y": 0.5555338, "pos/pos_z": 10.91657, "pos/speed": 12.48282, "pos/cte": -1.128684, "pilot/angle": 0.0, "pilot/throttle": 0.0, "milliseconds": 49523}