{"cam/image_array": "5417_cam-image_array_.jpg", "user/angle": 0.2057940661907196, "user/throttle": 0.8564302921295166, "user/mode": "local", "pos/pos_x": 78.19202, "pos/pos_y": 0.5557189, "pos/pos_z": 58.96787, "pos/speed": 9.844447, "pos/cte": -1.262818, "pilot/angle": 0.0, "pilot/throttle": 0.0, "milliseconds": 271159}