{"cam/image_array": "3381_cam-image_array_.jpg", "user/angle": 0.2160753309726715, "user/throttle": 0.6966509819030762, "user/mode": "local", "pos/pos_x": 47.06155, "pos/pos_y": 0.5554283, "pos/pos_z": 19.19573, "pos/speed": 11.52243, "pos/cte": -2.555971, "pilot/angle": 0.0, "pilot/throttle": 0.0, "milliseconds": 169227}