{"cam/image_array": "3806_cam-image_array_.jpg", "user/angle": 0.6492488384246826, "user/throttle": 0.32034870982170105, "user/mode": "local", "pos/pos_x": 43.8827, "pos/pos_y": 0.5599207, "pos/pos_z": 53.11283, "pos/speed": 13.89303, "pos/cte": -5.807301, "pilot/angle": 0.0, "pilot/throttle": 0.0, "milliseconds": 190504}