{"cam/image_array": "1409_cam-image_array_.jpg", "user/angle": 0.6661416292190552, "user/throttle": 0.7381404638290405, "user/mode": "local", "pos/pos_x": 79.12817, "pos/pos_y": 0.5515474, "pos/pos_z": -7.026098, "pos/speed": 9.039432, "pos/cte": -3.356756, "pilot/angle": 0.0, "pilot/throttle": 0.0, "milliseconds": 70501}