{"cam/image_array": "805_cam-image_array_.jpg", "user/angle": 0.31159237027168274, "user/throttle": 0.45693033933639526, "user/mode": "local", "pos/pos_x": 43.84341, "pos/pos_y": 0.5515182, "pos/pos_z": 57.36603, "pos/speed": 13.30517, "pos/cte": -5.846588, "pilot/angle": 0.0, "pilot/throttle": 0.0, "milliseconds": 40261}