{"cam/image_array": "4751_cam-image_array_.jpg", "user/angle": 0.2798648178577423, "user/throttle": 0.0750245451927185, "user/mode": "local", "pos/pos_x": 83.04855, "pos/pos_y": 0.5574114, "pos/pos_z": 18.75494, "pos/speed": 12.64612, "pos/cte": -4.693977, "pilot/angle": 0.0, "pilot/throttle": 0.0, "milliseconds": 237815}