{"cam/image_array": "5109_cam-image_array_.jpg", "user/angle": -0.011438675224781036, "user/throttle": 0.5391407012939453, "user/mode": "local", "pos/pos_x": 81.57879, "pos/pos_y": 0.5589664, "pos/pos_z": 21.12407, "pos/speed": 13.27794, "pos/cte": -5.387516, "pilot/angle": 0.0, "pilot/throttle": 0.0, "milliseconds": 255739}