{"cam/image_array": "1863_cam-image_array_.jpg", "user/angle": 0.1085641086101532, "user/throttle": 0.6846951246261597, "user/mode": "local", "pos/pos_x": 49.60122, "pos/pos_y": 0.5559754, "pos/pos_z": 12.21431, "pos/speed": 11.59662, "pos/cte": -0.323251, "pilot/angle": 0.0, "pilot/throttle": 0.0, "milliseconds": 93229}