{"cam/image_array": "203_cam-image_array_.jpg", "user/angle": -0.24391037225723267, "user/throttle": 0.8168816566467285, "user/mode": "local", "pos/pos_x": 77.00069, "pos/pos_y": 0.5501218, "pos/pos_z": 42.10264, "pos/speed": 12.53105, "pos/cte": -2.75215, "pilot/angle": 0.0, "pilot/throttle": 0.0, "milliseconds": 10122}