{"cam/image_array": "3988_cam-image_array_.jpg", "user/angle": 0.4609035551548004, "user/throttle": 0.06328843533992767, "user/mode": "local", "pos/pos_x": 84.84319, "pos/pos_y": 0.5548845, "pos/pos_z": 14.97681, "pos/speed": 12.72038, "pos/cte": -3.257107, "pilot/angle": 0.0, "pilot/throttle": 0.0, "milliseconds": 199615}