{"cam/image_array": "2695_cam-image_array_.jpg", "user/angle": 0.23723189532756805, "user/throttle": 0.14979179203510284, "user/mode": "local", "pos/pos_x": 47.49281, "pos/pos_y": 0.5525576, "pos/pos_z": 65.04302, "pos/speed": 12.01768, "pos/cte": -2.197189, "pilot/angle": 0.0, "pilot/throttle": 0.0, "milliseconds": 134882}