{"cam/image_array": "574_cam-image_array_.jpg", "user/angle": -0.23576867580413818, "user/throttle": 0.6044201850891113, "user/mode": "local", "pos/pos_x": 78.69229, "pos/pos_y": 0.5546554, "pos/pos_z": 33.07949, "pos/speed": 13.14879, "pos/cte": -6.780581, "pilot/angle": 0.0, "pilot/throttle": 0.0, "milliseconds": 28696}