{"cam/image_array": "2939_cam-image_array_.jpg", "user/angle": 0.1775503158569336, "user/throttle": 0.5235379934310913, "user/mode": "local", "pos/pos_x": 66.91045, "pos/pos_y": 0.5555823, "pos/pos_z": -6.235577, "pos/speed": 9.645221, "pos/cte": -2.459646, "pilot/angle": 0.0, "pilot/throttle": 0.0, "milliseconds": 147098}