{"cam/image_array": "4220_cam-image_array_.jpg", "user/angle": 0.6483026146888733, "user/throttle": 0.2139832079410553, "user/mode": "local", "pos/pos_x": 55.52078, "pos/pos_y": 0.5503525, "pos/pos_z": 74.27126, "pos/speed": 11.14824, "pos/cte": 3.894418, "pilot/angle": 0.0, "pilot/throttle": 0.0, "milliseconds": 211231}