{"cam/image_array": "3340_cam-image_array_.jpg", "user/angle": 0.1801980435848236, "user/throttle": 0.6539146900177002, "user/mode": "local", "pos/pos_x": 55.78527, "pos/pos_y": 0.5519924, "pos/pos_z": -0.4164316, "pos/speed": 9.371437, "pos/cte": 1.936776, "pilot/angle": 0.0, "pilot/throttle": 0.0, "milliseconds": 167174}