{"cam/image_array": "5421_cam-image_array_.jpg", "user/angle": 0.20218390226364136, "user/throttle": 0.9861007928848267, "user/mode": "local", "pos/pos_x": 78.52816, "pos/pos_y": 0.5540622, "pos/pos_z": 56.99321, "pos/speed": 10.19185, "pos/cte": -0.8071452, "pilot/angle": 0.0, "pilot/throttle": 0.0, "milliseconds": 271359}