{"cam/image_array": "4913_cam-image_array_.jpg", "user/angle": -0.07051120698451996, "user/throttle": 0.8279660940170288, "user/mode": "local", "pos/pos_x": 45.27153, "pos/pos_y": 0.5552903, "pos/pos_z": 33.13157, "pos/speed": 13.31937, "pos/cte": -4.056764, "pilot/angle": 0.0, "pilot/throttle": 0.0, "milliseconds": 245926}