{"cam/image_array": "4604_cam-image_array_.jpg", "user/angle": 1.0797473192214966, "user/throttle": 0.08703752607107162, "user/mode": "local", "pos/pos_x": 55.07518, "pos/pos_y": 0.5546809, "pos/pos_z": 78.08353, "pos/speed": 9.71765, "pos/cte": -0.04138146, "pilot/angle": 0.0, "pilot/throttle": 0.0, "milliseconds": 230456}