{"cam/image_array": "5554_cam-image_array_.jpg", "user/angle": 0.13679707050323486, "user/throttle": 0.6901882886886597, "user/mode": "local", "pos/pos_x": 74.66972, "pos/pos_y": 0.5547396, "pos/pos_z": -7.611311, "pos/speed": 9.61553, "pos/cte": -3.903041, "pilot/angle": 0.0, "pilot/throttle": 0.0, "milliseconds": 278018}