{"cam/image_array": "421_cam-image_array_.jpg", "user/angle": 0.2654397189617157, "user/throttle": 0.33426693081855774, "user/mode": "local", "pos/pos_x": 44.15981, "pos/pos_y": 0.5557193, "pos/pos_z": 48.28376, "pos/speed": 14.32361, "pos/cte": 0.0, "pilot/angle": 0.0, "pilot/throttle": 0.0, "milliseconds": 21037}