{"cam/image_array": "5148_cam-image_array_.jpg", "user/angle": 0.961662232875824, "user/throttle": 0.1153729185461998, "user/mode": "local", "pos/pos_x": 86.28334, "pos/pos_y": 0.5524111, "pos/pos_z": -2.028492, "pos/speed": 10.6099, "pos/cte": -0.6475694, "pilot/angle": 0.0, "pilot/throttle": 0.0, "milliseconds": 257691}