{"cam/image_array": "214_cam-image_array_.jpg", "user/angle": 0.007796633988618851, "user/throttle": 0.48250874876976013, "user/mode": "local", "pos/pos_x": 78.22559, "pos/pos_y": 0.5542374, "pos/pos_z": 34.59113, "pos/speed": 12.87106, "pos/cte": -6.209774, "pilot/angle": 0.0, "pilot/throttle": 0.0, "milliseconds": 10674}