{"cam/image_array": "4894_cam-image_array_.jpg", "user/angle": 0.06779974699020386, "user/throttle": 0.8394646644592285, "user/mode": "local", "pos/pos_x": 46.24104, "pos/pos_y": 0.554666, "pos/pos_z": 21.71832, "pos/speed": 12.25968, "pos/cte": -3.265676, "pilot/angle": 0.0, "pilot/throttle": 0.0, "milliseconds": 244975}