{"cam/image_array": "5326_cam-image_array_.jpg", "user/angle": 0.015191487967967987, "user/throttle": 0.505092978477478, "user/mode": "local", "pos/pos_x": 47.26363, "pos/pos_y": 0.5532665, "pos/pos_z": 64.73772, "pos/speed": 12.35922, "pos/cte": -2.426369, "pilot/angle": 0.0, "pilot/throttle": 0.0, "milliseconds": 266603}