{"cam/image_array": "4048_cam-image_array_.jpg", "user/angle": 0.19935384392738342, "user/throttle": 0.7832106351852417, "user/mode": "local", "pos/pos_x": 76.10756, "pos/pos_y": 0.5520035, "pos/pos_z": -8.857147, "pos/speed": 9.566321, "pos/cte": -5.161376, "pilot/angle": 0.0, "pilot/throttle": 0.0, "milliseconds": 202620}