{"cam/image_array": "1778_cam-image_array_.jpg", "user/angle": 0.7508980631828308, "user/throttle": 0.828392505645752, "user/mode": "local", "pos/pos_x": 82.99407, "pos/pos_y": 0.5534508, "pos/pos_z": -8.29776, "pos/speed": 9.139471, "pos/cte": -4.83879, "pilot/angle": 0.0, "pilot/throttle": 0.0, "milliseconds": 88974}