{"cam/image_array": "512_cam-image_array_.jpg", "user/angle": 0.0008578561246395111, "user/throttle": 0.6963478326797485, "user/mode": "local", "pos/pos_x": 74.36136, "pos/pos_y": 0.5582064, "pos/pos_z": 66.52474, "pos/speed": 9.458928, "pos/cte": -2.951062, "pilot/angle": 0.0, "pilot/throttle": 0.0, "milliseconds": 25592}