{"cam/image_array": "3319_cam-image_array_.jpg", "user/angle": 0.3535483479499817, "user/throttle": 0.3664861023426056, "user/mode": "local", "pos/pos_x": 63.76075, "pos/pos_y": 0.5555348, "pos/pos_z": -5.421216, "pos/speed": 9.75135, "pos/cte": -1.617831, "pilot/angle": 0.0, "pilot/throttle": 0.0, "milliseconds": 166123}