{"cam/image_array": "2250_cam-image_array_.jpg", "user/angle": 0.10884521901607513, "user/throttle": 0.6938155889511108, "user/mode": "local", "pos/pos_x": 48.02134, "pos/pos_y": 0.554891, "pos/pos_z": 16.32232, "pos/speed": 12.113, "pos/cte": -1.722439, "pilot/angle": 0.0, "pilot/throttle": 0.0, "milliseconds": 112604}