{"cam/image_array": "4781_cam-image_array_.jpg", "user/angle": 0.7581860423088074, "user/throttle": 0.21131829917430878, "user/mode": "local", "pos/pos_x": 84.56541, "pos/pos_y": 0.5514361, "pos/pos_z": 1.452042, "pos/speed": 11.00006, "pos/cte": 3.124875, "pilot/angle": 0.0, "pilot/throttle": 0.0, "milliseconds": 239318}