{"cam/image_array": "812_cam-image_array_.jpg", "user/angle": 0.38577866554260254, "user/throttle": 0.25612449645996094, "user/mode": "local", "pos/pos_x": 44.92828, "pos/pos_y": 0.5534585, "pos/pos_z": 61.11139, "pos/speed": 12.81043, "pos/cte": -4.761719, "pilot/angle": 0.0, "pilot/throttle": 0.0, "milliseconds": 40611}