{"cam/image_array": "1058_cam-image_array_.jpg", "user/angle": 0.07458174228668213, "user/throttle": 0.47673505544662476, "user/mode": "local", "pos/pos_x": 71.85535, "pos/pos_y": 0.5601937, "pos/pos_z": -8.663637, "pos/speed": 9.92893, "pos/cte": -4.930767, "pilot/angle": 0.0, "pilot/throttle": 0.0, "milliseconds": 52927}