{"cam/image_array": "2336_cam-image_array_.jpg", "user/angle": 0.13747122883796692, "user/throttle": 0.30495837330818176, "user/mode": "local", "pos/pos_x": 51.99233, "pos/pos_y": 0.5525783, "pos/pos_z": 71.05273, "pos/speed": 12.09256, "pos/cte": 2.302334, "pilot/angle": 0.0, "pilot/throttle": 0.0, "milliseconds": 116910}