{"cam/image_array": "1755_cam-image_array_.jpg", "user/angle": 0.9748773574829102, "user/throttle": 0.04654078185558319, "user/mode": "local", "pos/pos_x": 88.37055, "pos/pos_y": 0.5542895, "pos/pos_z": 0.368326, "pos/speed": 10.67454, "pos/cte": -0.9340096, "pilot/angle": 0.0, "pilot/throttle": 0.0, "milliseconds": 87823}