{"cam/image_array": "4359_cam-image_array_.jpg", "user/angle": 0.40378305315971375, "user/throttle": 0.06246960163116455, "user/mode": "local", "pos/pos_x": 84.68312, "pos/pos_y": 0.5536031, "pos/pos_z": 15.25562, "pos/speed": 12.7919, "pos/cte": -3.343771, "pilot/angle": 0.0, "pilot/throttle": 0.0, "milliseconds": 218190}