{"cam/image_array": "762_cam-image_array_.jpg", "user/angle": 0.05744596943259239, "user/throttle": 0.9137027263641357, "user/mode": "local", "pos/pos_x": 45.70439, "pos/pos_y": 0.5554217, "pos/pos_z": 28.4645, "pos/speed": 12.83413, "pos/cte": -3.583201, "pilot/angle": 0.0, "pilot/throttle": 0.0, "milliseconds": 38108}