{"cam/image_array": "1654_cam-image_array_.jpg", "user/angle": 0.3982444107532501, "user/throttle": 0.9691040515899658, "user/mode": "local", "pos/pos_x": 76.82773, "pos/pos_y": 0.556089, "pos/pos_z": 60.06166, "pos/speed": 10.18975, "pos/cte": -0.6290715, "pilot/angle": 0.0, "pilot/throttle": 0.0, "milliseconds": 82766}