{"cam/image_array": "3679_cam-image_array_.jpg", "user/angle": 0.142578586935997, "user/throttle": 0.9055790901184082, "user/mode": "local", "pos/pos_x": 73.93145, "pos/pos_y": 0.5529173, "pos/pos_z": -9.187093, "pos/speed": 9.6614, "pos/cte": -5.47232, "pilot/angle": 0.0, "pilot/throttle": 0.0, "milliseconds": 184146}