{"cam/image_array": "2950_cam-image_array_.jpg", "user/angle": 0.5483984351158142, "user/throttle": 0.46404939889907837, "user/mode": "local", "pos/pos_x": 62.3942, "pos/pos_y": 0.5569873, "pos/pos_z": -4.532191, "pos/speed": 9.673838, "pos/cte": -0.7169142, "pilot/angle": 0.0, "pilot/throttle": 0.0, "milliseconds": 147649}