{"cam/image_array": "3660_cam-image_array_.jpg", "user/angle": 0.8271692395210266, "user/throttle": 0.932316780090332, "user/mode": "local", "pos/pos_x": 82.83747, "pos/pos_y": 0.5530493, "pos/pos_z": -6.981294, "pos/speed": 9.453082, "pos/cte": -3.528353, "pilot/angle": 0.0, "pilot/throttle": 0.0, "milliseconds": 183195}