{"cam/image_array": "2122_cam-image_array_.jpg", "user/angle": 1.001775860786438, "user/throttle": 0.08620312064886093, "user/mode": "local", "pos/pos_x": 88.97413, "pos/pos_y": 0.5540099, "pos/pos_z": 5.084246, "pos/speed": 11.80297, "pos/cte": -0.7886104, "pilot/angle": 0.0, "pilot/throttle": 0.0, "milliseconds": 106195}