{"cam/image_array": "5600_cam-image_array_.jpg", "user/angle": 0.14695905148983002, "user/throttle": 0.7216039896011353, "user/mode": "local", "pos/pos_x": 54.36825, "pos/pos_y": 0.5570745, "pos/pos_z": 2.513296, "pos/speed": 10.61164, "pos/cte": 2.991958, "pilot/angle": 0.0, "pilot/throttle": 0.0, "milliseconds": 280321}