{"cam/image_array": "5552_cam-image_array_.jpg", "user/angle": 0.28744691610336304, "user/throttle": 0.7708159685134888, "user/mode": "local", "pos/pos_x": 75.62077, "pos/pos_y": 0.555424, "pos/pos_z": -7.613148, "pos/speed": 9.363434, "pos/cte": -3.913177, "pilot/angle": 0.0, "pilot/throttle": 0.0, "milliseconds": 277917}