{"cam/image_array": "1044_cam-image_array_.jpg", "user/angle": 0.38794058561325073, "user/throttle": 0.8208907842636108, "user/mode": "local", "pos/pos_x": 78.35066, "pos/pos_y": 0.5531449, "pos/pos_z": -9.921067, "pos/speed": 9.11412, "pos/cte": -6.244831, "pilot/angle": 0.0, "pilot/throttle": 0.0, "milliseconds": 52226}