{"cam/image_array": "1281_cam-image_array_.jpg", "user/angle": 0.1434006541967392, "user/throttle": 0.6978003978729248, "user/mode": "local", "pos/pos_x": 76.51749, "pos/pos_y": 0.5551658, "pos/pos_z": 62.78391, "pos/speed": 10.06581, "pos/cte": -2.161124, "pilot/angle": 0.0, "pilot/throttle": 0.0, "milliseconds": 64092}