{"cam/image_array": "2775_cam-image_array_.jpg", "user/angle": 0.24027132987976074, "user/throttle": 0.6581767797470093, "user/mode": "local", "pos/pos_x": 75.05431, "pos/pos_y": 0.5543457, "pos/pos_z": 63.37881, "pos/speed": 9.669739, "pos/cte": -1.434868, "pilot/angle": 0.0, "pilot/throttle": 0.0, "milliseconds": 138888}