{"cam/image_array": "2947_cam-image_array_.jpg", "user/angle": 0.515692949295044, "user/throttle": 0.5046862363815308, "user/mode": "local", "pos/pos_x": 63.27976, "pos/pos_y": 0.5560914, "pos/pos_z": -4.926317, "pos/speed": 9.715395, "pos/cte": -1.118753, "pilot/angle": 0.0, "pilot/throttle": 0.0, "milliseconds": 147499}