{"cam/image_array": "2242_cam-image_array_.jpg", "user/angle": 0.11766104400157928, "user/throttle": 0.6887593269348145, "user/mode": "local", "pos/pos_x": 49.55399, "pos/pos_y": 0.5560685, "pos/pos_z": 11.83535, "pos/speed": 11.7177, "pos/cte": -0.386962, "pilot/angle": 0.0, "pilot/throttle": 0.0, "milliseconds": 112204}