{"cam/image_array": "504_cam-image_array_.jpg", "user/angle": 0.1141682118177414, "user/throttle": 0.49368488788604736, "user/mode": "local", "pos/pos_x": 72.04214, "pos/pos_y": 0.5525799, "pos/pos_z": 70.6758, "pos/speed": 9.612625, "pos/cte": -3.883406, "pilot/angle": 0.0, "pilot/throttle": 0.0, "milliseconds": 25192}