{"cam/image_array": "5536_cam-image_array_.jpg", "user/angle": 0.7009404897689819, "user/throttle": 0.4411964416503906, "user/mode": "local", "pos/pos_x": 82.53105, "pos/pos_y": 0.5535931, "pos/pos_z": -5.465681, "pos/speed": 9.465347, "pos/cte": -1.985976, "pilot/angle": 0.0, "pilot/throttle": 0.0, "milliseconds": 277116}