{"cam/image_array": "3138_cam-image_array_.jpg", "user/angle": 0.15072043240070343, "user/throttle": 0.6041001081466675, "user/mode": "local", "pos/pos_x": 72.53898, "pos/pos_y": 0.5586662, "pos/pos_z": 68.04061, "pos/speed": 9.455315, "pos/cte": -2.549791, "pilot/angle": 0.0, "pilot/throttle": 0.0, "milliseconds": 157061}