{"cam/image_array": "4368_cam-image_array_.jpg", "user/angle": 0.9376888871192932, "user/throttle": 0.08689156919717789, "user/mode": "local", "pos/pos_x": 86.88287, "pos/pos_y": 0.556874, "pos/pos_z": 10.77396, "pos/speed": 12.30533, "pos/cte": -1.689055, "pilot/angle": 0.0, "pilot/throttle": 0.0, "milliseconds": 218640}