{"cam/image_array": "2909_cam-image_array_.jpg", "user/angle": 0.604644775390625, "user/throttle": 0.8234758377075195, "user/mode": "local", "pos/pos_x": 80.48008, "pos/pos_y": 0.5537938, "pos/pos_z": -7.446966, "pos/speed": 8.573442, "pos/cte": -3.789406, "pilot/angle": 0.0, "pilot/throttle": 0.0, "milliseconds": 145597}