{"cam/image_array": "4122_cam-image_array_.jpg", "user/angle": 0.14334698021411896, "user/throttle": 0.694257378578186, "user/mode": "local", "pos/pos_x": 48.12841, "pos/pos_y": 0.5554218, "pos/pos_z": 16.32462, "pos/speed": 12.07745, "pos/cte": -1.615362, "pilot/angle": 0.0, "pilot/throttle": 0.0, "milliseconds": 206324}