{"cam/image_array": "1934_cam-image_array_.jpg", "user/angle": 0.6386823058128357, "user/throttle": 0.2059202492237091, "user/mode": "local", "pos/pos_x": 44.58301, "pos/pos_y": 0.5522815, "pos/pos_z": 57.99806, "pos/speed": 13.66308, "pos/cte": -5.106987, "pilot/angle": 0.0, "pilot/throttle": 0.0, "milliseconds": 96784}