{"cam/image_array": "5480_cam-image_array_.jpg", "user/angle": 0.02114681899547577, "user/throttle": 0.5978996753692627, "user/mode": "local", "pos/pos_x": 80.91943, "pos/pos_y": 0.5543757, "pos/pos_z": 22.50743, "pos/speed": 12.65583, "pos/cte": -5.738752, "pilot/angle": 0.0, "pilot/throttle": 0.0, "milliseconds": 274313}