{"cam/image_array": "3068_cam-image_array_.jpg", "user/angle": 0.511297345161438, "user/throttle": 0.18417103588581085, "user/mode": "local", "pos/pos_x": 45.51479, "pos/pos_y": 0.5518315, "pos/pos_z": 62.2183, "pos/speed": 12.8207, "pos/cte": -4.175209, "pilot/angle": 0.0, "pilot/throttle": 0.0, "milliseconds": 153556}