{"cam/image_array": "3491_cam-image_array_.jpg", "user/angle": 0.7687093019485474, "user/throttle": 0.35401415824890137, "user/mode": "local", "pos/pos_x": 63.60298, "pos/pos_y": 0.5542057, "pos/pos_z": 76.5867, "pos/speed": 9.446103, "pos/cte": -1.305043, "pilot/angle": 0.0, "pilot/throttle": 0.0, "milliseconds": 174734}