{"cam/image_array": "4518_cam-image_array_.jpg", "user/angle": 0.022727955132722855, "user/throttle": 0.7945001125335693, "user/mode": "local", "pos/pos_x": 45.77042, "pos/pos_y": 0.554621, "pos/pos_z": 26.28465, "pos/speed": 12.24374, "pos/cte": -3.536664, "pilot/angle": 0.0, "pilot/throttle": 0.0, "milliseconds": 226151}