{"cam/image_array": "4177_cam-image_array_.jpg", "user/angle": 0.4952184855937958, "user/throttle": 0.23738721013069153, "user/mode": "local", "pos/pos_x": 44.07029, "pos/pos_y": 0.5637392, "pos/pos_z": 51.79051, "pos/speed": 14.01703, "pos/cte": -5.619705, "pilot/angle": 0.0, "pilot/throttle": 0.0, "milliseconds": 209078}