{"cam/image_array": "3247_cam-image_array_.jpg", "user/angle": 0.7631968259811401, "user/throttle": 0.04430036246776581, "user/mode": "local", "pos/pos_x": 86.84664, "pos/pos_y": 0.554338, "pos/pos_z": 8.392111, "pos/speed": 11.67015, "pos/cte": 0.03518949, "pilot/angle": 0.0, "pilot/throttle": 0.0, "milliseconds": 162518}