{"cam/image_array": "632_cam-image_array_.jpg", "user/angle": 0.8531842231750488, "user/throttle": 0.06775489449501038, "user/mode": "local", "pos/pos_x": 87.99072, "pos/pos_y": 0.5550772, "pos/pos_z": -2.063157, "pos/speed": 10.46221, "pos/cte": -1.800743, "pilot/angle": 0.0, "pilot/throttle": 0.0, "milliseconds": 31600}