{"cam/image_array": "1566_cam-image_array_.jpg", "user/angle": 0.3679409921169281, "user/throttle": 0.18246042728424072, "user/mode": "local", "pos/pos_x": 45.28356, "pos/pos_y": 0.5530596, "pos/pos_z": 62.21743, "pos/speed": 12.18684, "pos/cte": -4.406437, "pilot/angle": 0.0, "pilot/throttle": 0.0, "milliseconds": 78360}