{"cam/image_array": "1059_cam-image_array_.jpg", "user/angle": 0.10661795735359192, "user/throttle": 0.3207128047943115, "user/mode": "local", "pos/pos_x": 70.91061, "pos/pos_y": 0.5604993, "pos/pos_z": -8.35199, "pos/speed": 9.974445, "pos/cte": -4.610887, "pilot/angle": 0.0, "pilot/throttle": 0.0, "milliseconds": 52977}