{"cam/image_array": "3822_cam-image_array_.jpg", "user/angle": -0.16144298017024994, "user/throttle": 0.28051483631134033, "user/mode": "local", "pos/pos_x": 46.18969, "pos/pos_y": 0.55273, "pos/pos_z": 63.33308, "pos/speed": 12.51125, "pos/cte": -3.500305, "pilot/angle": 0.0, "pilot/throttle": 0.0, "milliseconds": 191305}