{"cam/image_array": "3577_cam-image_array_.jpg", "user/angle": -0.15899917483329773, "user/throttle": 0.8924218416213989, "user/mode": "local", "pos/pos_x": 78.54407, "pos/pos_y": 0.5560952, "pos/pos_z": 40.32508, "pos/speed": 12.48568, "pos/cte": -4.970746, "pilot/angle": 0.0, "pilot/throttle": 0.0, "milliseconds": 179039}