{"cam/image_array": "1751_cam-image_array_.jpg", "user/angle": 0.9964461326599121, "user/throttle": 0.35871627926826477, "user/mode": "local", "pos/pos_x": 88.51314, "pos/pos_y": 0.5530203, "pos/pos_z": 2.532356, "pos/speed": 10.99677, "pos/cte": -0.42662, "pilot/angle": 0.0, "pilot/throttle": 0.0, "milliseconds": 87622}