{"cam/image_array": "4099_cam-image_array_.jpg", "user/angle": 0.08981643617153168, "user/throttle": 0.7442973852157593, "user/mode": "local", "pos/pos_x": 53.41289, "pos/pos_y": 0.5549412, "pos/pos_z": 3.724613, "pos/speed": 10.87801, "pos/cte": 2.701698, "pilot/angle": 0.0, "pilot/throttle": 0.0, "milliseconds": 205174}