{"cam/image_array": "436_cam-image_array_.jpg", "user/angle": 0.40431010723114014, "user/throttle": 0.3648577034473419, "user/mode": "local", "pos/pos_x": 44.04711, "pos/pos_y": 0.5500983, "pos/pos_z": 58.5683, "pos/speed": 13.39424, "pos/cte": -5.642891, "pilot/angle": 0.0, "pilot/throttle": 0.0, "milliseconds": 21787}