{"cam/image_array": "2263_cam-image_array_.jpg", "user/angle": 0.07568828761577606, "user/throttle": 0.8556406497955322, "user/mode": "local", "pos/pos_x": 46.01549, "pos/pos_y": 0.554805, "pos/pos_z": 24.67549, "pos/speed": 12.47797, "pos/cte": -3.36202, "pilot/angle": 0.0, "pilot/throttle": 0.0, "milliseconds": 113255}