{"cam/image_array": "3740_cam-image_array_.jpg", "user/angle": 0.019773785024881363, "user/throttle": 0.7762336730957031, "user/mode": "local", "pos/pos_x": 50.47467, "pos/pos_y": 0.555997, "pos/pos_z": 9.915717, "pos/speed": 11.51056, "pos/cte": 0.4491062, "pilot/angle": 0.0, "pilot/throttle": 0.0, "milliseconds": 187200}