{"cam/image_array": "2723_cam-image_array_.jpg", "user/angle": 0.8161332011222839, "user/throttle": 0.5094825029373169, "user/mode": "local", "pos/pos_x": 58.45418, "pos/pos_y": 0.554469, "pos/pos_z": 75.75846, "pos/speed": 10.31866, "pos/cte": 2.471853, "pilot/angle": 0.0, "pilot/throttle": 0.0, "milliseconds": 136284}