{"cam/image_array": "5122_cam-image_array_.jpg", "user/angle": 0.3481278419494629, "user/throttle": 0.04351439327001572, "user/mode": "local", "pos/pos_x": 85.39816, "pos/pos_y": 0.5562409, "pos/pos_z": 12.68788, "pos/speed": 12.88072, "pos/cte": -2.01351, "pilot/angle": 0.0, "pilot/throttle": 0.0, "milliseconds": 256390}