{"cam/image_array": "2269_cam-image_array_.jpg", "user/angle": 0.039088014513254166, "user/throttle": 0.923629641532898, "user/mode": "local", "pos/pos_x": 45.57671, "pos/pos_y": 0.5558, "pos/pos_z": 28.45527, "pos/speed": 12.90614, "pos/cte": -3.710794, "pilot/angle": 0.0, "pilot/throttle": 0.0, "milliseconds": 113555}