{"cam/image_array": "390_cam-image_array_.jpg", "user/angle": 0.04907137528061867, "user/throttle": 0.8934117555618286, "user/mode": "local", "pos/pos_x": 45.5066, "pos/pos_y": 0.5560563, "pos/pos_z": 27.82218, "pos/speed": 12.78941, "pos/cte": -3.775373, "pilot/angle": 0.0, "pilot/throttle": 0.0, "milliseconds": 19484}