{"cam/image_array": "452_cam-image_array_.jpg", "user/angle": 0.2516208291053772, "user/throttle": 0.3472992181777954, "user/mode": "local", "pos/pos_x": 48.15125, "pos/pos_y": 0.5514227, "pos/pos_z": 67.65232, "pos/speed": 11.99226, "pos/cte": -1.538754, "pilot/angle": 0.0, "pilot/throttle": 0.0, "milliseconds": 22588}