{"cam/image_array": "2582_cam-image_array_.jpg", "user/angle": 0.47030869126319885, "user/throttle": 0.5933977365493774, "user/mode": "local", "pos/pos_x": 58.3586, "pos/pos_y": 0.5532281, "pos/pos_z": -1.976816, "pos/speed": 10.36211, "pos/cte": 1.594361, "pilot/angle": 0.0, "pilot/throttle": 0.0, "milliseconds": 129225}