{"cam/image_array": "2013_cam-image_array_.jpg", "user/angle": 0.09962773323059082, "user/throttle": 0.7246931791305542, "user/mode": "local", "pos/pos_x": 73.52049, "pos/pos_y": 0.5579188, "pos/pos_z": 67.42222, "pos/speed": 9.411695, "pos/cte": -2.894526, "pilot/angle": 0.0, "pilot/throttle": 0.0, "milliseconds": 100738}