{"cam/image_array": "3044_cam-image_array_.jpg", "user/angle": 0.08561421930789948, "user/throttle": 0.3631822466850281, "user/mode": "local", "pos/pos_x": 45.02987, "pos/pos_y": 0.5559756, "pos/pos_z": 45.08244, "pos/speed": 13.76607, "pos/cte": -4.402701, "pilot/angle": 0.0, "pilot/throttle": 0.0, "milliseconds": 152355}