{"cam/image_array": "895_cam-image_array_.jpg", "user/angle": 0.033311374485492706, "user/throttle": 0.7166279554367065, "user/mode": "local", "pos/pos_x": 76.69973, "pos/pos_y": 0.5561361, "pos/pos_z": 66.12162, "pos/speed": 9.200976, "pos/cte": -4.467367, "pilot/angle": 0.0, "pilot/throttle": 0.0, "milliseconds": 44767}