{"cam/image_array": "3296_cam-image_array_.jpg", "user/angle": 0.12237681448459625, "user/throttle": 0.6518814563751221, "user/mode": "local", "pos/pos_x": 75.12717, "pos/pos_y": 0.5561891, "pos/pos_z": -7.674596, "pos/speed": 9.300594, "pos/cte": -3.970315, "pilot/angle": 0.0, "pilot/throttle": 0.0, "milliseconds": 164971}