{"cam/image_array": "5363_cam-image_array_.jpg", "user/angle": 0.8121914863586426, "user/throttle": 0.12622188031673431, "user/mode": "local", "pos/pos_x": 63.70045, "pos/pos_y": 0.5543354, "pos/pos_z": 76.72297, "pos/speed": 10.47822, "pos/cte": -1.467659, "pilot/angle": 0.0, "pilot/throttle": 0.0, "milliseconds": 268455}