{"cam/image_array": "2397_cam-image_array_.jpg", "user/angle": 0.021451152861118317, "user/throttle": 0.688298225402832, "user/mode": "local", "pos/pos_x": 76.51483, "pos/pos_y": 0.5567898, "pos/pos_z": 65.82129, "pos/speed": 9.687033, "pos/cte": -4.13172, "pilot/angle": 0.0, "pilot/throttle": 0.0, "milliseconds": 119963}