{"cam/image_array": "5697_cam-image_array_.jpg", "user/angle": 0.337950736284256, "user/throttle": 0.14164714515209198, "user/mode": "local", "pos/pos_x": 45.69016, "pos/pos_y": 0.5528299, "pos/pos_z": 62.21968, "pos/speed": 12.69801, "pos/cte": -3.999844, "pilot/angle": 0.0, "pilot/throttle": 0.0, "milliseconds": 285178}