{"cam/image_array": "819_cam-image_array_.jpg", "user/angle": -0.011741958558559418, "user/throttle": 0.5179839134216309, "user/mode": "local", "pos/pos_x": 47.27257, "pos/pos_y": 0.5532172, "pos/pos_z": 65.54372, "pos/speed": 12.14038, "pos/cte": -2.417431, "pilot/angle": 0.0, "pilot/throttle": 0.0, "milliseconds": 40962}