{"cam/image_array": "2886_cam-image_array_.jpg", "user/angle": 0.9816447496414185, "user/throttle": 0.6245454549789429, "user/mode": "local", "pos/pos_x": 87.03394, "pos/pos_y": 0.552063, "pos/pos_z": 0.9795695, "pos/speed": 10.09239, "pos/cte": 0.6166769, "pilot/angle": 0.0, "pilot/throttle": 0.0, "milliseconds": 144445}