{"cam/image_array": "4646_cam-image_array_.jpg", "user/angle": 0.19661295413970947, "user/throttle": 0.7542604207992554, "user/mode": "local", "pos/pos_x": 70.06111, "pos/pos_y": 0.5519351, "pos/pos_z": 75.80868, "pos/speed": 8.586843, "pos/cte": -5.710562, "pilot/angle": 0.0, "pilot/throttle": 0.0, "milliseconds": 232559}