{"cam/image_array": "782_cam-image_array_.jpg", "user/angle": -0.03879920393228531, "user/throttle": 0.7325340509414673, "user/mode": "local", "pos/pos_x": 44.78262, "pos/pos_y": 0.554565, "pos/pos_z": 40.59116, "pos/speed": 14.05825, "pos/cte": -4.610753, "pilot/angle": 0.0, "pilot/throttle": 0.0, "milliseconds": 39109}