{"cam/image_array": "5279_cam-image_array_.jpg", "user/angle": -0.0741475373506546, "user/throttle": 0.887545108795166, "user/mode": "local", "pos/pos_x": 45.37122, "pos/pos_y": 0.5553602, "pos/pos_z": 32.41388, "pos/speed": 13.30142, "pos/cte": -3.950823, "pilot/angle": 0.0, "pilot/throttle": 0.0, "milliseconds": 264250}