{"cam/image_array": "33_cam-image_array_.jpg", "user/angle": -0.10559678077697754, "user/throttle": 0.8150279521942139, "user/mode": "local", "pos/pos_x": 49.52679, "pos/pos_y": 0.5559024, "pos/pos_z": 51.97081, "pos/speed": 6.042657, "pos/cte": -0.1632118, "pilot/angle": 0.0, "pilot/throttle": 0.0, "milliseconds": 1612}