{"cam/image_array": "2869_cam-image_array_.jpg", "user/angle": 0.39801985025405884, "user/throttle": 0.05821434035897255, "user/mode": "local", "pos/pos_x": 86.12992, "pos/pos_y": 0.5569366, "pos/pos_z": 9.533259, "pos/speed": 11.72202, "pos/cte": -0.276378, "pilot/angle": 0.0, "pilot/throttle": 0.0, "milliseconds": 143594}