{"cam/image_array": "1249_cam-image_array_.jpg", "user/angle": 0.7995818257331848, "user/throttle": 0.8866252899169922, "user/mode": "local", "pos/pos_x": 68.41682, "pos/pos_y": 0.5536079, "pos/pos_z": 75.24143, "pos/speed": 9.397041, "pos/cte": -4.091839, "pilot/angle": 0.0, "pilot/throttle": 0.0, "milliseconds": 62490}