{"cam/image_array": "4431_cam-image_array_.jpg", "user/angle": 0.10548396408557892, "user/throttle": 0.4770717918872833, "user/mode": "local", "pos/pos_x": 71.55486, "pos/pos_y": 0.5592819, "pos/pos_z": -8.140991, "pos/speed": 10.06314, "pos/cte": -4.405519, "pilot/angle": 0.0, "pilot/throttle": 0.0, "milliseconds": 221795}