{"cam/image_array": "748_cam-image_array_.jpg", "user/angle": 0.09198170900344849, "user/throttle": 0.7803136110305786, "user/mode": "local", "pos/pos_x": 47.06355, "pos/pos_y": 0.5559061, "pos/pos_z": 19.83751, "pos/speed": 12.17079, "pos/cte": -2.525989, "pilot/angle": 0.0, "pilot/throttle": 0.0, "milliseconds": 37407}