{"cam/image_array": "2371_cam-image_array_.jpg", "user/angle": 0.8095384836196899, "user/throttle": 0.558303713798523, "user/mode": "local", "pos/pos_x": 69.45151, "pos/pos_y": 0.5531351, "pos/pos_z": 75.30344, "pos/speed": 9.465739, "pos/cte": -4.918891, "pilot/angle": 0.0, "pilot/throttle": 0.0, "milliseconds": 118662}