{"cam/image_array": "3111_cam-image_array_.jpg", "user/angle": 0.9784836769104004, "user/throttle": 0.6833623647689819, "user/mode": "local", "pos/pos_x": 62.57407, "pos/pos_y": 0.5513314, "pos/pos_z": 75.21019, "pos/speed": 9.856184, "pos/cte": 0.3713168, "pilot/angle": 0.0, "pilot/throttle": 0.0, "milliseconds": 155709}