{"cam/image_array": "4153_cam-image_array_.jpg", "user/angle": -0.04532932862639427, "user/throttle": 0.8403491973876953, "user/mode": "local", "pos/pos_x": 45.18663, "pos/pos_y": 0.5552148, "pos/pos_z": 34.9835, "pos/speed": 13.4148, "pos/cte": -4.157828, "pilot/angle": 0.0, "pilot/throttle": 0.0, "milliseconds": 207876}