{"cam/image_array": "5232_cam-image_array_.jpg", "user/angle": 0.07671663165092468, "user/throttle": 0.714397668838501, "user/mode": "local", "pos/pos_x": 52.8666, "pos/pos_y": 0.5534832, "pos/pos_z": 5.062977, "pos/speed": 11.02068, "pos/cte": 2.549384, "pilot/angle": 0.0, "pilot/throttle": 0.0, "milliseconds": 261896}