{"cam/image_array": "3732_cam-image_array_.jpg", "user/angle": 0.10210342705249786, "user/throttle": 0.7014069557189941, "user/mode": "local", "pos/pos_x": 52.28076, "pos/pos_y": 0.5556708, "pos/pos_z": 5.770252, "pos/speed": 11.11033, "pos/cte": 2.144839, "pilot/angle": 0.0, "pilot/throttle": 0.0, "milliseconds": 186799}