{"cam/image_array": "661_cam-image_array_.jpg", "user/angle": 0.6322179436683655, "user/throttle": 0.7842166423797607, "user/mode": "local", "pos/pos_x": 78.49481, "pos/pos_y": 0.5530551, "pos/pos_z": -10.29716, "pos/speed": 9.53558, "pos/cte": -6.622163, "pilot/angle": 0.0, "pilot/throttle": 0.0, "milliseconds": 33051}