{"cam/image_array": "5335_cam-image_array_.jpg", "user/angle": 0.2103467732667923, "user/throttle": 0.3923536241054535, "user/mode": "local", "pos/pos_x": 50.24178, "pos/pos_y": 0.5580294, "pos/pos_z": 68.60034, "pos/speed": 12.2582, "pos/cte": 0.5517769, "pilot/angle": 0.0, "pilot/throttle": 0.0, "milliseconds": 267054}