{"cam/image_array": "37_cam-image_array_.jpg", "user/angle": -0.0759255588054657, "user/throttle": 0.7456111907958984, "user/mode": "local", "pos/pos_x": 49.41013, "pos/pos_y": 0.5531331, "pos/pos_z": 53.26921, "pos/speed": 6.94799, "pos/cte": -0.2798653, "pilot/angle": 0.0, "pilot/throttle": 0.0, "milliseconds": 1812}