{"cam/image_array": "2103_cam-image_array_.jpg", "user/angle": 0.2997596263885498, "user/throttle": 0.10879238694906235, "user/mode": "local", "pos/pos_x": 84.11301, "pos/pos_y": 0.5547763, "pos/pos_z": 15.33559, "pos/speed": 13.12018, "pos/cte": -3.001217, "pilot/angle": 0.0, "pilot/throttle": 0.0, "milliseconds": 105244}