{"cam/image_array": "1076_cam-image_array_.jpg", "user/angle": 0.2539978325366974, "user/throttle": 0.56062912940979, "user/mode": "local", "pos/pos_x": 63.3437, "pos/pos_y": 0.5580708, "pos/pos_z": -5.402734, "pos/speed": 10.2554, "pos/cte": -1.59571, "pilot/angle": 0.0, "pilot/throttle": 0.0, "milliseconds": 53828}