{"cam/image_array": "5511_cam-image_array_.jpg", "user/angle": 0.7159795165061951, "user/throttle": 0.30512315034866333, "user/mode": "local", "pos/pos_x": 87.61182, "pos/pos_y": 0.5524318, "pos/pos_z": 5.009679, "pos/speed": 10.88104, "pos/cte": 0.5440824, "pilot/angle": 0.0, "pilot/throttle": 0.0, "milliseconds": 275865}