{"cam/image_array": "2470_cam-image_array_.jpg", "user/angle": -0.08227187395095825, "user/throttle": 0.5609792470932007, "user/mode": "local", "pos/pos_x": 80.93642, "pos/pos_y": 0.5517316, "pos/pos_z": 23.59318, "pos/speed": 12.93587, "pos/cte": -6.304454, "pilot/angle": 0.0, "pilot/throttle": 0.0, "milliseconds": 123618}