{"cam/image_array": "2725_cam-image_array_.jpg", "user/angle": 1.1222032308578491, "user/throttle": 0.6055265665054321, "user/mode": "local", "pos/pos_x": 59.43787, "pos/pos_y": 0.5518323, "pos/pos_z": 76.028, "pos/speed": 10.10843, "pos/cte": 1.770731, "pilot/angle": 0.0, "pilot/throttle": 0.0, "milliseconds": 136385}