{"cam/image_array": "5032_cam-image_array_.jpg", "user/angle": 0.017560191452503204, "user/throttle": 0.6915981769561768, "user/mode": "local", "pos/pos_x": 75.12878, "pos/pos_y": 0.5559905, "pos/pos_z": 65.95898, "pos/speed": 9.391596, "pos/cte": -3.167181, "pilot/angle": 0.0, "pilot/throttle": 0.0, "milliseconds": 251884}