{"cam/image_array": "2879_cam-image_array_.jpg", "user/angle": 0.9906909465789795, "user/throttle": 0.4260493516921997, "user/mode": "local", "pos/pos_x": 87.26047, "pos/pos_y": 0.5561055, "pos/pos_z": 4.066013, "pos/speed": 10.63368, "pos/cte": 0.9251983, "pilot/angle": 0.0, "pilot/throttle": 0.0, "milliseconds": 144095}