{"cam/image_array": "2613_cam-image_array_.jpg", "user/angle": 0.15259650349617004, "user/throttle": 0.718454122543335, "user/mode": "local", "pos/pos_x": 49.66065, "pos/pos_y": 0.5570142, "pos/pos_z": 12.52399, "pos/speed": 11.41352, "pos/cte": -0.2503628, "pilot/angle": 0.0, "pilot/throttle": 0.0, "milliseconds": 130777}