{"cam/image_array": "1561_cam-image_array_.jpg", "user/angle": 0.43058496713638306, "user/throttle": 0.16944126784801483, "user/mode": "local", "pos/pos_x": 44.48984, "pos/pos_y": 0.5523101, "pos/pos_z": 59.87578, "pos/speed": 12.58865, "pos/cte": -5.200157, "pilot/angle": 0.0, "pilot/throttle": 0.0, "milliseconds": 78110}