{"cam/image_array": "3343_cam-image_array_.jpg", "user/angle": 0.1679864525794983, "user/throttle": 0.6445608139038086, "user/mode": "local", "pos/pos_x": 55.23156, "pos/pos_y": 0.5554388, "pos/pos_z": 0.345781, "pos/speed": 9.391806, "pos/cte": 2.282109, "pilot/angle": 0.0, "pilot/throttle": 0.0, "milliseconds": 167324}