{"cam/image_array": "4805_cam-image_array_.jpg", "user/angle": 0.636799156665802, "user/throttle": 0.7536478042602539, "user/mode": "local", "pos/pos_x": 76.74596, "pos/pos_y": 0.5528089, "pos/pos_z": -7.670401, "pos/speed": 9.19731, "pos/cte": -3.980247, "pilot/angle": 0.0, "pilot/throttle": 0.0, "milliseconds": 240518}