{"cam/image_array": "2315_cam-image_array_.jpg", "user/angle": 0.4450572431087494, "user/throttle": 0.21240925788879395, "user/mode": "local", "pos/pos_x": 44.61312, "pos/pos_y": 0.5528874, "pos/pos_z": 59.57588, "pos/speed": 13.21805, "pos/cte": -5.076878, "pilot/angle": 0.0, "pilot/throttle": 0.0, "milliseconds": 115859}