{"cam/image_array": "4806_cam-image_array_.jpg", "user/angle": 0.586871325969696, "user/throttle": 0.8255143165588379, "user/mode": "local", "pos/pos_x": 75.86414, "pos/pos_y": 0.5533734, "pos/pos_z": -7.920753, "pos/speed": 9.093772, "pos/cte": -4.222893, "pilot/angle": 0.0, "pilot/throttle": 0.0, "milliseconds": 240569}