{"cam/image_array": "4937_cam-image_array_.jpg", "user/angle": 0.3950481116771698, "user/throttle": 0.27689191699028015, "user/mode": "local", "pos/pos_x": 44.19494, "pos/pos_y": 0.5589576, "pos/pos_z": 49.7874, "pos/speed": 14.24551, "pos/cte": -5.49506, "pilot/angle": 0.0, "pilot/throttle": 0.0, "milliseconds": 247128}