{"cam/image_array": "269_cam-image_array_.jpg", "user/angle": 0.837282657623291, "user/throttle": 0.1279381513595581, "user/mode": "local", "pos/pos_x": 84.3278, "pos/pos_y": 0.5531631, "pos/pos_z": 2.166548, "pos/speed": 11.04179, "pos/cte": 3.533808, "pilot/angle": 0.0, "pilot/throttle": 0.0, "milliseconds": 13427}