{"cam/image_array": "3592_cam-image_array_.jpg", "user/angle": -0.22946912050247192, "user/throttle": 0.4951913356781006, "user/mode": "local", "pos/pos_x": 79.11039, "pos/pos_y": 0.5550733, "pos/pos_z": 30.00053, "pos/speed": 13.19482, "pos/cte": -6.991919, "pilot/angle": 0.0, "pilot/throttle": 0.0, "milliseconds": 179790}