{"cam/image_array": "1796_cam-image_array_.jpg", "user/angle": 0.13514696061611176, "user/throttle": 0.7829710245132446, "user/mode": "local", "pos/pos_x": 74.90275, "pos/pos_y": 0.5531767, "pos/pos_z": -9.528667, "pos/speed": 9.497292, "pos/cte": -5.822358, "pilot/angle": 0.0, "pilot/throttle": 0.0, "milliseconds": 89874}