{"cam/image_array": "4803_cam-image_array_.jpg", "user/angle": 0.621509313583374, "user/throttle": 0.6982803344726562, "user/mode": "local", "pos/pos_x": 77.60533, "pos/pos_y": 0.5525284, "pos/pos_z": -7.346034, "pos/speed": 9.189425, "pos/cte": -3.663391, "pilot/angle": 0.0, "pilot/throttle": 0.0, "milliseconds": 240419}