{"cam/image_array": "1065_cam-image_array_.jpg", "user/angle": 0.14149519801139832, "user/throttle": 0.6081064939498901, "user/mode": "local", "pos/pos_x": 68.05973, "pos/pos_y": 0.5523709, "pos/pos_z": -7.349625, "pos/speed": 10.15699, "pos/cte": -3.583682, "pilot/angle": 0.0, "pilot/throttle": 0.0, "milliseconds": 53277}