{"cam/image_array": "42_cam-image_array_.jpg", "user/angle": 0.0016506090760231018, "user/throttle": 0.6889543533325195, "user/mode": "local", "pos/pos_x": 49.09774, "pos/pos_y": 0.5532488, "pos/pos_z": 56.01453, "pos/speed": 8.374046, "pos/cte": -0.5922623, "pilot/angle": 0.0, "pilot/throttle": 0.0, "milliseconds": 2062}