{"cam/image_array": "362_cam-image_array_.jpg", "user/angle": 0.1880006641149521, "user/throttle": 0.7578641176223755, "user/mode": "local", "pos/pos_x": 49.60349, "pos/pos_y": 0.5556115, "pos/pos_z": 11.3871, "pos/speed": 11.5092, "pos/cte": -0.3570578, "pilot/angle": 0.0, "pilot/throttle": 0.0, "milliseconds": 18082}