{"cam/image_array": "2477_cam-image_array_.jpg", "user/angle": 0.08228681236505508, "user/throttle": 0.20283964276313782, "user/mode": "local", "pos/pos_x": 82.35772, "pos/pos_y": 0.557866, "pos/pos_z": 20.0073, "pos/speed": 12.81814, "pos/cte": -5.170596, "pilot/angle": 0.0, "pilot/throttle": 0.0, "milliseconds": 123969}