{"cam/image_array": "5168_cam-image_array_.jpg", "user/angle": 0.729660153388977, "user/throttle": 0.881750226020813, "user/mode": "local", "pos/pos_x": 80.37686, "pos/pos_y": 0.5530465, "pos/pos_z": -8.299603, "pos/speed": 9.424369, "pos/cte": -4.641111, "pilot/angle": 0.0, "pilot/throttle": 0.0, "milliseconds": 258693}