{"cam/image_array": "5740_cam-image_array_.jpg", "user/angle": 0.9087480902671814, "user/throttle": 0.2335100769996643, "user/mode": "local", "pos/pos_x": 65.10373, "pos/pos_y": 0.5530127, "pos/pos_z": 75.99589, "pos/speed": 9.879041, "pos/cte": -2.062521, "pilot/angle": 0.0, "pilot/throttle": 0.0, "milliseconds": 287330}