{"cam/image_array": "3847_cam-image_array_.jpg", "user/angle": 0.8092570900917053, "user/throttle": 0.1624065339565277, "user/mode": "local", "pos/pos_x": 55.45149, "pos/pos_y": 0.5537444, "pos/pos_z": 74.68587, "pos/speed": 11.06511, "pos/cte": 3.545967, "pilot/angle": 0.0, "pilot/throttle": 0.0, "milliseconds": 192557}