{"cam/image_array": "4699_cam-image_array_.jpg", "user/angle": -0.06489276885986328, "user/throttle": 0.8228542804718018, "user/mode": "local", "pos/pos_x": 78.4941, "pos/pos_y": 0.5479609, "pos/pos_z": 49.9737, "pos/speed": 11.47045, "pos/cte": -0.4970954, "pilot/angle": 0.0, "pilot/throttle": 0.0, "milliseconds": 235212}