{"cam/image_array": "4004_cam-image_array_.jpg", "user/angle": 1.019902229309082, "user/throttle": 0.47099336981773376, "user/mode": "local", "pos/pos_x": 88.0532, "pos/pos_y": 0.5523937, "pos/pos_z": 5.319734, "pos/speed": 11.19693, "pos/cte": 0.03589336, "pilot/angle": 0.0, "pilot/throttle": 0.0, "milliseconds": 200417}