{"cam/image_array": "1033_cam-image_array_.jpg", "user/angle": 0.6625689268112183, "user/throttle": 0.744209885597229, "user/mode": "local", "pos/pos_x": 83.54359, "pos/pos_y": 0.5531081, "pos/pos_z": -8.387656, "pos/speed": 8.893638, "pos/cte": -5.072268, "pilot/angle": 0.0, "pilot/throttle": 0.0, "milliseconds": 51676}