{"cam/image_array": "743_cam-image_array_.jpg", "user/angle": 0.09841448068618774, "user/throttle": 0.6580603122711182, "user/mode": "local", "pos/pos_x": 48.09609, "pos/pos_y": 0.5555322, "pos/pos_z": 15.87485, "pos/speed": 11.87963, "pos/cte": -1.667276, "pilot/angle": 0.0, "pilot/throttle": 0.0, "milliseconds": 37157}