{"cam/image_array": "4189_cam-image_array_.jpg", "user/angle": 0.23240579664707184, "user/throttle": 0.24141496419906616, "user/mode": "local", "pos/pos_x": 44.96156, "pos/pos_y": 0.5529515, "pos/pos_z": 59.8322, "pos/speed": 12.92358, "pos/cte": -4.728436, "pilot/angle": 0.0, "pilot/throttle": 0.0, "milliseconds": 209679}