{"cam/image_array": "3573_cam-image_array_.jpg", "user/angle": -0.11803331971168518, "user/throttle": 0.7980988025665283, "user/mode": "local", "pos/pos_x": 78.57917, "pos/pos_y": 0.5552562, "pos/pos_z": 42.80021, "pos/speed": 12.25039, "pos/cte": -3.782485, "pilot/angle": 0.0, "pilot/throttle": 0.0, "milliseconds": 178839}