{"cam/image_array": "879_cam-image_array_.jpg", "user/angle": 0.2727726399898529, "user/throttle": 0.4419378936290741, "user/mode": "local", "pos/pos_x": 73.939, "pos/pos_y": 0.5533223, "pos/pos_z": 72.63587, "pos/speed": 8.814119, "pos/cte": -6.598755, "pilot/angle": 0.0, "pilot/throttle": 0.0, "milliseconds": 43966}