{"cam/image_array": "4745_cam-image_array_.jpg", "user/angle": 0.10420176386833191, "user/throttle": 0.24376586079597473, "user/mode": "local", "pos/pos_x": 81.76786, "pos/pos_y": 0.554405, "pos/pos_z": 22.33588, "pos/speed": 12.69704, "pos/cte": -6.245145, "pilot/angle": 0.0, "pilot/throttle": 0.0, "milliseconds": 237515}