{"cam/image_array": "4354_cam-image_array_.jpg", "user/angle": 0.03320656716823578, "user/throttle": 0.2685611844062805, "user/mode": "local", "pos/pos_x": 82.99747, "pos/pos_y": 0.556083, "pos/pos_z": 18.70357, "pos/speed": 12.77907, "pos/cte": -4.621541, "pilot/angle": 0.0, "pilot/throttle": 0.0, "milliseconds": 217940}