{"cam/image_array": "974_cam-image_array_.jpg", "user/angle": -0.21631035208702087, "user/throttle": 0.4884474575519562, "user/mode": "local", "pos/pos_x": 81.60748, "pos/pos_y": 0.5542798, "pos/pos_z": 20.98135, "pos/speed": 12.87649, "pos/cte": -5.232704, "pilot/angle": 0.0, "pilot/throttle": 0.0, "milliseconds": 48722}