{"cam/image_array": "3788_cam-image_array_.jpg", "user/angle": -0.0635887086391449, "user/throttle": 0.7240943908691406, "user/mode": "local", "pos/pos_x": 44.93987, "pos/pos_y": 0.5548626, "pos/pos_z": 40.379, "pos/speed": 13.97774, "pos/cte": -4.451658, "pilot/angle": 0.0, "pilot/throttle": 0.0, "milliseconds": 189604}