{"cam/image_array": "4691_cam-image_array_.jpg", "user/angle": 0.14891667664051056, "user/throttle": 0.9288588762283325, "user/mode": "local", "pos/pos_x": 78.41046, "pos/pos_y": 0.5517209, "pos/pos_z": 54.47463, "pos/speed": 11.08791, "pos/cte": -0.1175418, "pilot/angle": 0.0, "pilot/throttle": 0.0, "milliseconds": 234812}