{"cam/image_array": "3553_cam-image_array_.jpg", "user/angle": 0.050350163131952286, "user/throttle": 0.9393199682235718, "user/mode": "local", "pos/pos_x": 78.47755, "pos/pos_y": 0.5526239, "pos/pos_z": 54.35498, "pos/speed": 10.77845, "pos/cte": -0.1617071, "pilot/angle": 0.0, "pilot/throttle": 0.0, "milliseconds": 177843}