{"cam/image_array": "5023_cam-image_array_.jpg", "user/angle": 0.06224110350012779, "user/throttle": 0.4426337480545044, "user/mode": "local", "pos/pos_x": 73.77999, "pos/pos_y": 0.5541219, "pos/pos_z": 69.42406, "pos/speed": 9.135616, "pos/cte": -4.391946, "pilot/angle": 0.0, "pilot/throttle": 0.0, "milliseconds": 251433}