{"cam/image_array": "2692_cam-image_array_.jpg", "user/angle": -0.14642362296581268, "user/throttle": 0.23631925880908966, "user/mode": "local", "pos/pos_x": 46.49746, "pos/pos_y": 0.551057, "pos/pos_z": 62.83086, "pos/speed": 12.31252, "pos/cte": -3.192543, "pilot/angle": 0.0, "pilot/throttle": 0.0, "milliseconds": 134732}