{"cam/image_array": "3161_cam-image_array_.jpg", "user/angle": 0.35484427213668823, "user/throttle": 0.6962395906448364, "user/mode": "local", "pos/pos_x": 77.175, "pos/pos_y": 0.5539306, "pos/pos_z": 58.48615, "pos/speed": 9.926395, "pos/cte": -0.1420292, "pilot/angle": 0.0, "pilot/throttle": 0.0, "milliseconds": 158212}