{"cam/image_array": "1053_cam-image_array_.jpg", "user/angle": 0.10729216039180756, "user/throttle": 0.6266316175460815, "user/mode": "local", "pos/pos_x": 74.65501, "pos/pos_y": 0.5494246, "pos/pos_z": -9.483165, "pos/speed": 9.56996, "pos/cte": -5.774694, "pilot/angle": 0.0, "pilot/throttle": 0.0, "milliseconds": 52677}