{"cam/image_array": "1577_cam-image_array_.jpg", "user/angle": 0.2900203466415405, "user/throttle": 0.4686669409275055, "user/mode": "local", "pos/pos_x": 49.01725, "pos/pos_y": 0.5534545, "pos/pos_z": 68.12551, "pos/speed": 11.31641, "pos/cte": -0.6727486, "pilot/angle": 0.0, "pilot/throttle": 0.0, "milliseconds": 78911}