{"cam/image_array": "3348_cam-image_array_.jpg", "user/angle": 0.07836539298295975, "user/throttle": 0.7459626197814941, "user/mode": "local", "pos/pos_x": 53.71313, "pos/pos_y": 0.5580695, "pos/pos_z": 2.782796, "pos/speed": 9.603349, "pos/cte": 2.615114, "pilot/angle": 0.0, "pilot/throttle": 0.0, "milliseconds": 167575}