{"cam/image_array": "2258_cam-image_array_.jpg", "user/angle": 0.16469119489192963, "user/throttle": 0.76277756690979, "user/mode": "local", "pos/pos_x": 46.72836, "pos/pos_y": 0.5565581, "pos/pos_z": 21.0216, "pos/speed": 12.36525, "pos/cte": -2.809202, "pilot/angle": 0.0, "pilot/throttle": 0.0, "milliseconds": 113004}