{"cam/image_array": "2911_cam-image_array_.jpg", "user/angle": 0.572475016117096, "user/throttle": 0.8356566429138184, "user/mode": "local", "pos/pos_x": 79.66284, "pos/pos_y": 0.5524029, "pos/pos_z": -7.72045, "pos/speed": 8.647741, "pos/cte": -4.055748, "pilot/angle": 0.0, "pilot/throttle": 0.0, "milliseconds": 145697}