{"cam/image_array": "4877_cam-image_array_.jpg", "user/angle": 0.1212293952703476, "user/throttle": 0.7346793413162231, "user/mode": "local", "pos/pos_x": 48.97971, "pos/pos_y": 0.5561018, "pos/pos_z": 12.57565, "pos/speed": 11.59744, "pos/cte": -0.9284077, "pilot/angle": 0.0, "pilot/throttle": 0.0, "milliseconds": 244124}