{"cam/image_array": "1168_cam-image_array_.jpg", "user/angle": -0.024546723812818527, "user/throttle": 0.6489747762680054, "user/mode": "local", "pos/pos_x": 44.53744, "pos/pos_y": 0.5550623, "pos/pos_z": 42.68652, "pos/speed": 14.09419, "pos/cte": -4.874206, "pilot/angle": 0.0, "pilot/throttle": 0.0, "milliseconds": 58434}