{"cam/image_array": "4627_cam-image_array_.jpg", "user/angle": 0.7200061082839966, "user/throttle": 0.833709716796875, "user/mode": "local", "pos/pos_x": 63.75787, "pos/pos_y": 0.5550653, "pos/pos_z": 80.76008, "pos/speed": 7.999285, "pos/cte": -4.542854, "pilot/angle": 0.0, "pilot/throttle": 0.0, "milliseconds": 231607}