{"cam/image_array": "361_cam-image_array_.jpg", "user/angle": 0.14353811740875244, "user/throttle": 0.7709425687789917, "user/mode": "local", "pos/pos_x": 50.06258, "pos/pos_y": 0.5555387, "pos/pos_z": 10.3346, "pos/speed": 11.44507, "pos/cte": 0.05568333, "pilot/angle": 0.0, "pilot/throttle": 0.0, "milliseconds": 18032}