{"cam/image_array": "4779_cam-image_array_.jpg", "user/angle": 0.8447468876838684, "user/throttle": 0.0810636505484581, "user/mode": "local", "pos/pos_x": 84.78606, "pos/pos_y": 0.5532439, "pos/pos_z": 2.528165, "pos/speed": 11.06038, "pos/cte": 3.180687, "pilot/angle": 0.0, "pilot/throttle": 0.0, "milliseconds": 239217}