{"cam/image_array": "1515_cam-image_array_.jpg", "user/angle": 0.03674715384840965, "user/throttle": 0.8918304443359375, "user/mode": "local", "pos/pos_x": 45.79416, "pos/pos_y": 0.5551983, "pos/pos_z": 28.23098, "pos/speed": 12.5033, "pos/cte": -3.491396, "pilot/angle": 0.0, "pilot/throttle": 0.0, "milliseconds": 75808}