{"cam/image_array": "5358_cam-image_array_.jpg", "user/angle": 0.9173152446746826, "user/throttle": 0.20325952768325806, "user/mode": "local", "pos/pos_x": 60.53753, "pos/pos_y": 0.5523984, "pos/pos_z": 76.15056, "pos/speed": 10.94412, "pos/cte": 1.079403, "pilot/angle": 0.0, "pilot/throttle": 0.0, "milliseconds": 268205}