{"cam/image_array": "3141_cam-image_array_.jpg", "user/angle": 0.16728539764881134, "user/throttle": 0.5982002019882202, "user/mode": "local", "pos/pos_x": 73.52391, "pos/pos_y": 0.5566165, "pos/pos_z": 66.43664, "pos/speed": 9.5304, "pos/cte": -2.257042, "pilot/angle": 0.0, "pilot/throttle": 0.0, "milliseconds": 157211}