{"cam/image_array": "5198_cam-image_array_.jpg", "user/angle": 0.2000332921743393, "user/throttle": 0.587162971496582, "user/mode": "local", "pos/pos_x": 65.60745, "pos/pos_y": 0.5552034, "pos/pos_z": -6.908738, "pos/speed": 10.48715, "pos/cte": -3.121411, "pilot/angle": 0.0, "pilot/throttle": 0.0, "milliseconds": 260195}