{"cam/image_array": "1555_cam-image_array_.jpg", "user/angle": 0.5564639568328857, "user/throttle": 0.28061434626579285, "user/mode": "local", "pos/pos_x": 43.85512, "pos/pos_y": 0.5491235, "pos/pos_z": 56.05323, "pos/speed": 13.30878, "pos/cte": -5.834877, "pilot/angle": 0.0, "pilot/throttle": 0.0, "milliseconds": 77810}