{"cam/image_array": "2660_cam-image_array_.jpg", "user/angle": 0.014307167381048203, "user/throttle": 0.6412737369537354, "user/mode": "local", "pos/pos_x": 45.44844, "pos/pos_y": 0.5552469, "pos/pos_z": 40.54124, "pos/speed": 13.49892, "pos/cte": -3.944518, "pilot/angle": 0.0, "pilot/throttle": 0.0, "milliseconds": 133130}