{"cam/image_array": "2088_cam-image_array_.jpg", "user/angle": -0.08602489531040192, "user/throttle": 0.5710844993591309, "user/mode": "local", "pos/pos_x": 80.36398, "pos/pos_y": 0.5534975, "pos/pos_z": 25.12256, "pos/speed": 13.02483, "pos/cte": -6.578592, "pilot/angle": 0.0, "pilot/throttle": 0.0, "milliseconds": 104494}