{"cam/image_array": "395_cam-image_array_.jpg", "user/angle": -0.05168546363711357, "user/throttle": 0.991724967956543, "user/mode": "local", "pos/pos_x": 45.34739, "pos/pos_y": 0.5556728, "pos/pos_z": 30.39374, "pos/speed": 13.02471, "pos/cte": -3.957025, "pilot/angle": 0.0, "pilot/throttle": 0.0, "milliseconds": 19734}