{"cam/image_array": "447_cam-image_array_.jpg", "user/angle": 0.22746583819389343, "user/throttle": 0.2401343733072281, "user/mode": "local", "pos/pos_x": 46.77078, "pos/pos_y": 0.5528877, "pos/pos_z": 65.6752, "pos/speed": 12.30401, "pos/cte": -2.91922, "pilot/angle": 0.0, "pilot/throttle": 0.0, "milliseconds": 22337}