{"cam/image_array": "2194_cam-image_array_.jpg", "user/angle": 0.0599430575966835, "user/throttle": 0.6458797454833984, "user/mode": "local", "pos/pos_x": 65.53204, "pos/pos_y": 0.5567594, "pos/pos_z": -6.689732, "pos/speed": 10.34317, "pos/cte": -2.901755, "pilot/angle": 0.0, "pilot/throttle": 0.0, "milliseconds": 109800}