{"cam/image_array": "338_cam-image_array_.jpg", "user/angle": 0.2195301204919815, "user/throttle": 0.6328483819961548, "user/mode": "local", "pos/pos_x": 56.84312, "pos/pos_y": 0.5537134, "pos/pos_z": -0.2816532, "pos/speed": 10.54989, "pos/cte": 2.659958, "pilot/angle": 0.0, "pilot/throttle": 0.0, "milliseconds": 16881}