{"cam/image_array": "1824_cam-image_array_.jpg", "user/angle": 0.4640158712863922, "user/throttle": 0.4744674861431122, "user/mode": "local", "pos/pos_x": 61.06192, "pos/pos_y": 0.5552707, "pos/pos_z": -4.218688, "pos/speed": 10.51207, "pos/cte": -0.3917962, "pilot/angle": 0.0, "pilot/throttle": 0.0, "milliseconds": 91277}