{"cam/image_array": "1434_cam-image_array_.jpg", "user/angle": 0.0931900292634964, "user/throttle": 0.5200772285461426, "user/mode": "local", "pos/pos_x": 68.17939, "pos/pos_y": 0.5595106, "pos/pos_z": -6.555945, "pos/speed": 9.836672, "pos/cte": -2.791076, "pilot/angle": 0.0, "pilot/throttle": 0.0, "milliseconds": 71751}