{"cam/image_array": "2704_cam-image_array_.jpg", "user/angle": 0.5100432634353638, "user/throttle": 0.1423707902431488, "user/mode": "local", "pos/pos_x": 49.94652, "pos/pos_y": 0.5584922, "pos/pos_z": 69.09271, "pos/speed": 11.66211, "pos/cte": 0.2565193, "pilot/angle": 0.0, "pilot/throttle": 0.0, "milliseconds": 135333}