{"cam/image_array": "1872_cam-image_array_.jpg", "user/angle": 0.11052413284778595, "user/throttle": 0.6389176845550537, "user/mode": "local", "pos/pos_x": 48.06122, "pos/pos_y": 0.5554352, "pos/pos_z": 16.66711, "pos/speed": 11.95136, "pos/cte": -1.667551, "pilot/angle": 0.0, "pilot/throttle": 0.0, "milliseconds": 93679}