{"cam/image_array": "3892_cam-image_array_.jpg", "user/angle": 0.028704900294542313, "user/throttle": 0.5907237529754639, "user/mode": "local", "pos/pos_x": 73.29891, "pos/pos_y": 0.5529687, "pos/pos_z": 69.67915, "pos/speed": 9.257155, "pos/cte": -4.191792, "pilot/angle": 0.0, "pilot/throttle": 0.0, "milliseconds": 194810}