{"cam/image_array": "3841_cam-image_array_.jpg", "user/angle": 0.6632886528968811, "user/throttle": 0.309606671333313, "user/mode": "local", "pos/pos_x": 52.44345, "pos/pos_y": 0.5526027, "pos/pos_z": 72.27749, "pos/speed": 11.65941, "pos/cte": 2.753448, "pilot/angle": 0.0, "pilot/throttle": 0.0, "milliseconds": 192256}