{"cam/image_array": "4269_cam-image_array_.jpg", "user/angle": -0.08366470038890839, "user/throttle": 0.7160203456878662, "user/mode": "local", "pos/pos_x": 74.42374, "pos/pos_y": 0.5575777, "pos/pos_z": 66.66842, "pos/speed": 9.256054, "pos/cte": -3.091811, "pilot/angle": 0.0, "pilot/throttle": 0.0, "milliseconds": 213684}