{"cam/image_array": "2549_cam-image_array_.jpg", "user/angle": 0.14914287626743317, "user/throttle": 0.47714194655418396, "user/mode": "local", "pos/pos_x": 73.1785, "pos/pos_y": 0.5567615, "pos/pos_z": -7.829571, "pos/speed": 9.57472, "pos/cte": -4.108279, "pilot/angle": 0.0, "pilot/throttle": 0.0, "milliseconds": 127573}