{"cam/image_array": "915_cam-image_array_.jpg", "user/angle": 0.1822931170463562, "user/throttle": 0.9627853631973267, "user/mode": "local", "pos/pos_x": 78.72718, "pos/pos_y": 0.555378, "pos/pos_z": 56.12102, "pos/speed": 10.58372, "pos/cte": -0.6881132, "pilot/angle": 0.0, "pilot/throttle": 0.0, "milliseconds": 45768}