{"cam/image_array": "3311_cam-image_array_.jpg", "user/angle": 0.12836198508739471, "user/throttle": 0.2881275713443756, "user/mode": "local", "pos/pos_x": 67.54848, "pos/pos_y": 0.5569999, "pos/pos_z": -6.436913, "pos/speed": 9.658889, "pos/cte": -2.666543, "pilot/angle": 0.0, "pilot/throttle": 0.0, "milliseconds": 165722}