{"cam/image_array": "165_cam-image_array_.jpg", "user/angle": 0.33100274205207825, "user/throttle": 0.8585931062698364, "user/mode": "local", "pos/pos_x": 74.78438, "pos/pos_y": 0.5556059, "pos/pos_z": 63.14458, "pos/speed": 10.83216, "pos/cte": -1.077487, "pilot/angle": 0.0, "pilot/throttle": 0.0, "milliseconds": 8220}