{"cam/image_array": "2381_cam-image_array_.jpg", "user/angle": 0.3297201991081238, "user/throttle": 0.5061441659927368, "user/mode": "local", "pos/pos_x": 73.219, "pos/pos_y": 0.5530473, "pos/pos_z": 72.50846, "pos/speed": 9.270115, "pos/cte": -5.968521, "pilot/angle": 0.0, "pilot/throttle": 0.0, "milliseconds": 119162}