{"cam/image_array": "3827_cam-image_array_.jpg", "user/angle": 0.3727484941482544, "user/throttle": 0.15433520078659058, "user/mode": "local", "pos/pos_x": 47.42825, "pos/pos_y": 0.5540502, "pos/pos_z": 65.49299, "pos/speed": 12.33469, "pos/cte": -2.261745, "pilot/angle": 0.0, "pilot/throttle": 0.0, "milliseconds": 191555}