{"cam/image_array": "153_cam-image_array_.jpg", "user/angle": -0.0648961216211319, "user/throttle": 0.7565251588821411, "user/mode": "local", "pos/pos_x": 72.03531, "pos/pos_y": 0.5560711, "pos/pos_z": 68.74637, "pos/speed": 9.943234, "pos/cte": -2.62515, "pilot/angle": 0.0, "pilot/throttle": 0.0, "milliseconds": 7620}