{"cam/image_array": "2374_cam-image_array_.jpg", "user/angle": 0.9698390960693359, "user/throttle": 0.5574140548706055, "user/mode": "local", "pos/pos_x": 71.107, "pos/pos_y": 0.5529337, "pos/pos_z": 74.37036, "pos/speed": 9.490467, "pos/cte": -5.571751, "pilot/angle": 0.0, "pilot/throttle": 0.0, "milliseconds": 118812}