{"cam/image_array": "2267_cam-image_array_.jpg", "user/angle": 0.03007122501730919, "user/throttle": 0.9171491861343384, "user/mode": "local", "pos/pos_x": 45.69704, "pos/pos_y": 0.5554526, "pos/pos_z": 27.18074, "pos/speed": 12.65272, "pos/cte": -3.570887, "pilot/angle": 0.0, "pilot/throttle": 0.0, "milliseconds": 113455}