{"cam/image_array": "1769_cam-image_array_.jpg", "user/angle": 0.866339921951294, "user/throttle": 0.9236259460449219, "user/mode": "local", "pos/pos_x": 85.74991, "pos/pos_y": 0.5513577, "pos/pos_z": -5.956939, "pos/speed": 9.229543, "pos/cte": -3.549853, "pilot/angle": 0.0, "pilot/throttle": 0.0, "milliseconds": 88523}