{"cam/image_array": "1930_cam-image_array_.jpg", "user/angle": 0.4936847388744354, "user/throttle": 0.18813078105449677, "user/mode": "local", "pos/pos_x": 44.48664, "pos/pos_y": 0.5523014, "pos/pos_z": 55.24768, "pos/speed": 13.98567, "pos/cte": -5.203354, "pilot/angle": 0.0, "pilot/throttle": 0.0, "milliseconds": 96583}