{"cam/image_array": "506_cam-image_array_.jpg", "user/angle": 0.1625497192144394, "user/throttle": 0.41409969329833984, "user/mode": "local", "pos/pos_x": 72.60345, "pos/pos_y": 0.5518034, "pos/pos_z": 69.90106, "pos/speed": 9.499962, "pos/cte": -3.80708, "pilot/angle": 0.0, "pilot/throttle": 0.0, "milliseconds": 25291}