{"cam/image_array": "4560_cam-image_array_.jpg", "user/angle": 0.2891031503677368, "user/throttle": 0.22284799814224243, "user/mode": "local", "pos/pos_x": 45.67748, "pos/pos_y": 0.5541522, "pos/pos_z": 53.87933, "pos/speed": 13.13993, "pos/cte": -4.012516, "pilot/angle": 0.0, "pilot/throttle": 0.0, "milliseconds": 228253}