{"cam/image_array": "5280_cam-image_array_.jpg", "user/angle": -0.06799477338790894, "user/throttle": 0.8700580596923828, "user/mode": "local", "pos/pos_x": 45.27341, "pos/pos_y": 0.5554789, "pos/pos_z": 33.74213, "pos/speed": 13.32654, "pos/cte": -4.060215, "pilot/angle": 0.0, "pilot/throttle": 0.0, "milliseconds": 264300}