{"cam/image_array": "2237_cam-image_array_.jpg", "user/angle": 0.029660914093255997, "user/throttle": 0.7638874053955078, "user/mode": "local", "pos/pos_x": 50.37705, "pos/pos_y": 0.5546531, "pos/pos_z": 9.678893, "pos/speed": 11.44778, "pos/cte": 0.3412547, "pilot/angle": 0.0, "pilot/throttle": 0.0, "milliseconds": 111953}