{"cam/image_array": "4066_cam-image_array_.jpg", "user/angle": 0.10657249391078949, "user/throttle": 0.7431384325027466, "user/mode": "local", "pos/pos_x": 67.44611, "pos/pos_y": 0.5532786, "pos/pos_z": -6.809883, "pos/speed": 10.24597, "pos/cte": -3.038605, "pilot/angle": 0.0, "pilot/throttle": 0.0, "milliseconds": 203520}