{"cam/image_array": "1808_cam-image_array_.jpg", "user/angle": 0.14612624049186707, "user/throttle": 0.41121426224708557, "user/mode": "local", "pos/pos_x": 69.21223, "pos/pos_y": 0.5536961, "pos/pos_z": -7.812172, "pos/speed": 10.21528, "pos/cte": -4.056269, "pilot/angle": 0.0, "pilot/throttle": 0.0, "milliseconds": 90475}