{"cam/image_array": "1964_cam-image_array_.jpg", "user/angle": 0.7240867614746094, "user/throttle": 0.5819699764251709, "user/mode": "local", "pos/pos_x": 53.23866, "pos/pos_y": 0.5563954, "pos/pos_z": 72.94326, "pos/speed": 10.86353, "pos/cte": 3.154159, "pilot/angle": 0.0, "pilot/throttle": 0.0, "milliseconds": 98285}