{"cam/image_array": "1438_cam-image_array_.jpg", "user/angle": 0.14245225489139557, "user/throttle": 0.6327627897262573, "user/mode": "local", "pos/pos_x": 66.31356, "pos/pos_y": 0.554381, "pos/pos_z": -5.907952, "pos/speed": 9.959312, "pos/cte": -2.126826, "pilot/angle": 0.0, "pilot/throttle": 0.0, "milliseconds": 71952}