{"cam/image_array": "1420_cam-image_array_.jpg", "user/angle": 0.2623448967933655, "user/throttle": 0.7822365760803223, "user/mode": "local", "pos/pos_x": 74.69579, "pos/pos_y": 0.5536352, "pos/pos_z": -7.888912, "pos/speed": 9.217428, "pos/cte": -4.180858, "pilot/angle": 0.0, "pilot/throttle": 0.0, "milliseconds": 71051}