{"cam/image_array": "2209_cam-image_array_.jpg", "user/angle": 0.3707338571548462, "user/throttle": 0.5906540155410767, "user/mode": "local", "pos/pos_x": 58.68948, "pos/pos_y": 0.5541428, "pos/pos_z": -2.885579, "pos/speed": 10.7488, "pos/cte": 0.7611135, "pilot/angle": 0.0, "pilot/throttle": 0.0, "milliseconds": 110551}