{"cam/image_array": "2884_cam-image_array_.jpg", "user/angle": 1.1247390508651733, "user/throttle": 0.5094114542007446, "user/mode": "local", "pos/pos_x": 87.18687, "pos/pos_y": 0.554212, "pos/pos_z": 1.982285, "pos/speed": 10.17025, "pos/cte": 0.719671, "pilot/angle": 0.0, "pilot/throttle": 0.0, "milliseconds": 144345}