{"cam/image_array": "670_cam-image_array_.jpg", "user/angle": 0.12771624326705933, "user/throttle": 0.7786166667938232, "user/mode": "local", "pos/pos_x": 73.75195, "pos/pos_y": 0.5540416, "pos/pos_z": -9.943201, "pos/speed": 9.689162, "pos/cte": -6.226832, "pilot/angle": 0.0, "pilot/throttle": 0.0, "milliseconds": 33502}