{"cam/image_array": "1794_cam-image_array_.jpg", "user/angle": 0.11275333166122437, "user/throttle": 0.8782150745391846, "user/mode": "local", "pos/pos_x": 75.83508, "pos/pos_y": 0.5524538, "pos/pos_z": -9.690246, "pos/speed": 9.449089, "pos/cte": -5.992065, "pilot/angle": 0.0, "pilot/throttle": 0.0, "milliseconds": 89775}