{"cam/image_array": "110_cam-image_array_.jpg", "user/angle": 0.6734254360198975, "user/throttle": 0.6639436483383179, "user/mode": "local", "pos/pos_x": 60.26041, "pos/pos_y": 0.5547485, "pos/pos_z": 83.30357, "pos/speed": 8.144736, "pos/cte": -5.389868, "pilot/angle": 0.0, "pilot/throttle": 0.0, "milliseconds": 5466}