{"cam/image_array": "3986_cam-image_array_.jpg", "user/angle": 0.31984320282936096, "user/throttle": 0.13418740034103394, "user/mode": "local", "pos/pos_x": 84.29652, "pos/pos_y": 0.553932, "pos/pos_z": 16.13714, "pos/speed": 12.95638, "pos/cte": -3.701551, "pilot/angle": 0.0, "pilot/throttle": 0.0, "milliseconds": 199516}