{"cam/image_array": "2645_cam-image_array_.jpg", "user/angle": -0.002146456390619278, "user/throttle": 0.8791804313659668, "user/mode": "local", "pos/pos_x": 45.64842, "pos/pos_y": 0.5556496, "pos/pos_z": 31.3055, "pos/speed": 12.75973, "pos/cte": -3.663959, "pilot/angle": 0.0, "pilot/throttle": 0.0, "milliseconds": 132380}