{"cam/image_array": "3097_cam-image_array_.jpg", "user/angle": 0.46324074268341064, "user/throttle": 0.5724043846130371, "user/mode": "local", "pos/pos_x": 55.54729, "pos/pos_y": 0.5522057, "pos/pos_z": 74.05758, "pos/speed": 10.66373, "pos/cte": 4.06766, "pilot/angle": 0.0, "pilot/throttle": 0.0, "milliseconds": 155008}