{"cam/image_array": "1378_cam-image_array_.jpg", "user/angle": 0.6528422832489014, "user/throttle": 0.16744565963745117, "user/mode": "local", "pos/pos_x": 86.15286, "pos/pos_y": 0.5541216, "pos/pos_z": 6.196943, "pos/speed": 11.38545, "pos/cte": 1.657593, "pilot/angle": 0.0, "pilot/throttle": 0.0, "milliseconds": 68948}