{"cam/image_array": "5371_cam-image_array_.jpg", "user/angle": 0.7295247316360474, "user/throttle": 0.5507833957672119, "user/mode": "local", "pos/pos_x": 67.70808, "pos/pos_y": 0.5549889, "pos/pos_z": 76.42455, "pos/speed": 9.718661, "pos/cte": -4.321273, "pilot/angle": 0.0, "pilot/throttle": 0.0, "milliseconds": 268856}