{"cam/image_array": "458_cam-image_array_.jpg", "user/angle": 0.34314826130867004, "user/throttle": 0.2816833555698395, "user/mode": "local", "pos/pos_x": 50.55331, "pos/pos_y": 0.5557858, "pos/pos_z": 70.24757, "pos/speed": 11.65664, "pos/cte": 0.863308, "pilot/angle": 0.0, "pilot/throttle": 0.0, "milliseconds": 22888}