{"cam/image_array": "4376_cam-image_array_.jpg", "user/angle": 0.9764102101325989, "user/throttle": 0.44667860865592957, "user/mode": "local", "pos/pos_x": 88.20164, "pos/pos_y": 0.5544994, "pos/pos_z": 6.244728, "pos/speed": 11.39618, "pos/cte": -0.3543396, "pilot/angle": 0.0, "pilot/throttle": 0.0, "milliseconds": 219040}