{"cam/image_array": "1267_cam-image_array_.jpg", "user/angle": 0.14531324803829193, "user/throttle": 0.4903419315814972, "user/mode": "local", "pos/pos_x": 74.18967, "pos/pos_y": 0.5536094, "pos/pos_z": 69.229, "pos/speed": 9.568387, "pos/cte": -4.576789, "pilot/angle": 0.0, "pilot/throttle": 0.0, "milliseconds": 63390}