{"cam/image_array": "347_cam-image_array_.jpg", "user/angle": 0.14265882968902588, "user/throttle": 0.6935286521911621, "user/mode": "local", "pos/pos_x": 54.12608, "pos/pos_y": 0.5565949, "pos/pos_z": 2.987797, "pos/speed": 10.69326, "pos/cte": 3.070346, "pilot/angle": 0.0, "pilot/throttle": 0.0, "milliseconds": 17332}