{"cam/image_array": "2639_cam-image_array_.jpg", "user/angle": 0.06626664102077484, "user/throttle": 0.9462552070617676, "user/mode": "local", "pos/pos_x": 45.9371, "pos/pos_y": 0.5552094, "pos/pos_z": 27.5433, "pos/speed": 12.41928, "pos/cte": -3.342456, "pilot/angle": 0.0, "pilot/throttle": 0.0, "milliseconds": 132079}