{"cam/image_array": "5498_cam-image_array_.jpg", "user/angle": 0.7790776491165161, "user/throttle": 0.0582171194255352, "user/mode": "local", "pos/pos_x": 86.1787, "pos/pos_y": 0.5566459, "pos/pos_z": 11.819, "pos/speed": 12.29201, "pos/cte": -1.940868, "pilot/angle": 0.0, "pilot/throttle": 0.0, "milliseconds": 275214}