{"cam/image_array": "5515_cam-image_array_.jpg", "user/angle": 0.9210883975028992, "user/throttle": 0.694245457649231, "user/mode": "local", "pos/pos_x": 87.45892, "pos/pos_y": 0.5532764, "pos/pos_z": 2.885175, "pos/speed": 10.3737, "pos/cte": 0.7370564, "pilot/angle": 0.0, "pilot/throttle": 0.0, "milliseconds": 276065}