{"cam/image_array": "5011_cam-image_array_.jpg", "user/angle": 0.7252950668334961, "user/throttle": 0.6929810047149658, "user/mode": "local", "pos/pos_x": 70.22368, "pos/pos_y": 0.5516438, "pos/pos_z": 74.01153, "pos/speed": 9.07225, "pos/cte": -4.667023, "pilot/angle": 0.0, "pilot/throttle": 0.0, "milliseconds": 250832}