{"cam/image_array": "195_cam-image_array_.jpg", "user/angle": -0.3568790853023529, "user/throttle": 1.009604811668396, "user/mode": "local", "pos/pos_x": 77.41447, "pos/pos_y": 0.5549435, "pos/pos_z": 47.0248, "pos/speed": 12.02813, "pos/cte": -0.6884944, "pilot/angle": 0.0, "pilot/throttle": 0.0, "milliseconds": 9723}