{"cam/image_array": "4837_cam-image_array_.jpg", "user/angle": 0.24075287580490112, "user/throttle": 0.6303375959396362, "user/mode": "local", "pos/pos_x": 62.09863, "pos/pos_y": 0.5569654, "pos/pos_z": -4.514967, "pos/speed": 10.18735, "pos/cte": -0.6971112, "pilot/angle": 0.0, "pilot/throttle": 0.0, "milliseconds": 242121}