{"cam/image_array": "1742_cam-image_array_.jpg", "user/angle": 0.7544722557067871, "user/throttle": 0.10421663522720337, "user/mode": "local", "pos/pos_x": 87.31349, "pos/pos_y": 0.5561042, "pos/pos_z": 8.669638, "pos/speed": 12.29107, "pos/cte": -0.4899764, "pilot/angle": 0.0, "pilot/throttle": 0.0, "milliseconds": 87172}