{"cam/image_array": "4384_cam-image_array_.jpg", "user/angle": 1.0383846759796143, "user/throttle": 0.5862959623336792, "user/mode": "local", "pos/pos_x": 88.25388, "pos/pos_y": 0.5526298, "pos/pos_z": 1.91572, "pos/speed": 10.56102, "pos/cte": -0.3300101, "pilot/angle": 0.0, "pilot/throttle": 0.0, "milliseconds": 219441}