{"cam/image_array": "3709_cam-image_array_.jpg", "user/angle": 0.4071221947669983, "user/throttle": 0.6657871007919312, "user/mode": "local", "pos/pos_x": 59.64543, "pos/pos_y": 0.5534051, "pos/pos_z": -3.415124, "pos/speed": 10.71611, "pos/cte": 0.4240975, "pilot/angle": 0.0, "pilot/throttle": 0.0, "milliseconds": 185647}