{"cam/image_array": "4789_cam-image_array_.jpg", "user/angle": 1.0929738283157349, "user/throttle": 0.30886945128440857, "user/mode": "local", "pos/pos_x": 82.67282, "pos/pos_y": 0.5509695, "pos/pos_z": -2.978412, "pos/speed": 10.1821, "pos/cte": 0.3729464, "pilot/angle": 0.0, "pilot/throttle": 0.0, "milliseconds": 239718}