{"cam/image_array": "61_cam-image_array_.jpg", "user/angle": 0.38584473729133606, "user/throttle": 0.49888208508491516, "user/mode": "local", "pos/pos_x": 47.95085, "pos/pos_y": 0.5549513, "pos/pos_z": 65.12055, "pos/speed": 11.92269, "pos/cte": -1.739151, "pilot/angle": 0.0, "pilot/throttle": 0.0, "milliseconds": 3014}