{"cam/image_array": "84_cam-image_array_.jpg", "user/angle": 0.8599578738212585, "user/throttle": 0.0432613305747509, "user/mode": "local", "pos/pos_x": 50.45748, "pos/pos_y": 0.5531625, "pos/pos_z": 77.71341, "pos/speed": 10.63146, "pos/cte": -2.087782, "pilot/angle": 0.0, "pilot/throttle": 0.0, "milliseconds": 4165}