{"cam/image_array": "3760_cam-image_array_.jpg", "user/angle": 0.1629016250371933, "user/throttle": 0.733144998550415, "user/mode": "local", "pos/pos_x": 46.8232, "pos/pos_y": 0.5564488, "pos/pos_z": 21.33405, "pos/speed": 12.29856, "pos/cte": -2.700827, "pilot/angle": 0.0, "pilot/throttle": 0.0, "milliseconds": 188201}