{"cam/image_array": "5044_cam-image_array_.jpg", "user/angle": 0.2265370488166809, "user/throttle": 0.9319572448730469, "user/mode": "local", "pos/pos_x": 77.02114, "pos/pos_y": 0.5563224, "pos/pos_z": 60.42142, "pos/speed": 10.13706, "pos/cte": -1.009787, "pilot/angle": 0.0, "pilot/throttle": 0.0, "milliseconds": 252484}