{"cam/image_array": "4262_cam-image_array_.jpg", "user/angle": -0.026028767228126526, "user/throttle": 0.5364024639129639, "user/mode": "local", "pos/pos_x": 73.38705, "pos/pos_y": 0.5537835, "pos/pos_z": 69.23708, "pos/speed": 9.240693, "pos/cte": -3.971714, "pilot/angle": 0.0, "pilot/throttle": 0.0, "milliseconds": 213334}