{"cam/image_array": "3423_cam-image_array_.jpg", "user/angle": 0.42413830757141113, "user/throttle": 0.18233169615268707, "user/mode": "local", "pos/pos_x": 44.22659, "pos/pos_y": 0.5561904, "pos/pos_z": 45.62244, "pos/speed": 13.81052, "pos/cte": -5.210666, "pilot/angle": 0.0, "pilot/throttle": 0.0, "milliseconds": 171330}