{"cam/image_array": "2680_cam-image_array_.jpg", "user/angle": 0.7034434080123901, "user/throttle": 0.09475371986627579, "user/mode": "local", "pos/pos_x": 45.22321, "pos/pos_y": 0.5532985, "pos/pos_z": 55.13086, "pos/speed": 13.7451, "pos/cte": -4.466789, "pilot/angle": 0.0, "pilot/throttle": 0.0, "milliseconds": 134132}