{"cam/image_array": "1349_cam-image_array_.jpg", "user/angle": 0.026642631739377975, "user/throttle": 0.42780473828315735, "user/mode": "local", "pos/pos_x": 81.78114, "pos/pos_y": 0.5546005, "pos/pos_z": 22.62348, "pos/speed": 12.47734, "pos/cte": -6.422971, "pilot/angle": 0.0, "pilot/throttle": 0.0, "milliseconds": 67496}