{"cam/image_array": "5548_cam-image_array_.jpg", "user/angle": 0.4786241948604584, "user/throttle": 0.8680797815322876, "user/mode": "local", "pos/pos_x": 77.47179, "pos/pos_y": 0.5519449, "pos/pos_z": -7.472251, "pos/speed": 9.21271, "pos/cte": -3.788438, "pilot/angle": 0.0, "pilot/throttle": 0.0, "milliseconds": 277717}