{"cam/image_array": "3652_cam-image_array_.jpg", "user/angle": 0.8702208995819092, "user/throttle": 0.42500320076942444, "user/mode": "local", "pos/pos_x": 85.41727, "pos/pos_y": 0.548648, "pos/pos_z": -4.116749, "pos/speed": 10.18025, "pos/cte": -1.795467, "pilot/angle": 0.0, "pilot/throttle": 0.0, "milliseconds": 182794}