{"cam/image_array": "306_cam-image_array_.jpg", "user/angle": 0.2400262951850891, "user/throttle": 0.6524378061294556, "user/mode": "local", "pos/pos_x": 70.91158, "pos/pos_y": 0.5537691, "pos/pos_z": -7.765074, "pos/speed": 9.606128, "pos/cte": -4.024002, "pilot/angle": 0.0, "pilot/throttle": 0.0, "milliseconds": 15279}