{"cam/image_array": "5221_cam-image_array_.jpg", "user/angle": 0.1418091356754303, "user/throttle": 0.7297239303588867, "user/mode": "local", "pos/pos_x": 55.55485, "pos/pos_y": 0.5548104, "pos/pos_z": 0.4092794, "pos/speed": 10.50453, "pos/cte": 2.509366, "pilot/angle": 0.0, "pilot/throttle": 0.0, "milliseconds": 261346}