{"cam/image_array": "2135_cam-image_array_.jpg", "user/angle": 0.9760459661483765, "user/throttle": 0.3775244653224945, "user/mode": "local", "pos/pos_x": 88.97208, "pos/pos_y": 0.5543655, "pos/pos_z": -2.90036, "pos/speed": 9.674604, "pos/cte": -3.176418, "pilot/angle": 0.0, "pilot/throttle": 0.0, "milliseconds": 106846}