{"cam/image_array": "2935_cam-image_array_.jpg", "user/angle": 0.13619202375411987, "user/throttle": 0.34057003259658813, "user/mode": "local", "pos/pos_x": 68.76112, "pos/pos_y": 0.557152, "pos/pos_z": -6.769777, "pos/speed": 9.653468, "pos/cte": -3.009977, "pilot/angle": 0.0, "pilot/throttle": 0.0, "milliseconds": 146898}