{"cam/image_array": "1954_cam-image_array_.jpg", "user/angle": 0.23827020823955536, "user/throttle": 0.4506342113018036, "user/mode": "local", "pos/pos_x": 49.07413, "pos/pos_y": 0.5513304, "pos/pos_z": 69.32312, "pos/speed": 11.32638, "pos/cte": -0.6158714, "pilot/angle": 0.0, "pilot/throttle": 0.0, "milliseconds": 97785}