{"cam/image_array": "731_cam-image_array_.jpg", "user/angle": 0.05237901210784912, "user/throttle": 0.7329421043395996, "user/mode": "local", "pos/pos_x": 50.46715, "pos/pos_y": 0.5552784, "pos/pos_z": 9.296656, "pos/speed": 11.30237, "pos/cte": 0.4145955, "pilot/angle": 0.0, "pilot/throttle": 0.0, "milliseconds": 36556}