{"cam/image_array": "5179_cam-image_array_.jpg", "user/angle": 0.08209830522537231, "user/throttle": 0.8270292282104492, "user/mode": "local", "pos/pos_x": 74.43512, "pos/pos_y": 0.5514576, "pos/pos_z": -9.263253, "pos/speed": 9.578342, "pos/cte": -5.552872, "pilot/angle": 0.0, "pilot/throttle": 0.0, "milliseconds": 259243}