{"cam/image_array": "2530_cam-image_array_.jpg", "user/angle": 0.767422616481781, "user/throttle": 0.7897850275039673, "user/mode": "local", "pos/pos_x": 81.23652, "pos/pos_y": 0.5518363, "pos/pos_z": -7.044468, "pos/speed": 8.948846, "pos/cte": -3.393525, "pilot/angle": 0.0, "pilot/throttle": 0.0, "milliseconds": 126621}