{"cam/image_array": "172_cam-image_array_.jpg", "user/angle": 0.460561603307724, "user/throttle": 0.7902892827987671, "user/mode": "local", "pos/pos_x": 76.20055, "pos/pos_y": 0.55581, "pos/pos_z": 60.16785, "pos/speed": 11.15341, "pos/cte": -0.2211208, "pilot/angle": 0.0, "pilot/throttle": 0.0, "milliseconds": 8572}