{"cam/image_array": "3125_cam-image_array_.jpg", "user/angle": 0.24926291406154633, "user/throttle": 0.40511026978492737, "user/mode": "local", "pos/pos_x": 68.75577, "pos/pos_y": 0.5524511, "pos/pos_z": 72.62755, "pos/speed": 9.41538, "pos/cte": -2.651992, "pilot/angle": 0.0, "pilot/throttle": 0.0, "milliseconds": 156411}