{"cam/image_array": "3359_cam-image_array_.jpg", "user/angle": 0.10977521538734436, "user/throttle": 0.7424801588058472, "user/mode": "local", "pos/pos_x": 51.44232, "pos/pos_y": 0.5560865, "pos/pos_z": 7.24704, "pos/speed": 10.28733, "pos/cte": 1.299435, "pilot/angle": 0.0, "pilot/throttle": 0.0, "milliseconds": 168125}