{"cam/image_array": "2489_cam-image_array_.jpg", "user/angle": 0.06229880452156067, "user/throttle": 0.10403329133987427, "user/mode": "local", "pos/pos_x": 85.52242, "pos/pos_y": 0.5552398, "pos/pos_z": 12.9871, "pos/speed": 12.53264, "pos/cte": -2.314031, "pilot/angle": 0.0, "pilot/throttle": 0.0, "milliseconds": 124569}