{"cam/image_array": "4928_cam-image_array_.jpg", "user/angle": 0.027608711272478104, "user/throttle": 0.5684299468994141, "user/mode": "local", "pos/pos_x": 44.68383, "pos/pos_y": 0.5554709, "pos/pos_z": 44.12039, "pos/speed": 14.19232, "pos/cte": -4.740331, "pilot/angle": 0.0, "pilot/throttle": 0.0, "milliseconds": 246677}