{"cam/image_array": "1171_cam-image_array_.jpg", "user/angle": 0.35378381609916687, "user/throttle": 0.1891859471797943, "user/mode": "local", "pos/pos_x": 44.2397, "pos/pos_y": 0.5560498, "pos/pos_z": 45.51271, "pos/speed": 14.2383, "pos/cte": -5.196598, "pilot/angle": 0.0, "pilot/throttle": 0.0, "milliseconds": 58585}