{"cam/image_array": "3567_cam-image_array_.jpg", "user/angle": -0.02953376993536949, "user/throttle": 0.9048929214477539, "user/mode": "local", "pos/pos_x": 78.65273, "pos/pos_y": 0.555027, "pos/pos_z": 46.41311, "pos/speed": 11.83038, "pos/cte": -2.067432, "pilot/angle": 0.0, "pilot/throttle": 0.0, "milliseconds": 178539}