{"cam/image_array": "3150_cam-image_array_.jpg", "user/angle": 0.28842002153396606, "user/throttle": 0.49787670373916626, "user/mode": "local", "pos/pos_x": 75.37286, "pos/pos_y": 0.5557892, "pos/pos_z": 63.06409, "pos/speed": 9.770879, "pos/cte": -1.472698, "pilot/angle": 0.0, "pilot/throttle": 0.0, "milliseconds": 157662}