{"cam/image_array": "1411_cam-image_array_.jpg", "user/angle": 0.5365012884140015, "user/throttle": 0.8262505531311035, "user/mode": "local", "pos/pos_x": 78.28088, "pos/pos_y": 0.5544304, "pos/pos_z": -7.340652, "pos/speed": 9.071151, "pos/cte": -3.663904, "pilot/angle": 0.0, "pilot/throttle": 0.0, "milliseconds": 70600}