{"cam/image_array": "1068_cam-image_array_.jpg", "user/angle": 0.15457677841186523, "user/throttle": 0.5656238794326782, "user/mode": "local", "pos/pos_x": 67.11543, "pos/pos_y": 0.55403, "pos/pos_z": -6.993253, "pos/speed": 10.06261, "pos/cte": -3.219082, "pilot/angle": 0.0, "pilot/throttle": 0.0, "milliseconds": 53428}