{"cam/image_array": "759_cam-image_array_.jpg", "user/angle": 0.033279698342084885, "user/throttle": 0.9062983989715576, "user/mode": "local", "pos/pos_x": 45.98621, "pos/pos_y": 0.5555842, "pos/pos_z": 25.93383, "pos/speed": 12.61734, "pos/cte": -3.336382, "pilot/angle": 0.0, "pilot/throttle": 0.0, "milliseconds": 37958}