{"cam/image_array": "4416_cam-image_array_.jpg", "user/angle": 0.28044426441192627, "user/throttle": 0.947805643081665, "user/mode": "local", "pos/pos_x": 78.21443, "pos/pos_y": 0.551995, "pos/pos_z": -8.770113, "pos/speed": 9.216378, "pos/cte": -5.092732, "pilot/angle": 0.0, "pilot/throttle": 0.0, "milliseconds": 221044}