{"cam/image_array": "5452_cam-image_array_.jpg", "user/angle": -0.07785245776176453, "user/throttle": 0.7346162796020508, "user/mode": "local", "pos/pos_x": 78.8924, "pos/pos_y": 0.556025, "pos/pos_z": 39.98606, "pos/speed": 12.26347, "pos/cte": -5.44086, "pilot/angle": 0.0, "pilot/throttle": 0.0, "milliseconds": 272911}