{"cam/image_array": "611_cam-image_array_.jpg", "user/angle": 0.8546082973480225, "user/throttle": 0.0949462503194809, "user/mode": "local", "pos/pos_x": 86.69701, "pos/pos_y": 0.5572369, "pos/pos_z": 10.25397, "pos/speed": 12.58669, "pos/cte": -1.187899, "pilot/angle": 0.0, "pilot/throttle": 0.0, "milliseconds": 30549}