{"cam/image_array": "2451_cam-image_array_.jpg", "user/angle": -0.10882654786109924, "user/throttle": 0.5378201007843018, "user/mode": "local", "pos/pos_x": 78.85501, "pos/pos_y": 0.5548538, "pos/pos_z": 35.01627, "pos/speed": 12.75749, "pos/cte": -6.760399, "pilot/angle": 0.0, "pilot/throttle": 0.0, "milliseconds": 122667}