{"cam/image_array": "4534_cam-image_array_.jpg", "user/angle": 0.025163963437080383, "user/throttle": 0.609285831451416, "user/mode": "local", "pos/pos_x": 45.50131, "pos/pos_y": 0.555689, "pos/pos_z": 36.44916, "pos/speed": 13.12915, "pos/cte": -3.855944, "pilot/angle": 0.0, "pilot/throttle": 0.0, "milliseconds": 226952}