{"cam/image_array": "3387_cam-image_array_.jpg", "user/angle": 0.09585382044315338, "user/throttle": 0.8190442323684692, "user/mode": "local", "pos/pos_x": 46.27919, "pos/pos_y": 0.555132, "pos/pos_z": 22.59454, "pos/speed": 11.74732, "pos/cte": -3.189334, "pilot/angle": 0.0, "pilot/throttle": 0.0, "milliseconds": 169527}