{"cam/image_array": "1308_cam-image_array_.jpg", "user/angle": -0.047712694853544235, "user/throttle": 0.6391127109527588, "user/mode": "local", "pos/pos_x": 78.79667, "pos/pos_y": 0.5585601, "pos/pos_z": 48.24213, "pos/speed": 11.67131, "pos/cte": -1.381312, "pilot/angle": 0.0, "pilot/throttle": 0.0, "milliseconds": 65443}