{"cam/image_array": "4535_cam-image_array_.jpg", "user/angle": 0.03116770088672638, "user/throttle": 0.6218076944351196, "user/mode": "local", "pos/pos_x": 45.48798, "pos/pos_y": 0.5560786, "pos/pos_z": 37.77176, "pos/speed": 13.29581, "pos/cte": -3.880821, "pilot/angle": 0.0, "pilot/throttle": 0.0, "milliseconds": 227002}