{"cam/image_array": "4389_cam-image_array_.jpg", "user/angle": 1.1352260112762451, "user/throttle": 0.29687443375587463, "user/mode": "local", "pos/pos_x": 87.81558, "pos/pos_y": 0.553185, "pos/pos_z": -0.1428266, "pos/speed": 10.46115, "pos/cte": -0.7026923, "pilot/angle": 0.0, "pilot/throttle": 0.0, "milliseconds": 219691}