{"cam/image_array": "4058_cam-image_array_.jpg", "user/angle": 0.08028613030910492, "user/throttle": 0.5348695516586304, "user/mode": "local", "pos/pos_x": 71.30623, "pos/pos_y": 0.5573, "pos/pos_z": -8.052619, "pos/speed": 10.08163, "pos/cte": -4.31498, "pilot/angle": 0.0, "pilot/throttle": 0.0, "milliseconds": 203120}