{"cam/image_array": "3507_cam-image_array_.jpg", "user/angle": 0.5796669721603394, "user/throttle": 0.6800222396850586, "user/mode": "local", "pos/pos_x": 70.13487, "pos/pos_y": 0.5523305, "pos/pos_z": 74.09647, "pos/speed": 8.641164, "pos/cte": -4.654662, "pilot/angle": 0.0, "pilot/throttle": 0.0, "milliseconds": 175535}