{"cam/image_array": "11_cam-image_array_.jpg", "user/angle": -0.07528012990951538, "user/throttle": 0.7315651178359985, "user/mode": "local", "pos/pos_x": 49.69035, "pos/pos_y": 0.5514235, "pos/pos_z": 47.95322, "pos/speed": 1.062095, "pos/cte": 0.0003509521, "pilot/angle": 0.0, "pilot/throttle": 0.0, "milliseconds": 510}