{"cam/image_array": "1234_cam-image_array_.jpg", "user/angle": 1.2677338123321533, "user/throttle": 0.2119700312614441, "user/mode": "local", "pos/pos_x": 61.65318, "pos/pos_y": 0.5532569, "pos/pos_z": 76.25387, "pos/speed": 10.34557, "pos/cte": 0.3698949, "pilot/angle": 0.0, "pilot/throttle": 0.0, "milliseconds": 61739}