{"cam/image_array": "597_cam-image_array_.jpg", "user/angle": -0.06333623826503754, "user/throttle": 0.2932179570198059, "user/mode": "local", "pos/pos_x": 82.76205, "pos/pos_y": 0.5572876, "pos/pos_z": 18.46326, "pos/speed": 13.24113, "pos/cte": -4.285131, "pilot/angle": 0.0, "pilot/throttle": 0.0, "milliseconds": 29847}