{"cam/image_array": "4582_cam-image_array_.jpg", "user/angle": 0.3167908489704132, "user/throttle": 0.06237489730119705, "user/mode": "local", "pos/pos_x": 49.90596, "pos/pos_y": 0.5509518, "pos/pos_z": 67.0136, "pos/speed": 12.38933, "pos/cte": 0.2159576, "pilot/angle": 0.0, "pilot/throttle": 0.0, "milliseconds": 229355}