{"cam/image_array": "248_cam-image_array_.jpg", "user/angle": 0.24666699767112732, "user/throttle": 0.04953029379248619, "user/mode": "local", "pos/pos_x": 83.84792, "pos/pos_y": 0.5561067, "pos/pos_z": 14.87501, "pos/speed": 12.3562, "pos/cte": -2.486907, "pilot/angle": 0.0, "pilot/throttle": 0.0, "milliseconds": 12375}