{"cam/image_array": "469_cam-image_array_.jpg", "user/angle": 0.6381042003631592, "user/throttle": 0.4536639153957367, "user/mode": "local", "pos/pos_x": 56.25726, "pos/pos_y": 0.5502498, "pos/pos_z": 74.04005, "pos/speed": 11.13719, "pos/cte": 4.25303, "pilot/angle": 0.0, "pilot/throttle": 0.0, "milliseconds": 23439}