{"cam/image_array": "3558_cam-image_array_.jpg", "user/angle": 0.09288763999938965, "user/throttle": 0.7996593713760376, "user/mode": "local", "pos/pos_x": 78.67715, "pos/pos_y": 0.556304, "pos/pos_z": 51.0475, "pos/speed": 11.27654, "pos/cte": -0.5004089, "pilot/angle": 0.0, "pilot/throttle": 0.0, "milliseconds": 178088}