{"cam/image_array": "838_cam-image_array_.jpg", "user/angle": 0.908070981502533, "user/throttle": 0.19195285439491272, "user/mode": "local", "pos/pos_x": 55.33333, "pos/pos_y": 0.5551686, "pos/pos_z": 73.79426, "pos/speed": 11.86465, "pos/cte": 4.421889, "pilot/angle": 0.0, "pilot/throttle": 0.0, "milliseconds": 41913}