{"cam/image_array": "4643_cam-image_array_.jpg", "user/angle": 0.2549797594547272, "user/throttle": 0.794098973274231, "user/mode": "local", "pos/pos_x": 69.60551, "pos/pos_y": 0.5520339, "pos/pos_z": 76.53336, "pos/speed": 8.621936, "pos/cte": -5.834764, "pilot/angle": 0.0, "pilot/throttle": 0.0, "milliseconds": 232409}