{"cam/image_array": "2080_cam-image_array_.jpg", "user/angle": -0.15563100576400757, "user/throttle": 0.3104550838470459, "user/mode": "local", "pos/pos_x": 79.29629, "pos/pos_y": 0.5555387, "pos/pos_z": 30.24939, "pos/speed": 13.03744, "pos/cte": -7.200813, "pilot/angle": 0.0, "pilot/throttle": 0.0, "milliseconds": 104093}