{"cam/image_array": "3783_cam-image_array_.jpg", "user/angle": -0.06236321106553078, "user/throttle": 0.8584045171737671, "user/mode": "local", "pos/pos_x": 45.18939, "pos/pos_y": 0.5554503, "pos/pos_z": 36.22989, "pos/speed": 13.68295, "pos/cte": -4.165939, "pilot/angle": 0.0, "pilot/throttle": 0.0, "milliseconds": 189353}