{"cam/image_array": "5654_cam-image_array_.jpg", "user/angle": -0.05948048457503319, "user/throttle": 0.8142112493515015, "user/mode": "local", "pos/pos_x": 45.36854, "pos/pos_y": 0.5553637, "pos/pos_z": 33.73906, "pos/speed": 13.31078, "pos/cte": -3.965061, "pilot/angle": 0.0, "pilot/throttle": 0.0, "milliseconds": 283024}