{"cam/image_array": "319_cam-image_array_.jpg", "user/angle": 0.17629174888134003, "user/throttle": 0.647831916809082, "user/mode": "local", "pos/pos_x": 64.42599, "pos/pos_y": 0.5557395, "pos/pos_z": -5.601807, "pos/speed": 10.03061, "pos/cte": -1.80422, "pilot/angle": 0.0, "pilot/throttle": 0.0, "milliseconds": 15930}