{"cam/image_array": "4333_cam-image_array_.jpg", "user/angle": -0.18877702951431274, "user/throttle": 0.35023820400238037, "user/mode": "local", "pos/pos_x": 79.208, "pos/pos_y": 0.5552863, "pos/pos_z": 30.85167, "pos/speed": 12.7641, "pos/cte": -7.260544, "pilot/angle": 0.0, "pilot/throttle": 0.0, "milliseconds": 216888}