{"cam/image_array": "916_cam-image_array_.jpg", "user/angle": 0.11660939455032349, "user/throttle": 0.942988395690918, "user/mode": "local", "pos/pos_x": 78.85647, "pos/pos_y": 0.5558364, "pos/pos_z": 55.0635, "pos/speed": 10.6771, "pos/cte": -0.6633934, "pilot/angle": 0.0, "pilot/throttle": 0.0, "milliseconds": 45818}