{"cam/image_array": "2468_cam-image_array_.jpg", "user/angle": 0.029134035110473633, "user/throttle": 0.44973236322402954, "user/mode": "local", "pos/pos_x": 80.52339, "pos/pos_y": 0.5509644, "pos/pos_z": 24.81171, "pos/speed": 12.78731, "pos/cte": -6.588654, "pilot/angle": 0.0, "pilot/throttle": 0.0, "milliseconds": 123517}