{"cam/image_array": "3264_cam-image_array_.jpg", "user/angle": 1.0294880867004395, "user/throttle": 0.678315281867981, "user/mode": "local", "pos/pos_x": 86.78135, "pos/pos_y": 0.5538792, "pos/pos_z": -0.05209345, "pos/speed": 9.860916, "pos/cte": 0.2421372, "pilot/angle": 0.0, "pilot/throttle": 0.0, "milliseconds": 163369}