{"cam/image_array": "523_cam-image_array_.jpg", "user/angle": 0.11515942215919495, "user/throttle": 0.8240464925765991, "user/mode": "local", "pos/pos_x": 76.11532, "pos/pos_y": 0.55493, "pos/pos_z": 61.97146, "pos/speed": 9.934384, "pos/cte": -1.327665, "pilot/angle": 0.0, "pilot/throttle": 0.0, "milliseconds": 26143}