{"cam/image_array": "4203_cam-image_array_.jpg", "user/angle": 0.29158923029899597, "user/throttle": 0.1279730498790741, "user/mode": "local", "pos/pos_x": 49.02756, "pos/pos_y": 0.5580362, "pos/pos_z": 67.56647, "pos/speed": 12.29434, "pos/cte": -0.6624413, "pilot/angle": 0.0, "pilot/throttle": 0.0, "milliseconds": 210380}