{"cam/image_array": "4785_cam-image_array_.jpg", "user/angle": 1.0081512928009033, "user/throttle": 0.6989607810974121, "user/mode": "local", "pos/pos_x": 83.66479, "pos/pos_y": 0.5543596, "pos/pos_z": -1.184788, "pos/speed": 10.42607, "pos/cte": 1.81147, "pilot/angle": 0.0, "pilot/throttle": 0.0, "milliseconds": 239517}