{"cam/image_array": "410_cam-image_array_.jpg", "user/angle": -0.06776167452335358, "user/throttle": 0.7317326068878174, "user/mode": "local", "pos/pos_x": 44.83249, "pos/pos_y": 0.5542453, "pos/pos_z": 41.20733, "pos/speed": 14.01712, "pos/cte": -4.566258, "pilot/angle": 0.0, "pilot/throttle": 0.0, "milliseconds": 20486}