{"cam/image_array": "2435_cam-image_array_.jpg", "user/angle": -0.09349118173122406, "user/throttle": 0.8082139492034912, "user/mode": "local", "pos/pos_x": 78.74788, "pos/pos_y": 0.5550308, "pos/pos_z": 45.03907, "pos/speed": 12.05238, "pos/cte": -2.826855, "pilot/angle": 0.0, "pilot/throttle": 0.0, "milliseconds": 121866}