{"cam/image_array": "1206_cam-image_array_.jpg", "user/angle": 0.31019890308380127, "user/throttle": 0.2879437208175659, "user/mode": "local", "pos/pos_x": 48.49978, "pos/pos_y": 0.5553377, "pos/pos_z": 67.04362, "pos/speed": 12.17171, "pos/cte": -1.190216, "pilot/angle": 0.0, "pilot/throttle": 0.0, "milliseconds": 60337}