{"cam/image_array": "5530_cam-image_array_.jpg", "user/angle": 0.8117357492446899, "user/throttle": 0.13647884130477905, "user/mode": "local", "pos/pos_x": 84.64394, "pos/pos_y": 0.5547884, "pos/pos_z": -3.483359, "pos/speed": 9.893434, "pos/cte": -0.8572252, "pilot/angle": 0.0, "pilot/throttle": 0.0, "milliseconds": 276816}