{"cam/image_array": "5270_cam-image_array_.jpg", "user/angle": 0.025833752006292343, "user/throttle": 0.9675133228302002, "user/mode": "local", "pos/pos_x": 45.87114, "pos/pos_y": 0.5557238, "pos/pos_z": 27.25386, "pos/speed": 12.73779, "pos/cte": -3.393768, "pilot/angle": 0.0, "pilot/throttle": 0.0, "milliseconds": 263799}