{"cam/image_array": "580_cam-image_array_.jpg", "user/angle": -0.1633630245923996, "user/throttle": 0.4061184823513031, "user/mode": "local", "pos/pos_x": 79.23477, "pos/pos_y": 0.5546725, "pos/pos_z": 29.16066, "pos/speed": 13.18464, "pos/cte": -6.918669, "pilot/angle": 0.0, "pilot/throttle": 0.0, "milliseconds": 28997}