{"cam/image_array": "4983_cam-image_array_.jpg", "user/angle": 0.7393287420272827, "user/throttle": 0.1386328935623169, "user/mode": "local", "pos/pos_x": 56.85054, "pos/pos_y": 0.5534146, "pos/pos_z": 74.76212, "pos/speed": 11.26074, "pos/cte": 3.894007, "pilot/angle": 0.0, "pilot/throttle": 0.0, "milliseconds": 249430}