{"cam/image_array": "5621_cam-image_array_.jpg", "user/angle": 0.12401732802391052, "user/throttle": 0.7585164308547974, "user/mode": "local", "pos/pos_x": 49.09586, "pos/pos_y": 0.5555623, "pos/pos_z": 13.5537, "pos/speed": 11.6959, "pos/cte": -0.7697027, "pilot/angle": 0.0, "pilot/throttle": 0.0, "milliseconds": 281372}