{"cam/image_array": "2583_cam-image_array_.jpg", "user/angle": 0.3343074321746826, "user/throttle": 0.5600255727767944, "user/mode": "local", "pos/pos_x": 57.54019, "pos/pos_y": 0.5543178, "pos/pos_z": -1.32979, "pos/speed": 10.40362, "pos/cte": 1.940228, "pilot/angle": 0.0, "pilot/throttle": 0.0, "milliseconds": 129276}