{"cam/image_array": "977_cam-image_array_.jpg", "user/angle": 0.13862471282482147, "user/throttle": 0.1365223377943039, "user/mode": "local", "pos/pos_x": 82.53592, "pos/pos_y": 0.557544, "pos/pos_z": 18.57827, "pos/speed": 12.86912, "pos/cte": -4.208657, "pilot/angle": 0.0, "pilot/throttle": 0.0, "milliseconds": 48878}