{"cam/image_array": "1467_cam-image_array_.jpg", "user/angle": 0.16264815628528595, "user/throttle": 0.6656467914581299, "user/mode": "local", "pos/pos_x": 54.24701, "pos/pos_y": 0.5541699, "pos/pos_z": 2.167294, "pos/speed": 10.39421, "pos/cte": 2.692334, "pilot/angle": 0.0, "pilot/throttle": 0.0, "milliseconds": 73404}