{"cam/image_array": "3273_cam-image_array_.jpg", "user/angle": 0.8884581923484802, "user/throttle": 0.2882286310195923, "user/mode": "local", "pos/pos_x": 84.35074, "pos/pos_y": 0.5532277, "pos/pos_z": -4.246982, "pos/speed": 9.565392, "pos/cte": -1.366372, "pilot/angle": 0.0, "pilot/throttle": 0.0, "milliseconds": 163820}