{"cam/image_array": "3407_cam-image_array_.jpg", "user/angle": -0.051038648933172226, "user/throttle": 0.8597079515457153, "user/mode": "local", "pos/pos_x": 45.20572, "pos/pos_y": 0.5553369, "pos/pos_z": 34.88197, "pos/speed": 13.08199, "pos/cte": -4.137854, "pilot/angle": 0.0, "pilot/throttle": 0.0, "milliseconds": 170529}