{"cam/image_array": "2345_cam-image_array_.jpg", "user/angle": 0.7775883078575134, "user/throttle": 0.4002527892589569, "user/mode": "local", "pos/pos_x": 55.83517, "pos/pos_y": 0.5559565, "pos/pos_z": 73.83549, "pos/speed": 11.86007, "pos/cte": 4.42692, "pilot/angle": 0.0, "pilot/throttle": 0.0, "milliseconds": 117360}