{"cam/image_array": "3706_cam-image_array_.jpg", "user/angle": 0.37352392077445984, "user/throttle": 0.5813733339309692, "user/mode": "local", "pos/pos_x": 61.4683, "pos/pos_y": 0.5565667, "pos/pos_z": -4.53416, "pos/speed": 10.65527, "pos/cte": -0.7108027, "pilot/angle": 0.0, "pilot/throttle": 0.0, "milliseconds": 185497}