{"cam/image_array": "2716_cam-image_array_.jpg", "user/angle": 0.5703225135803223, "user/throttle": 0.3670843541622162, "user/mode": "local", "pos/pos_x": 54.64675, "pos/pos_y": 0.5521454, "pos/pos_z": 73.91313, "pos/speed": 10.92109, "pos/cte": 3.772154, "pilot/angle": 0.0, "pilot/throttle": 0.0, "milliseconds": 135934}