{"cam/image_array": "2786_cam-image_array_.jpg", "user/angle": 0.3607131242752075, "user/throttle": 0.8038303852081299, "user/mode": "local", "pos/pos_x": 77.43955, "pos/pos_y": 0.5551662, "pos/pos_z": 57.86072, "pos/speed": 10.26204, "pos/cte": -0.05254274, "pilot/angle": 0.0, "pilot/throttle": 0.0, "milliseconds": 139438}