{"cam/image_array": "2632_cam-image_array_.jpg", "user/angle": 0.13633942604064941, "user/throttle": 0.7871001958847046, "user/mode": "local", "pos/pos_x": 46.49712, "pos/pos_y": 0.5555918, "pos/pos_z": 23.8979, "pos/speed": 12.2031, "pos/cte": -2.914764, "pilot/angle": 0.0, "pilot/throttle": 0.0, "milliseconds": 131729}