{"cam/image_array": "5613_cam-image_array_.jpg", "user/angle": 0.05986092612147331, "user/throttle": 0.839737057685852, "user/mode": "local", "pos/pos_x": 50.76764, "pos/pos_y": 0.5562257, "pos/pos_z": 9.264874, "pos/speed": 11.26389, "pos/cte": 0.7134107, "pilot/angle": 0.0, "pilot/throttle": 0.0, "milliseconds": 280971}