{"cam/image_array": "4849_cam-image_array_.jpg", "user/angle": 0.33706772327423096, "user/throttle": 0.598800778388977, "user/mode": "local", "pos/pos_x": 57.1682, "pos/pos_y": 0.5565745, "pos/pos_z": -0.7579507, "pos/speed": 10.42649, "pos/cte": 2.335944, "pilot/angle": 0.0, "pilot/throttle": 0.0, "milliseconds": 242722}