{"cam/image_array": "724_cam-image_array_.jpg", "user/angle": 0.13503015041351318, "user/throttle": 0.7739636898040771, "user/mode": "local", "pos/pos_x": 51.83115, "pos/pos_y": 0.5562014, "pos/pos_z": 6.223208, "pos/speed": 11.077, "pos/cte": 1.643238, "pilot/angle": 0.0, "pilot/throttle": 0.0, "milliseconds": 36206}