{"cam/image_array": "4205_cam-image_array_.jpg", "user/angle": 0.4815324544906616, "user/throttle": 0.11565655469894409, "user/mode": "local", "pos/pos_x": 49.72823, "pos/pos_y": 0.5594985, "pos/pos_z": 68.56591, "pos/speed": 12.11471, "pos/cte": 0.03822708, "pilot/angle": 0.0, "pilot/throttle": 0.0, "milliseconds": 210480}