{"cam/image_array": "3625_cam-image_array_.jpg", "user/angle": 0.8622270822525024, "user/throttle": 0.0805685743689537, "user/mode": "local", "pos/pos_x": 86.61722, "pos/pos_y": 0.5565575, "pos/pos_z": 9.870171, "pos/speed": 12.61537, "pos/cte": -0.8582312, "pilot/angle": 0.0, "pilot/throttle": 0.0, "milliseconds": 181442}