{"cam/image_array": "4506_cam-image_array_.jpg", "user/angle": 0.28613534569740295, "user/throttle": 0.7389281988143921, "user/mode": "local", "pos/pos_x": 47.03534, "pos/pos_y": 0.5567578, "pos/pos_z": 19.17957, "pos/speed": 11.85316, "pos/cte": -2.582866, "pilot/angle": 0.0, "pilot/throttle": 0.0, "milliseconds": 225550}