{"cam/image_array": "3893_cam-image_array_.jpg", "user/angle": -0.03618208318948746, "user/throttle": 0.650833010673523, "user/mode": "local", "pos/pos_x": 73.65443, "pos/pos_y": 0.5566899, "pos/pos_z": 68.8204, "pos/speed": 9.267868, "pos/cte": -3.904415, "pilot/angle": 0.0, "pilot/throttle": 0.0, "milliseconds": 194860}