{"cam/image_array": "3408_cam-image_array_.jpg", "user/angle": -0.012629959732294083, "user/throttle": 0.7845237255096436, "user/mode": "local", "pos/pos_x": 45.12175, "pos/pos_y": 0.5556242, "pos/pos_z": 36.19108, "pos/speed": 13.13177, "pos/cte": -4.233236, "pilot/angle": 0.0, "pilot/throttle": 0.0, "milliseconds": 170579}