{"cam/image_array": "2823_cam-image_array_.jpg", "user/angle": -0.030703503638505936, "user/throttle": 0.6104382276535034, "user/mode": "local", "pos/pos_x": 78.33891, "pos/pos_y": 0.5553959, "pos/pos_z": 36.77925, "pos/speed": 12.39879, "pos/cte": -5.911732, "pilot/angle": 0.0, "pilot/throttle": 0.0, "milliseconds": 141291}