{"cam/image_array": "2324_cam-image_array_.jpg", "user/angle": 0.2693694531917572, "user/throttle": 0.16908441483974457, "user/mode": "local", "pos/pos_x": 47.26374, "pos/pos_y": 0.5524768, "pos/pos_z": 65.4481, "pos/speed": 12.60732, "pos/cte": -2.426258, "pilot/angle": 0.0, "pilot/throttle": 0.0, "milliseconds": 116309}