{"cam/image_array": "1989_cam-image_array_.jpg", "user/angle": 0.7896565794944763, "user/throttle": 0.5349025726318359, "user/mode": "local", "pos/pos_x": 65.80594, "pos/pos_y": 0.5542778, "pos/pos_z": 75.14981, "pos/speed": 9.722175, "pos/cte": -2.047003, "pilot/angle": 0.0, "pilot/throttle": 0.0, "milliseconds": 99537}