{"cam/image_array": "2396_cam-image_array_.jpg", "user/angle": 0.0739150196313858, "user/throttle": 0.5512356758117676, "user/mode": "local", "pos/pos_x": 76.21859, "pos/pos_y": 0.558565, "pos/pos_z": 66.73413, "pos/speed": 9.458699, "pos/cte": -4.499299, "pilot/angle": 0.0, "pilot/throttle": 0.0, "milliseconds": 119914}