{"cam/image_array": "1130_cam-image_array_.jpg", "user/angle": 0.18930946290493011, "user/throttle": 0.7180300951004028, "user/mode": "local", "pos/pos_x": 47.2471, "pos/pos_y": 0.5555207, "pos/pos_z": 18.13914, "pos/speed": 12.06743, "pos/cte": -2.416692, "pilot/angle": 0.0, "pilot/throttle": 0.0, "milliseconds": 56532}