{"cam/image_array": "1115_cam-image_array_.jpg", "user/angle": 0.1313031166791916, "user/throttle": 0.7166551351547241, "user/mode": "local", "pos/pos_x": 49.95446, "pos/pos_y": 0.5560012, "pos/pos_z": 10.36175, "pos/speed": 11.3396, "pos/cte": -0.05114561, "pilot/angle": 0.0, "pilot/throttle": 0.0, "milliseconds": 55780}