{"cam/image_array": "4450_cam-image_array_.jpg", "user/angle": 0.6841585636138916, "user/throttle": 0.49324536323547363, "user/mode": "local", "pos/pos_x": 61.78798, "pos/pos_y": 0.5546921, "pos/pos_z": -5.243165, "pos/speed": 10.21868, "pos/cte": -1.42257, "pilot/angle": 0.0, "pilot/throttle": 0.0, "milliseconds": 222746}