{"cam/image_array": "2320_cam-image_array_.jpg", "user/angle": -0.02260882779955864, "user/throttle": 0.2828819751739502, "user/mode": "local", "pos/pos_x": 46.02049, "pos/pos_y": 0.552861, "pos/pos_z": 63.23644, "pos/speed": 12.91107, "pos/cte": -3.66951, "pilot/angle": 0.0, "pilot/throttle": 0.0, "milliseconds": 116108}