{"cam/image_array": "4002_cam-image_array_.jpg", "user/angle": 0.8647958636283875, "user/throttle": 0.2197091281414032, "user/mode": "local", "pos/pos_x": 87.9278, "pos/pos_y": 0.554437, "pos/pos_z": 6.448637, "pos/speed": 11.56809, "pos/cte": -0.1449499, "pilot/angle": 0.0, "pilot/throttle": 0.0, "milliseconds": 200317}