{"cam/image_array": "1488_cam-image_array_.jpg", "user/angle": 0.090409055352211, "user/throttle": 0.6606093645095825, "user/mode": "local", "pos/pos_x": 49.48534, "pos/pos_y": 0.5562715, "pos/pos_z": 13.09933, "pos/speed": 11.41956, "pos/cte": -0.4004085, "pilot/angle": 0.0, "pilot/throttle": 0.0, "milliseconds": 74455}