{"cam/image_array": "1009_cam-image_array_.jpg", "user/angle": 1.0509394407272339, "user/throttle": 0.01869380474090576, "user/mode": "local", "pos/pos_x": 88.57642, "pos/pos_y": 0.5541692, "pos/pos_z": -0.030662, "pos/speed": 10.38286, "pos/cte": -1.309656, "pilot/angle": 0.0, "pilot/throttle": 0.0, "milliseconds": 50474}