{"cam/image_array": "3365_cam-image_array_.jpg", "user/angle": 0.03751210495829582, "user/throttle": 0.7659835815429688, "user/mode": "local", "pos/pos_x": 50.18344, "pos/pos_y": 0.5562303, "pos/pos_z": 10.13346, "pos/speed": 10.67031, "pos/cte": 0.1676557, "pilot/angle": 0.0, "pilot/throttle": 0.0, "milliseconds": 168427}