{"cam/image_array": "4977_cam-image_array_.jpg", "user/angle": 0.7077741026878357, "user/throttle": 0.39143022894859314, "user/mode": "local", "pos/pos_x": 53.92036, "pos/pos_y": 0.5525877, "pos/pos_z": 72.99644, "pos/speed": 11.50972, "pos/cte": 3.79685, "pilot/angle": 0.0, "pilot/throttle": 0.0, "milliseconds": 249131}