{"cam/image_array": "1611_cam-image_array_.jpg", "user/angle": 0.9001044631004333, "user/throttle": 0.40450456738471985, "user/mode": "local", "pos/pos_x": 65.44228, "pos/pos_y": 0.5522389, "pos/pos_z": 75.19358, "pos/speed": 9.875524, "pos/cte": -1.798903, "pilot/angle": 0.0, "pilot/throttle": 0.0, "milliseconds": 80613}