{"cam/image_array": "1502_cam-image_array_.jpg", "user/angle": 0.16501004993915558, "user/throttle": 0.6413495540618896, "user/mode": "local", "pos/pos_x": 47.12453, "pos/pos_y": 0.5566142, "pos/pos_z": 21.01904, "pos/speed": 12.11314, "pos/cte": -2.41352, "pilot/angle": 0.0, "pilot/throttle": 0.0, "milliseconds": 75156}