{"cam/image_array": "3235_cam-image_array_.jpg", "user/angle": 0.11467589437961578, "user/throttle": 0.08809614181518555, "user/mode": "local", "pos/pos_x": 84.05495, "pos/pos_y": 0.554992, "pos/pos_z": 15.12456, "pos/speed": 12.49644, "pos/cte": -2.810011, "pilot/angle": 0.0, "pilot/throttle": 0.0, "milliseconds": 161917}