{"cam/image_array": "796_cam-image_array_.jpg", "user/angle": 0.5493964552879333, "user/throttle": 0.28573447465896606, "user/mode": "local", "pos/pos_x": 43.5771, "pos/pos_y": 0.5613301, "pos/pos_z": 50.52492, "pos/speed": 14.14531, "pos/cte": -6.112904, "pilot/angle": 0.0, "pilot/throttle": 0.0, "milliseconds": 39810}