{"cam/image_array": "3282_cam-image_array_.jpg", "user/angle": 0.7016529440879822, "user/throttle": 0.7207717895507812, "user/mode": "local", "pos/pos_x": 81.51826, "pos/pos_y": 0.5528368, "pos/pos_z": -6.502021, "pos/speed": 8.867564, "pos/cte": -2.713969, "pilot/angle": 0.0, "pilot/throttle": 0.0, "milliseconds": 164270}