{"cam/image_array": "3284_cam-image_array_.jpg", "user/angle": 0.634712278842926, "user/throttle": 0.8039069175720215, "user/mode": "local", "pos/pos_x": 80.72383, "pos/pos_y": 0.5527774, "pos/pos_z": -6.88124, "pos/speed": 8.850294, "pos/cte": -3.225829, "pilot/angle": 0.0, "pilot/throttle": 0.0, "milliseconds": 164371}