{"cam/image_array": "627_cam-image_array_.jpg", "user/angle": 1.1154139041900635, "user/throttle": 0.06859659403562546, "user/mode": "local", "pos/pos_x": 88.55732, "pos/pos_y": 0.5534312, "pos/pos_z": 1.092483, "pos/speed": 10.91731, "pos/cte": -0.8299116, "pilot/angle": 0.0, "pilot/throttle": 0.0, "milliseconds": 31349}