{"cam/image_array": "1432_cam-image_array_.jpg", "user/angle": 0.07581207156181335, "user/throttle": 0.6910927295684814, "user/mode": "local", "pos/pos_x": 69.10928, "pos/pos_y": 0.5579588, "pos/pos_z": -6.853732, "pos/speed": 9.753654, "pos/cte": -3.096967, "pilot/angle": 0.0, "pilot/throttle": 0.0, "milliseconds": 71651}