{"cam/image_array": "3977_cam-image_array_.jpg", "user/angle": -0.16037914156913757, "user/throttle": 0.5081979036331177, "user/mode": "local", "pos/pos_x": 81.80663, "pos/pos_y": 0.5558594, "pos/pos_z": 22.09653, "pos/speed": 12.83199, "pos/cte": -6.137715, "pilot/angle": 0.0, "pilot/throttle": 0.0, "milliseconds": 199066}