{"cam/image_array": "4520_cam-image_array_.jpg", "user/angle": 0.001966189593076706, "user/throttle": 0.8895937204360962, "user/mode": "local", "pos/pos_x": 45.68699, "pos/pos_y": 0.5558398, "pos/pos_z": 27.51554, "pos/speed": 12.41877, "pos/cte": -3.566329, "pilot/angle": 0.0, "pilot/throttle": 0.0, "milliseconds": 226251}