{"cam/image_array": "332_cam-image_array_.jpg", "user/angle": 0.29967719316482544, "user/throttle": 0.5737971067428589, "user/mode": "local", "pos/pos_x": 59.20401, "pos/pos_y": 0.5575529, "pos/pos_z": -2.362658, "pos/speed": 10.46419, "pos/cte": 1.369045, "pilot/angle": 0.0, "pilot/throttle": 0.0, "milliseconds": 16581}