{"cam/image_array": "3992_cam-image_array_.jpg", "user/angle": 0.13484595715999603, "user/throttle": 0.08403237164020538, "user/mode": "local", "pos/pos_x": 85.94038, "pos/pos_y": 0.5565892, "pos/pos_z": 12.67768, "pos/speed": 12.54834, "pos/cte": -2.38629, "pilot/angle": 0.0, "pilot/throttle": 0.0, "milliseconds": 199816}