{"cam/image_array": "1310_cam-image_array_.jpg", "user/angle": -0.06434491276741028, "user/throttle": 0.6559252738952637, "user/mode": "local", "pos/pos_x": 78.67097, "pos/pos_y": 0.5592753, "pos/pos_z": 47.06814, "pos/speed": 11.9026, "pos/cte": -1.760755, "pilot/angle": 0.0, "pilot/throttle": 0.0, "milliseconds": 65544}