{"cam/image_array": "2464_cam-image_array_.jpg", "user/angle": -0.11725051701068878, "user/throttle": 0.5931261777877808, "user/mode": "local", "pos/pos_x": 79.84592, "pos/pos_y": 0.5519305, "pos/pos_z": 27.29753, "pos/speed": 12.9013, "pos/cte": -7.01478, "pilot/angle": 0.0, "pilot/throttle": 0.0, "milliseconds": 123317}