{"cam/image_array": "2428_cam-image_array_.jpg", "user/angle": -0.03380774334073067, "user/throttle": 0.8351601362228394, "user/mode": "local", "pos/pos_x": 78.98286, "pos/pos_y": 0.555719, "pos/pos_z": 50.46394, "pos/speed": 11.49113, "pos/cte": -0.8982415, "pilot/angle": 0.0, "pilot/throttle": 0.0, "milliseconds": 121515}