{"cam/image_array": "2734_cam-image_array_.jpg", "user/angle": 0.7860498428344727, "user/throttle": 0.16455596685409546, "user/mode": "local", "pos/pos_x": 63.36852, "pos/pos_y": 0.5520759, "pos/pos_z": 76.27567, "pos/speed": 9.749965, "pos/cte": -0.9247656, "pilot/angle": 0.0, "pilot/throttle": 0.0, "milliseconds": 136835}