{"cam/image_array": "2443_cam-image_array_.jpg", "user/angle": -0.06962434947490692, "user/throttle": 0.6922703981399536, "user/mode": "local", "pos/pos_x": 78.64204, "pos/pos_y": 0.5558179, "pos/pos_z": 40.10109, "pos/speed": 12.50719, "pos/cte": -5.16632, "pilot/angle": 0.0, "pilot/throttle": 0.0, "milliseconds": 122266}