{"cam/image_array": "221_cam-image_array_.jpg", "user/angle": -0.054099950939416885, "user/throttle": 0.35874536633491516, "user/mode": "local", "pos/pos_x": 79.27586, "pos/pos_y": 0.5573913, "pos/pos_z": 30.85543, "pos/speed": 12.99344, "pos/cte": -7.328437, "pilot/angle": 0.0, "pilot/throttle": 0.0, "milliseconds": 11024}