{"cam/image_array": "1197_cam-image_array_.jpg", "user/angle": -0.10596342384815216, "user/throttle": 0.3067532181739807, "user/mode": "local", "pos/pos_x": 45.84143, "pos/pos_y": 0.554364, "pos/pos_z": 62.86688, "pos/speed": 12.65404, "pos/cte": -3.848568, "pilot/angle": 0.0, "pilot/throttle": 0.0, "milliseconds": 59886}