{"cam/image_array": "3219_cam-image_array_.jpg", "user/angle": -0.05816873535513878, "user/throttle": 0.5371677875518799, "user/mode": "local", "pos/pos_x": 80.04893, "pos/pos_y": 0.5517617, "pos/pos_z": 24.40697, "pos/speed": 12.62564, "pos/cte": -5.986166, "pilot/angle": 0.0, "pilot/throttle": 0.0, "milliseconds": 161116}