{"cam/image_array": "254_cam-image_array_.jpg", "user/angle": 0.28786006569862366, "user/throttle": 0.06663182377815247, "user/mode": "local", "pos/pos_x": 84.56303, "pos/pos_y": 0.5548615, "pos/pos_z": 11.29227, "pos/speed": 12.03197, "pos/cte": -0.4327402, "pilot/angle": 0.0, "pilot/throttle": 0.0, "milliseconds": 12676}