{"cam/image_array": "813_cam-image_array_.jpg", "user/angle": 0.3516923785209656, "user/throttle": 0.12834754586219788, "user/mode": "local", "pos/pos_x": 45.4253, "pos/pos_y": 0.5549148, "pos/pos_z": 62.29432, "pos/speed": 12.81377, "pos/cte": -4.264702, "pilot/angle": 0.0, "pilot/throttle": 0.0, "milliseconds": 40661}