{"cam/image_array": "4407_cam-image_array_.jpg", "user/angle": 0.7521001696586609, "user/throttle": 0.8652582168579102, "user/mode": "local", "pos/pos_x": 82.51474, "pos/pos_y": 0.5532573, "pos/pos_z": -7.337199, "pos/speed": 9.117039, "pos/cte": -3.785068, "pilot/angle": 0.0, "pilot/throttle": 0.0, "milliseconds": 220593}