{"cam/image_array": "4634_cam-image_array_.jpg", "user/angle": 0.6427779793739319, "user/throttle": 0.6663620471954346, "user/mode": "local", "pos/pos_x": 67.34859, "pos/pos_y": 0.5531728, "pos/pos_z": 79.00349, "pos/speed": 8.296245, "pos/cte": -5.722804, "pilot/angle": 0.0, "pilot/throttle": 0.0, "milliseconds": 231958}