{"cam/image_array": "972_cam-image_array_.jpg", "user/angle": -0.06704814732074738, "user/throttle": 0.46126705408096313, "user/mode": "local", "pos/pos_x": 81.17001, "pos/pos_y": 0.5533307, "pos/pos_z": 22.18976, "pos/speed": 12.82413, "pos/cte": -5.673576, "pilot/angle": 0.0, "pilot/throttle": 0.0, "milliseconds": 48622}