{"cam/image_array": "2565_cam-image_array_.jpg", "user/angle": 0.2316383421421051, "user/throttle": 0.5796386003494263, "user/mode": "local", "pos/pos_x": 65.67905, "pos/pos_y": 0.5562595, "pos/pos_z": -5.648164, "pos/speed": 9.987756, "pos/cte": -1.86151, "pilot/angle": 0.0, "pilot/throttle": 0.0, "milliseconds": 128374}