{"cam/image_array": "4414_cam-image_array_.jpg", "user/angle": 0.48074573278427124, "user/throttle": 0.800810694694519, "user/mode": "local", "pos/pos_x": 79.12466, "pos/pos_y": 0.5531574, "pos/pos_z": -8.628939, "pos/speed": 9.166323, "pos/cte": -4.959506, "pilot/angle": 0.0, "pilot/throttle": 0.0, "milliseconds": 220944}