{"cam/image_array": "3063_cam-image_array_.jpg", "user/angle": 0.6777803301811218, "user/throttle": 0.09642171859741211, "user/mode": "local", "pos/pos_x": 44.81572, "pos/pos_y": 0.5547968, "pos/pos_z": 58.34785, "pos/speed": 13.36614, "pos/cte": -4.874283, "pilot/angle": 0.0, "pilot/throttle": 0.0, "milliseconds": 153306}