{"cam/image_array": "2327_cam-image_array_.jpg", "user/angle": 0.3195100426673889, "user/throttle": 0.35394537448883057, "user/mode": "local", "pos/pos_x": 47.96231, "pos/pos_y": 0.5541844, "pos/pos_z": 66.48061, "pos/speed": 12.36736, "pos/cte": -1.727684, "pilot/angle": 0.0, "pilot/throttle": 0.0, "milliseconds": 116459}