{"cam/image_array": "2083_cam-image_array_.jpg", "user/angle": -0.14138822257518768, "user/throttle": 0.5097470283508301, "user/mode": "local", "pos/pos_x": 79.75591, "pos/pos_y": 0.5536489, "pos/pos_z": 27.66644, "pos/speed": 13.15071, "pos/cte": -7.026636, "pilot/angle": 0.0, "pilot/throttle": 0.0, "milliseconds": 104243}