{"cam/image_array": "434_cam-image_array_.jpg", "user/angle": 0.5408941507339478, "user/throttle": 0.3695339858531952, "user/mode": "local", "pos/pos_x": 43.84941, "pos/pos_y": 0.5546222, "pos/pos_z": 57.23965, "pos/speed": 13.48255, "pos/cte": -5.840591, "pilot/angle": 0.0, "pilot/throttle": 0.0, "milliseconds": 21687}