{"cam/image_array": "5397_cam-image_array_.jpg", "user/angle": 0.14232970774173737, "user/throttle": 0.5871484279632568, "user/mode": "local", "pos/pos_x": 75.81464, "pos/pos_y": 0.5580557, "pos/pos_z": 68.58083, "pos/speed": 8.798429, "pos/cte": -5.391473, "pilot/angle": 0.0, "pilot/throttle": 0.0, "milliseconds": 270157}