{"cam/image_array": "4489_cam-image_array_.jpg", "user/angle": 0.0501883439719677, "user/throttle": 0.6764699220657349, "user/mode": "local", "pos/pos_x": 50.07888, "pos/pos_y": 0.5574924, "pos/pos_z": 10.48208, "pos/speed": 11.0746, "pos/cte": 0.07839724, "pilot/angle": 0.0, "pilot/throttle": 0.0, "milliseconds": 224699}