{"cam/image_array": "1905_cam-image_array_.jpg", "user/angle": 0.02683934196829796, "user/throttle": 0.6450576782226562, "user/mode": "local", "pos/pos_x": 45.14972, "pos/pos_y": 0.5556983, "pos/pos_z": 38.50191, "pos/speed": 13.69358, "pos/cte": -4.225436, "pilot/angle": 0.0, "pilot/throttle": 0.0, "milliseconds": 95331}