{"cam/image_array": "3520_cam-image_array_.jpg", "user/angle": 0.06871110200881958, "user/throttle": 0.6365451812744141, "user/mode": "local", "pos/pos_x": 73.15309, "pos/pos_y": 0.5553292, "pos/pos_z": 69.74104, "pos/speed": 9.038324, "pos/cte": -4.121109, "pilot/angle": 0.0, "pilot/throttle": 0.0, "milliseconds": 176185}