{"cam/image_array": "2408_cam-image_array_.jpg", "user/angle": 0.22943948209285736, "user/throttle": 0.8501187562942505, "user/mode": "local", "pos/pos_x": 77.77367, "pos/pos_y": 0.5569686, "pos/pos_z": 61.07077, "pos/speed": 9.982321, "pos/cte": -2.003733, "pilot/angle": 0.0, "pilot/throttle": 0.0, "milliseconds": 120514}