{"cam/image_array": "1277_cam-image_array_.jpg", "user/angle": -0.01763525977730751, "user/throttle": 0.7440601587295532, "user/mode": "local", "pos/pos_x": 75.9202, "pos/pos_y": 0.5559832, "pos/pos_z": 64.68658, "pos/speed": 9.951518, "pos/cte": -2.942624, "pilot/angle": 0.0, "pilot/throttle": 0.0, "milliseconds": 63897}