{"cam/image_array": "2167_cam-image_array_.jpg", "user/angle": 0.3134775161743164, "user/throttle": 0.8551316261291504, "user/mode": "local", "pos/pos_x": 78.67713, "pos/pos_y": 0.5540223, "pos/pos_z": -10.68519, "pos/speed": 9.285375, "pos/cte": -7.011771, "pilot/angle": 0.0, "pilot/throttle": 0.0, "milliseconds": 108448}