{"cam/image_array": "4213_cam-image_array_.jpg", "user/angle": 0.7816061973571777, "user/throttle": 0.18439684808254242, "user/mode": "local", "pos/pos_x": 52.81316, "pos/pos_y": 0.552268, "pos/pos_z": 72.20311, "pos/speed": 11.5963, "pos/cte": 3.123158, "pilot/angle": 0.0, "pilot/throttle": 0.0, "milliseconds": 210880}