{"cam/image_array": "3690_cam-image_array_.jpg", "user/angle": 0.17209097743034363, "user/throttle": 0.37352046370506287, "user/mode": "local", "pos/pos_x": 69.11256, "pos/pos_y": 0.5587409, "pos/pos_z": -7.861612, "pos/speed": 10.2749, "pos/cte": -4.104837, "pilot/angle": 0.0, "pilot/throttle": 0.0, "milliseconds": 184696}