{"cam/image_array": "1261_cam-image_array_.jpg", "user/angle": 0.28440022468566895, "user/throttle": 0.5406436920166016, "user/mode": "local", "pos/pos_x": 72.72999, "pos/pos_y": 0.5515267, "pos/pos_z": 71.69184, "pos/speed": 9.572843, "pos/cte": -5.06632, "pilot/angle": 0.0, "pilot/throttle": 0.0, "milliseconds": 63090}