{"cam/image_array": "3875_cam-image_array_.jpg", "user/angle": 0.6763163208961487, "user/throttle": 0.8005044460296631, "user/mode": "local", "pos/pos_x": 68.7718, "pos/pos_y": 0.5544568, "pos/pos_z": 75.26439, "pos/speed": 8.900188, "pos/cte": -4.376678, "pilot/angle": 0.0, "pilot/throttle": 0.0, "milliseconds": 193959}