{"cam/image_array": "601_cam-image_array_.jpg", "user/angle": 0.2660868763923645, "user/throttle": 0.14814655482769012, "user/mode": "local", "pos/pos_x": 83.8475, "pos/pos_y": 0.5548406, "pos/pos_z": 16.06354, "pos/speed": 13.2312, "pos/cte": -3.33433, "pilot/angle": 0.0, "pilot/throttle": 0.0, "milliseconds": 30048}