{"cam/image_array": "5353_cam-image_array_.jpg", "user/angle": 0.6863632202148438, "user/throttle": 0.46808457374572754, "user/mode": "local", "pos/pos_x": 58.45936, "pos/pos_y": 0.5537366, "pos/pos_z": 75.35501, "pos/speed": 11.37764, "pos/cte": 2.874479, "pilot/angle": 0.0, "pilot/throttle": 0.0, "milliseconds": 267955}