{"cam/image_array": "5606_cam-image_array_.jpg", "user/angle": 0.11532188951969147, "user/throttle": 0.6900615692138672, "user/mode": "local", "pos/pos_x": 52.70916, "pos/pos_y": 0.5552318, "pos/pos_z": 5.277056, "pos/speed": 10.80035, "pos/cte": 2.446262, "pilot/angle": 0.0, "pilot/throttle": 0.0, "milliseconds": 280621}