{"cam/image_array": "2384_cam-image_array_.jpg", "user/angle": 0.14655451476573944, "user/throttle": 0.6032652854919434, "user/mode": "local", "pos/pos_x": 74.32404, "pos/pos_y": 0.5520645, "pos/pos_z": 71.01229, "pos/speed": 9.268348, "pos/cte": -5.837117, "pilot/angle": 0.0, "pilot/throttle": 0.0, "milliseconds": 119312}