{"cam/image_array": "3601_cam-image_array_.jpg", "user/angle": 0.018611613661050797, "user/throttle": 0.5253269076347351, "user/mode": "local", "pos/pos_x": 80.24162, "pos/pos_y": 0.5483527, "pos/pos_z": 24.85465, "pos/speed": 13.06372, "pos/cte": -6.352818, "pilot/angle": 0.0, "pilot/throttle": 0.0, "milliseconds": 180241}