{"cam/image_array": "3209_cam-image_array_.jpg", "user/angle": -0.2219473123550415, "user/throttle": 0.4029717445373535, "user/mode": "local", "pos/pos_x": 78.75516, "pos/pos_y": 0.5561944, "pos/pos_z": 31.40373, "pos/speed": 12.70551, "pos/cte": -6.812537, "pilot/angle": 0.0, "pilot/throttle": 0.0, "milliseconds": 160616}