{"cam/image_array": "4110_cam-image_array_.jpg", "user/angle": 0.0058655329048633575, "user/throttle": 0.8091791868209839, "user/mode": "local", "pos/pos_x": 50.56133, "pos/pos_y": 0.5541487, "pos/pos_z": 9.732374, "pos/speed": 11.46316, "pos/cte": 0.5276849, "pilot/angle": 0.0, "pilot/throttle": 0.0, "milliseconds": 205723}