{"cam/image_array": "1896_cam-image_array_.jpg", "user/angle": -0.03772943839430809, "user/throttle": 0.8761037588119507, "user/mode": "local", "pos/pos_x": 45.37671, "pos/pos_y": 0.5555958, "pos/pos_z": 31.81427, "pos/speed": 13.03144, "pos/cte": -3.940098, "pilot/angle": 0.0, "pilot/throttle": 0.0, "milliseconds": 94881}