{"cam/image_array": "5581_cam-image_array_.jpg", "user/angle": 0.34046614170074463, "user/throttle": 0.5696055889129639, "user/mode": "local", "pos/pos_x": 61.2533, "pos/pos_y": 0.5561475, "pos/pos_z": -3.752832, "pos/speed": 10.43851, "pos/cte": 0.07237133, "pilot/angle": 0.0, "pilot/throttle": 0.0, "milliseconds": 279369}