{"cam/image_array": "1039_cam-image_array_.jpg", "user/angle": 0.7572317719459534, "user/throttle": 0.7691754102706909, "user/mode": "local", "pos/pos_x": 81.05745, "pos/pos_y": 0.5527778, "pos/pos_z": -9.476098, "pos/speed": 9.126057, "pos/cte": -5.8235, "pilot/angle": 0.0, "pilot/throttle": 0.0, "milliseconds": 51976}