{"cam/image_array": "1532_cam-image_array_.jpg", "user/angle": -0.08590014278888702, "user/throttle": 0.8380552530288696, "user/mode": "local", "pos/pos_x": 45.01681, "pos/pos_y": 0.5550357, "pos/pos_z": 40.83067, "pos/speed": 13.7855, "pos/cte": -4.378664, "pilot/angle": 0.0, "pilot/throttle": 0.0, "milliseconds": 76658}