{"cam/image_array": "2919_cam-image_array_.jpg", "user/angle": 0.1624942570924759, "user/throttle": 0.7948470115661621, "user/mode": "local", "pos/pos_x": 76.1843, "pos/pos_y": 0.552796, "pos/pos_z": -8.134425, "pos/speed": 9.028215, "pos/cte": -4.439352, "pilot/angle": 0.0, "pilot/throttle": 0.0, "milliseconds": 146097}