{"cam/image_array": "369_cam-image_array_.jpg", "user/angle": 0.13991647958755493, "user/throttle": 0.6880865097045898, "user/mode": "local", "pos/pos_x": 48.30313, "pos/pos_y": 0.5559024, "pos/pos_z": 14.64906, "pos/speed": 11.82145, "pos/cte": -1.513898, "pilot/angle": 0.0, "pilot/throttle": 0.0, "milliseconds": 18433}