{"cam/image_array": "2349_cam-image_array_.jpg", "user/angle": 0.5934229493141174, "user/throttle": 0.38026097416877747, "user/mode": "local", "pos/pos_x": 57.88487, "pos/pos_y": 0.5551654, "pos/pos_z": 74.95181, "pos/speed": 11.60139, "pos/cte": 3.3072, "pilot/angle": 0.0, "pilot/throttle": 0.0, "milliseconds": 117560}