{"cam/image_array": "4564_cam-image_array_.jpg", "user/angle": -0.010126035660505295, "user/throttle": 0.4656815826892853, "user/mode": "local", "pos/pos_x": 46.15452, "pos/pos_y": 0.5529684, "pos/pos_z": 56.41938, "pos/speed": 12.76725, "pos/cte": -3.53548, "pilot/angle": 0.0, "pilot/throttle": 0.0, "milliseconds": 228454}