{"cam/image_array": "4835_cam-image_array_.jpg", "user/angle": 0.23059402406215668, "user/throttle": 0.5437570810317993, "user/mode": "local", "pos/pos_x": 62.97049, "pos/pos_y": 0.5582123, "pos/pos_z": -5.033972, "pos/speed": 10.04876, "pos/cte": -1.223705, "pilot/angle": 0.0, "pilot/throttle": 0.0, "milliseconds": 242021}