{"cam/image_array": "1158_cam-image_array_.jpg", "user/angle": -0.04903865233063698, "user/throttle": 0.9054816961288452, "user/mode": "local", "pos/pos_x": 45.09335, "pos/pos_y": 0.555429, "pos/pos_z": 35.77165, "pos/speed": 13.60134, "pos/cte": -4.257979, "pilot/angle": 0.0, "pilot/throttle": 0.0, "milliseconds": 57933}