{"cam/image_array": "4548_cam-image_array_.jpg", "user/angle": 0.273618221282959, "user/throttle": 0.1576668918132782, "user/mode": "local", "pos/pos_x": 45.38147, "pos/pos_y": 0.5554477, "pos/pos_z": 45.82024, "pos/speed": 13.58144, "pos/cte": -4.057559, "pilot/angle": 0.0, "pilot/throttle": 0.0, "milliseconds": 227652}