{"cam/image_array": "4926_cam-image_array_.jpg", "user/angle": -0.044857945293188095, "user/throttle": 0.6978384256362915, "user/mode": "local", "pos/pos_x": 44.78918, "pos/pos_y": 0.55491, "pos/pos_z": 42.71397, "pos/speed": 13.97466, "pos/cte": -4.622712, "pilot/angle": 0.0, "pilot/throttle": 0.0, "milliseconds": 246577}