{"cam/image_array": "3318_cam-image_array_.jpg", "user/angle": 0.26500067114830017, "user/throttle": 0.2603514790534973, "user/mode": "local", "pos/pos_x": 64.70027, "pos/pos_y": 0.5556769, "pos/pos_z": -5.702161, "pos/speed": 9.874844, "pos/cte": -1.906964, "pilot/angle": 0.0, "pilot/throttle": 0.0, "milliseconds": 166073}