{"cam/image_array": "1815_cam-image_array_.jpg", "user/angle": 0.021785274147987366, "user/throttle": 0.5012457370758057, "user/mode": "local", "pos/pos_x": 66.34734, "pos/pos_y": 0.5564874, "pos/pos_z": -6.70999, "pos/speed": 10.2665, "pos/cte": -2.929127, "pilot/angle": 0.0, "pilot/throttle": 0.0, "milliseconds": 90826}