{"cam/image_array": "1837_cam-image_array_.jpg", "user/angle": 0.17356280982494354, "user/throttle": 0.7277499437332153, "user/mode": "local", "pos/pos_x": 56.09187, "pos/pos_y": 0.5526268, "pos/pos_z": -0.3550613, "pos/speed": 10.45515, "pos/cte": 2.153267, "pilot/angle": 0.0, "pilot/throttle": 0.0, "milliseconds": 91927}