{"cam/image_array": "261_cam-image_array_.jpg", "user/angle": 0.3623737692832947, "user/throttle": 0.1981676071882248, "user/mode": "local", "pos/pos_x": 84.86413, "pos/pos_y": 0.5560357, "pos/pos_z": 6.613571, "pos/speed": 11.51044, "pos/cte": 2.693296, "pilot/angle": 0.0, "pilot/throttle": 0.0, "milliseconds": 13026}