{"cam/image_array": "1164_cam-image_array_.jpg", "user/angle": -0.06179232522845268, "user/throttle": 0.7259242534637451, "user/mode": "local", "pos/pos_x": 44.79363, "pos/pos_y": 0.5547996, "pos/pos_z": 39.88781, "pos/speed": 13.90225, "pos/cte": -4.593607, "pilot/angle": 0.0, "pilot/throttle": 0.0, "milliseconds": 58234}