{"cam/image_array": "817_cam-image_array_.jpg", "user/angle": -0.026502002030611038, "user/throttle": 0.2803085446357727, "user/mode": "local", "pos/pos_x": 46.59808, "pos/pos_y": 0.5525292, "pos/pos_z": 64.51649, "pos/speed": 12.46092, "pos/cte": -3.091915, "pilot/angle": 0.0, "pilot/throttle": 0.0, "milliseconds": 40862}