{"cam/image_array": "2030_cam-image_array_.jpg", "user/angle": 0.2978779673576355, "user/throttle": 0.9111089706420898, "user/mode": "local", "pos/pos_x": 77.00572, "pos/pos_y": 0.5559001, "pos/pos_z": 59.23693, "pos/speed": 10.47554, "pos/cte": -0.377222, "pilot/angle": 0.0, "pilot/throttle": 0.0, "milliseconds": 101590}