{"cam/image_array": "1013_cam-image_array_.jpg", "user/angle": 0.8653966188430786, "user/throttle": 0.07320217788219452, "user/mode": "local", "pos/pos_x": 88.21487, "pos/pos_y": 0.5525809, "pos/pos_z": -2.008121, "pos/speed": 9.858568, "pos/cte": -1.968727, "pilot/angle": 0.0, "pilot/throttle": 0.0, "milliseconds": 50675}