{"cam/image_array": "4717_cam-image_array_.jpg", "user/angle": -0.10503952205181122, "user/throttle": 0.6533690690994263, "user/mode": "local", "pos/pos_x": 78.15259, "pos/pos_y": 0.5544049, "pos/pos_z": 38.57359, "pos/speed": 12.6387, "pos/cte": -5.217795, "pilot/angle": 0.0, "pilot/throttle": 0.0, "milliseconds": 236114}