{"cam/image_array": "5749_cam-image_array_.jpg", "user/angle": 0.7427002787590027, "user/throttle": 0.7962244749069214, "user/mode": "local", "pos/pos_x": 68.71466, "pos/pos_y": 0.5523499, "pos/pos_z": 74.81287, "pos/speed": 9.249916, "pos/cte": -4.039984, "pilot/angle": 0.0, "pilot/throttle": 0.0, "milliseconds": 287781}