{"cam/image_array": "5526_cam-image_array_.jpg", "user/angle": 1.0505614280700684, "user/throttle": 0.5366808176040649, "user/mode": "local", "pos/pos_x": 85.78863, "pos/pos_y": 0.5520859, "pos/pos_z": -1.863131, "pos/speed": 10.00987, "pos/cte": -0.1788114, "pilot/angle": 0.0, "pilot/throttle": 0.0, "milliseconds": 276616}