{"cam/image_array": "2057_cam-image_array_.jpg", "user/angle": -0.08180589973926544, "user/throttle": 0.7078063488006592, "user/mode": "local", "pos/pos_x": 78.01389, "pos/pos_y": 0.5557794, "pos/pos_z": 44.17884, "pos/speed": 12.18522, "pos/cte": -2.611617, "pilot/angle": 0.0, "pilot/throttle": 0.0, "milliseconds": 102941}