{"cam/image_array": "439_cam-image_array_.jpg", "user/angle": 0.4155251681804657, "user/throttle": 0.22689048945903778, "user/mode": "local", "pos/pos_x": 44.67853, "pos/pos_y": 0.5518185, "pos/pos_z": 61.11071, "pos/speed": 12.99258, "pos/cte": -5.011467, "pilot/angle": 0.0, "pilot/throttle": 0.0, "milliseconds": 21937}