{"cam/image_array": "704_cam-image_array_.jpg", "user/angle": 0.4448487460613251, "user/throttle": 0.43436700105667114, "user/mode": "local", "pos/pos_x": 57.98915, "pos/pos_y": 0.5548233, "pos/pos_z": -2.463902, "pos/speed": 10.64568, "pos/cte": 1.048104, "pilot/angle": 0.0, "pilot/throttle": 0.0, "milliseconds": 35205}