{"cam/image_array": "2830_cam-image_array_.jpg", "user/angle": -0.09877000749111176, "user/throttle": 0.4772956371307373, "user/mode": "local", "pos/pos_x": 78.96404, "pos/pos_y": 0.5547692, "pos/pos_z": 33.06697, "pos/speed": 12.64643, "pos/cte": -7.052476, "pilot/angle": 0.0, "pilot/throttle": 0.0, "milliseconds": 141641}