{"cam/image_array": "5020_cam-image_array_.jpg", "user/angle": 0.15939265489578247, "user/throttle": 0.4528328776359558, "user/mode": "local", "pos/pos_x": 72.91222, "pos/pos_y": 0.5536334, "pos/pos_z": 71.04362, "pos/speed": 9.142403, "pos/cte": -4.783906, "pilot/angle": 0.0, "pilot/throttle": 0.0, "milliseconds": 251283}