{"cam/image_array": "150_cam-image_array_.jpg", "user/angle": -0.15067723393440247, "user/throttle": 0.8924105167388916, "user/mode": "local", "pos/pos_x": 71.25109, "pos/pos_y": 0.5548878, "pos/pos_z": 70.56008, "pos/speed": 9.815798, "pos/cte": -3.206739, "pilot/angle": 0.0, "pilot/throttle": 0.0, "milliseconds": 7469}