{"cam/image_array": "815_cam-image_array_.jpg", "user/angle": -0.08559367060661316, "user/throttle": 0.3604958951473236, "user/mode": "local", "pos/pos_x": 45.98106, "pos/pos_y": 0.552748, "pos/pos_z": 63.43085, "pos/speed": 12.5127, "pos/cte": -3.708939, "pilot/angle": 0.0, "pilot/throttle": 0.0, "milliseconds": 40761}