{"cam/image_array": "1363_cam-image_array_.jpg", "user/angle": 0.02241782285273075, "user/throttle": 0.1338498890399933, "user/mode": "local", "pos/pos_x": 84.05943, "pos/pos_y": 0.5559958, "pos/pos_z": 15.49915, "pos/speed": 12.26133, "pos/cte": -3.08032, "pilot/angle": 0.0, "pilot/throttle": 0.0, "milliseconds": 68197}