{"cam/image_array": "2280_cam-image_array_.jpg", "user/angle": -0.060367900878190994, "user/throttle": 0.9411851167678833, "user/mode": "local", "pos/pos_x": 45.17152, "pos/pos_y": 0.5551696, "pos/pos_z": 35.03846, "pos/speed": 13.4929, "pos/cte": -4.173417, "pilot/angle": 0.0, "pilot/throttle": 0.0, "milliseconds": 114106}