{"cam/image_array": "3795_cam-image_array_.jpg", "user/angle": 0.17020119726657867, "user/throttle": 0.3750193417072296, "user/mode": "local", "pos/pos_x": 44.59312, "pos/pos_y": 0.5555059, "pos/pos_z": 44.60818, "pos/speed": 14.27627, "pos/cte": -4.835301, "pilot/angle": 0.0, "pilot/throttle": 0.0, "milliseconds": 189953}