{"cam/image_array": "1955_cam-image_array_.jpg", "user/angle": 0.13285431265830994, "user/throttle": 0.4204016625881195, "user/mode": "local", "pos/pos_x": 49.83257, "pos/pos_y": 0.5520043, "pos/pos_z": 70.1439, "pos/speed": 11.08816, "pos/cte": 0.1425743, "pilot/angle": 0.0, "pilot/throttle": 0.0, "milliseconds": 97835}