{"cam/image_array": "179_cam-image_array_.jpg", "user/angle": 0.34083208441734314, "user/throttle": 0.7622346878051758, "user/mode": "local", "pos/pos_x": 77.33277, "pos/pos_y": 0.5532801, "pos/pos_z": 56.96576, "pos/speed": 11.43923, "pos/cte": 0.3221566, "pilot/angle": 0.0, "pilot/throttle": 0.0, "milliseconds": 8920}