{"cam/image_array": "1304_cam-image_array_.jpg", "user/angle": 0.026049580425024033, "user/throttle": 0.9161069393157959, "user/mode": "local", "pos/pos_x": 78.91807, "pos/pos_y": 0.5544963, "pos/pos_z": 50.56689, "pos/speed": 11.51421, "pos/cte": -0.8173426, "pilot/angle": 0.0, "pilot/throttle": 0.0, "milliseconds": 65244}