{"cam/image_array": "757_cam-image_array_.jpg", "user/angle": 0.05509210005402565, "user/throttle": 0.8565381765365601, "user/mode": "local", "pos/pos_x": 46.16317, "pos/pos_y": 0.5553516, "pos/pos_z": 24.68981, "pos/speed": 12.51977, "pos/cte": -3.21385, "pilot/angle": 0.0, "pilot/throttle": 0.0, "milliseconds": 37858}