{"cam/image_array": "1705_cam-image_array_.jpg", "user/angle": -0.1326262354850769, "user/throttle": 0.36938679218292236, "user/mode": "local", "pos/pos_x": 79.45101, "pos/pos_y": 0.554948, "pos/pos_z": 30.16953, "pos/speed": 12.95527, "pos/cte": -7.347171, "pilot/angle": 0.0, "pilot/throttle": 0.0, "milliseconds": 85319}