{"cam/image_array": "690_cam-image_array_.jpg", "user/angle": 0.20374472439289093, "user/throttle": 0.5900263786315918, "user/mode": "local", "pos/pos_x": 64.34618, "pos/pos_y": 0.5568345, "pos/pos_z": -6.244181, "pos/speed": 10.39919, "pos/cte": -2.445873, "pilot/angle": 0.0, "pilot/throttle": 0.0, "milliseconds": 34503}