{"cam/image_array": "4244_cam-image_array_.jpg", "user/angle": 0.8418788909912109, "user/throttle": 0.9113956689834595, "user/mode": "local", "pos/pos_x": 68.03268, "pos/pos_y": 0.5527899, "pos/pos_z": 75.22852, "pos/speed": 9.037631, "pos/cte": -3.791348, "pilot/angle": 0.0, "pilot/throttle": 0.0, "milliseconds": 212432}