{"cam/image_array": "4707_cam-image_array_.jpg", "user/angle": -0.2718231976032257, "user/throttle": 0.7579576969146729, "user/mode": "local", "pos/pos_x": 78.09735, "pos/pos_y": 0.5587545, "pos/pos_z": 44.77386, "pos/speed": 12.15842, "pos/cte": -2.391256, "pilot/angle": 0.0, "pilot/throttle": 0.0, "milliseconds": 235613}