{"cam/image_array": "4401_cam-image_array_.jpg", "user/angle": 1.0063596963882446, "user/throttle": 0.5726650953292847, "user/mode": "local", "pos/pos_x": 84.68398, "pos/pos_y": 0.5548663, "pos/pos_z": -5.641322, "pos/speed": 9.285193, "pos/cte": -2.736907, "pilot/angle": 0.0, "pilot/throttle": 0.0, "milliseconds": 220292}