{"cam/image_array": "1490_cam-image_array_.jpg", "user/angle": 0.11215685307979584, "user/throttle": 0.7769577503204346, "user/mode": "local", "pos/pos_x": 49.12643, "pos/pos_y": 0.5555996, "pos/pos_z": 14.1987, "pos/speed": 11.67094, "pos/cte": -0.7110265, "pilot/angle": 0.0, "pilot/throttle": 0.0, "milliseconds": 74555}