{"cam/image_array": "2981_cam-image_array_.jpg", "user/angle": 0.16981036961078644, "user/throttle": 0.7936536073684692, "user/mode": "local", "pos/pos_x": 51.79095, "pos/pos_y": 0.5569739, "pos/pos_z": 7.644768, "pos/speed": 10.95356, "pos/cte": 1.665084, "pilot/angle": 0.0, "pilot/throttle": 0.0, "milliseconds": 149201}