{"cam/image_array": "4265_cam-image_array_.jpg", "user/angle": -0.013074371963739395, "user/throttle": 0.6215672492980957, "user/mode": "local", "pos/pos_x": 73.75256, "pos/pos_y": 0.5556915, "pos/pos_z": 68.3934, "pos/speed": 9.218839, "pos/cte": -3.701728, "pilot/angle": 0.0, "pilot/throttle": 0.0, "milliseconds": 213484}