{"cam/image_array": "4764_cam-image_array_.jpg", "user/angle": 0.33425548672676086, "user/throttle": 0.07265755534172058, "user/mode": "local", "pos/pos_x": 84.90252, "pos/pos_y": 0.555715, "pos/pos_z": 10.48722, "pos/speed": 11.73862, "pos/cte": -0.09649163, "pilot/angle": 0.0, "pilot/throttle": 0.0, "milliseconds": 238467}