{"cam/image_array": "2560_cam-image_array_.jpg", "user/angle": 0.09804487228393555, "user/throttle": 0.6166743040084839, "user/mode": "local", "pos/pos_x": 68.48349, "pos/pos_y": 0.5549648, "pos/pos_z": -6.612253, "pos/speed": 9.85599, "pos/cte": -2.850035, "pilot/angle": 0.0, "pilot/throttle": 0.0, "milliseconds": 128124}