{"cam/image_array": "2181_cam-image_array_.jpg", "user/angle": 0.12167474627494812, "user/throttle": 0.6487230062484741, "user/mode": "local", "pos/pos_x": 72.13554, "pos/pos_y": 0.5583956, "pos/pos_z": -9.30173, "pos/speed": 9.949612, "pos/cte": -5.57128, "pilot/angle": 0.0, "pilot/throttle": 0.0, "milliseconds": 109149}