{"cam/image_array": "5671_cam-image_array_.jpg", "user/angle": 0.2090105414390564, "user/throttle": 0.14307551085948944, "user/mode": "local", "pos/pos_x": 44.61568, "pos/pos_y": 0.5559679, "pos/pos_z": 46.09969, "pos/speed": 14.10613, "pos/cte": -4.825758, "pilot/angle": 0.0, "pilot/throttle": 0.0, "milliseconds": 283875}