{"cam/image_array": "5601_cam-image_array_.jpg", "user/angle": 0.12363405525684357, "user/throttle": 0.7697951793670654, "user/mode": "local", "pos/pos_x": 53.78949, "pos/pos_y": 0.557067, "pos/pos_z": 3.408261, "pos/speed": 10.6615, "pos/cte": 3.040488, "pilot/angle": 0.0, "pilot/throttle": 0.0, "milliseconds": 280371}