{"cam/image_array": "3881_cam-image_array_.jpg", "user/angle": 0.39476343989372253, "user/throttle": 0.5610634088516235, "user/mode": "local", "pos/pos_x": 70.85693, "pos/pos_y": 0.5531096, "pos/pos_z": 73.54478, "pos/speed": 9.090496, "pos/cte": -4.845428, "pilot/angle": 0.0, "pilot/throttle": 0.0, "milliseconds": 194259}