{"cam/image_array": "4497_cam-image_array_.jpg", "user/angle": 0.10658517479896545, "user/throttle": 0.7122867107391357, "user/mode": "local", "pos/pos_x": 48.48048, "pos/pos_y": 0.5549061, "pos/pos_z": 14.72859, "pos/speed": 11.51916, "pos/cte": -1.333245, "pilot/angle": 0.0, "pilot/throttle": 0.0, "milliseconds": 225100}