{"cam/image_array": "2480_cam-image_array_.jpg", "user/angle": -0.10622003674507141, "user/throttle": 0.30717113614082336, "user/mode": "local", "pos/pos_x": 83.38615, "pos/pos_y": 0.5553864, "pos/pos_z": 17.63621, "pos/speed": 12.8433, "pos/cte": -4.132676, "pilot/angle": 0.0, "pilot/throttle": 0.0, "milliseconds": 124119}