{"cam/image_array": "4679_cam-image_array_.jpg", "user/angle": 0.47417524456977844, "user/throttle": 0.6933269500732422, "user/mode": "local", "pos/pos_x": 76.41654, "pos/pos_y": 0.5561926, "pos/pos_z": 60.6748, "pos/speed": 10.62289, "pos/cte": -0.7146007, "pilot/angle": 0.0, "pilot/throttle": 0.0, "milliseconds": 234211}