{"cam/image_array": "5034_cam-image_array_.jpg", "user/angle": -0.03171350061893463, "user/throttle": 0.8072086572647095, "user/mode": "local", "pos/pos_x": 75.43999, "pos/pos_y": 0.554091, "pos/pos_z": 65.06599, "pos/speed": 9.474173, "pos/cte": -2.823878, "pilot/angle": 0.0, "pilot/throttle": 0.0, "milliseconds": 251984}