{"cam/image_array": "274_cam-image_array_.jpg", "user/angle": 0.8300197124481201, "user/throttle": 0.6872353553771973, "user/mode": "local", "pos/pos_x": 83.50158, "pos/pos_y": 0.553673, "pos/pos_z": -0.2989493, "pos/speed": 10.72311, "pos/cte": 2.548776, "pilot/angle": 0.0, "pilot/throttle": 0.0, "milliseconds": 13677}