{"cam/image_array": "1086_cam-image_array_.jpg", "user/angle": 0.36349740624427795, "user/throttle": 0.5270384550094604, "user/mode": "local", "pos/pos_x": 58.79087, "pos/pos_y": 0.5548721, "pos/pos_z": -2.873377, "pos/speed": 10.48213, "pos/cte": 0.7915868, "pilot/angle": 0.0, "pilot/throttle": 0.0, "milliseconds": 54329}