{"cam/image_array": "4953_cam-image_array_.jpg", "user/angle": 0.25416284799575806, "user/throttle": 0.3120097517967224, "user/mode": "local", "pos/pos_x": 45.29587, "pos/pos_y": 0.5528823, "pos/pos_z": 61.40314, "pos/speed": 12.8635, "pos/cte": -4.394127, "pilot/angle": 0.0, "pilot/throttle": 0.0, "milliseconds": 247929}