{"cam/image_array": "2797_cam-image_array_.jpg", "user/angle": -0.052305180579423904, "user/throttle": 1.0017483234405518, "user/mode": "local", "pos/pos_x": 78.26727, "pos/pos_y": 0.5548337, "pos/pos_z": 52.67382, "pos/speed": 10.69518, "pos/cte": 0.0895659, "pilot/angle": 0.0, "pilot/throttle": 0.0, "milliseconds": 139989}