{"cam/image_array": "5177_cam-image_array_.jpg", "user/angle": 0.029283326119184494, "user/throttle": 0.9285459518432617, "user/mode": "local", "pos/pos_x": 75.39632, "pos/pos_y": 0.5537226, "pos/pos_z": -9.322032, "pos/speed": 9.578944, "pos/cte": -5.620037, "pilot/angle": 0.0, "pilot/throttle": 0.0, "milliseconds": 259144}