{"cam/image_array": "1285_cam-image_array_.jpg", "user/angle": 0.16957411170005798, "user/throttle": 0.8286666870117188, "user/mode": "local", "pos/pos_x": 77.11124, "pos/pos_y": 0.5553918, "pos/pos_z": 60.8342, "pos/speed": 10.30796, "pos/cte": -1.346379, "pilot/angle": 0.0, "pilot/throttle": 0.0, "milliseconds": 64292}