{"cam/image_array": "4742_cam-image_array_.jpg", "user/angle": -0.01127302274107933, "user/throttle": 0.3236364722251892, "user/mode": "local", "pos/pos_x": 81.35353, "pos/pos_y": 0.5539436, "pos/pos_z": 23.53915, "pos/speed": 12.78009, "pos/cte": -6.636423, "pilot/angle": 0.0, "pilot/throttle": 0.0, "milliseconds": 237365}