{"cam/image_array": "416_cam-image_array_.jpg", "user/angle": 0.3160650432109833, "user/throttle": 0.2036726325750351, "user/mode": "local", "pos/pos_x": 44.4679, "pos/pos_y": 0.5559923, "pos/pos_z": 45.43731, "pos/speed": 14.2489, "pos/cte": -4.96775, "pilot/angle": 0.0, "pilot/throttle": 0.0, "milliseconds": 20786}