{"cam/image_array": "5242_cam-image_array_.jpg", "user/angle": 0.03743981570005417, "user/throttle": 0.7593593597412109, "user/mode": "local", "pos/pos_x": 50.55248, "pos/pos_y": 0.5574305, "pos/pos_z": 10.19732, "pos/speed": 11.50067, "pos/cte": 0.5391276, "pilot/angle": 0.0, "pilot/throttle": 0.0, "milliseconds": 262397}