{"cam/image_array": "2707_cam-image_array_.jpg", "user/angle": 0.32119467854499817, "user/throttle": 0.2634245753288269, "user/mode": "local", "pos/pos_x": 51.34366, "pos/pos_y": 0.5534658, "pos/pos_z": 70.93657, "pos/speed": 11.41523, "pos/cte": 1.65366, "pilot/angle": 0.0, "pilot/throttle": 0.0, "milliseconds": 135483}