{"cam/image_array": "5147_cam-image_array_.jpg", "user/angle": 1.137863039970398, "user/throttle": 0.31570005416870117, "user/mode": "local", "pos/pos_x": 86.66807, "pos/pos_y": 0.5536491, "pos/pos_z": -1.039835, "pos/speed": 10.5678, "pos/cte": -0.1456552, "pilot/angle": 0.0, "pilot/throttle": 0.0, "milliseconds": 257641}