{"cam/image_array": "2979_cam-image_array_.jpg", "user/angle": 0.15617765486240387, "user/throttle": 0.7226812839508057, "user/mode": "local", "pos/pos_x": 52.30199, "pos/pos_y": 0.5561818, "pos/pos_z": 6.688814, "pos/speed": 10.75756, "pos/cte": 2.133932, "pilot/angle": 0.0, "pilot/throttle": 0.0, "milliseconds": 149101}