{"cam/image_array": "4653_cam-image_array_.jpg", "user/angle": 0.14935149252414703, "user/throttle": 0.5244389176368713, "user/mode": "local", "pos/pos_x": 71.61313, "pos/pos_y": 0.5584177, "pos/pos_z": 72.60941, "pos/speed": 9.151374, "pos/cte": -4.812963, "pilot/angle": 0.0, "pilot/throttle": 0.0, "milliseconds": 232909}