{"cam/image_array": "1749_cam-image_array_.jpg", "user/angle": 1.1425633430480957, "user/throttle": 0.5923378467559814, "user/mode": "local", "pos/pos_x": 88.46595, "pos/pos_y": 0.5526544, "pos/pos_z": 3.641795, "pos/speed": 11.29121, "pos/cte": -0.2765357, "pilot/angle": 0.0, "pilot/throttle": 0.0, "milliseconds": 87522}