{"cam/image_array": "4382_cam-image_array_.jpg", "user/angle": 1.074055790901184, "user/throttle": 0.7923070192337036, "user/mode": "local", "pos/pos_x": 88.35999, "pos/pos_y": 0.5538688, "pos/pos_z": 2.971167, "pos/speed": 10.58008, "pos/cte": -0.1647218, "pilot/angle": 0.0, "pilot/throttle": 0.0, "milliseconds": 219341}