{"cam/image_array": "340_cam-image_array_.jpg", "user/angle": 0.21242696046829224, "user/throttle": 0.6187671422958374, "user/mode": "local", "pos/pos_x": 56.11372, "pos/pos_y": 0.5532875, "pos/pos_z": 0.4840309, "pos/speed": 10.57907, "pos/cte": 2.872692, "pilot/angle": 0.0, "pilot/throttle": 0.0, "milliseconds": 16981}