{"cam/image_array": "1322_cam-image_array_.jpg", "user/angle": -0.2539168894290924, "user/throttle": 0.8649947643280029, "user/mode": "local", "pos/pos_x": 77.88847, "pos/pos_y": 0.5584569, "pos/pos_z": 39.82438, "pos/speed": 12.46094, "pos/cte": -4.529077, "pilot/angle": 0.0, "pilot/throttle": 0.0, "milliseconds": 66144}