{"cam/image_array": "429_cam-image_array_.jpg", "user/angle": 0.6047829985618591, "user/throttle": 0.3759983479976654, "user/mode": "local", "pos/pos_x": 43.6908, "pos/pos_y": 0.5564886, "pos/pos_z": 53.94001, "pos/speed": 13.93359, "pos/cte": -5.999203, "pilot/angle": 0.0, "pilot/throttle": 0.0, "milliseconds": 21436}