{"cam/image_array": "3368_cam-image_array_.jpg", "user/angle": 0.12797513604164124, "user/throttle": 0.688535213470459, "user/mode": "local", "pos/pos_x": 49.39814, "pos/pos_y": 0.5545064, "pos/pos_z": 12.14504, "pos/speed": 10.8973, "pos/cte": -0.5291584, "pilot/angle": 0.0, "pilot/throttle": 0.0, "milliseconds": 168576}