{"cam/image_array": "4541_cam-image_array_.jpg", "user/angle": 0.0163537859916687, "user/throttle": 0.5914225578308105, "user/mode": "local", "pos/pos_x": 45.42495, "pos/pos_y": 0.5554413, "pos/pos_z": 41.77669, "pos/speed": 13.37626, "pos/cte": -3.978789, "pilot/angle": 0.0, "pilot/throttle": 0.0, "milliseconds": 227302}