{"cam/image_array": "920_cam-image_array_.jpg", "user/angle": 0.08363571763038635, "user/throttle": 0.9179897308349609, "user/mode": "local", "pos/pos_x": 78.98877, "pos/pos_y": 0.5545316, "pos/pos_z": 52.89082, "pos/speed": 11.07135, "pos/cte": -0.6338049, "pilot/angle": 0.0, "pilot/throttle": 0.0, "milliseconds": 46019}