{"cam/image_array": "1690_cam-image_array_.jpg", "user/angle": -0.07374124228954315, "user/throttle": 0.6764167547225952, "user/mode": "local", "pos/pos_x": 78.26789, "pos/pos_y": 0.5533487, "pos/pos_z": 39.03466, "pos/speed": 12.54511, "pos/cte": -5.201828, "pilot/angle": 0.0, "pilot/throttle": 0.0, "milliseconds": 84568}