{"cam/image_array": "2537_cam-image_array_.jpg", "user/angle": 0.40437206625938416, "user/throttle": 0.8398550748825073, "user/mode": "local", "pos/pos_x": 78.70489, "pos/pos_y": 0.5524662, "pos/pos_z": -7.90997, "pos/speed": 8.980856, "pos/cte": -4.236901, "pilot/angle": 0.0, "pilot/throttle": 0.0, "milliseconds": 126972}