{"cam/image_array": "2062_cam-image_array_.jpg", "user/angle": -0.009691540151834488, "user/throttle": 0.6696096658706665, "user/mode": "local", "pos/pos_x": 78.08626, "pos/pos_y": 0.5551398, "pos/pos_z": 41.70304, "pos/speed": 12.48961, "pos/cte": -3.893746, "pilot/angle": 0.0, "pilot/throttle": 0.0, "milliseconds": 103192}