{"cam/image_array": "6_cam-image_array_.jpg", "user/angle": 0.012058151885867119, "user/throttle": 0.44329771399497986, "user/mode": "local", "pos/pos_x": 49.69001, "pos/pos_y": 0.5552018, "pos/pos_z": 47.83968, "pos/speed": 0.09178535, "pos/cte": 7.629395e-06, "pilot/angle": 0.0, "pilot/throttle": 0.0, "milliseconds": 260}