{"cam/image_array": "1455_cam-image_array_.jpg", "user/angle": 0.5222101807594299, "user/throttle": 0.6098490953445435, "user/mode": "local", "pos/pos_x": 58.50187, "pos/pos_y": 0.5523984, "pos/pos_z": -2.316867, "pos/speed": 10.38683, "pos/cte": 1.286113, "pilot/angle": 0.0, "pilot/throttle": 0.0, "milliseconds": 72803}