{"cam/image_array": "1508_cam-image_array_.jpg", "user/angle": 0.08829164505004883, "user/throttle": 0.8267104625701904, "user/mode": "local", "pos/pos_x": 46.33109, "pos/pos_y": 0.5550843, "pos/pos_z": 24.5688, "pos/speed": 12.14335, "pos/cte": -3.051372, "pilot/angle": 0.0, "pilot/throttle": 0.0, "milliseconds": 75458}