{"cam/image_array": "3405_cam-image_array_.jpg", "user/angle": -0.06057475134730339, "user/throttle": 0.8191754817962646, "user/mode": "local", "pos/pos_x": 45.27967, "pos/pos_y": 0.5553144, "pos/pos_z": 33.58535, "pos/speed": 12.85683, "pos/cte": -4.052584, "pilot/angle": 0.0, "pilot/throttle": 0.0, "milliseconds": 170429}