{"cam/image_array": "4610_cam-image_array_.jpg", "user/angle": 0.7871164679527283, "user/throttle": 0.03092712163925171, "user/mode": "local", "pos/pos_x": 57.34986, "pos/pos_y": 0.5553149, "pos/pos_z": 79.72993, "pos/speed": 9.119885, "pos/cte": -1.43638, "pilot/angle": 0.0, "pilot/throttle": 0.0, "milliseconds": 230756}