{"cam/image_array": "2647_cam-image_array_.jpg", "user/angle": -0.06320150196552277, "user/throttle": 0.8324457406997681, "user/mode": "local", "pos/pos_x": 45.60165, "pos/pos_y": 0.5557867, "pos/pos_z": 32.58763, "pos/speed": 12.8581, "pos/cte": -3.721914, "pilot/angle": 0.0, "pilot/throttle": 0.0, "milliseconds": 132479}