{"cam/image_array": "2284_cam-image_array_.jpg", "user/angle": -0.03084752708673477, "user/throttle": 0.8444558382034302, "user/mode": "local", "pos/pos_x": 45.02204, "pos/pos_y": 0.555688, "pos/pos_z": 37.77419, "pos/speed": 13.73183, "pos/cte": -4.346759, "pilot/angle": 0.0, "pilot/throttle": 0.0, "milliseconds": 114306}