{"cam/image_array": "5234_cam-image_array_.jpg", "user/angle": 0.1053604930639267, "user/throttle": 0.7734153270721436, "user/mode": "local", "pos/pos_x": 52.37976, "pos/pos_y": 0.5530109, "pos/pos_z": 6.053486, "pos/speed": 11.03265, "pos/cte": 2.307219, "pilot/angle": 0.0, "pilot/throttle": 0.0, "milliseconds": 261997}