{"cam/image_array": "2047_cam-image_array_.jpg", "user/angle": -0.11729085445404053, "user/throttle": 0.8770347833633423, "user/mode": "local", "pos/pos_x": 78.11602, "pos/pos_y": 0.5573567, "pos/pos_z": 50.60417, "pos/speed": 11.47288, "pos/cte": -0.02014063, "pilot/angle": 0.0, "pilot/throttle": 0.0, "milliseconds": 102440}