{"cam/image_array": "4190_cam-image_array_.jpg", "user/angle": 0.29790183901786804, "user/throttle": 0.18728888034820557, "user/mode": "local", "pos/pos_x": 45.37897, "pos/pos_y": 0.5507017, "pos/pos_z": 61.05497, "pos/speed": 12.90537, "pos/cte": -4.311028, "pilot/angle": 0.0, "pilot/throttle": 0.0, "milliseconds": 209729}