{"cam/image_array": "3933_cam-image_array_.jpg", "user/angle": -0.06820589303970337, "user/throttle": 0.6966234445571899, "user/mode": "local", "pos/pos_x": 78.84245, "pos/pos_y": 0.558581, "pos/pos_z": 48.12284, "pos/speed": 11.64902, "pos/cte": -1.464283, "pilot/angle": 0.0, "pilot/throttle": 0.0, "milliseconds": 196862}