{"cam/image_array": "4725_cam-image_array_.jpg", "user/angle": -0.1098531186580658, "user/throttle": 0.4719768464565277, "user/mode": "local", "pos/pos_x": 78.85188, "pos/pos_y": 0.5545281, "pos/pos_z": 33.52037, "pos/speed": 12.89621, "pos/cte": -6.905082, "pilot/angle": 0.0, "pilot/throttle": 0.0, "milliseconds": 236514}