{"cam/image_array": "4230_cam-image_array_.jpg", "user/angle": 0.9351426959037781, "user/throttle": 0.37625840306282043, "user/mode": "local", "pos/pos_x": 60.46616, "pos/pos_y": 0.5531126, "pos/pos_z": 76.18017, "pos/speed": 10.21526, "pos/cte": 1.094769, "pilot/angle": 0.0, "pilot/throttle": 0.0, "milliseconds": 211732}