{"cam/image_array": "5162_cam-image_array_.jpg", "user/angle": 0.8806546330451965, "user/throttle": 0.8973177671432495, "user/mode": "local", "pos/pos_x": 82.76829, "pos/pos_y": 0.5535501, "pos/pos_z": -6.816107, "pos/speed": 9.513411, "pos/cte": -3.350686, "pilot/angle": 0.0, "pilot/throttle": 0.0, "milliseconds": 258392}