{"cam/image_array": "2027_cam-image_array_.jpg", "user/angle": 0.2770179212093353, "user/throttle": 0.8780900239944458, "user/mode": "local", "pos/pos_x": 76.33092, "pos/pos_y": 0.5562649, "pos/pos_z": 61.18385, "pos/speed": 10.17592, "pos/cte": -0.9801024, "pilot/angle": 0.0, "pilot/throttle": 0.0, "milliseconds": 101439}