{"cam/image_array": "3525_cam-image_array_.jpg", "user/angle": -0.011617522686719894, "user/throttle": 0.5218514204025269, "user/mode": "local", "pos/pos_x": 73.86711, "pos/pos_y": 0.5588237, "pos/pos_z": 68.06321, "pos/speed": 9.185578, "pos/cte": -3.574388, "pilot/angle": 0.0, "pilot/throttle": 0.0, "milliseconds": 176436}