{"cam/image_array": "28_cam-image_array_.jpg", "user/angle": -0.12871861457824707, "user/throttle": 0.5962809324264526, "user/mode": "local", "pos/pos_x": 49.60494, "pos/pos_y": 0.5574383, "pos/pos_z": 50.85365, "pos/speed": 5.185185, "pos/cte": -0.08506012, "pilot/angle": 0.0, "pilot/throttle": 0.0, "milliseconds": 1361}