{"cam/image_array": "1345_cam-image_array_.jpg", "user/angle": -0.016475949436426163, "user/throttle": 0.3836419880390167, "user/mode": "local", "pos/pos_x": 81.04958, "pos/pos_y": 0.5551508, "pos/pos_z": 25.02255, "pos/speed": 12.53709, "pos/cte": -7.154347, "pilot/angle": 0.0, "pilot/throttle": 0.0, "milliseconds": 67296}