{"cam/image_array": "1051_cam-image_array_.jpg", "user/angle": 0.11962506175041199, "user/throttle": 0.85027015209198, "user/mode": "local", "pos/pos_x": 75.57816, "pos/pos_y": 0.5516862, "pos/pos_z": -9.689606, "pos/speed": 9.417444, "pos/cte": -5.989183, "pilot/angle": 0.0, "pilot/throttle": 0.0, "milliseconds": 52577}