{"cam/image_array": "3035_cam-image_array_.jpg", "user/angle": 0.018980566412210464, "user/throttle": 0.659477710723877, "user/mode": "local", "pos/pos_x": 45.31414, "pos/pos_y": 0.5556762, "pos/pos_z": 38.24592, "pos/speed": 13.56758, "pos/cte": -4.058788, "pilot/angle": 0.0, "pilot/throttle": 0.0, "milliseconds": 151905}