{"cam/image_array": "2605_cam-image_array_.jpg", "user/angle": 0.10572361946105957, "user/throttle": 0.6972318887710571, "user/mode": "local", "pos/pos_x": 51.29371, "pos/pos_y": 0.5534672, "pos/pos_z": 8.362487, "pos/speed": 11.03753, "pos/cte": 1.199618, "pilot/angle": 0.0, "pilot/throttle": 0.0, "milliseconds": 130376}