{"cam/image_array": "4508_cam-image_array_.jpg", "user/angle": 0.16777627170085907, "user/throttle": 0.7209873199462891, "user/mode": "local", "pos/pos_x": 46.72142, "pos/pos_y": 0.556711, "pos/pos_z": 20.32595, "pos/speed": 11.89998, "pos/cte": -2.846478, "pilot/angle": 0.0, "pilot/throttle": 0.0, "milliseconds": 225650}