{"cam/image_array": "324_cam-image_array_.jpg", "user/angle": 0.2809019386768341, "user/throttle": 0.6081559658050537, "user/mode": "local", "pos/pos_x": 62.46412, "pos/pos_y": 0.5526471, "pos/pos_z": -4.54495, "pos/speed": 10.21745, "pos/cte": -0.7302832, "pilot/angle": 0.0, "pilot/throttle": 0.0, "milliseconds": 16180}