{"cam/image_array": "5065_cam-image_array_.jpg", "user/angle": -0.03505704179406166, "user/throttle": 0.7081763744354248, "user/mode": "local", "pos/pos_x": 78.70859, "pos/pos_y": 0.5576781, "pos/pos_z": 48.50689, "pos/speed": 11.9388, "pos/cte": -1.209903, "pilot/angle": 0.0, "pilot/throttle": 0.0, "milliseconds": 253536}