{"cam/image_array": "1178_cam-image_array_.jpg", "user/angle": 0.5278835892677307, "user/throttle": 0.2649374008178711, "user/mode": "local", "pos/pos_x": 43.75586, "pos/pos_y": 0.5592503, "pos/pos_z": 49.76926, "pos/speed": 14.13699, "pos/cte": -5.934143, "pilot/angle": 0.0, "pilot/throttle": 0.0, "milliseconds": 58935}