{"cam/image_array": "4000_cam-image_array_.jpg", "user/angle": 0.821108341217041, "user/throttle": 0.13470742106437683, "user/mode": "local", "pos/pos_x": 87.61823, "pos/pos_y": 0.5541157, "pos/pos_z": 8.058303, "pos/speed": 11.8279, "pos/cte": -0.5497174, "pilot/angle": 0.0, "pilot/throttle": 0.0, "milliseconds": 200216}