{"cam/image_array": "4233_cam-image_array_.jpg", "user/angle": 0.822472870349884, "user/throttle": 0.1407211273908615, "user/mode": "local", "pos/pos_x": 62.48857, "pos/pos_y": 0.5525253, "pos/pos_z": 76.39189, "pos/speed": 10.04624, "pos/cte": -0.3311232, "pilot/angle": 0.0, "pilot/throttle": 0.0, "milliseconds": 211881}