{"cam/image_array": "4516_cam-image_array_.jpg", "user/angle": 0.10385146737098694, "user/throttle": 0.742650032043457, "user/mode": "local", "pos/pos_x": 45.88056, "pos/pos_y": 0.553881, "pos/pos_z": 25.06664, "pos/speed": 12.20366, "pos/cte": -3.479756, "pilot/angle": 0.0, "pilot/throttle": 0.0, "milliseconds": 226051}