{"cam/image_array": "1541_cam-image_array_.jpg", "user/angle": 0.060907404869794846, "user/throttle": 0.24131950736045837, "user/mode": "local", "pos/pos_x": 44.51886, "pos/pos_y": 0.5554596, "pos/pos_z": 46.38489, "pos/speed": 14.12421, "pos/cte": -4.925059, "pilot/angle": 0.0, "pilot/throttle": 0.0, "milliseconds": 77109}