{"cam/image_array": "2705_cam-image_array_.jpg", "user/angle": 0.40593796968460083, "user/throttle": 0.25418663024902344, "user/mode": "local", "pos/pos_x": 50.62586, "pos/pos_y": 0.555609, "pos/pos_z": 70.03736, "pos/speed": 11.61295, "pos/cte": 0.9358597, "pilot/angle": 0.0, "pilot/throttle": 0.0, "milliseconds": 135383}