{"cam/image_array": "4577_cam-image_array_.jpg", "user/angle": 0.008118676021695137, "user/throttle": 0.1473536193370819, "user/mode": "local", "pos/pos_x": 49.19505, "pos/pos_y": 0.5561873, "pos/pos_z": 64.64359, "pos/speed": 12.51129, "pos/cte": -0.4949493, "pilot/angle": 0.0, "pilot/throttle": 0.0, "milliseconds": 229104}