{"cam/image_array": "384_cam-image_array_.jpg", "user/angle": 0.05869673565030098, "user/throttle": 0.818933367729187, "user/mode": "local", "pos/pos_x": 45.88118, "pos/pos_y": 0.5548822, "pos/pos_z": 24.05608, "pos/speed": 12.418, "pos/cte": -3.523222, "pilot/angle": 0.0, "pilot/throttle": 0.0, "milliseconds": 19184}