{"cam/image_array": "3152_cam-image_array_.jpg", "user/angle": 0.26345524191856384, "user/throttle": 0.5827374458312988, "user/mode": "local", "pos/pos_x": 75.79453, "pos/pos_y": 0.5568805, "pos/pos_z": 62.18052, "pos/speed": 9.758644, "pos/cte": -1.219503, "pilot/angle": 0.0, "pilot/throttle": 0.0, "milliseconds": 157762}