{"cam/image_array": "3938_cam-image_array_.jpg", "user/angle": -0.25295478105545044, "user/throttle": 0.929167628288269, "user/mode": "local", "pos/pos_x": 78.64735, "pos/pos_y": 0.5523631, "pos/pos_z": 45.77133, "pos/speed": 11.88415, "pos/cte": -2.378779, "pilot/angle": 0.0, "pilot/throttle": 0.0, "milliseconds": 197113}