{"cam/image_array": "753_cam-image_array_.jpg", "user/angle": 0.18436546623706818, "user/throttle": 0.7235983610153198, "user/mode": "local", "pos/pos_x": 46.58132, "pos/pos_y": 0.5559767, "pos/pos_z": 22.23918, "pos/speed": 12.32755, "pos/cte": -2.902994, "pilot/angle": 0.0, "pilot/throttle": 0.0, "milliseconds": 37657}