{"cam/image_array": "2156_cam-image_array_.jpg", "user/angle": 0.5768446326255798, "user/throttle": 0.7348979711532593, "user/mode": "local", "pos/pos_x": 83.20031, "pos/pos_y": 0.5537884, "pos/pos_z": -9.694354, "pos/speed": 9.273462, "pos/cte": -6.239706, "pilot/angle": 0.0, "pilot/throttle": 0.0, "milliseconds": 107897}