{"cam/image_array": "3506_cam-image_array_.jpg", "user/angle": 0.7026984095573425, "user/throttle": 0.7595705986022949, "user/mode": "local", "pos/pos_x": 69.46237, "pos/pos_y": 0.5530492, "pos/pos_z": 74.64964, "pos/speed": 8.648462, "pos/cte": -4.502543, "pilot/angle": 0.0, "pilot/throttle": 0.0, "milliseconds": 175485}