{"cam/image_array": "3172_cam-image_array_.jpg", "user/angle": -0.038679543882608414, "user/throttle": 1.0099151134490967, "user/mode": "local", "pos/pos_x": 78.02889, "pos/pos_y": 0.5554739, "pos/pos_z": 52.47131, "pos/speed": 10.34205, "pos/cte": 0.3296971, "pilot/angle": 0.0, "pilot/throttle": 0.0, "milliseconds": 158763}