{"cam/image_array": "3614_cam-image_array_.jpg", "user/angle": 0.10162128508090973, "user/throttle": 0.22847333550453186, "user/mode": "local", "pos/pos_x": 83.4549, "pos/pos_y": 0.5551777, "pos/pos_z": 17.03569, "pos/speed": 13.21953, "pos/cte": -3.752537, "pilot/angle": 0.0, "pilot/throttle": 0.0, "milliseconds": 180892}