{"cam/image_array": "5689_cam-image_array_.jpg", "user/angle": 0.23357591032981873, "user/throttle": 0.5746892690658569, "user/mode": "local", "pos/pos_x": 44.33909, "pos/pos_y": 0.5539327, "pos/pos_z": 57.21025, "pos/speed": 13.34763, "pos/cte": -5.35091, "pilot/angle": 0.0, "pilot/throttle": 0.0, "milliseconds": 284776}