{"cam/image_array": "4658_cam-image_array_.jpg", "user/angle": -0.10617074370384216, "user/throttle": 0.792076826095581, "user/mode": "local", "pos/pos_x": 72.30483, "pos/pos_y": 0.5544327, "pos/pos_z": 70.88347, "pos/speed": 9.343098, "pos/cte": -4.218033, "pilot/angle": 0.0, "pilot/throttle": 0.0, "milliseconds": 233159}