{"cam/image_array": "3780_cam-image_array_.jpg", "user/angle": -0.05657540634274483, "user/throttle": 0.8932628631591797, "user/mode": "local", "pos/pos_x": 45.25622, "pos/pos_y": 0.5551335, "pos/pos_z": 34.86843, "pos/speed": 13.54909, "pos/cte": -4.087235, "pilot/angle": 0.0, "pilot/throttle": 0.0, "milliseconds": 189202}