{"cam/image_array": "3757_cam-image_array_.jpg", "user/angle": 0.16029402613639832, "user/throttle": 0.7437602281570435, "user/mode": "local", "pos/pos_x": 47.11958, "pos/pos_y": 0.5560118, "pos/pos_z": 20.13603, "pos/speed": 12.35712, "pos/cte": -2.456983, "pilot/angle": 0.0, "pilot/throttle": 0.0, "milliseconds": 188051}