{"cam/image_array": "432_cam-image_array_.jpg", "user/angle": 0.6380177140235901, "user/throttle": 0.31758826971054077, "user/mode": "local", "pos/pos_x": 43.7008, "pos/pos_y": 0.549718, "pos/pos_z": 55.33305, "pos/speed": 13.89266, "pos/cte": -5.989197, "pilot/angle": 0.0, "pilot/throttle": 0.0, "milliseconds": 21587}