{"cam/image_array": "5468_cam-image_array_.jpg", "user/angle": -0.34590381383895874, "user/throttle": 0.5412691831588745, "user/mode": "local", "pos/pos_x": 78.93394, "pos/pos_y": 0.5525825, "pos/pos_z": 29.87864, "pos/speed": 12.88021, "pos/cte": -6.804596, "pilot/angle": 0.0, "pilot/throttle": 0.0, "milliseconds": 273712}