{"cam/image_array": "2969_cam-image_array_.jpg", "user/angle": 0.12162154912948608, "user/throttle": 0.7808644771575928, "user/mode": "local", "pos/pos_x": 55.22635, "pos/pos_y": 0.5585923, "pos/pos_z": 1.90398, "pos/speed": 10.10329, "pos/cte": 3.335575, "pilot/angle": 0.0, "pilot/throttle": 0.0, "milliseconds": 148600}