{"cam/image_array": "258_cam-image_array_.jpg", "user/angle": 0.2442154437303543, "user/throttle": 0.11854936182498932, "user/mode": "local", "pos/pos_x": 84.80347, "pos/pos_y": 0.5554501, "pos/pos_z": 8.933289, "pos/speed": 11.78046, "pos/cte": 1.081276, "pilot/angle": 0.0, "pilot/throttle": 0.0, "milliseconds": 12876}