{"cam/image_array": "2369_cam-image_array_.jpg", "user/angle": 0.7886517643928528, "user/throttle": 0.8142224550247192, "user/mode": "local", "pos/pos_x": 68.56787, "pos/pos_y": 0.5526465, "pos/pos_z": 75.66257, "pos/speed": 9.650756, "pos/cte": -4.480201, "pilot/angle": 0.0, "pilot/throttle": 0.0, "milliseconds": 118562}