{"cam/image_array": "5714_cam-image_array_.jpg", "user/angle": 0.2438475787639618, "user/throttle": 0.4969278573989868, "user/mode": "local", "pos/pos_x": 51.85295, "pos/pos_y": 0.5541497, "pos/pos_z": 71.18331, "pos/speed": 11.8022, "pos/cte": 2.162949, "pilot/angle": 0.0, "pilot/throttle": 0.0, "milliseconds": 286028}