{"cam/image_array": "1686_cam-image_array_.jpg", "user/angle": -0.18517084419727325, "user/throttle": 0.8419666290283203, "user/mode": "local", "pos/pos_x": 78.2086, "pos/pos_y": 0.5537122, "pos/pos_z": 41.52583, "pos/speed": 12.32805, "pos/cte": -4.087495, "pilot/angle": 0.0, "pilot/throttle": 0.0, "milliseconds": 84368}