{"cam/image_array": "1959_cam-image_array_.jpg", "user/angle": 0.47514083981513977, "user/throttle": 0.22499974071979523, "user/mode": "local", "pos/pos_x": 50.6357, "pos/pos_y": 0.5545048, "pos/pos_z": 70.91351, "pos/speed": 11.10063, "pos/cte": 0.9456978, "pilot/angle": 0.0, "pilot/throttle": 0.0, "milliseconds": 98035}