{"cam/image_array": "142_cam-image_array_.jpg", "user/angle": -0.10197271406650543, "user/throttle": 0.7622367143630981, "user/mode": "local", "pos/pos_x": 69.78891, "pos/pos_y": 0.5551094, "pos/pos_z": 74.10391, "pos/speed": 9.467139, "pos/cte": -4.396421, "pilot/angle": 0.0, "pilot/throttle": 0.0, "milliseconds": 7069}