{"cam/image_array": "3290_cam-image_array_.jpg", "user/angle": 0.2690938115119934, "user/throttle": 0.8991907835006714, "user/mode": "local", "pos/pos_x": 78.19028, "pos/pos_y": 0.553852, "pos/pos_z": -7.585458, "pos/speed": 8.854765, "pos/cte": -3.907911, "pilot/angle": 0.0, "pilot/throttle": 0.0, "milliseconds": 164671}