{"cam/image_array": "4607_cam-image_array_.jpg", "user/angle": 0.825022280216217, "user/throttle": 0.04495943337678909, "user/mode": "local", "pos/pos_x": 56.56565, "pos/pos_y": 0.5520242, "pos/pos_z": 79.25546, "pos/speed": 9.233793, "pos/cte": -0.8629355, "pilot/angle": 0.0, "pilot/throttle": 0.0, "milliseconds": 230606}