{"cam/image_array": "5731_cam-image_array_.jpg", "user/angle": 1.2024142742156982, "user/throttle": 0.48279207944869995, "user/mode": "local", "pos/pos_x": 59.99129, "pos/pos_y": 0.553322, "pos/pos_z": 75.84299, "pos/speed": 10.62818, "pos/cte": 1.770572, "pilot/angle": 0.0, "pilot/throttle": 0.0, "milliseconds": 286880}