{"cam/image_array": "4730_cam-image_array_.jpg", "user/angle": -0.16811062395572662, "user/throttle": 0.3802154064178467, "user/mode": "local", "pos/pos_x": 79.34834, "pos/pos_y": 0.5545369, "pos/pos_z": 30.98476, "pos/speed": 12.94618, "pos/cte": -7.323102, "pilot/angle": 0.0, "pilot/throttle": 0.0, "milliseconds": 236764}