{"cam/image_array": "1597_cam-image_array_.jpg", "user/angle": 0.6994966864585876, "user/throttle": 0.5617451667785645, "user/mode": "local", "pos/pos_x": 58.32565, "pos/pos_y": 0.5525175, "pos/pos_z": 74.78287, "pos/speed": 10.76709, "pos/cte": 3.452837, "pilot/angle": 0.0, "pilot/throttle": 0.0, "milliseconds": 79912}