{"cam/image_array": "3983_cam-image_array_.jpg", "user/angle": 0.017422594130039215, "user/throttle": 0.27501967549324036, "user/mode": "local", "pos/pos_x": 83.24439, "pos/pos_y": 0.5555993, "pos/pos_z": 18.49518, "pos/speed": 13.02363, "pos/cte": -4.645973, "pilot/angle": 0.0, "pilot/throttle": 0.0, "milliseconds": 199366}