{"cam/image_array": "5769_cam-image_array_.jpg", "user/angle": -0.03366860747337341, "user/throttle": 0.5784567594528198, "user/mode": "local", "pos/pos_x": 74.40282, "pos/pos_y": 0.560526, "pos/pos_z": 67.7335, "pos/speed": 9.357362, "pos/cte": -3.767617, "pilot/angle": 0.0, "pilot/throttle": 0.0, "milliseconds": 288781}