{"cam/image_array": "4040_cam-image_array_.jpg", "user/angle": 0.6177452802658081, "user/throttle": 0.862999439239502, "user/mode": "local", "pos/pos_x": 78.91711, "pos/pos_y": 0.5555711, "pos/pos_z": -8.529208, "pos/speed": 9.406301, "pos/cte": -4.857968, "pilot/angle": 0.0, "pilot/throttle": 0.0, "milliseconds": 202219}