{"cam/image_array": "3304_cam-image_array_.jpg", "user/angle": 0.08316105604171753, "user/throttle": 0.4339183270931244, "user/mode": "local", "pos/pos_x": 71.35827, "pos/pos_y": 0.5549017, "pos/pos_z": -7.205552, "pos/speed": 9.548472, "pos/cte": -3.468399, "pilot/angle": 0.0, "pilot/throttle": 0.0, "milliseconds": 165372}