{"cam/image_array": "2750_cam-image_array_.jpg", "user/angle": 0.45897775888442993, "user/throttle": 0.28690606355667114, "user/mode": "local", "pos/pos_x": 70.13419, "pos/pos_y": 0.554405, "pos/pos_z": 73.02715, "pos/speed": 8.915007, "pos/cte": -3.959677, "pilot/angle": 0.0, "pilot/throttle": 0.0, "milliseconds": 137636}