{"cam/image_array": "3605_cam-image_array_.jpg", "user/angle": -0.07890264689922333, "user/throttle": 0.7389154434204102, "user/mode": "local", "pos/pos_x": 81.13016, "pos/pos_y": 0.5532799, "pos/pos_z": 22.38264, "pos/speed": 13.09047, "pos/cte": -5.753139, "pilot/angle": 0.0, "pilot/throttle": 0.0, "milliseconds": 180441}