{"cam/image_array": "5513_cam-image_array_.jpg", "user/angle": 0.8128551840782166, "user/throttle": 0.27877962589263916, "user/mode": "local", "pos/pos_x": 87.57204, "pos/pos_y": 0.5539641, "pos/pos_z": 3.931269, "pos/speed": 10.71159, "pos/cte": 0.6148093, "pilot/angle": 0.0, "pilot/throttle": 0.0, "milliseconds": 275965}