{"cam/image_array": "5433_cam-image_array_.jpg", "user/angle": 0.04950343444943428, "user/throttle": 0.8564499616622925, "user/mode": "local", "pos/pos_x": 78.95834, "pos/pos_y": 0.555289, "pos/pos_z": 51.71473, "pos/speed": 11.00722, "pos/cte": -0.5931073, "pilot/angle": 0.0, "pilot/throttle": 0.0, "milliseconds": 271960}