{"cam/image_array": "3243_cam-image_array_.jpg", "user/angle": 0.7381396889686584, "user/throttle": 0.06006266549229622, "user/mode": "local", "pos/pos_x": 86.08872, "pos/pos_y": 0.5566412, "pos/pos_z": 10.64787, "pos/speed": 11.99416, "pos/cte": -1.0425, "pilot/angle": 0.0, "pilot/throttle": 0.0, "milliseconds": 162318}