{"cam/image_array": "4887_cam-image_array_.jpg", "user/angle": 0.252470999956131, "user/throttle": 0.7756072282791138, "user/mode": "local", "pos/pos_x": 47.05953, "pos/pos_y": 0.5556674, "pos/pos_z": 18.17563, "pos/speed": 11.99235, "pos/cte": -2.602491, "pilot/angle": 0.0, "pilot/throttle": 0.0, "milliseconds": 244624}