{"cam/image_array": "4077_cam-image_array_.jpg", "user/angle": 0.4652361571788788, "user/throttle": 0.472183495759964, "user/mode": "local", "pos/pos_x": 61.70355, "pos/pos_y": 0.55624, "pos/pos_z": -4.321132, "pos/speed": 10.57196, "pos/cte": -0.4998362, "pilot/angle": 0.0, "pilot/throttle": 0.0, "milliseconds": 204072}