{"cam/image_array": "5447_cam-image_array_.jpg", "user/angle": -0.033729761838912964, "user/throttle": 0.74974524974823, "user/mode": "local", "pos/pos_x": 78.98628, "pos/pos_y": 0.5554833, "pos/pos_z": 43.62173, "pos/speed": 11.9941, "pos/cte": -3.732278, "pilot/angle": 0.0, "pilot/throttle": 0.0, "milliseconds": 272661}