{"cam/image_array": "2210_cam-image_array_.jpg", "user/angle": 0.3349144756793976, "user/throttle": 0.599966287612915, "user/mode": "local", "pos/pos_x": 57.84025, "pos/pos_y": 0.5534747, "pos/pos_z": -2.227391, "pos/speed": 10.69772, "pos/cte": 1.25352, "pilot/angle": 0.0, "pilot/throttle": 0.0, "milliseconds": 110601}