{"cam/image_array": "4727_cam-image_array_.jpg", "user/angle": -0.12212476134300232, "user/throttle": 0.4182743430137634, "user/mode": "local", "pos/pos_x": 79.09084, "pos/pos_y": 0.5540953, "pos/pos_z": 32.25238, "pos/speed": 12.90468, "pos/cte": -7.155617, "pilot/angle": 0.0, "pilot/throttle": 0.0, "milliseconds": 236614}