{"cam/image_array": "3399_cam-image_array_.jpg", "user/angle": -0.04330727085471153, "user/throttle": 0.9832525253295898, "user/mode": "local", "pos/pos_x": 45.50319, "pos/pos_y": 0.5554986, "pos/pos_z": 29.79264, "pos/speed": 12.46306, "pos/cte": -3.795978, "pilot/angle": 0.0, "pilot/throttle": 0.0, "milliseconds": 170128}