{"cam/image_array": "5294_cam-image_array_.jpg", "user/angle": 0.04177789390087128, "user/throttle": 0.49850547313690186, "user/mode": "local", "pos/pos_x": 44.37457, "pos/pos_y": 0.5552279, "pos/pos_z": 43.40097, "pos/speed": 14.27306, "pos/cte": -5.043307, "pilot/angle": 0.0, "pilot/throttle": 0.0, "milliseconds": 265001}