{"cam/image_array": "5523_cam-image_array_.jpg", "user/angle": 0.8958497643470764, "user/throttle": 0.6453198194503784, "user/mode": "local", "pos/pos_x": 86.26418, "pos/pos_y": 0.5537659, "pos/pos_z": -0.9819751, "pos/speed": 10.05636, "pos/cte": 0.09961338, "pilot/angle": 0.0, "pilot/throttle": 0.0, "milliseconds": 276466}