{"cam/image_array": "4935_cam-image_array_.jpg", "user/angle": 0.2384367138147354, "user/throttle": 0.2830098867416382, "user/mode": "local", "pos/pos_x": 44.31847, "pos/pos_y": 0.5557793, "pos/pos_z": 48.36938, "pos/speed": 14.20353, "pos/cte": 0.0, "pilot/angle": 0.0, "pilot/throttle": 0.0, "milliseconds": 247027}