{"cam/image_array": "2185_cam-image_array_.jpg", "user/angle": 0.07281973958015442, "user/throttle": 0.39979901909828186, "user/mode": "local", "pos/pos_x": 70.24939, "pos/pos_y": 0.5529279, "pos/pos_z": -8.644965, "pos/speed": 10.06193, "pos/cte": -4.898081, "pilot/angle": 0.0, "pilot/throttle": 0.0, "milliseconds": 109350}