{"cam/image_array": "1140_cam-image_array_.jpg", "user/angle": 0.07207697629928589, "user/throttle": 0.7996361255645752, "user/mode": "local", "pos/pos_x": 46.03751, "pos/pos_y": 0.5548071, "pos/pos_z": 24.1343, "pos/speed": 12.44603, "pos/cte": -3.363621, "pilot/angle": 0.0, "pilot/throttle": 0.0, "milliseconds": 57032}