{"cam/image_array": "1984_cam-image_array_.jpg", "user/angle": 0.7903229594230652, "user/throttle": 0.16302204132080078, "user/mode": "local", "pos/pos_x": 63.88064, "pos/pos_y": 0.5538394, "pos/pos_z": 75.61357, "pos/speed": 10.11164, "pos/cte": -0.8841836, "pilot/angle": 0.0, "pilot/throttle": 0.0, "milliseconds": 99286}