{"cam/image_array": "2372_cam-image_array_.jpg", "user/angle": 0.9123027920722961, "user/throttle": 0.6867321729660034, "user/mode": "local", "pos/pos_x": 70.30006, "pos/pos_y": 0.5531613, "pos/pos_z": 74.87139, "pos/speed": 9.546246, "pos/cte": -5.283544, "pilot/angle": 0.0, "pilot/throttle": 0.0, "milliseconds": 118712}