{"cam/image_array": "751_cam-image_array_.jpg", "user/angle": 0.1352885365486145, "user/throttle": 0.7522683143615723, "user/mode": "local", "pos/pos_x": 46.81442, "pos/pos_y": 0.5561699, "pos/pos_z": 21.03282, "pos/speed": 12.22415, "pos/cte": -2.722739, "pilot/angle": 0.0, "pilot/throttle": 0.0, "milliseconds": 37557}