{"cam/image_array": "489_cam-image_array_.jpg", "user/angle": 0.7611537575721741, "user/throttle": 0.6484520435333252, "user/mode": "local", "pos/pos_x": 66.61215, "pos/pos_y": 0.5553495, "pos/pos_z": 74.53563, "pos/speed": 9.986103, "pos/cte": -2.261173, "pilot/angle": 0.0, "pilot/throttle": 0.0, "milliseconds": 24440}