{"cam/image_array": "1109_cam-image_array_.jpg", "user/angle": 0.08433349430561066, "user/throttle": 0.8110544681549072, "user/mode": "local", "pos/pos_x": 51.32836, "pos/pos_y": 0.5553958, "pos/pos_z": 7.287226, "pos/speed": 11.05592, "pos/cte": 1.187336, "pilot/angle": 0.0, "pilot/throttle": 0.0, "milliseconds": 55480}