{"cam/image_array": "2287_cam-image_array_.jpg", "user/angle": -0.07398220896720886, "user/throttle": 0.7431927919387817, "user/mode": "local", "pos/pos_x": 44.76546, "pos/pos_y": 0.554524, "pos/pos_z": 41.40477, "pos/speed": 14.21114, "pos/cte": -4.635007, "pilot/angle": 0.0, "pilot/throttle": 0.0, "milliseconds": 114457}