{"cam/image_array": "3461_cam-image_array_.jpg", "user/angle": 0.3978796899318695, "user/throttle": 0.1661570817232132, "user/mode": "local", "pos/pos_x": 50.43933, "pos/pos_y": 0.5544025, "pos/pos_z": 68.60796, "pos/speed": 11.89393, "pos/cte": 0.7493324, "pilot/angle": 0.0, "pilot/throttle": 0.0, "milliseconds": 173232}