{"cam/image_array": "1107_cam-image_array_.jpg", "user/angle": 0.13803952932357788, "user/throttle": 0.7748875617980957, "user/mode": "local", "pos/pos_x": 51.81418, "pos/pos_y": 0.5547277, "pos/pos_z": 6.298056, "pos/speed": 10.93838, "pos/cte": 1.629548, "pilot/angle": 0.0, "pilot/throttle": 0.0, "milliseconds": 55380}