{"cam/image_array": "1155_cam-image_array_.jpg", "user/angle": -0.06007720157504082, "user/throttle": 0.8735276460647583, "user/mode": "local", "pos/pos_x": 45.17451, "pos/pos_y": 0.5553883, "pos/pos_z": 34.42119, "pos/speed": 13.40999, "pos/cte": -4.165037, "pilot/angle": 0.0, "pilot/throttle": 0.0, "milliseconds": 57783}