{"cam/image_array": "3488_cam-image_array_.jpg", "user/angle": 1.2880079746246338, "user/throttle": 0.1701803356409073, "user/mode": "local", "pos/pos_x": 61.68024, "pos/pos_y": 0.5532486, "pos/pos_z": 76.4899, "pos/speed": 9.843401, "pos/cte": 0.1590861, "pilot/angle": 0.0, "pilot/throttle": 0.0, "milliseconds": 174584}