{"cam/image_array": "3144_cam-image_array_.jpg", "user/angle": 0.15355370938777924, "user/throttle": 0.627253532409668, "user/mode": "local", "pos/pos_x": 74.00478, "pos/pos_y": 0.5544677, "pos/pos_z": 65.61626, "pos/speed": 9.568495, "pos/cte": -2.089906, "pilot/angle": 0.0, "pilot/throttle": 0.0, "milliseconds": 157361}