{"cam/image_array": "1492_cam-image_array_.jpg", "user/angle": 0.1011565774679184, "user/throttle": 0.6337144374847412, "user/mode": "local", "pos/pos_x": 48.77126, "pos/pos_y": 0.55564, "pos/pos_z": 15.30728, "pos/speed": 11.63734, "pos/cte": -1.017504, "pilot/angle": 0.0, "pilot/throttle": 0.0, "milliseconds": 74656}