{"cam/image_array": "1186_cam-image_array_.jpg", "user/angle": 0.4059886336326599, "user/throttle": 0.4466860592365265, "user/mode": "local", "pos/pos_x": 43.67884, "pos/pos_y": 0.5539821, "pos/pos_z": 55.35265, "pos/speed": 13.57468, "pos/cte": -6.011158, "pilot/angle": 0.0, "pilot/throttle": 0.0, "milliseconds": 59335}