{"cam/image_array": "4254_cam-image_array_.jpg", "user/angle": 0.12879779934883118, "user/throttle": 0.5437564849853516, "user/mode": "local", "pos/pos_x": 71.52457, "pos/pos_y": 0.5525112, "pos/pos_z": 72.39138, "pos/speed": 9.062734, "pos/cte": -4.60403, "pilot/angle": 0.0, "pilot/throttle": 0.0, "milliseconds": 212933}