{"cam/image_array": "1358_cam-image_array_.jpg", "user/angle": 0.10497558116912842, "user/throttle": 0.1657571792602539, "user/mode": "local", "pos/pos_x": 83.31221, "pos/pos_y": 0.5568467, "pos/pos_z": 17.86245, "pos/speed": 12.42407, "pos/cte": -4.242208, "pilot/angle": 0.0, "pilot/throttle": 0.0, "milliseconds": 67947}