{"cam/image_array": "4214_cam-image_array_.jpg", "user/angle": 0.838807225227356, "user/throttle": 0.37159574031829834, "user/mode": "local", "pos/pos_x": 53.683, "pos/pos_y": 0.553296, "pos/pos_z": 72.96526, "pos/speed": 11.51059, "pos/cte": 3.576462, "pilot/angle": 0.0, "pilot/throttle": 0.0, "milliseconds": 210930}