{"cam/image_array": "4911_cam-image_array_.jpg", "user/angle": -0.06358121335506439, "user/throttle": 0.8705165386199951, "user/mode": "local", "pos/pos_x": 45.32795, "pos/pos_y": 0.5552714, "pos/pos_z": 31.80997, "pos/speed": 13.10502, "pos/cte": -3.988814, "pilot/angle": 0.0, "pilot/throttle": 0.0, "milliseconds": 245825}