{"cam/image_array": "5367_cam-image_array_.jpg", "user/angle": 0.7575107216835022, "user/throttle": 0.5049641132354736, "user/mode": "local", "pos/pos_x": 65.75114, "pos/pos_y": 0.5543102, "pos/pos_z": 76.72246, "pos/speed": 10.12192, "pos/cte": -3.026683, "pilot/angle": 0.0, "pilot/throttle": 0.0, "milliseconds": 268656}