{"cam/image_array": "4554_cam-image_array_.jpg", "user/angle": 0.8080516457557678, "user/throttle": 0.11939074844121933, "user/mode": "local", "pos/pos_x": 45.45388, "pos/pos_y": 0.5650188, "pos/pos_z": 51.2358, "pos/speed": 13.41652, "pos/cte": -4.236122, "pilot/angle": 0.0, "pilot/throttle": 0.0, "milliseconds": 227953}