{"cam/image_array": "4601_cam-image_array_.jpg", "user/angle": 0.9079558849334717, "user/throttle": 0.23650401830673218, "user/mode": "local", "pos/pos_x": 54.37601, "pos/pos_y": 0.5533066, "pos/pos_z": 77.38579, "pos/speed": 10.06648, "pos/cte": 0.4157285, "pilot/angle": 0.0, "pilot/throttle": 0.0, "milliseconds": 230306}