{"cam/image_array": "3298_cam-image_array_.jpg", "user/angle": 0.12063542008399963, "user/throttle": 0.5947215557098389, "user/mode": "local", "pos/pos_x": 74.19501, "pos/pos_y": 0.5564041, "pos/pos_z": -7.5986, "pos/speed": 9.478112, "pos/cte": -3.886188, "pilot/angle": 0.0, "pilot/throttle": 0.0, "milliseconds": 165071}