{"cam/image_array": "3181_cam-image_array_.jpg", "user/angle": -0.11284202337265015, "user/throttle": 0.8892452716827393, "user/mode": "local", "pos/pos_x": 77.95193, "pos/pos_y": 0.5558434, "pos/pos_z": 48.15047, "pos/speed": 11.09283, "pos/cte": -0.6156184, "pilot/angle": 0.0, "pilot/throttle": 0.0, "milliseconds": 159214}