{"cam/image_array": "1375_cam-image_array_.jpg", "user/angle": 0.543754518032074, "user/throttle": 0.03873203694820404, "user/mode": "local", "pos/pos_x": 86.01734, "pos/pos_y": 0.5554993, "pos/pos_z": 7.340866, "pos/speed": 11.66263, "pos/cte": 1.366254, "pilot/angle": 0.0, "pilot/throttle": 0.0, "milliseconds": 68798}