{"cam/image_array": "3674_cam-image_array_.jpg", "user/angle": 0.5453673601150513, "user/throttle": 0.9006013870239258, "user/mode": "local", "pos/pos_x": 76.80189, "pos/pos_y": 0.55434, "pos/pos_z": -9.315656, "pos/speed": 9.457037, "pos/cte": -5.625927, "pilot/angle": 0.0, "pilot/throttle": 0.0, "milliseconds": 183895}