{"cam/image_array": "859_cam-image_array_.jpg", "user/angle": 0.7702545523643494, "user/throttle": 0.3768736720085144, "user/mode": "local", "pos/pos_x": 66.72475, "pos/pos_y": 0.553799, "pos/pos_z": 76.7789, "pos/speed": 10.03552, "pos/cte": -3.803684, "pilot/angle": 0.0, "pilot/throttle": 0.0, "milliseconds": 42964}