{"cam/image_array": "5210_cam-image_array_.jpg", "user/angle": 0.548865020275116, "user/throttle": 0.45000141859054565, "user/mode": "local", "pos/pos_x": 59.96857, "pos/pos_y": 0.5540416, "pos/pos_z": -4.043622, "pos/speed": 10.60765, "pos/cte": -0.2071966, "pilot/angle": 0.0, "pilot/throttle": 0.0, "milliseconds": 260795}