{"cam/image_array": "3356_cam-image_array_.jpg", "user/angle": 0.12169322371482849, "user/throttle": 0.7362591028213501, "user/mode": "local", "pos/pos_x": 51.87965, "pos/pos_y": 0.5543431, "pos/pos_z": 6.318845, "pos/speed": 10.1335, "pos/cte": 1.69586, "pilot/angle": 0.0, "pilot/throttle": 0.0, "milliseconds": 167975}