{"cam/image_array": "3584_cam-image_array_.jpg", "user/angle": -0.14511869847774506, "user/throttle": 0.7478989362716675, "user/mode": "local", "pos/pos_x": 78.63824, "pos/pos_y": 0.5537011, "pos/pos_z": 35.23298, "pos/speed": 12.98198, "pos/cte": -6.588689, "pilot/angle": 0.0, "pilot/throttle": 0.0, "milliseconds": 179390}