{"cam/image_array": "4856_cam-image_array_.jpg", "user/angle": 0.19371388852596283, "user/throttle": 0.6954933404922485, "user/mode": "local", "pos/pos_x": 55.00356, "pos/pos_y": 0.5544645, "pos/pos_z": 1.548358, "pos/speed": 10.63597, "pos/cte": 2.924257, "pilot/angle": 0.0, "pilot/throttle": 0.0, "milliseconds": 243072}