{"cam/image_array": "5026_cam-image_array_.jpg", "user/angle": 0.02741967886686325, "user/throttle": 0.6331037282943726, "user/mode": "local", "pos/pos_x": 74.14968, "pos/pos_y": 0.5563251, "pos/pos_z": 68.57669, "pos/speed": 9.27486, "pos/cte": -4.122735, "pilot/angle": 0.0, "pilot/throttle": 0.0, "milliseconds": 251583}