{"cam/image_array": "5132_cam-image_array_.jpg", "user/angle": 0.6561486124992371, "user/throttle": 0.1360868364572525, "user/mode": "local", "pos/pos_x": 87.25523, "pos/pos_y": 0.5541479, "pos/pos_z": 6.690709, "pos/speed": 12.10075, "pos/cte": 0.4571594, "pilot/angle": 0.0, "pilot/throttle": 0.0, "milliseconds": 256890}