{"cam/image_array": "5188_cam-image_array_.jpg", "user/angle": 0.203596830368042, "user/throttle": 0.6607116460800171, "user/mode": "local", "pos/pos_x": 70.55067, "pos/pos_y": 0.558793, "pos/pos_z": -8.482121, "pos/speed": 10.10258, "pos/cte": -4.737873, "pilot/angle": 0.0, "pilot/throttle": 0.0, "milliseconds": 259694}