{"cam/image_array": "2471_cam-image_array_.jpg", "user/angle": -0.08581824600696564, "user/throttle": 0.6894090175628662, "user/mode": "local", "pos/pos_x": 81.38804, "pos/pos_y": 0.5542626, "pos/pos_z": 22.39054, "pos/speed": 12.79154, "pos/cte": -5.967669, "pilot/angle": 0.0, "pilot/throttle": 0.0, "milliseconds": 123668}