{"cam/image_array": "1736_cam-image_array_.jpg", "user/angle": 0.1023227870464325, "user/throttle": 0.0988607257604599, "user/mode": "local", "pos/pos_x": 85.90128, "pos/pos_y": 0.5558597, "pos/pos_z": 12.10313, "pos/speed": 12.49349, "pos/cte": -1.94908, "pilot/angle": 0.0, "pilot/throttle": 0.0, "milliseconds": 86871}