{"cam/image_array": "3616_cam-image_array_.jpg", "user/angle": 0.34600645303726196, "user/throttle": 0.09467317163944244, "user/mode": "local", "pos/pos_x": 84.01527, "pos/pos_y": 0.5543077, "pos/pos_z": 15.82894, "pos/speed": 13.34772, "pos/cte": -3.284594, "pilot/angle": 0.0, "pilot/throttle": 0.0, "milliseconds": 180992}