{"cam/image_array": "2350_cam-image_array_.jpg", "user/angle": 0.7568387389183044, "user/throttle": 0.48256298899650574, "user/mode": "local", "pos/pos_x": 58.93947, "pos/pos_y": 0.5498152, "pos/pos_z": 75.40526, "pos/speed": 11.35532, "pos/cte": 2.519434, "pilot/angle": 0.0, "pilot/throttle": 0.0, "milliseconds": 117610}