{"cam/image_array": "4588_cam-image_array_.jpg", "user/angle": 0.6164232492446899, "user/throttle": 0.029857292771339417, "user/mode": "local", "pos/pos_x": 50.82317, "pos/pos_y": 0.558188, "pos/pos_z": 70.54184, "pos/speed": 11.9096, "pos/cte": 1.133171, "pilot/angle": 0.0, "pilot/throttle": 0.0, "milliseconds": 229655}