{"cam/image_array": "4061_cam-image_array_.jpg", "user/angle": 0.1424039751291275, "user/throttle": 0.5155497789382935, "user/mode": "local", "pos/pos_x": 69.37118, "pos/pos_y": 0.557295, "pos/pos_z": -7.469198, "pos/speed": 10.18858, "pos/cte": -3.714694, "pilot/angle": 0.0, "pilot/throttle": 0.0, "milliseconds": 203270}