{"cam/image_array": "5695_cam-image_array_.jpg", "user/angle": 0.361519455909729, "user/throttle": 0.24270351231098175, "user/mode": "local", "pos/pos_x": 45.24097, "pos/pos_y": 0.5500898, "pos/pos_z": 61.02211, "pos/speed": 12.90636, "pos/cte": -4.449032, "pilot/angle": 0.0, "pilot/throttle": 0.0, "milliseconds": 285078}