{"cam/image_array": "1856_cam-image_array_.jpg", "user/angle": 0.06923060119152069, "user/throttle": 0.8407912254333496, "user/mode": "local", "pos/pos_x": 50.86869, "pos/pos_y": 0.5552415, "pos/pos_z": 9.039399, "pos/speed": 11.19781, "pos/cte": 0.8045308, "pilot/angle": 0.0, "pilot/throttle": 0.0, "milliseconds": 92879}