{"cam/image_array": "835_cam-image_array_.jpg", "user/angle": 0.7118013501167297, "user/throttle": 0.4183323085308075, "user/mode": "local", "pos/pos_x": 54.38327, "pos/pos_y": 0.5541673, "pos/pos_z": 73.07135, "pos/speed": 12.04634, "pos/cte": 4.222907, "pilot/angle": 0.0, "pilot/throttle": 0.0, "milliseconds": 41763}