{"cam/image_array": "636_cam-image_array_.jpg", "user/angle": 0.8757972717285156, "user/throttle": 0.568085789680481, "user/mode": "local", "pos/pos_x": 87.28555, "pos/pos_y": 0.5529606, "pos/pos_z": -3.9578, "pos/speed": 9.902552, "pos/cte": -2.714662, "pilot/angle": 0.0, "pilot/throttle": 0.0, "milliseconds": 31800}