{"cam/image_array": "4023_cam-image_array_.jpg", "user/angle": 0.8617889285087585, "user/throttle": 0.30988436937332153, "user/mode": "local", "pos/pos_x": 85.72964, "pos/pos_y": 0.5553995, "pos/pos_z": -3.737577, "pos/speed": 10.04197, "pos/cte": -1.627302, "pilot/angle": 0.0, "pilot/throttle": 0.0, "milliseconds": 201368}