{"cam/image_array": "1007_cam-image_array_.jpg", "user/angle": 1.0089929103851318, "user/throttle": 0.017933957278728485, "user/mode": "local", "pos/pos_x": 88.65341, "pos/pos_y": 0.5546104, "pos/pos_z": 1.010803, "pos/speed": 10.48084, "pos/cte": -0.9433944, "pilot/angle": 0.0, "pilot/throttle": 0.0, "milliseconds": 50374}