{"cam/image_array": "5136_cam-image_array_.jpg", "user/angle": 0.7855461239814758, "user/throttle": 0.36398306488990784, "user/mode": "local", "pos/pos_x": 87.48415, "pos/pos_y": 0.5542381, "pos/pos_z": 4.350435, "pos/speed": 11.55653, "pos/cte": 0.8432774, "pilot/angle": 0.0, "pilot/throttle": 0.0, "milliseconds": 257090}