{"cam/image_array": "5702_cam-image_array_.jpg", "user/angle": 0.18631470203399658, "user/throttle": 0.19396577775478363, "user/mode": "local", "pos/pos_x": 47.39855, "pos/pos_y": 0.5522369, "pos/pos_z": 65.54556, "pos/speed": 12.24441, "pos/cte": -2.291451, "pilot/angle": 0.0, "pilot/throttle": 0.0, "milliseconds": 285427}