{"cam/image_array": "3718_cam-image_array_.jpg", "user/angle": 0.22242471575737, "user/throttle": 0.5713546276092529, "user/mode": "local", "pos/pos_x": 56.3754, "pos/pos_y": 0.5516863, "pos/pos_z": -0.6186826, "pos/speed": 10.85887, "pos/cte": 2.174958, "pilot/angle": 0.0, "pilot/throttle": 0.0, "milliseconds": 186098}