{"cam/image_array": "3133_cam-image_array_.jpg", "user/angle": 0.07171569764614105, "user/throttle": 0.5130892992019653, "user/mode": "local", "pos/pos_x": 71.50294, "pos/pos_y": 0.5534777, "pos/pos_z": 69.59278, "pos/speed": 9.33295, "pos/cte": -2.770033, "pilot/angle": 0.0, "pilot/throttle": 0.0, "milliseconds": 156811}