{"cam/image_array": "4095_cam-image_array_.jpg", "user/angle": 0.12385566532611847, "user/throttle": 0.6853598356246948, "user/mode": "local", "pos/pos_x": 54.51877, "pos/pos_y": 0.5522131, "pos/pos_z": 1.883075, "pos/speed": 10.74312, "pos/cte": 2.833345, "pilot/angle": 0.0, "pilot/throttle": 0.0, "milliseconds": 204973}