{"cam/image_array": "4632_cam-image_array_.jpg", "user/angle": 0.6080831289291382, "user/throttle": 0.7895357608795166, "user/mode": "local", "pos/pos_x": 66.68712, "pos/pos_y": 0.5538252, "pos/pos_z": 79.48684, "pos/speed": 8.188005, "pos/cte": -5.533731, "pilot/angle": 0.0, "pilot/throttle": 0.0, "milliseconds": 231858}