{"cam/image_array": "2860_cam-image_array_.jpg", "user/angle": -0.05525197461247444, "user/throttle": 0.12378858029842377, "user/mode": "local", "pos/pos_x": 84.03569, "pos/pos_y": 0.5545052, "pos/pos_z": 15.11147, "pos/speed": 12.10696, "pos/cte": -2.787172, "pilot/angle": 0.0, "pilot/throttle": 0.0, "milliseconds": 143143}