{"cam/image_array": "933_cam-image_array_.jpg", "user/angle": -0.12183968722820282, "user/throttle": 0.7862341403961182, "user/mode": "local", "pos/pos_x": 78.77826, "pos/pos_y": 0.5554959, "pos/pos_z": 45.98647, "pos/speed": 11.85127, "pos/cte": -2.386774, "pilot/angle": 0.0, "pilot/throttle": 0.0, "milliseconds": 46669}