{"cam/image_array": "4716_cam-image_array_.jpg", "user/angle": -0.08758537471294403, "user/throttle": 0.6734956502914429, "user/mode": "local", "pos/pos_x": 78.06599, "pos/pos_y": 0.5526292, "pos/pos_z": 39.82967, "pos/speed": 12.56525, "pos/cte": -4.68842, "pilot/angle": 0.0, "pilot/throttle": 0.0, "milliseconds": 236063}