{"cam/image_array": "276_cam-image_array_.jpg", "user/angle": 0.9051328301429749, "user/throttle": 0.8376624584197998, "user/mode": "local", "pos/pos_x": 83.04792, "pos/pos_y": 0.5542299, "pos/pos_z": -1.249151, "pos/speed": 10.38289, "pos/cte": 1.877876, "pilot/angle": 0.0, "pilot/throttle": 0.0, "milliseconds": 13777}