{"cam/image_array": "3210_cam-image_array_.jpg", "user/angle": -0.24267596006393433, "user/throttle": 0.3828659951686859, "user/mode": "local", "pos/pos_x": 78.90497, "pos/pos_y": 0.5561297, "pos/pos_z": 30.13799, "pos/speed": 12.76571, "pos/cte": -6.800618, "pilot/angle": 0.0, "pilot/throttle": 0.0, "milliseconds": 160666}