{"cam/image_array": "3610_cam-image_array_.jpg", "user/angle": 0.011424116790294647, "user/throttle": 0.2536708414554596, "user/mode": "local", "pos/pos_x": 82.36372, "pos/pos_y": 0.5588689, "pos/pos_z": 19.46526, "pos/speed": 13.20673, "pos/cte": -4.720612, "pilot/angle": 0.0, "pilot/throttle": 0.0, "milliseconds": 180692}