{"cam/image_array": "3995_cam-image_array_.jpg", "user/angle": 0.8192611336708069, "user/throttle": 0.06934958696365356, "user/mode": "local", "pos/pos_x": 86.45463, "pos/pos_y": 0.5566404, "pos/pos_z": 11.5292, "pos/speed": 12.58075, "pos/cte": -1.927573, "pilot/angle": 0.0, "pilot/throttle": 0.0, "milliseconds": 199966}