{"cam/image_array": "44_cam-image_array_.jpg", "user/angle": 0.010840579867362976, "user/throttle": 0.7674534320831299, "user/mode": "local", "pos/pos_x": 48.98212, "pos/pos_y": 0.5543153, "pos/pos_z": 56.86742, "pos/speed": 8.669631, "pos/cte": -0.7078819, "pilot/angle": 0.0, "pilot/throttle": 0.0, "milliseconds": 2162}