{"cam/image_array": "1822_cam-image_array_.jpg", "user/angle": 0.38543516397476196, "user/throttle": 0.5126802921295166, "user/mode": "local", "pos/pos_x": 61.99523, "pos/pos_y": 0.555421, "pos/pos_z": -4.711028, "pos/speed": 10.57939, "pos/cte": -0.8922626, "pilot/angle": 0.0, "pilot/throttle": 0.0, "milliseconds": 91176}