{"cam/image_array": "3421_cam-image_array_.jpg", "user/angle": 0.1326805055141449, "user/throttle": 0.42655566334724426, "user/mode": "local", "pos/pos_x": 44.37739, "pos/pos_y": 0.5559913, "pos/pos_z": 44.25293, "pos/speed": 13.71666, "pos/cte": -5.047918, "pilot/angle": 0.0, "pilot/throttle": 0.0, "milliseconds": 171230}