{"cam/image_array": "123_cam-image_array_.jpg", "user/angle": 0.5250043869018555, "user/throttle": 0.7217069864273071, "user/mode": "local", "pos/pos_x": 65.71377, "pos/pos_y": 0.5523546, "pos/pos_z": 80.87755, "pos/speed": 8.366604, "pos/cte": -5.696783, "pilot/angle": 0.0, "pilot/throttle": 0.0, "milliseconds": 6117}