{"cam/image_array": "2262_cam-image_array_.jpg", "user/angle": 0.0738004744052887, "user/throttle": 0.8273082971572876, "user/mode": "local", "pos/pos_x": 46.22205, "pos/pos_y": 0.5551681, "pos/pos_z": 23.44515, "pos/speed": 12.51345, "pos/cte": -3.209321, "pilot/angle": 0.0, "pilot/throttle": 0.0, "milliseconds": 113205}