{"cam/image_array": "1240_cam-image_array_.jpg", "user/angle": 0.8320379853248596, "user/throttle": 0.31920990347862244, "user/mode": "local", "pos/pos_x": 64.71204, "pos/pos_y": 0.5546198, "pos/pos_z": 76.26556, "pos/speed": 9.994123, "pos/cte": -1.939811, "pilot/angle": 0.0, "pilot/throttle": 0.0, "milliseconds": 62040}