{"cam/image_array": "5141_cam-image_array_.jpg", "user/angle": 1.10495126247406, "user/throttle": 0.6330674886703491, "user/mode": "local", "pos/pos_x": 87.38764, "pos/pos_y": 0.5536267, "pos/pos_z": 2.106154, "pos/speed": 11.05979, "pos/cte": 0.5563129, "pilot/angle": 0.0, "pilot/throttle": 0.0, "milliseconds": 257341}