{"cam/image_array": "2282_cam-image_array_.jpg", "user/angle": -0.05537809804081917, "user/throttle": 0.9515130519866943, "user/mode": "local", "pos/pos_x": 45.10025, "pos/pos_y": 0.5551561, "pos/pos_z": 36.40154, "pos/speed": 13.75675, "pos/cte": -4.256575, "pilot/angle": 0.0, "pilot/throttle": 0.0, "milliseconds": 114206}