{"cam/image_array": "2043_cam-image_array_.jpg", "user/angle": -0.0038759224116802216, "user/throttle": 0.9929683208465576, "user/mode": "local", "pos/pos_x": 78.08973, "pos/pos_y": 0.558406, "pos/pos_z": 52.87004, "pos/speed": 11.17584, "pos/cte": 0.2653825, "pilot/angle": 0.0, "pilot/throttle": 0.0, "milliseconds": 102240}