{"cam/image_array": "134_cam-image_array_.jpg", "user/angle": 0.05050407722592354, "user/throttle": 0.8508824110031128, "user/mode": "local", "pos/pos_x": 68.27438, "pos/pos_y": 0.5552862, "pos/pos_z": 77.42269, "pos/speed": 8.847394, "pos/cte": -5.400135, "pilot/angle": 0.0, "pilot/throttle": 0.0, "milliseconds": 6668}