{"cam/image_array": "3049_cam-image_array_.jpg", "user/angle": 0.09080201387405396, "user/throttle": 0.403109610080719, "user/mode": "local", "pos/pos_x": 44.90825, "pos/pos_y": 0.5557778, "pos/pos_z": 47.86359, "pos/speed": 13.91266, "pos/cte": 0.0, "pilot/angle": 0.0, "pilot/throttle": 0.0, "milliseconds": 152605}