{"cam/image_array": "3818_cam-image_array_.jpg", "user/angle": 0.19436942040920258, "user/throttle": 0.2109949141740799, "user/mode": "local", "pos/pos_x": 45.16361, "pos/pos_y": 0.5504215, "pos/pos_z": 61.01114, "pos/speed": 12.79392, "pos/cte": -4.526386, "pilot/angle": 0.0, "pilot/throttle": 0.0, "milliseconds": 191105}