{"cam/image_array": "22_cam-image_array_.jpg", "user/angle": -0.14141513407230377, "user/throttle": 0.8913545608520508, "user/mode": "local", "pos/pos_x": 49.6689, "pos/pos_y": 0.5623969, "pos/pos_z": 49.47202, "pos/speed": 3.85927, "pos/cte": -0.02109528, "pilot/angle": 0.0, "pilot/throttle": 0.0, "milliseconds": 1061}