{"cam/image_array": "2921_cam-image_array_.jpg", "user/angle": 0.1714351773262024, "user/throttle": 0.6867802143096924, "user/mode": "local", "pos/pos_x": 75.27282, "pos/pos_y": 0.5575492, "pos/pos_z": -8.086104, "pos/speed": 9.136395, "pos/cte": -4.383079, "pilot/angle": 0.0, "pilot/throttle": 0.0, "milliseconds": 146197}