{"cam/image_array": "2139_cam-image_array_.jpg", "user/angle": 1.0119025707244873, "user/throttle": 0.6929155588150024, "user/mode": "local", "pos/pos_x": 88.67597, "pos/pos_y": 0.5533133, "pos/pos_z": -3.799752, "pos/speed": 9.335473, "pos/cte": -3.595607, "pilot/angle": 0.0, "pilot/throttle": 0.0, "milliseconds": 107046}