{"cam/image_array": "2718_cam-image_array_.jpg", "user/angle": 0.666338324546814, "user/throttle": 0.20574310421943665, "user/mode": "local", "pos/pos_x": 55.56329, "pos/pos_y": 0.5545157, "pos/pos_z": 74.48582, "pos/speed": 10.72132, "pos/cte": 3.768035, "pilot/angle": 0.0, "pilot/throttle": 0.0, "milliseconds": 136034}