{"cam/image_array": "3865_cam-image_array_.jpg", "user/angle": 0.8418642282485962, "user/throttle": 0.261995792388916, "user/mode": "local", "pos/pos_x": 64.39272, "pos/pos_y": 0.5546451, "pos/pos_z": 76.77558, "pos/speed": 9.728045, "pos/cte": -2.028233, "pilot/angle": 0.0, "pilot/throttle": 0.0, "milliseconds": 193458}