{"cam/image_array": "2758_cam-image_array_.jpg", "user/angle": 0.023105524480342865, "user/throttle": 0.5196741223335266, "user/mode": "local", "pos/pos_x": 72.11584, "pos/pos_y": 0.5525073, "pos/pos_z": 70.09711, "pos/speed": 8.858778, "pos/cte": -3.56363, "pilot/angle": 0.0, "pilot/throttle": 0.0, "milliseconds": 138036}