{"cam/image_array": "398_cam-image_array_.jpg", "user/angle": -0.08594666421413422, "user/throttle": 0.8334664106369019, "user/mode": "local", "pos/pos_x": 45.22936, "pos/pos_y": 0.5550671, "pos/pos_z": 33.01756, "pos/speed": 13.27394, "pos/cte": -4.097939, "pilot/angle": 0.0, "pilot/throttle": 0.0, "milliseconds": 19885}