{"cam/image_array": "4875_cam-image_array_.jpg", "user/angle": 0.1447513997554779, "user/throttle": 0.7752937078475952, "user/mode": "local", "pos/pos_x": 49.41667, "pos/pos_y": 0.5551397, "pos/pos_z": 11.5041, "pos/speed": 11.55545, "pos/cte": -0.5385979, "pilot/angle": 0.0, "pilot/throttle": 0.0, "milliseconds": 244023}