{"cam/image_array": "5199_cam-image_array_.jpg", "user/angle": 0.2281630039215088, "user/throttle": 0.5064257383346558, "user/mode": "local", "pos/pos_x": 64.63731, "pos/pos_y": 0.5576149, "pos/pos_z": -6.515518, "pos/speed": 10.48352, "pos/cte": -2.71974, "pilot/angle": 0.0, "pilot/throttle": 0.0, "milliseconds": 260244}