{"cam/image_array": "4846_cam-image_array_.jpg", "user/angle": 0.2685125768184662, "user/throttle": 0.5341633558273315, "user/mode": "local", "pos/pos_x": 58.7404, "pos/pos_y": 0.5554737, "pos/pos_z": -2.134244, "pos/speed": 10.33795, "pos/cte": 1.509147, "pilot/angle": 0.0, "pilot/throttle": 0.0, "milliseconds": 242571}