{"cam/image_array": "3200_cam-image_array_.jpg", "user/angle": -0.09719403088092804, "user/throttle": 0.7131117582321167, "user/mode": "local", "pos/pos_x": 78.28496, "pos/pos_y": 0.555349, "pos/pos_z": 36.40364, "pos/speed": 12.3029, "pos/cte": -5.95355, "pilot/angle": 0.0, "pilot/throttle": 0.0, "milliseconds": 160165}