{"cam/image_array": "5252_cam-image_array_.jpg", "user/angle": 0.10994724929332733, "user/throttle": 0.6561088562011719, "user/mode": "local", "pos/pos_x": 48.55869, "pos/pos_y": 0.5558844, "pos/pos_z": 15.74186, "pos/speed": 12.0808, "pos/cte": -1.210912, "pilot/angle": 0.0, "pilot/throttle": 0.0, "milliseconds": 262898}