{"cam/image_array": "2039_cam-image_array_.jpg", "user/angle": 0.10073517262935638, "user/throttle": 0.9140434265136719, "user/mode": "local", "pos/pos_x": 77.90903, "pos/pos_y": 0.5521829, "pos/pos_z": 55.07135, "pos/speed": 10.87827, "pos/cte": 0.2667452, "pilot/angle": 0.0, "pilot/throttle": 0.0, "milliseconds": 102041}