{"cam/image_array": "1588_cam-image_array_.jpg", "user/angle": 0.5305719375610352, "user/throttle": 0.2827712297439575, "user/mode": "local", "pos/pos_x": 53.1214, "pos/pos_y": 0.5551111, "pos/pos_z": 71.97602, "pos/speed": 11.20657, "pos/cte": 3.431404, "pilot/angle": 0.0, "pilot/throttle": 0.0, "milliseconds": 79461}