{"cam/image_array": "1176_cam-image_array_.jpg", "user/angle": 0.3748769760131836, "user/throttle": 0.2750195860862732, "user/mode": "local", "pos/pos_x": 43.90669, "pos/pos_y": 0.5554829, "pos/pos_z": 48.35399, "pos/speed": 14.28394, "pos/cte": 0.0, "pilot/angle": 0.0, "pilot/throttle": 0.0, "milliseconds": 58835}