{"cam/image_array": "1608_cam-image_array_.jpg", "user/angle": 0.7948617339134216, "user/throttle": 0.1379811316728592, "user/mode": "local", "pos/pos_x": 63.46114, "pos/pos_y": 0.5538082, "pos/pos_z": 75.47086, "pos/speed": 10.10869, "pos/cte": -0.4725074, "pilot/angle": 0.0, "pilot/throttle": 0.0, "milliseconds": 80464}