{"cam/image_array": "1315_cam-image_array_.jpg", "user/angle": -0.3469162881374359, "user/throttle": 0.8715115785598755, "user/mode": "local", "pos/pos_x": 78.18932, "pos/pos_y": 0.5544456, "pos/pos_z": 43.50805, "pos/speed": 12.04775, "pos/cte": -3.094624, "pilot/angle": 0.0, "pilot/throttle": 0.0, "milliseconds": 65794}