{"cam/image_array": "797_cam-image_array_.jpg", "user/angle": 0.711290717124939, "user/throttle": 0.324108749628067, "user/mode": "local", "pos/pos_x": 43.47654, "pos/pos_y": 0.5625329, "pos/pos_z": 51.93625, "pos/speed": 14.11031, "pos/cte": -6.213455, "pilot/angle": 0.0, "pilot/throttle": 0.0, "milliseconds": 39860}