{"cam/image_array": "4652_cam-image_array_.jpg", "user/angle": 0.14927034080028534, "user/throttle": 0.6944402456283569, "user/mode": "local", "pos/pos_x": 71.25262, "pos/pos_y": 0.5584949, "pos/pos_z": 73.44378, "pos/speed": 8.970478, "pos/cte": -5.080716, "pilot/angle": 0.0, "pilot/throttle": 0.0, "milliseconds": 232860}