{"cam/image_array": "3712_cam-image_array_.jpg", "user/angle": 0.3700513243675232, "user/throttle": 0.5372429490089417, "user/mode": "local", "pos/pos_x": 58.77232, "pos/pos_y": 0.5559512, "pos/pos_z": -2.789298, "pos/speed": 10.72118, "pos/cte": 0.8708784, "pilot/angle": 0.0, "pilot/throttle": 0.0, "milliseconds": 185798}