{"cam/image_array": "1498_cam-image_array_.jpg", "user/angle": 0.1063290387392044, "user/throttle": 0.6794184446334839, "user/mode": "local", "pos/pos_x": 47.74323, "pos/pos_y": 0.5548917, "pos/pos_z": 18.70158, "pos/speed": 12.03203, "pos/cte": -1.8965, "pilot/angle": 0.0, "pilot/throttle": 0.0, "milliseconds": 74955}