{"cam/image_array": "958_cam-image_array_.jpg", "user/angle": -0.20011726021766663, "user/throttle": 0.4623796045780182, "user/mode": "local", "pos/pos_x": 79.17683, "pos/pos_y": 0.5560004, "pos/pos_z": 30.99039, "pos/speed": 12.92375, "pos/cte": -7.152923, "pilot/angle": 0.0, "pilot/throttle": 0.0, "milliseconds": 47921}