{"cam/image_array": "4839_cam-image_array_.jpg", "user/angle": 0.17674750089645386, "user/throttle": 0.5738565921783447, "user/mode": "local", "pos/pos_x": 61.23682, "pos/pos_y": 0.5547947, "pos/pos_z": -3.966259, "pos/speed": 10.25835, "pos/cte": -0.1409038, "pilot/angle": 0.0, "pilot/throttle": 0.0, "milliseconds": 242221}