{"cam/image_array": "3333_cam-image_array_.jpg", "user/angle": 0.32414332032203674, "user/throttle": 0.5001704692840576, "user/mode": "local", "pos/pos_x": 57.73139, "pos/pos_y": 0.5543001, "pos/pos_z": -2.462649, "pos/speed": 9.534879, "pos/cte": 1.002363, "pilot/angle": 0.0, "pilot/throttle": 0.0, "milliseconds": 166824}