{"cam/image_array": "2564_cam-image_array_.jpg", "user/angle": 0.15587124228477478, "user/throttle": 0.6058968305587769, "user/mode": "local", "pos/pos_x": 66.61472, "pos/pos_y": 0.5555023, "pos/pos_z": -5.988571, "pos/speed": 9.945687, "pos/cte": -2.210069, "pilot/angle": 0.0, "pilot/throttle": 0.0, "milliseconds": 128324}