{"cam/image_array": "2516_cam-image_array_.jpg", "user/angle": 0.8226614594459534, "user/throttle": 0.09695488959550858, "user/mode": "local", "pos/pos_x": 85.90952, "pos/pos_y": 0.5527797, "pos/pos_z": -2.494141, "pos/speed": 10.1069, "pos/cte": -0.7073153, "pilot/angle": 0.0, "pilot/throttle": 0.0, "milliseconds": 125921}