{"cam/image_array": "4140_cam-image_array_.jpg", "user/angle": 0.08303791284561157, "user/throttle": 0.8250062465667725, "user/mode": "local", "pos/pos_x": 45.84787, "pos/pos_y": 0.5545682, "pos/pos_z": 25.89694, "pos/speed": 12.63789, "pos/cte": -3.4762, "pilot/angle": 0.0, "pilot/throttle": 0.0, "milliseconds": 207226}