{"cam/image_array": "4552_cam-image_array_.jpg", "user/angle": 0.20919032394886017, "user/throttle": 0.30657652020454407, "user/mode": "local", "pos/pos_x": 45.40487, "pos/pos_y": 0.560348, "pos/pos_z": 49.89043, "pos/speed": 13.50183, "pos/cte": -4.285133, "pilot/angle": 0.0, "pilot/throttle": 0.0, "milliseconds": 227853}