{"cam/image_array": "4196_cam-image_array_.jpg", "user/angle": 0.05080621689558029, "user/throttle": 0.21515168249607086, "user/mode": "local", "pos/pos_x": 47.01719, "pos/pos_y": 0.5513999, "pos/pos_z": 64.46425, "pos/speed": 12.34322, "pos/cte": -2.67281, "pilot/angle": 0.0, "pilot/throttle": 0.0, "milliseconds": 210029}