{"cam/image_array": "4348_cam-image_array_.jpg", "user/angle": -0.228849858045578, "user/throttle": 0.6507210731506348, "user/mode": "local", "pos/pos_x": 81.53317, "pos/pos_y": 0.5546075, "pos/pos_z": 22.24612, "pos/speed": 12.78353, "pos/cte": -6.001958, "pilot/angle": 0.0, "pilot/throttle": 0.0, "milliseconds": 217639}