{"cam/image_array": "4330_cam-image_array_.jpg", "user/angle": -0.17506814002990723, "user/throttle": 0.5455894470214844, "user/mode": "local", "pos/pos_x": 78.8655, "pos/pos_y": 0.5554081, "pos/pos_z": 33.39014, "pos/speed": 12.6599, "pos/cte": -6.928884, "pilot/angle": 0.0, "pilot/throttle": 0.0, "milliseconds": 216738}