{"cam/image_array": "3669_cam-image_array_.jpg", "user/angle": 0.6963838338851929, "user/throttle": 0.8576910495758057, "user/mode": "local", "pos/pos_x": 78.66837, "pos/pos_y": 0.5545449, "pos/pos_z": -9.014097, "pos/speed": 9.447915, "pos/cte": -5.340668, "pilot/angle": 0.0, "pilot/throttle": 0.0, "milliseconds": 183646}