{"cam/image_array": "4638_cam-image_array_.jpg", "user/angle": 0.4869331121444702, "user/throttle": 0.6861485242843628, "user/mode": "local", "pos/pos_x": 67.97461, "pos/pos_y": 0.5529541, "pos/pos_z": 78.46067, "pos/speed": 8.26619, "pos/cte": -5.846304, "pilot/angle": 0.0, "pilot/throttle": 0.0, "milliseconds": 232158}