{"cam/image_array": "738_cam-image_array_.jpg", "user/angle": 0.16003647446632385, "user/throttle": 0.7532371282577515, "user/mode": "local", "pos/pos_x": 48.83869, "pos/pos_y": 0.5561712, "pos/pos_z": 13.62729, "pos/speed": 11.75851, "pos/cte": -1.023416, "pilot/angle": 0.0, "pilot/throttle": 0.0, "milliseconds": 36907}