{"cam/image_array": "4369_cam-image_array_.jpg", "user/angle": 0.9091188907623291, "user/throttle": 0.15397290885448456, "user/mode": "local", "pos/pos_x": 87.31826, "pos/pos_y": 0.5556905, "pos/pos_z": 9.640225, "pos/speed": 12.03376, "pos/cte": -1.18559, "pilot/angle": 0.0, "pilot/throttle": 0.0, "milliseconds": 218690}