{"cam/image_array": "5771_cam-image_array_.jpg", "user/angle": -0.03588392585515976, "user/throttle": 0.5530780553817749, "user/mode": "local", "pos/pos_x": 74.72195, "pos/pos_y": 0.5608887, "pos/pos_z": 66.84954, "pos/speed": 9.425403, "pos/cte": -3.436195, "pilot/angle": 0.0, "pilot/throttle": 0.0, "milliseconds": 288882}