{"cam/image_array": "5189_cam-image_array_.jpg", "user/angle": 0.10565637052059174, "user/throttle": 0.469608873128891, "user/mode": "local", "pos/pos_x": 69.55857, "pos/pos_y": 0.5569291, "pos/pos_z": -8.214665, "pos/speed": 10.30417, "pos/cte": -4.461769, "pilot/angle": 0.0, "pilot/throttle": 0.0, "milliseconds": 259744}