{"cam/image_array": "5366_cam-image_array_.jpg", "user/angle": 0.8670843243598938, "user/throttle": 0.2436448335647583, "user/mode": "local", "pos/pos_x": 64.73476, "pos/pos_y": 0.5538279, "pos/pos_z": 76.75969, "pos/speed": 10.24738, "pos/cte": -2.278008, "pilot/angle": 0.0, "pilot/throttle": 0.0, "milliseconds": 268605}