{"cam/image_array": "3014_cam-image_array_.jpg", "user/angle": 0.06819836795330048, "user/throttle": 0.8412971496582031, "user/mode": "local", "pos/pos_x": 45.90224, "pos/pos_y": 0.5544404, "pos/pos_z": 25.31965, "pos/speed": 12.32371, "pos/cte": -3.447061, "pilot/angle": 0.0, "pilot/throttle": 0.0, "milliseconds": 150853}