{"cam/image_array": "5042_cam-image_array_.jpg", "user/angle": 0.18076828122138977, "user/throttle": 0.8597822189331055, "user/mode": "local", "pos/pos_x": 76.70391, "pos/pos_y": 0.5566062, "pos/pos_z": 61.37823, "pos/speed": 10.02871, "pos/cte": -1.389959, "pilot/angle": 0.0, "pilot/throttle": 0.0, "milliseconds": 252384}