{"cam/image_array": "3570_cam-image_array_.jpg", "user/angle": -0.03605867922306061, "user/throttle": 0.8389384746551514, "user/mode": "local", "pos/pos_x": 78.60279, "pos/pos_y": 0.5548761, "pos/pos_z": 44.01809, "pos/speed": 12.08025, "pos/cte": -3.203332, "pilot/angle": 0.0, "pilot/throttle": 0.0, "milliseconds": 178689}