{"cam/image_array": "1097_cam-image_array_.jpg", "user/angle": 0.13778634369373322, "user/throttle": 0.7068796157836914, "user/mode": "local", "pos/pos_x": 54.50058, "pos/pos_y": 0.556712, "pos/pos_z": 1.656738, "pos/speed": 10.51529, "pos/cte": 2.656648, "pilot/angle": 0.0, "pilot/throttle": 0.0, "milliseconds": 54879}