{"cam/image_array": "741_cam-image_array_.jpg", "user/angle": 0.13026395440101624, "user/throttle": 0.6768007278442383, "user/mode": "local", "pos/pos_x": 48.45809, "pos/pos_y": 0.5559668, "pos/pos_z": 14.74376, "pos/speed": 11.81863, "pos/cte": -1.354954, "pilot/angle": 0.0, "pilot/throttle": 0.0, "milliseconds": 37057}