{"cam/image_array": "4447_cam-image_array_.jpg", "user/angle": 0.4584082365036011, "user/throttle": 0.42090436816215515, "user/mode": "local", "pos/pos_x": 63.68115, "pos/pos_y": 0.557018, "pos/pos_z": -6.011917, "pos/speed": 10.18586, "pos/cte": -2.207814, "pilot/angle": 0.0, "pilot/throttle": 0.0, "milliseconds": 222596}