{"cam/image_array": "3941_cam-image_array_.jpg", "user/angle": -0.2739865183830261, "user/throttle": 0.8961993455886841, "user/mode": "local", "pos/pos_x": 78.43017, "pos/pos_y": 0.5529906, "pos/pos_z": 43.38456, "pos/speed": 12.11385, "pos/cte": -3.365054, "pilot/angle": 0.0, "pilot/throttle": 0.0, "milliseconds": 197262}