{"cam/image_array": "2068_cam-image_array_.jpg", "user/angle": -0.04708052799105644, "user/throttle": 0.600286602973938, "user/mode": "local", "pos/pos_x": 78.36638, "pos/pos_y": 0.5545264, "pos/pos_z": 37.93201, "pos/speed": 12.67395, "pos/cte": -5.633486, "pilot/angle": 0.0, "pilot/throttle": 0.0, "milliseconds": 103492}