{"cam/image_array": "5309_cam-image_array_.jpg", "user/angle": 0.5217862129211426, "user/throttle": 0.39581209421157837, "user/mode": "local", "pos/pos_x": 43.55006, "pos/pos_y": 0.5517321, "pos/pos_z": 53.25062, "pos/speed": 13.65806, "pos/cte": -6.139935, "pilot/angle": 0.0, "pilot/throttle": 0.0, "milliseconds": 265752}