{"cam/image_array": "854_cam-image_array_.jpg", "user/angle": 0.7287379503250122, "user/throttle": 0.2298426628112793, "user/mode": "local", "pos/pos_x": 63.65945, "pos/pos_y": 0.5545083, "pos/pos_z": 76.90364, "pos/speed": 10.48559, "pos/cte": -1.553818, "pilot/angle": 0.0, "pilot/throttle": 0.0, "milliseconds": 42714}