{"cam/image_array": "3900_cam-image_array_.jpg", "user/angle": -0.19457870721817017, "user/throttle": 0.9205055236816406, "user/mode": "local", "pos/pos_x": 74.58797, "pos/pos_y": 0.5559779, "pos/pos_z": 66.17288, "pos/speed": 9.392535, "pos/cte": -2.894867, "pilot/angle": 0.0, "pilot/throttle": 0.0, "milliseconds": 195210}