{"cam/image_array": "515_cam-image_array_.jpg", "user/angle": -0.02299041673541069, "user/throttle": 0.7080497741699219, "user/mode": "local", "pos/pos_x": 74.72774, "pos/pos_y": 0.5579596, "pos/pos_z": 65.63744, "pos/speed": 9.684299, "pos/cte": -2.653399, "pilot/angle": 0.0, "pilot/throttle": 0.0, "milliseconds": 25742}