{"cam/image_array": "3762_cam-image_array_.jpg", "user/angle": 0.14744795858860016, "user/throttle": 0.793735146522522, "user/mode": "local", "pos/pos_x": 46.55027, "pos/pos_y": 0.5559651, "pos/pos_z": 22.54456, "pos/speed": 12.46902, "pos/cte": -2.920696, "pilot/angle": 0.0, "pilot/throttle": 0.0, "milliseconds": 188301}