{"cam/image_array": "4938_cam-image_array_.jpg", "user/angle": 0.33915087580680847, "user/throttle": 0.2760908007621765, "user/mode": "local", "pos/pos_x": 44.09415, "pos/pos_y": 0.5639542, "pos/pos_z": 51.20241, "pos/speed": 14.14561, "pos/cte": -5.595844, "pilot/angle": 0.0, "pilot/throttle": 0.0, "milliseconds": 247178}