{"cam/image_array": "157_cam-image_array_.jpg", "user/angle": 0.03456033393740654, "user/throttle": 0.8149758577346802, "user/mode": "local", "pos/pos_x": 72.8856, "pos/pos_y": 0.5548137, "pos/pos_z": 66.90717, "pos/speed": 10.29776, "pos/cte": -2.077248, "pilot/angle": 0.0, "pilot/throttle": 0.0, "milliseconds": 7819}