{"cam/image_array": "4950_cam-image_array_.jpg", "user/angle": 0.4730159342288971, "user/throttle": 0.18451958894729614, "user/mode": "local", "pos/pos_x": 44.89339, "pos/pos_y": 0.5507957, "pos/pos_z": 60.16911, "pos/speed": 13.13504, "pos/cte": -4.796612, "pilot/angle": 0.0, "pilot/throttle": 0.0, "milliseconds": 247778}