{"cam/image_array": "396_cam-image_array_.jpg", "user/angle": -0.07471777498722076, "user/throttle": 0.9364218711853027, "user/mode": "local", "pos/pos_x": 45.28416, "pos/pos_y": 0.5551923, "pos/pos_z": 31.69854, "pos/speed": 13.08868, "pos/cte": -4.031637, "pilot/angle": 0.0, "pilot/throttle": 0.0, "milliseconds": 19784}