{"cam/image_array": "2872_cam-image_array_.jpg", "user/angle": 0.7046090960502625, "user/throttle": 0.047023139894008636, "user/mode": "local", "pos/pos_x": 86.48927, "pos/pos_y": 0.556291, "pos/pos_z": 8.433449, "pos/speed": 11.4332, "pos/cte": 0.2561882, "pilot/angle": 0.0, "pilot/throttle": 0.0, "milliseconds": 143744}