{"cam/image_array": "1141_cam-image_array_.jpg", "user/angle": 0.009411178529262543, "user/throttle": 0.8414782285690308, "user/mode": "local", "pos/pos_x": 45.87889, "pos/pos_y": 0.5553652, "pos/pos_z": 25.37484, "pos/speed": 12.58132, "pos/cte": -3.467985, "pilot/angle": 0.0, "pilot/throttle": 0.0, "milliseconds": 57082}