{"cam/image_array": "393_cam-image_array_.jpg", "user/angle": 0.03102053329348564, "user/throttle": 0.8569793701171875, "user/mode": "local", "pos/pos_x": 45.42118, "pos/pos_y": 0.5562324, "pos/pos_z": 29.10125, "pos/speed": 12.83416, "pos/cte": -3.87195, "pilot/angle": 0.0, "pilot/throttle": 0.0, "milliseconds": 19635}