{"cam/image_array": "4946_cam-image_array_.jpg", "user/angle": 0.3416338860988617, "user/throttle": 0.31269028782844543, "user/mode": "local", "pos/pos_x": 44.31351, "pos/pos_y": 0.554642, "pos/pos_z": 57.57773, "pos/speed": 13.55014, "pos/cte": -5.376488, "pilot/angle": 0.0, "pilot/throttle": 0.0, "milliseconds": 247578}