{"cam/image_array": "3962_cam-image_array_.jpg", "user/angle": -0.1185501366853714, "user/throttle": 0.35846954584121704, "user/mode": "local", "pos/pos_x": 79.20548, "pos/pos_y": 0.5563172, "pos/pos_z": 30.77782, "pos/speed": 13.08195, "pos/cte": -7.161073, "pilot/angle": 0.0, "pilot/throttle": 0.0, "milliseconds": 198315}