{"cam/image_array": "873_cam-image_array_.jpg", "user/angle": 0.8698878884315491, "user/throttle": 0.30769118666648865, "user/mode": "local", "pos/pos_x": 72.00754, "pos/pos_y": 0.5529143, "pos/pos_z": 74.5465, "pos/speed": 9.341081, "pos/cte": -6.370918, "pilot/angle": 0.0, "pilot/throttle": 0.0, "milliseconds": 43665}