{"cam/image_array": "5626_cam-image_array_.jpg", "user/angle": 0.12837480008602142, "user/throttle": 0.6310371160507202, "user/mode": "local", "pos/pos_x": 48.33649, "pos/pos_y": 0.5557899, "pos/pos_z": 15.79374, "pos/speed": 11.87564, "pos/cte": -1.430644, "pilot/angle": 0.0, "pilot/throttle": 0.0, "milliseconds": 281622}