{"cam/image_array": "2512_cam-image_array_.jpg", "user/angle": 1.058393120765686, "user/throttle": 0.5052525997161865, "user/mode": "local", "pos/pos_x": 86.77914, "pos/pos_y": 0.5527335, "pos/pos_z": -0.6573542, "pos/speed": 10.17384, "pos/cte": -0.05398845, "pilot/angle": 0.0, "pilot/throttle": 0.0, "milliseconds": 125721}