{"cam/image_array": "3600_cam-image_array_.jpg", "user/angle": -0.08232708275318146, "user/throttle": 0.5508260726928711, "user/mode": "local", "pos/pos_x": 79.87389, "pos/pos_y": 0.5492533, "pos/pos_z": 26.11479, "pos/speed": 13.2045, "pos/cte": -6.582425, "pilot/angle": 0.0, "pilot/throttle": 0.0, "milliseconds": 180191}