{"cam/image_array": "4965_cam-image_array_.jpg", "user/angle": 0.30928725004196167, "user/throttle": 0.34216657280921936, "user/mode": "local", "pos/pos_x": 48.93092, "pos/pos_y": 0.5551783, "pos/pos_z": 67.91502, "pos/speed": 12.09564, "pos/cte": -0.7590752, "pilot/angle": 0.0, "pilot/throttle": 0.0, "milliseconds": 248529}