{"cam/image_array": "3203_cam-image_array_.jpg", "user/angle": -0.08691602945327759, "user/throttle": 0.6173478364944458, "user/mode": "local", "pos/pos_x": 78.38914, "pos/pos_y": 0.554897, "pos/pos_z": 35.16917, "pos/speed": 12.44927, "pos/cte": -6.275686, "pilot/angle": 0.0, "pilot/throttle": 0.0, "milliseconds": 160315}