{"cam/image_array": "653_cam-image_array_.jpg", "user/angle": 0.6303073763847351, "user/throttle": 0.7261216640472412, "user/mode": "local", "pos/pos_x": 82.11796, "pos/pos_y": 0.5524228, "pos/pos_z": -9.195044, "pos/speed": 9.391448, "pos/cte": -5.469309, "pilot/angle": 0.0, "pilot/throttle": 0.0, "milliseconds": 32651}