{"cam/image_array": "5172_cam-image_array_.jpg", "user/angle": 0.6084607243537903, "user/throttle": 0.8348321914672852, "user/mode": "local", "pos/pos_x": 78.60259, "pos/pos_y": 0.553634, "pos/pos_z": -8.940309, "pos/speed": 9.364146, "pos/cte": -5.266308, "pilot/angle": 0.0, "pilot/throttle": 0.0, "milliseconds": 258893}