{"cam/image_array": "3608_cam-image_array_.jpg", "user/angle": -0.105015829205513, "user/throttle": 0.5277436971664429, "user/mode": "local", "pos/pos_x": 81.63109, "pos/pos_y": 0.5569832, "pos/pos_z": 21.16402, "pos/speed": 13.23708, "pos/cte": -5.453294, "pilot/angle": 0.0, "pilot/throttle": 0.0, "milliseconds": 180592}