{"cam/image_array": "3907_cam-image_array_.jpg", "user/angle": 0.1172877848148346, "user/throttle": 0.7311607599258423, "user/mode": "local", "pos/pos_x": 75.8739, "pos/pos_y": 0.5549806, "pos/pos_z": 62.49724, "pos/speed": 10.01567, "pos/cte": -1.485557, "pilot/angle": 0.0, "pilot/throttle": 0.0, "milliseconds": 195561}