{"cam/image_array": "768_cam-image_array_.jpg", "user/angle": -0.07236708700656891, "user/throttle": 0.8417975902557373, "user/mode": "local", "pos/pos_x": 45.40504, "pos/pos_y": 0.5557382, "pos/pos_z": 32.37466, "pos/speed": 13.28595, "pos/cte": -3.916653, "pilot/angle": 0.0, "pilot/throttle": 0.0, "milliseconds": 38409}