{"cam/image_array": "621_cam-image_array_.jpg", "user/angle": 1.0145946741104126, "user/throttle": 0.4414658546447754, "user/mode": "local", "pos/pos_x": 88.44775, "pos/pos_y": 0.5540853, "pos/pos_z": 4.449118, "pos/speed": 11.62777, "pos/cte": -0.1116489, "pilot/angle": 0.0, "pilot/throttle": 0.0, "milliseconds": 31049}