{"cam/image_array": "3196_cam-image_array_.jpg", "user/angle": -0.040174830704927444, "user/throttle": 0.8795785903930664, "user/mode": "local", "pos/pos_x": 78.10243, "pos/pos_y": 0.555578, "pos/pos_z": 38.84164, "pos/speed": 12.10238, "pos/cte": -5.131315, "pilot/angle": 0.0, "pilot/throttle": 0.0, "milliseconds": 159965}