{"cam/image_array": "337_cam-image_array_.jpg", "user/angle": 0.31644007563591003, "user/throttle": 0.6125494241714478, "user/mode": "local", "pos/pos_x": 57.60219, "pos/pos_y": 0.5547891, "pos/pos_z": -1.009787, "pos/speed": 10.5656, "pos/cte": 2.260688, "pilot/angle": 0.0, "pilot/throttle": 0.0, "milliseconds": 16831}