{"cam/image_array": "3587_cam-image_array_.jpg", "user/angle": -0.262783944606781, "user/throttle": 0.6268481016159058, "user/mode": "local", "pos/pos_x": 78.71861, "pos/pos_y": 0.5543693, "pos/pos_z": 33.9328, "pos/speed": 13.0635, "pos/cte": -6.804695, "pilot/angle": 0.0, "pilot/throttle": 0.0, "milliseconds": 179540}