{"cam/image_array": "5192_cam-image_array_.jpg", "user/angle": 0.17775145173072815, "user/throttle": 0.37858524918556213, "user/mode": "local", "pos/pos_x": 68.56655, "pos/pos_y": 0.5545929, "pos/pos_z": -7.927456, "pos/speed": 10.33031, "pos/cte": -4.165914, "pilot/angle": 0.0, "pilot/throttle": 0.0, "milliseconds": 259894}