{"cam/image_array": "2248_cam-image_array_.jpg", "user/angle": 0.10866336524486542, "user/throttle": 0.6289341449737549, "user/mode": "local", "pos/pos_x": 48.38987, "pos/pos_y": 0.5560862, "pos/pos_z": 15.17989, "pos/speed": 11.81409, "pos/cte": -1.404084, "pilot/angle": 0.0, "pilot/throttle": 0.0, "milliseconds": 112503}