{"cam/image_array": "3433_cam-image_array_.jpg", "user/angle": 0.7218379378318787, "user/throttle": 0.24631373584270477, "user/mode": "local", "pos/pos_x": 43.69954, "pos/pos_y": 0.555382, "pos/pos_z": 52.44427, "pos/speed": 13.46958, "pos/cte": -5.990459, "pilot/angle": 0.0, "pilot/throttle": 0.0, "milliseconds": 171831}