{"cam/image_array": "4629_cam-image_array_.jpg", "user/angle": 0.6831013560295105, "user/throttle": 0.8614624738693237, "user/mode": "local", "pos/pos_x": 65.27287, "pos/pos_y": 0.5544606, "pos/pos_z": 80.26252, "pos/speed": 8.020746, "pos/cte": -4.962089, "pilot/angle": 0.0, "pilot/throttle": 0.0, "milliseconds": 231708}