{"cam/image_array": "2973_cam-image_array_.jpg", "user/angle": 0.09353895485401154, "user/throttle": 0.8985693454742432, "user/mode": "local", "pos/pos_x": 54.10846, "pos/pos_y": 0.5541973, "pos/pos_z": 3.601877, "pos/speed": 10.31825, "pos/cte": 3.412606, "pilot/angle": 0.0, "pilot/throttle": 0.0, "milliseconds": 148800}