{"cam/image_array": "2595_cam-image_array_.jpg", "user/angle": 0.1215105652809143, "user/throttle": 0.7214510440826416, "user/mode": "local", "pos/pos_x": 53.6438, "pos/pos_y": 0.5550331, "pos/pos_z": 3.534703, "pos/speed": 10.48383, "pos/cte": 2.833064, "pilot/angle": 0.0, "pilot/throttle": 0.0, "milliseconds": 129876}