{"cam/image_array": "4696_cam-image_array_.jpg", "user/angle": -0.05168285593390465, "user/throttle": 0.9234050512313843, "user/mode": "local", "pos/pos_x": 78.56668, "pos/pos_y": 0.5562968, "pos/pos_z": 52.24639, "pos/speed": 11.17232, "pos/cte": -0.2061076, "pilot/angle": 0.0, "pilot/throttle": 0.0, "milliseconds": 235062}