{"cam/image_array": "5058_cam-image_array_.jpg", "user/angle": 0.13184864819049835, "user/throttle": 0.967930793762207, "user/mode": "local", "pos/pos_x": 78.574, "pos/pos_y": 0.5529127, "pos/pos_z": 53.14521, "pos/speed": 11.28522, "pos/cte": -0.2212689, "pilot/angle": 0.0, "pilot/throttle": 0.0, "milliseconds": 253185}