{"cam/image_array": "145_cam-image_array_.jpg", "user/angle": -0.07861563563346863, "user/throttle": 0.6021337509155273, "user/mode": "local", "pos/pos_x": 70.5117, "pos/pos_y": 0.5553806, "pos/pos_z": 72.35005, "pos/speed": 9.583426, "pos/cte": -3.806997, "pilot/angle": 0.0, "pilot/throttle": 0.0, "milliseconds": 7218}