{"cam/image_array": "5359_cam-image_array_.jpg", "user/angle": 1.2808479070663452, "user/throttle": 0.16251318156719208, "user/mode": "local", "pos/pos_x": 61.59148, "pos/pos_y": 0.5531718, "pos/pos_z": 76.42408, "pos/speed": 10.82385, "pos/cte": 0.2632823, "pilot/angle": 0.0, "pilot/throttle": 0.0, "milliseconds": 268255}