{"cam/image_array": "3550_cam-image_array_.jpg", "user/angle": 0.18436667323112488, "user/throttle": 0.9770536422729492, "user/mode": "local", "pos/pos_x": 78.31767, "pos/pos_y": 0.5535755, "pos/pos_z": 55.41749, "pos/speed": 10.70638, "pos/cte": -0.1981301, "pilot/angle": 0.0, "pilot/throttle": 0.0, "milliseconds": 177688}