{"cam/image_array": "5587_cam-image_array_.jpg", "user/angle": 0.35147732496261597, "user/throttle": 0.5904266834259033, "user/mode": "local", "pos/pos_x": 58.61048, "pos/pos_y": 0.5523834, "pos/pos_z": -2.090835, "pos/speed": 10.43354, "pos/cte": 1.528152, "pilot/angle": 0.0, "pilot/throttle": 0.0, "milliseconds": 279670}