{"cam/image_array": "312_cam-image_array_.jpg", "user/angle": 0.1622786521911621, "user/throttle": 0.6722832918167114, "user/mode": "local", "pos/pos_x": 68.09216, "pos/pos_y": 0.5525481, "pos/pos_z": -7.112864, "pos/speed": 9.773525, "pos/cte": -3.347212, "pilot/angle": 0.0, "pilot/throttle": 0.0, "milliseconds": 15579}