{"cam/image_array": "5618_cam-image_array_.jpg", "user/angle": 0.07074891030788422, "user/throttle": 0.6847950220108032, "user/mode": "local", "pos/pos_x": 49.89881, "pos/pos_y": 0.5559887, "pos/pos_z": 11.37003, "pos/speed": 11.42677, "pos/cte": -0.06276875, "pilot/angle": 0.0, "pilot/throttle": 0.0, "milliseconds": 281222}