{"cam/image_array": "2016_cam-image_array_.jpg", "user/angle": 0.07103191316127777, "user/throttle": 0.7422933578491211, "user/mode": "local", "pos/pos_x": 74.34343, "pos/pos_y": 0.5567923, "pos/pos_z": 65.7095, "pos/speed": 9.643907, "pos/cte": -2.407968, "pilot/angle": 0.0, "pilot/throttle": 0.0, "milliseconds": 100889}