{"cam/image_array": "5708_cam-image_array_.jpg", "user/angle": 0.4054434299468994, "user/throttle": 0.3227338492870331, "user/mode": "local", "pos/pos_x": 49.49791, "pos/pos_y": 0.5573401, "pos/pos_z": 68.50684, "pos/speed": 11.97764, "pos/cte": -0.1920929, "pilot/angle": 0.0, "pilot/throttle": 0.0, "milliseconds": 285728}