{"cam/image_array": "2975_cam-image_array_.jpg", "user/angle": 0.11437150835990906, "user/throttle": 0.8408633470535278, "user/mode": "local", "pos/pos_x": 53.56522, "pos/pos_y": 0.5532267, "pos/pos_z": 4.483109, "pos/speed": 10.37768, "pos/cte": 3.154861, "pilot/angle": 0.0, "pilot/throttle": 0.0, "milliseconds": 148900}