{"cam/image_array": "4020_cam-image_array_.jpg", "user/angle": 0.8178904056549072, "user/throttle": 0.10472235828638077, "user/mode": "local", "pos/pos_x": 86.26674, "pos/pos_y": 0.5530513, "pos/pos_z": -2.878184, "pos/speed": 10.25635, "pos/cte": -1.231285, "pilot/angle": 0.0, "pilot/throttle": 0.0, "milliseconds": 201218}