{"cam/image_array": "1486_cam-image_array_.jpg", "user/angle": 0.03634195774793625, "user/throttle": 0.6846723556518555, "user/mode": "local", "pos/pos_x": 49.84901, "pos/pos_y": 0.5565823, "pos/pos_z": 12.0172, "pos/speed": 11.38509, "pos/cte": -0.08428949, "pilot/angle": 0.0, "pilot/throttle": 0.0, "milliseconds": 74355}