{"cam/image_array": "3829_cam-image_array_.jpg", "user/angle": 0.21883516013622284, "user/throttle": 0.19944138824939728, "user/mode": "local", "pos/pos_x": 48.09528, "pos/pos_y": 0.5558485, "pos/pos_z": 66.53517, "pos/speed": 12.40808, "pos/cte": -1.594723, "pilot/angle": 0.0, "pilot/throttle": 0.0, "milliseconds": 191656}