{"cam/image_array": "224_cam-image_array_.jpg", "user/angle": -0.0244736410677433, "user/throttle": 0.3631521165370941, "user/mode": "local", "pos/pos_x": 79.95364, "pos/pos_y": 0.5547572, "pos/pos_z": 28.35336, "pos/speed": 12.99987, "pos/cte": -7.478375, "pilot/angle": 0.0, "pilot/throttle": 0.0, "milliseconds": 11174}