{"cam/image_array": "4472_cam-image_array_.jpg", "user/angle": 0.11114142835140228, "user/throttle": 0.7494907379150391, "user/mode": "local", "pos/pos_x": 54.4688, "pos/pos_y": 0.5519961, "pos/pos_z": 1.363434, "pos/speed": 10.07895, "pos/cte": 2.422017, "pilot/angle": 0.0, "pilot/throttle": 0.0, "milliseconds": 223848}