{"cam/image_array": "1275_cam-image_array_.jpg", "user/angle": -0.0030272938311100006, "user/throttle": 0.6387059688568115, "user/mode": "local", "pos/pos_x": 75.61023, "pos/pos_y": 0.5573267, "pos/pos_z": 65.6214, "pos/speed": 9.737982, "pos/cte": -3.314036, "pilot/angle": 0.0, "pilot/throttle": 0.0, "milliseconds": 63791}