{"cam/image_array": "1448_cam-image_array_.jpg", "user/angle": 0.4869791269302368, "user/throttle": 0.664513349533081, "user/mode": "local", "pos/pos_x": 61.2169, "pos/pos_y": 0.556507, "pos/pos_z": -3.838229, "pos/speed": 10.41619, "pos/cte": -0.01270427, "pilot/angle": 0.0, "pilot/throttle": 0.0, "milliseconds": 72452}