{"cam/image_array": "187_cam-image_array_.jpg", "user/angle": 0.06141327694058418, "user/throttle": 0.85945725440979, "user/mode": "local", "pos/pos_x": 77.91924, "pos/pos_y": 0.5535338, "pos/pos_z": 52.41608, "pos/speed": 11.57162, "pos/cte": 0.4398246, "pilot/angle": 0.0, "pilot/throttle": 0.0, "milliseconds": 9321}