{"cam/image_array": "3384_cam-image_array_.jpg", "user/angle": 0.09910412132740021, "user/throttle": 0.7971631288528442, "user/mode": "local", "pos/pos_x": 46.50604, "pos/pos_y": 0.5552422, "pos/pos_z": 21.44657, "pos/speed": 11.66547, "pos/cte": -3.012774, "pilot/angle": 0.0, "pilot/throttle": 0.0, "milliseconds": 169377}