{"cam/image_array": "63_cam-image_array_.jpg", "user/angle": 0.7156283259391785, "user/throttle": 0.27191099524497986, "user/mode": "local", "pos/pos_x": 47.8686, "pos/pos_y": 0.5566359, "pos/pos_z": 66.32524, "pos/speed": 12.17406, "pos/cte": -1.8214, "pilot/angle": 0.0, "pilot/throttle": 0.0, "milliseconds": 3113}