{"cam/image_array": "583_cam-image_array_.jpg", "user/angle": -0.08864180743694305, "user/throttle": 0.47595447301864624, "user/mode": "local", "pos/pos_x": 79.78844, "pos/pos_y": 0.5535865, "pos/pos_z": 26.57931, "pos/speed": 13.08406, "pos/cte": -6.665072, "pilot/angle": 0.0, "pilot/throttle": 0.0, "milliseconds": 29146}