{"cam/image_array": "2454_cam-image_array_.jpg", "user/angle": -0.23658490180969238, "user/throttle": 0.5300947427749634, "user/mode": "local", "pos/pos_x": 78.95383, "pos/pos_y": 0.5551732, "pos/pos_z": 33.72958, "pos/speed": 13.00159, "pos/cte": -7.070225, "pilot/angle": 0.0, "pilot/throttle": 0.0, "milliseconds": 122817}