{"cam/image_array": "4815_cam-image_array_.jpg", "user/angle": 0.3653939962387085, "user/throttle": 0.7008371353149414, "user/mode": "local", "pos/pos_x": 72.17751, "pos/pos_y": 0.5535053, "pos/pos_z": -8.184856, "pos/speed": 9.38096, "pos/cte": -4.454816, "pilot/angle": 0.0, "pilot/throttle": 0.0, "milliseconds": 241019}