{"cam/image_array": "1579_cam-image_array_.jpg", "user/angle": 0.249638631939888, "user/throttle": 0.47795483469963074, "user/mode": "local", "pos/pos_x": 49.77483, "pos/pos_y": 0.5553731, "pos/pos_z": 68.96853, "pos/speed": 11.32007, "pos/cte": 0.08482742, "pilot/angle": 0.0, "pilot/throttle": 0.0, "milliseconds": 79011}