{"cam/image_array": "4305_cam-image_array_.jpg", "user/angle": -0.044422972947359085, "user/throttle": 0.692391037940979, "user/mode": "local", "pos/pos_x": 78.74974, "pos/pos_y": 0.5560429, "pos/pos_z": 48.74301, "pos/speed": 11.51084, "pos/cte": -1.169878, "pilot/angle": 0.0, "pilot/throttle": 0.0, "milliseconds": 215486}