{"cam/image_array": "5584_cam-image_array_.jpg", "user/angle": 0.3842344880104065, "user/throttle": 0.5669436454772949, "user/mode": "local", "pos/pos_x": 59.45807, "pos/pos_y": 0.5529869, "pos/pos_z": -2.695566, "pos/speed": 10.38078, "pos/cte": 1.145264, "pilot/angle": 0.0, "pilot/throttle": 0.0, "milliseconds": 279519}