{"cam/image_array": "2745_cam-image_array_.jpg", "user/angle": 0.7576582431793213, "user/throttle": 0.6173111200332642, "user/mode": "local", "pos/pos_x": 68.08459, "pos/pos_y": 0.5530527, "pos/pos_z": 74.72761, "pos/speed": 8.970263, "pos/cte": -3.505507, "pilot/angle": 0.0, "pilot/throttle": 0.0, "milliseconds": 137386}