{"cam/image_array": "754_cam-image_array_.jpg", "user/angle": 0.09120635688304901, "user/throttle": 0.8371798992156982, "user/mode": "local", "pos/pos_x": 46.36382, "pos/pos_y": 0.5555324, "pos/pos_z": 23.45808, "pos/speed": 12.39531, "pos/cte": -3.067126, "pilot/angle": 0.0, "pilot/throttle": 0.0, "milliseconds": 37707}