{"cam/image_array": "1323_cam-image_array_.jpg", "user/angle": -0.17472460865974426, "user/throttle": 0.6794782876968384, "user/mode": "local", "pos/pos_x": 77.90735, "pos/pos_y": 0.551383, "pos/pos_z": 38.57386, "pos/speed": 12.49718, "pos/cte": -4.986535, "pilot/angle": 0.0, "pilot/throttle": 0.0, "milliseconds": 66194}