{"cam/image_array": "3099_cam-image_array_.jpg", "user/angle": 0.8287930488586426, "user/throttle": 0.2858864963054657, "user/mode": "local", "pos/pos_x": 56.52637, "pos/pos_y": 0.5526957, "pos/pos_z": 74.45789, "pos/speed": 10.48038, "pos/cte": 4.010442, "pilot/angle": 0.0, "pilot/throttle": 0.0, "milliseconds": 155109}