{"cam/image_array": "5673_cam-image_array_.jpg", "user/angle": 0.15673434734344482, "user/throttle": 0.30348658561706543, "user/mode": "local", "pos/pos_x": 44.49939, "pos/pos_y": 0.5559622, "pos/pos_z": 47.51344, "pos/speed": 14.23335, "pos/cte": -4.954377, "pilot/angle": 0.0, "pilot/throttle": 0.0, "milliseconds": 283975}