{"cam/image_array": "2146_cam-image_array_.jpg", "user/angle": 0.8053466081619263, "user/throttle": 0.9169273376464844, "user/mode": "local", "pos/pos_x": 86.83479, "pos/pos_y": 0.5522593, "pos/pos_z": -6.941373, "pos/speed": 9.11844, "pos/cte": -4.948691, "pilot/angle": 0.0, "pilot/throttle": 0.0, "milliseconds": 107397}