{"cam/image_array": "4193_cam-image_array_.jpg", "user/angle": -0.020699728280305862, "user/throttle": 0.2753761410713196, "user/mode": "local", "pos/pos_x": 45.86732, "pos/pos_y": 0.5542277, "pos/pos_z": 62.23405, "pos/speed": 12.66347, "pos/cte": -3.822681, "pilot/angle": 0.0, "pilot/throttle": 0.0, "milliseconds": 209879}