{"cam/image_array": "5315_cam-image_array_.jpg", "user/angle": 0.4292202889919281, "user/throttle": 0.28583234548568726, "user/mode": "local", "pos/pos_x": 44.0815, "pos/pos_y": 0.5521501, "pos/pos_z": 57.23418, "pos/speed": 13.20412, "pos/cte": -5.608498, "pilot/angle": 0.0, "pilot/throttle": 0.0, "milliseconds": 266052}