{"cam/image_array": "4325_cam-image_array_.jpg", "user/angle": -0.15062883496284485, "user/throttle": 0.6655265092849731, "user/mode": "local", "pos/pos_x": 78.61349, "pos/pos_y": 0.5540454, "pos/pos_z": 35.9174, "pos/speed": 12.57746, "pos/cte": -6.393368, "pilot/angle": 0.0, "pilot/throttle": 0.0, "milliseconds": 216487}