{"cam/image_array": "2405_cam-image_array_.jpg", "user/angle": 0.1772749125957489, "user/throttle": 0.7431529760360718, "user/mode": "local", "pos/pos_x": 77.53583, "pos/pos_y": 0.5554129, "pos/pos_z": 62.04569, "pos/speed": 9.991544, "pos/cte": -2.456035, "pilot/angle": 0.0, "pilot/throttle": 0.0, "milliseconds": 120364}