{"cam/image_array": "5655_cam-image_array_.jpg", "user/angle": -0.040509942919015884, "user/throttle": 0.8044006824493408, "user/mode": "local", "pos/pos_x": 45.30636, "pos/pos_y": 0.5554397, "pos/pos_z": 35.07361, "pos/speed": 13.37544, "pos/cte": -4.038887, "pilot/angle": 0.0, "pilot/throttle": 0.0, "milliseconds": 283074}