{"cam/image_array": "140_cam-image_array_.jpg", "user/angle": -3.9713457226753235e-05, "user/throttle": 0.5555306673049927, "user/mode": "local", "pos/pos_x": 69.42348, "pos/pos_y": 0.5567837, "pos/pos_z": 74.96466, "pos/speed": 9.108765, "pos/cte": -4.677555, "pilot/angle": 0.0, "pilot/throttle": 0.0, "milliseconds": 6969}