{"cam/image_array": "2291_cam-image_array_.jpg", "user/angle": 0.05173738673329353, "user/throttle": 0.4722123444080353, "user/mode": "local", "pos/pos_x": 44.51038, "pos/pos_y": 0.5555148, "pos/pos_z": 44.24615, "pos/speed": 14.39973, "pos/cte": -4.914876, "pilot/angle": 0.0, "pilot/throttle": 0.0, "milliseconds": 114656}