{"cam/image_array": "625_cam-image_array_.jpg", "user/angle": 1.2112759351730347, "user/throttle": 0.3637159466743469, "user/mode": "local", "pos/pos_x": 88.60149, "pos/pos_y": 0.5521742, "pos/pos_z": 2.192811, "pos/speed": 11.17099, "pos/cte": -0.5971699, "pilot/angle": 0.0, "pilot/throttle": 0.0, "milliseconds": 31249}