{"cam/image_array": "2037_cam-image_array_.jpg", "user/angle": 0.1973607838153839, "user/throttle": 0.8820500373840332, "user/mode": "local", "pos/pos_x": 77.74805, "pos/pos_y": 0.552698, "pos/pos_z": 56.14518, "pos/speed": 10.78, "pos/cte": 0.2205507, "pilot/angle": 0.0, "pilot/throttle": 0.0, "milliseconds": 101940}