{"cam/image_array": "745_cam-image_array_.jpg", "user/angle": 0.05428459122776985, "user/throttle": 0.7219210863113403, "user/mode": "local", "pos/pos_x": 47.75873, "pos/pos_y": 0.5550596, "pos/pos_z": 17.02176, "pos/speed": 11.99697, "pos/cte": -1.954284, "pilot/angle": 0.0, "pilot/throttle": 0.0, "milliseconds": 37258}