{"cam/image_array": "3517_cam-image_array_.jpg", "user/angle": 0.16277697682380676, "user/throttle": 0.4890437722206116, "user/mode": "local", "pos/pos_x": 72.32841, "pos/pos_y": 0.5526481, "pos/pos_z": 71.3423, "pos/speed": 8.929244, "pos/cte": -4.533947, "pilot/angle": 0.0, "pilot/throttle": 0.0, "milliseconds": 176035}