{"cam/image_array": "5173_cam-image_array_.jpg", "user/angle": 0.6154340505599976, "user/throttle": 0.8536937236785889, "user/mode": "local", "pos/pos_x": 77.30362, "pos/pos_y": 0.5524532, "pos/pos_z": -9.207651, "pos/speed": 9.466145, "pos/cte": -5.522305, "pilot/angle": 0.0, "pilot/throttle": 0.0, "milliseconds": 258943}