{"cam/image_array": "3896_cam-image_array_.jpg", "user/angle": -0.06490926444530487, "user/throttle": 0.6452313661575317, "user/mode": "local", "pos/pos_x": 73.97961, "pos/pos_y": 0.5593493, "pos/pos_z": 67.9492, "pos/speed": 9.239136, "pos/cte": -3.585889, "pilot/angle": 0.0, "pilot/throttle": 0.0, "milliseconds": 195011}