{"cam/image_array": "4955_cam-image_array_.jpg", "user/angle": 0.13089478015899658, "user/throttle": 0.258043497800827, "user/mode": "local", "pos/pos_x": 45.76821, "pos/pos_y": 0.5532967, "pos/pos_z": 62.59606, "pos/speed": 12.79859, "pos/cte": -3.921787, "pilot/angle": 0.0, "pilot/throttle": 0.0, "milliseconds": 248029}