{"cam/image_array": "4442_cam-image_array_.jpg", "user/angle": 0.16710872948169708, "user/throttle": 0.4535587430000305, "user/mode": "local", "pos/pos_x": 65.62267, "pos/pos_y": 0.5567946, "pos/pos_z": -6.664536, "pos/speed": 10.24117, "pos/cte": -2.877352, "pilot/angle": 0.0, "pilot/throttle": 0.0, "milliseconds": 222346}