{"cam/image_array": "4337_cam-image_array_.jpg", "user/angle": -0.17285339534282684, "user/throttle": 0.503229558467865, "user/mode": "local", "pos/pos_x": 79.67376, "pos/pos_y": 0.5543144, "pos/pos_z": 28.32577, "pos/speed": 12.73328, "pos/cte": -7.198157, "pilot/angle": 0.0, "pilot/throttle": 0.0, "milliseconds": 217088}