{"cam/image_array": "2535_cam-image_array_.jpg", "user/angle": 0.47882136702537537, "user/throttle": 0.8696591854095459, "user/mode": "local", "pos/pos_x": 79.57291, "pos/pos_y": 0.5531365, "pos/pos_z": -7.693997, "pos/speed": 8.852199, "pos/cte": -4.028512, "pilot/angle": 0.0, "pilot/throttle": 0.0, "milliseconds": 126872}