{"cam/image_array": "1453_cam-image_array_.jpg", "user/angle": 0.542203962802887, "user/throttle": 0.6137396097183228, "user/mode": "local", "pos/pos_x": 59.38029, "pos/pos_y": 0.5544931, "pos/pos_z": -2.876733, "pos/speed": 10.43919, "pos/cte": 0.9647825, "pilot/angle": 0.0, "pilot/throttle": 0.0, "milliseconds": 72703}