{"cam/image_array": "5751_cam-image_array_.jpg", "user/angle": 0.7006396651268005, "user/throttle": 0.851648211479187, "user/mode": "local", "pos/pos_x": 69.50974, "pos/pos_y": 0.5523458, "pos/pos_z": 74.34519, "pos/speed": 9.166125, "pos/cte": -4.340839, "pilot/angle": 0.0, "pilot/throttle": 0.0, "milliseconds": 287880}