{"cam/image_array": "2676_cam-image_array_.jpg", "user/angle": 0.32444658875465393, "user/throttle": 0.1901666224002838, "user/mode": "local", "pos/pos_x": 45.22106, "pos/pos_y": 0.5628661, "pos/pos_z": 52.37386, "pos/speed": 13.87039, "pos/cte": -4.468937, "pilot/angle": 0.0, "pilot/throttle": 0.0, "milliseconds": 133931}