{"cam/image_array": "2661_cam-image_array_.jpg", "user/angle": 0.024973761290311813, "user/throttle": 0.5845053195953369, "user/mode": "local", "pos/pos_x": 45.41671, "pos/pos_y": 0.5552458, "pos/pos_z": 41.89947, "pos/speed": 13.64323, "pos/cte": -3.988103, "pilot/angle": 0.0, "pilot/throttle": 0.0, "milliseconds": 133180}