{"cam/image_array": "4502_cam-image_array_.jpg", "user/angle": 0.2430543154478073, "user/throttle": 0.6786326169967651, "user/mode": "local", "pos/pos_x": 47.72825, "pos/pos_y": 0.5550883, "pos/pos_z": 16.92636, "pos/speed": 11.72233, "pos/cte": -1.988896, "pilot/angle": 0.0, "pilot/throttle": 0.0, "milliseconds": 225349}