{"cam/image_array": "5395_cam-image_array_.jpg", "user/angle": 0.18508921563625336, "user/throttle": 0.5718801021575928, "user/mode": "local", "pos/pos_x": 75.51096, "pos/pos_y": 0.554839, "pos/pos_z": 69.4126, "pos/speed": 8.872503, "pos/cte": -5.700734, "pilot/angle": 0.0, "pilot/throttle": 0.0, "milliseconds": 270058}