{"cam/image_array": "5256_cam-image_array_.jpg", "user/angle": 0.10271885991096497, "user/throttle": 0.6090296506881714, "user/mode": "local", "pos/pos_x": 47.64764, "pos/pos_y": 0.5562026, "pos/pos_z": 18.75208, "pos/speed": 12.07501, "pos/cte": -1.989795, "pilot/angle": 0.0, "pilot/throttle": 0.0, "milliseconds": 263099}