{"cam/image_array": "4546_cam-image_array_.jpg", "user/angle": 0.021660882979631424, "user/throttle": 0.5018389225006104, "user/mode": "local", "pos/pos_x": 45.39007, "pos/pos_y": 0.5553117, "pos/pos_z": 44.46748, "pos/speed": 13.45507, "pos/cte": -4.037153, "pilot/angle": 0.0, "pilot/throttle": 0.0, "milliseconds": 227552}