{"cam/image_array": "3427_cam-image_array_.jpg", "user/angle": 0.36303019523620605, "user/throttle": 0.2651134133338928, "user/mode": "local", "pos/pos_x": 43.92005, "pos/pos_y": 0.5559185, "pos/pos_z": 48.36897, "pos/speed": 13.78837, "pos/cte": 0.0, "pilot/angle": 0.0, "pilot/throttle": 0.0, "milliseconds": 171530}