{"cam/image_array": "4372_cam-image_array_.jpg", "user/angle": 0.9949962496757507, "user/throttle": 0.1434573084115982, "user/mode": "local", "pos/pos_x": 87.69154, "pos/pos_y": 0.5542564, "pos/pos_z": 8.502501, "pos/speed": 11.91306, "pos/cte": -0.8383319, "pilot/angle": 0.0, "pilot/throttle": 0.0, "milliseconds": 218840}