{"cam/image_array": "4398_cam-image_array_.jpg", "user/angle": 0.8691765666007996, "user/throttle": 0.5243781805038452, "user/mode": "local", "pos/pos_x": 85.31413, "pos/pos_y": 0.5521874, "pos/pos_z": -4.943419, "pos/speed": 9.57256, "pos/cte": -2.455403, "pilot/angle": 0.0, "pilot/throttle": 0.0, "milliseconds": 220142}