{"cam/image_array": "4572_cam-image_array_.jpg", "user/angle": -0.15871039032936096, "user/throttle": 0.4075770080089569, "user/mode": "local", "pos/pos_x": 47.8616, "pos/pos_y": 0.5545256, "pos/pos_z": 61.14059, "pos/speed": 12.5264, "pos/cte": -1.828396, "pilot/angle": 0.0, "pilot/throttle": 0.0, "milliseconds": 228854}