{"cam/image_array": "4586_cam-image_array_.jpg", "user/angle": 0.6102768778800964, "user/throttle": 0.011018738150596619, "user/mode": "local", "pos/pos_x": 50.51844, "pos/pos_y": 0.555438, "pos/pos_z": 69.37738, "pos/speed": 12.21912, "pos/cte": 0.8284454, "pilot/angle": 0.0, "pilot/throttle": 0.0, "milliseconds": 229555}