{"cam/image_array": "5457_cam-image_array_.jpg", "user/angle": -0.18828192353248596, "user/throttle": 0.8137933015823364, "user/mode": "local", "pos/pos_x": 78.80398, "pos/pos_y": 0.5548507, "pos/pos_z": 37.51368, "pos/speed": 12.45189, "pos/cte": -6.185628, "pilot/angle": 0.0, "pilot/throttle": 0.0, "milliseconds": 273161}