{"cam/image_array": "1389_cam-image_array_.jpg", "user/angle": 1.1930562257766724, "user/throttle": 0.6496953964233398, "user/mode": "local", "pos/pos_x": 85.42061, "pos/pos_y": 0.5537306, "pos/pos_z": -0.1739591, "pos/speed": 9.986743, "pos/cte": 1.366456, "pilot/angle": 0.0, "pilot/throttle": 0.0, "milliseconds": 69499}