{"cam/image_array": "2276_cam-image_array_.jpg", "user/angle": -0.034746117889881134, "user/throttle": 0.8581974506378174, "user/mode": "local", "pos/pos_x": 45.30965, "pos/pos_y": 0.5556035, "pos/pos_z": 32.3594, "pos/speed": 13.16445, "pos/cte": -4.011911, "pilot/angle": 0.0, "pilot/throttle": 0.0, "milliseconds": 113905}