{"cam/image_array": "2108_cam-image_array_.jpg", "user/angle": 0.3687410056591034, "user/throttle": 0.05781722813844681, "user/mode": "local", "pos/pos_x": 85.30191, "pos/pos_y": 0.5525753, "pos/pos_z": 13.00703, "pos/speed": 13.02679, "pos/cte": -2.173685, "pilot/angle": 0.0, "pilot/throttle": 0.0, "milliseconds": 105495}