{"cam/image_array": "2901_cam-image_array_.jpg", "user/angle": 0.9111914038658142, "user/throttle": 0.7204452753067017, "user/mode": "local", "pos/pos_x": 83.42278, "pos/pos_y": 0.5524547, "pos/pos_z": -5.640343, "pos/speed": 8.916831, "pos/cte": -2.39259, "pilot/angle": 0.0, "pilot/throttle": 0.0, "milliseconds": 145196}