{"cam/image_array": "129_cam-image_array_.jpg", "user/angle": 0.18819177150726318, "user/throttle": 0.7077444791793823, "user/mode": "local", "pos/pos_x": 67.38047, "pos/pos_y": 0.5541937, "pos/pos_z": 78.92907, "pos/speed": 8.649994, "pos/cte": -5.698718, "pilot/angle": 0.0, "pilot/throttle": 0.0, "milliseconds": 6417}