{"cam/image_array": "1663_cam-image_array_.jpg", "user/angle": 0.3354026675224304, "user/throttle": 1.0190045833587646, "user/mode": "local", "pos/pos_x": 78.12089, "pos/pos_y": 0.5544668, "pos/pos_z": 56.08171, "pos/speed": 10.74854, "pos/cte": -0.1064516, "pilot/angle": 0.0, "pilot/throttle": 0.0, "milliseconds": 83216}