{"cam/image_array": "443_cam-image_array_.jpg", "user/angle": 0.43501660227775574, "user/throttle": 0.10237088799476624, "user/mode": "local", "pos/pos_x": 45.60027, "pos/pos_y": 0.553929, "pos/pos_z": 63.48776, "pos/speed": 12.64444, "pos/cte": -4.089733, "pilot/angle": 0.0, "pilot/throttle": 0.0, "milliseconds": 22137}