{"cam/image_array": "1887_cam-image_array_.jpg", "user/angle": 0.04705583676695824, "user/throttle": 0.8849185705184937, "user/mode": "local", "pos/pos_x": 45.83876, "pos/pos_y": 0.5548872, "pos/pos_z": 26.19957, "pos/speed": 12.51241, "pos/cte": -3.4721, "pilot/angle": 0.0, "pilot/throttle": 0.0, "milliseconds": 94431}