{"cam/image_array": "5016_cam-image_array_.jpg", "user/angle": 0.4149323105812073, "user/throttle": 0.5156869888305664, "user/mode": "local", "pos/pos_x": 71.57596, "pos/pos_y": 0.5514486, "pos/pos_z": 72.78796, "pos/speed": 9.133503, "pos/cte": -4.900659, "pilot/angle": 0.0, "pilot/throttle": 0.0, "milliseconds": 251083}