{"cam/image_array": "2590_cam-image_array_.jpg", "user/angle": 0.17229275405406952, "user/throttle": 0.6098345518112183, "user/mode": "local", "pos/pos_x": 54.99379, "pos/pos_y": 0.5514365, "pos/pos_z": 1.418459, "pos/speed": 10.40365, "pos/cte": 2.823304, "pilot/angle": 0.0, "pilot/throttle": 0.0, "milliseconds": 129628}