{"cam/image_array": "3541_cam-image_array_.jpg", "user/angle": 0.3118560016155243, "user/throttle": 0.7805371284484863, "user/mode": "local", "pos/pos_x": 76.79628, "pos/pos_y": 0.5561889, "pos/pos_z": 60.36102, "pos/speed": 10.02728, "pos/cte": -0.7995757, "pilot/angle": 0.0, "pilot/throttle": 0.0, "milliseconds": 177237}