{"cam/image_array": "2842_cam-image_array_.jpg", "user/angle": -0.07183624804019928, "user/throttle": 0.40439632534980774, "user/mode": "local", "pos/pos_x": 80.60073, "pos/pos_y": 0.5550578, "pos/pos_z": 25.6718, "pos/speed": 12.54442, "pos/cte": -7.108101, "pilot/angle": 0.0, "pilot/throttle": 0.0, "milliseconds": 142242}