{"cam/image_array": "2199_cam-image_array_.jpg", "user/angle": 0.24124161899089813, "user/throttle": 0.5914124250411987, "user/mode": "local", "pos/pos_x": 63.65464, "pos/pos_y": 0.5542591, "pos/pos_z": -5.78415, "pos/speed": 10.47611, "pos/cte": -1.979824, "pilot/angle": 0.0, "pilot/throttle": 0.0, "milliseconds": 110050}