{"cam/image_array": "1575_cam-image_array_.jpg", "user/angle": 0.29941412806510925, "user/throttle": 0.38693270087242126, "user/mode": "local", "pos/pos_x": 48.28862, "pos/pos_y": 0.5520384, "pos/pos_z": 67.25076, "pos/speed": 11.47904, "pos/cte": -1.401379, "pilot/angle": 0.0, "pilot/throttle": 0.0, "milliseconds": 78811}