{"cam/image_array": "1767_cam-image_array_.jpg", "user/angle": 0.9737046360969543, "user/throttle": 0.49352356791496277, "user/mode": "local", "pos/pos_x": 86.30393, "pos/pos_y": 0.5546157, "pos/pos_z": -5.218653, "pos/speed": 9.224236, "pos/cte": -3.194913, "pilot/angle": 0.0, "pilot/throttle": 0.0, "milliseconds": 88423}