{"cam/image_array": "5665_cam-image_array_.jpg", "user/angle": -0.039952557533979416, "user/throttle": 0.6925227642059326, "user/mode": "local", "pos/pos_x": 44.92351, "pos/pos_y": 0.5550312, "pos/pos_z": 41.9, "pos/speed": 13.92435, "pos/cte": -4.481287, "pilot/angle": 0.0, "pilot/throttle": 0.0, "milliseconds": 283576}