{"cam/image_array": "4396_cam-image_array_.jpg", "user/angle": 0.8217566609382629, "user/throttle": 0.40538930892944336, "user/mode": "local", "pos/pos_x": 85.89923, "pos/pos_y": 0.5547451, "pos/pos_z": -4.17578, "pos/speed": 9.701318, "pos/cte": -2.090942, "pilot/angle": 0.0, "pilot/throttle": 0.0, "milliseconds": 220042}