{"cam/image_array": "89_cam-image_array_.jpg", "user/angle": 0.8148661851882935, "user/throttle": 0.07092030346393585, "user/mode": "local", "pos/pos_x": 52.34305, "pos/pos_y": 0.5550949, "pos/pos_z": 80.10637, "pos/speed": 9.76598, "pos/cte": -2.940816, "pilot/angle": 0.0, "pilot/throttle": 0.0, "milliseconds": 4415}