{"cam/image_array": "5522_cam-image_array_.jpg", "user/angle": 1.0868557691574097, "user/throttle": 0.6415060758590698, "user/mode": "local", "pos/pos_x": 86.67189, "pos/pos_y": 0.5517109, "pos/pos_z": -0.06349018, "pos/speed": 10.08196, "pos/cte": 0.3317934, "pilot/angle": 0.0, "pilot/throttle": 0.0, "milliseconds": 276416}