{"cam/image_array": "1443_cam-image_array_.jpg", "user/angle": 0.31805217266082764, "user/throttle": 0.5198434591293335, "user/mode": "local", "pos/pos_x": 63.10397, "pos/pos_y": 0.5563659, "pos/pos_z": -4.667477, "pos/speed": 10.30715, "pos/cte": -0.8583888, "pilot/angle": 0.0, "pilot/throttle": 0.0, "milliseconds": 72202}