{"cam/image_array": "4848_cam-image_array_.jpg", "user/angle": 0.24402885138988495, "user/throttle": 0.6028342247009277, "user/mode": "local", "pos/pos_x": 57.94273, "pos/pos_y": 0.5562175, "pos/pos_z": -1.460662, "pos/speed": 10.51989, "pos/cte": 2.026085, "pilot/angle": 0.0, "pilot/throttle": 0.0, "milliseconds": 242671}