{"cam/image_array": "3857_cam-image_array_.jpg", "user/angle": 1.0281118154525757, "user/throttle": 0.2256755828857422, "user/mode": "local", "pos/pos_x": 60.38684, "pos/pos_y": 0.5527774, "pos/pos_z": 76.6414, "pos/speed": 10.365, "pos/cte": 0.7567401, "pilot/angle": 0.0, "pilot/throttle": 0.0, "milliseconds": 193057}