{"cam/image_array": "1441_cam-image_array_.jpg", "user/angle": 0.20393943786621094, "user/throttle": 0.5651211738586426, "user/mode": "local", "pos/pos_x": 64.43076, "pos/pos_y": 0.554504, "pos/pos_z": -5.200352, "pos/speed": 10.08358, "pos/cte": -1.402822, "pilot/angle": 0.0, "pilot/throttle": 0.0, "milliseconds": 72102}