{"cam/image_array": "164_cam-image_array_.jpg", "user/angle": 0.12060588598251343, "user/throttle": 0.7656593322753906, "user/mode": "local", "pos/pos_x": 74.29498, "pos/pos_y": 0.5554465, "pos/pos_z": 64.10117, "pos/speed": 10.62252, "pos/cte": -1.326603, "pilot/angle": 0.0, "pilot/throttle": 0.0, "milliseconds": 8170}