{"cam/image_array": "3198_cam-image_array_.jpg", "user/angle": -0.06550748646259308, "user/throttle": 0.8225562572479248, "user/mode": "local", "pos/pos_x": 78.18853, "pos/pos_y": 0.5554523, "pos/pos_z": 37.62684, "pos/speed": 12.19972, "pos/cte": -5.567708, "pilot/angle": 0.0, "pilot/throttle": 0.0, "milliseconds": 160065}