{"cam/image_array": "3402_cam-image_array_.jpg", "user/angle": -0.08104081451892853, "user/throttle": 0.8848260641098022, "user/mode": "local", "pos/pos_x": 45.35032, "pos/pos_y": 0.5551522, "pos/pos_z": 32.30576, "pos/speed": 12.76058, "pos/cte": -3.97078, "pilot/angle": 0.0, "pilot/throttle": 0.0, "milliseconds": 170279}