{"cam/image_array": "2977_cam-image_array_.jpg", "user/angle": 0.126475989818573, "user/throttle": 0.7367333173751831, "user/mode": "local", "pos/pos_x": 52.82151, "pos/pos_y": 0.5545242, "pos/pos_z": 5.755102, "pos/speed": 10.64, "pos/cte": 2.667114, "pilot/angle": 0.0, "pilot/throttle": 0.0, "milliseconds": 149001}