{"cam/image_array": "4037_cam-image_array_.jpg", "user/angle": 0.6708600521087646, "user/throttle": 0.8294233083724976, "user/mode": "local", "pos/pos_x": 80.69112, "pos/pos_y": 0.5511813, "pos/pos_z": -7.942591, "pos/speed": 9.321099, "pos/cte": -4.286854, "pilot/angle": 0.0, "pilot/throttle": 0.0, "milliseconds": 202069}