{"cam/image_array": "4523_cam-image_array_.jpg", "user/angle": 0.006269615143537521, "user/throttle": 0.8654202222824097, "user/mode": "local", "pos/pos_x": 45.5837, "pos/pos_y": 0.5572039, "pos/pos_z": 30.0078, "pos/speed": 12.58896, "pos/cte": -3.71735, "pilot/angle": 0.0, "pilot/throttle": 0.0, "milliseconds": 226401}