{"cam/image_array": "5215_cam-image_array_.jpg", "user/angle": 0.1478542536497116, "user/throttle": 0.662758469581604, "user/mode": "local", "pos/pos_x": 57.52308, "pos/pos_y": 0.5525615, "pos/pos_z": -2.031415, "pos/speed": 10.4491, "pos/cte": 1.281154, "pilot/angle": 0.0, "pilot/throttle": 0.0, "milliseconds": 261045}