{"cam/image_array": "863_cam-image_array_.jpg", "user/angle": 0.7383912205696106, "user/throttle": 0.5620183944702148, "user/mode": "local", "pos/pos_x": 67.69414, "pos/pos_y": 0.5542083, "pos/pos_z": 76.58541, "pos/speed": 9.755133, "pos/cte": -4.415148, "pilot/angle": 0.0, "pilot/throttle": 0.0, "milliseconds": 43165}