{"cam/image_array": "4943_cam-image_array_.jpg", "user/angle": 0.6138116121292114, "user/throttle": 0.3351942300796509, "user/mode": "local", "pos/pos_x": 44.03609, "pos/pos_y": 0.5502549, "pos/pos_z": 54.8538, "pos/speed": 13.93788, "pos/cte": -5.653908, "pilot/angle": 0.0, "pilot/throttle": 0.0, "milliseconds": 247427}