{"cam/image_array": "2893_cam-image_array_.jpg", "user/angle": 0.8561264276504517, "user/throttle": 0.07837916165590286, "user/mode": "local", "pos/pos_x": 85.70097, "pos/pos_y": 0.5541856, "pos/pos_z": -2.720325, "pos/speed": 9.696049, "pos/cte": -0.7171069, "pilot/angle": 0.0, "pilot/throttle": 0.0, "milliseconds": 144795}