{"cam/image_array": "4133_cam-image_array_.jpg", "user/angle": 0.11375489830970764, "user/throttle": 0.7776476144790649, "user/mode": "local", "pos/pos_x": 46.49213, "pos/pos_y": 0.5565174, "pos/pos_z": 22.20862, "pos/speed": 12.30931, "pos/cte": -2.993433, "pilot/angle": 0.0, "pilot/throttle": 0.0, "milliseconds": 206875}