{"cam/image_array": "4113_cam-image_array_.jpg", "user/angle": 0.03988567367196083, "user/throttle": 0.7288029193878174, "user/mode": "local", "pos/pos_x": 50.13275, "pos/pos_y": 0.5550765, "pos/pos_z": 10.79089, "pos/speed": 11.40922, "pos/cte": 0.145687, "pilot/angle": 0.0, "pilot/throttle": 0.0, "milliseconds": 205874}