{"cam/image_array": "2578_cam-image_array_.jpg", "user/angle": 0.4712749421596527, "user/throttle": 0.6159464120864868, "user/mode": "local", "pos/pos_x": 60.09658, "pos/pos_y": 0.5546685, "pos/pos_z": -3.112225, "pos/speed": 10.32921, "pos/cte": 0.7230488, "pilot/angle": 0.0, "pilot/throttle": 0.0, "milliseconds": 129025}