{"cam/image_array": "2161_cam-image_array_.jpg", "user/angle": 0.7002372741699219, "user/throttle": 0.6539582014083862, "user/mode": "local", "pos/pos_x": 81.44869, "pos/pos_y": 0.5549266, "pos/pos_z": -10.3148, "pos/speed": 9.324807, "pos/cte": -6.36949, "pilot/angle": 0.0, "pilot/throttle": 0.0, "milliseconds": 108148}