{"cam/image_array": "4940_cam-image_array_.jpg", "user/angle": 0.6396227478981018, "user/throttle": 0.23893442749977112, "user/mode": "local", "pos/pos_x": 44.01168, "pos/pos_y": 0.5590777, "pos/pos_z": 53.45815, "pos/speed": 13.94694, "pos/cte": -5.678322, "pilot/angle": 0.0, "pilot/throttle": 0.0, "milliseconds": 247278}