{"cam/image_array": "301_cam-image_array_.jpg", "user/angle": 0.48912620544433594, "user/throttle": 0.6615628004074097, "user/mode": "local", "pos/pos_x": 72.81917, "pos/pos_y": 0.5537463, "pos/pos_z": -7.856586, "pos/speed": 9.567047, "pos/cte": -4.132157, "pilot/angle": 0.0, "pilot/throttle": 0.0, "milliseconds": 15028}