{"cam/image_array": "4978_cam-image_array_.jpg", "user/angle": 0.6865060329437256, "user/throttle": 0.3455522954463959, "user/mode": "local", "pos/pos_x": 54.8736, "pos/pos_y": 0.552884, "pos/pos_z": 73.65252, "pos/speed": 11.5809, "pos/cte": 4.100829, "pilot/angle": 0.0, "pilot/throttle": 0.0, "milliseconds": 249181}