{"cam/image_array": "2813_cam-image_array_.jpg", "user/angle": -0.15317018330097198, "user/throttle": 0.7509829998016357, "user/mode": "local", "pos/pos_x": 77.88522, "pos/pos_y": 0.5519121, "pos/pos_z": 43.58229, "pos/speed": 11.88957, "pos/cte": -2.793387, "pilot/angle": 0.0, "pilot/throttle": 0.0, "milliseconds": 140790}