{"cam/image_array": "2772_cam-image_array_.jpg", "user/angle": 0.08254864811897278, "user/throttle": 0.723137617111206, "user/mode": "local", "pos/pos_x": 74.66305, "pos/pos_y": 0.5533406, "pos/pos_z": 64.25137, "pos/speed": 9.472266, "pos/cte": -1.704028, "pilot/angle": 0.0, "pilot/throttle": 0.0, "milliseconds": 138737}