{"cam/image_array": "2141_cam-image_array_.jpg", "user/angle": 0.7855455875396729, "user/throttle": 0.7991937398910522, "user/mode": "local", "pos/pos_x": 88.31198, "pos/pos_y": 0.5512044, "pos/pos_z": -4.654693, "pos/speed": 9.219283, "pos/cte": -3.935226, "pilot/angle": 0.0, "pilot/throttle": 0.0, "milliseconds": 107152}