{"cam/image_array": "2483_cam-image_array_.jpg", "user/angle": 0.33089110255241394, "user/throttle": 0.11624835431575775, "user/mode": "local", "pos/pos_x": 83.91942, "pos/pos_y": 0.5548342, "pos/pos_z": 16.46028, "pos/speed": 12.95189, "pos/cte": -3.667709, "pilot/angle": 0.0, "pilot/throttle": 0.0, "milliseconds": 124269}