{"cam/image_array": "2802_cam-image_array_.jpg", "user/angle": -0.07319577038288116, "user/throttle": 0.8164056539535522, "user/mode": "local", "pos/pos_x": 78.15381, "pos/pos_y": 0.5526196, "pos/pos_z": 49.37621, "pos/speed": 11.25244, "pos/cte": -0.3967638, "pilot/angle": 0.0, "pilot/throttle": 0.0, "milliseconds": 140240}