{"cam/image_array": "5485_cam-image_array_.jpg", "user/angle": -0.07874539494514465, "user/throttle": 0.4344037175178528, "user/mode": "local", "pos/pos_x": 82.01955, "pos/pos_y": 0.5586846, "pos/pos_z": 20.21553, "pos/speed": 12.74022, "pos/cte": -5.04869, "pilot/angle": 0.0, "pilot/throttle": 0.0, "milliseconds": 274563}