{"cam/image_array": "1408_cam-image_array_.jpg", "user/angle": 0.6689996719360352, "user/throttle": 0.6991331577301025, "user/mode": "local", "pos/pos_x": 79.94884, "pos/pos_y": 0.5514205, "pos/pos_z": -6.641289, "pos/speed": 9.070198, "pos/cte": -2.979124, "pilot/angle": 0.0, "pilot/throttle": 0.0, "milliseconds": 70450}