{"cam/image_array": "18_cam-image_array_.jpg", "user/angle": -0.13238635659217834, "user/throttle": 0.8075079917907715, "user/mode": "local", "pos/pos_x": 49.68869, "pos/pos_y": 0.5629118, "pos/pos_z": 48.78177, "pos/speed": 2.955673, "pos/cte": -0.001304626, "pilot/angle": 0.0, "pilot/throttle": 0.0, "milliseconds": 861}