{"cam/image_array": "4107_cam-image_array_.jpg", "user/angle": 0.10339650511741638, "user/throttle": 0.7217584848403931, "user/mode": "local", "pos/pos_x": 51.46058, "pos/pos_y": 0.5554245, "pos/pos_z": 7.662549, "pos/speed": 11.2369, "pos/cte": 1.335803, "pilot/angle": 0.0, "pilot/throttle": 0.0, "milliseconds": 205574}