{"cam/image_array": "1519_cam-image_array_.jpg", "user/angle": -0.05223659798502922, "user/throttle": 1.0106055736541748, "user/mode": "local", "pos/pos_x": 45.58048, "pos/pos_y": 0.5559937, "pos/pos_z": 30.74653, "pos/speed": 12.77768, "pos/cte": -3.727019, "pilot/angle": 0.0, "pilot/throttle": 0.0, "milliseconds": 76008}