{"cam/image_array": "1413_cam-image_array_.jpg", "user/angle": 0.5031564235687256, "user/throttle": 0.8677932024002075, "user/mode": "local", "pos/pos_x": 77.41251, "pos/pos_y": 0.5522989, "pos/pos_z": -7.583974, "pos/speed": 9.060606, "pos/cte": -3.89964, "pilot/angle": 0.0, "pilot/throttle": 0.0, "milliseconds": 70700}