{"cam/image_array": "3443_cam-image_array_.jpg", "user/angle": 0.180361807346344, "user/throttle": 0.2583613991737366, "user/mode": "local", "pos/pos_x": 44.81791, "pos/pos_y": 0.5523197, "pos/pos_z": 58.76648, "pos/speed": 12.42462, "pos/cte": -4.872093, "pilot/angle": 0.0, "pilot/throttle": 0.0, "milliseconds": 172331}