{"cam/image_array": "5318_cam-image_array_.jpg", "user/angle": 0.4505116641521454, "user/throttle": 0.1014421284198761, "user/mode": "local", "pos/pos_x": 44.81249, "pos/pos_y": 0.5532047, "pos/pos_z": 59.73941, "pos/speed": 13.07035, "pos/cte": -4.877506, "pilot/angle": 0.0, "pilot/throttle": 0.0, "milliseconds": 266203}