{"cam/image_array": "5152_cam-image_array_.jpg", "user/angle": 0.8130137920379639, "user/throttle": 0.4409080743789673, "user/mode": "local", "pos/pos_x": 85.32107, "pos/pos_y": 0.5532275, "pos/pos_z": -3.875541, "pos/speed": 10.27165, "pos/cte": -1.538807, "pilot/angle": 0.0, "pilot/throttle": 0.0, "milliseconds": 257891}