{"cam/image_array": "2154_cam-image_array_.jpg", "user/angle": 0.6133140325546265, "user/throttle": 0.7672377824783325, "user/mode": "local", "pos/pos_x": 84.02463, "pos/pos_y": 0.5520837, "pos/pos_z": -9.272303, "pos/speed": 9.219913, "pos/cte": -6.053293, "pilot/angle": 0.0, "pilot/throttle": 0.0, "milliseconds": 107797}