{"cam/image_array": "4698_cam-image_array_.jpg", "user/angle": -0.007128339260816574, "user/throttle": 0.8371977806091309, "user/mode": "local", "pos/pos_x": 78.55255, "pos/pos_y": 0.5504522, "pos/pos_z": 51.11613, "pos/speed": 11.31467, "pos/cte": -0.3661879, "pilot/angle": 0.0, "pilot/throttle": 0.0, "milliseconds": 235162}