{"cam/image_array": "413_cam-image_array_.jpg", "user/angle": -0.038595881313085556, "user/throttle": 0.6871641874313354, "user/mode": "local", "pos/pos_x": 44.72452, "pos/pos_y": 0.5543417, "pos/pos_z": 42.60922, "pos/speed": 14.09311, "pos/cte": -4.686459, "pilot/angle": 0.0, "pilot/throttle": 0.0, "milliseconds": 20636}