{"cam/image_array": "870_cam-image_array_.jpg", "user/angle": 0.9696841239929199, "user/throttle": 0.4167533814907074, "user/mode": "local", "pos/pos_x": 71.23936, "pos/pos_y": 0.5515068, "pos/pos_z": 75.08373, "pos/speed": 9.380148, "pos/cte": -6.135692, "pilot/angle": 0.0, "pilot/throttle": 0.0, "milliseconds": 43516}