{"cam/image_array": "4300_cam-image_array_.jpg", "user/angle": 0.07830081880092621, "user/throttle": 0.9384338855743408, "user/mode": "local", "pos/pos_x": 78.80018, "pos/pos_y": 0.5542726, "pos/pos_z": 52.12998, "pos/speed": 11.0884, "pos/cte": -0.4385804, "pilot/angle": 0.0, "pilot/throttle": 0.0, "milliseconds": 215236}