{"cam/image_array": "5713_cam-image_array_.jpg", "user/angle": 0.2984503507614136, "user/throttle": 0.3111429810523987, "user/mode": "local", "pos/pos_x": 51.03323, "pos/pos_y": 0.5572271, "pos/pos_z": 70.32961, "pos/speed": 11.86234, "pos/cte": 1.343235, "pilot/angle": 0.0, "pilot/throttle": 0.0, "milliseconds": 285978}