{"cam/image_array": "2487_cam-image_array_.jpg", "user/angle": 0.33917704224586487, "user/throttle": 0.07045190781354904, "user/mode": "local", "pos/pos_x": 84.99402, "pos/pos_y": 0.5547475, "pos/pos_z": 14.13792, "pos/speed": 12.82801, "pos/cte": -2.764484, "pilot/angle": 0.0, "pilot/throttle": 0.0, "milliseconds": 124469}