{"cam/image_array": "403_cam-image_array_.jpg", "user/angle": -0.058497074991464615, "user/throttle": 0.8577855825424194, "user/mode": "local", "pos/pos_x": 45.1307, "pos/pos_y": 0.5554364, "pos/pos_z": 35.70076, "pos/speed": 13.57475, "pos/cte": -4.220009, "pilot/angle": 0.0, "pilot/throttle": 0.0, "milliseconds": 20135}