{"cam/image_array": "1889_cam-image_array_.jpg", "user/angle": 0.049921732395887375, "user/throttle": 0.9247294664382935, "user/mode": "local", "pos/pos_x": 45.69281, "pos/pos_y": 0.5554388, "pos/pos_z": 27.4523, "pos/speed": 12.66424, "pos/cte": -3.563272, "pilot/angle": 0.0, "pilot/throttle": 0.0, "milliseconds": 94531}