{"cam/image_array": "5119_cam-image_array_.jpg", "user/angle": 0.23778845369815826, "user/throttle": 0.07717692852020264, "user/mode": "local", "pos/pos_x": 84.34151, "pos/pos_y": 0.5544744, "pos/pos_z": 15.08155, "pos/speed": 13.08986, "pos/cte": -2.980181, "pilot/angle": 0.0, "pilot/throttle": 0.0, "milliseconds": 256240}