{"cam/image_array": "4525_cam-image_array_.jpg", "user/angle": -0.05034126713871956, "user/throttle": 0.8110413551330566, "user/mode": "local", "pos/pos_x": 45.55353, "pos/pos_y": 0.5559844, "pos/pos_z": 31.27154, "pos/speed": 12.67059, "pos/cte": -3.758546, "pilot/angle": 0.0, "pilot/throttle": 0.0, "milliseconds": 226501}