{"cam/image_array": "868_cam-image_array_.jpg", "user/angle": 0.9220110177993774, "user/throttle": 0.2944232225418091, "user/mode": "local", "pos/pos_x": 70.41701, "pos/pos_y": 0.553373, "pos/pos_z": 75.561, "pos/speed": 9.612764, "pos/cte": -5.820331, "pilot/angle": 0.0, "pilot/throttle": 0.0, "milliseconds": 43415}