{"cam/image_array": "2616_cam-image_array_.jpg", "user/angle": 0.10051347315311432, "user/throttle": 0.6949633359909058, "user/mode": "local", "pos/pos_x": 48.90849, "pos/pos_y": 0.556407, "pos/pos_z": 14.69732, "pos/speed": 11.6182, "pos/cte": -0.9070147, "pilot/angle": 0.0, "pilot/throttle": 0.0, "milliseconds": 130927}