{"cam/image_array": "5556_cam-image_array_.jpg", "user/angle": 0.18499793112277985, "user/throttle": 0.5161893367767334, "user/mode": "local", "pos/pos_x": 73.71122, "pos/pos_y": 0.5521114, "pos/pos_z": -7.557347, "pos/speed": 9.610925, "pos/cte": -3.840714, "pilot/angle": 0.0, "pilot/throttle": 0.0, "milliseconds": 278118}