{"cam/image_array": "5595_cam-image_array_.jpg", "user/angle": 0.19096863269805908, "user/throttle": 0.7000448703765869, "user/mode": "local", "pos/pos_x": 55.62308, "pos/pos_y": 0.5535141, "pos/pos_z": 0.81705, "pos/speed": 10.52476, "pos/cte": 2.889938, "pilot/angle": 0.0, "pilot/throttle": 0.0, "milliseconds": 280070}