{"cam/image_array": "112_cam-image_array_.jpg", "user/angle": 0.69085294008255, "user/throttle": 0.6200534105300903, "user/mode": "local", "pos/pos_x": 61.07232, "pos/pos_y": 0.5543661, "pos/pos_z": 83.2018, "pos/speed": 8.131338, "pos/cte": -5.550971, "pilot/angle": 0.0, "pilot/throttle": 0.0, "milliseconds": 5566}