{"cam/image_array": "438_cam-image_array_.jpg", "user/angle": 0.4478076994419098, "user/throttle": 0.2975263297557831, "user/mode": "local", "pos/pos_x": 44.32478, "pos/pos_y": 0.5529824, "pos/pos_z": 59.85793, "pos/speed": 13.0485, "pos/cte": -5.365219, "pilot/angle": 0.0, "pilot/throttle": 0.0, "milliseconds": 21887}