{"cam/image_array": "1775_cam-image_array_.jpg", "user/angle": 0.7697439193725586, "user/throttle": 0.9148877859115601, "user/mode": "local", "pos/pos_x": 83.75867, "pos/pos_y": 0.5531802, "pos/pos_z": -7.803893, "pos/speed": 9.026153, "pos/cte": -4.567216, "pilot/angle": 0.0, "pilot/throttle": 0.0, "milliseconds": 88823}