{"cam/image_array": "713_cam-image_array_.jpg", "user/angle": 0.15800884366035461, "user/throttle": 0.6473488807678223, "user/mode": "local", "pos/pos_x": 55.0453, "pos/pos_y": 0.5551478, "pos/pos_z": 0.6019974, "pos/speed": 10.61333, "pos/cte": 2.398122, "pilot/angle": 0.0, "pilot/throttle": 0.0, "milliseconds": 35655}