{"cam/image_array": "5745_cam-image_array_.jpg", "user/angle": 0.9660035371780396, "user/throttle": 0.6005843877792358, "user/mode": "local", "pos/pos_x": 66.99064, "pos/pos_y": 0.5554469, "pos/pos_z": 75.53942, "pos/speed": 9.53019, "pos/cte": -3.200887, "pilot/angle": 0.0, "pilot/throttle": 0.0, "milliseconds": 287580}