{"cam/image_array": "1833_cam-image_array_.jpg", "user/angle": 0.35461166501045227, "user/throttle": 0.6366193294525146, "user/mode": "local", "pos/pos_x": 57.56465, "pos/pos_y": 0.5523568, "pos/pos_z": -1.846041, "pos/speed": 10.52226, "pos/cte": 1.578261, "pilot/angle": 0.0, "pilot/throttle": 0.0, "milliseconds": 91727}