{"cam/image_array": "2505_cam-image_array_.jpg", "user/angle": 0.9649795293807983, "user/throttle": 0.5008549690246582, "user/mode": "local", "pos/pos_x": 87.67261, "pos/pos_y": 0.5532668, "pos/pos_z": 3.836755, "pos/speed": 10.82887, "pos/cte": 0.515075, "pilot/angle": 0.0, "pilot/throttle": 0.0, "milliseconds": 125370}