{"cam/image_array": "674_cam-image_array_.jpg", "user/angle": 0.053008779883384705, "user/throttle": 0.6579374074935913, "user/mode": "local", "pos/pos_x": 71.88129, "pos/pos_y": 0.5571512, "pos/pos_z": -9.36549, "pos/speed": 9.930144, "pos/cte": -5.632819, "pilot/angle": 0.0, "pilot/throttle": 0.0, "milliseconds": 33702}