{"cam/image_array": "4168_cam-image_array_.jpg", "user/angle": 0.2711777687072754, "user/throttle": 0.14738979935646057, "user/mode": "local", "pos/pos_x": 44.52313, "pos/pos_y": 0.5558459, "pos/pos_z": 46.1148, "pos/speed": 14.21667, "pos/cte": -4.91843, "pilot/angle": 0.0, "pilot/throttle": 0.0, "milliseconds": 208628}