{"cam/image_array": "1542_cam-image_array_.jpg", "user/angle": 0.16224855184555054, "user/throttle": 0.2758803367614746, "user/mode": "local", "pos/pos_x": 44.36304, "pos/pos_y": 0.5557777, "pos/pos_z": 47.78596, "pos/speed": 14.04563, "pos/cte": -5.093095, "pilot/angle": 0.0, "pilot/throttle": 0.0, "milliseconds": 77159}