{"cam/image_array": "3446_cam-image_array_.jpg", "user/angle": 0.011780988425016403, "user/throttle": 0.3279346525669098, "user/mode": "local", "pos/pos_x": 45.26648, "pos/pos_y": 0.5520543, "pos/pos_z": 59.92725, "pos/speed": 12.44138, "pos/cte": -4.423519, "pilot/angle": 0.0, "pilot/throttle": 0.0, "milliseconds": 172481}