{"cam/image_array": "34_cam-image_array_.jpg", "user/angle": -0.12195175886154175, "user/throttle": 0.7873800992965698, "user/mode": "local", "pos/pos_x": 49.47311, "pos/pos_y": 0.5538105, "pos/pos_z": 52.59637, "pos/speed": 6.440746, "pos/cte": -0.2168884, "pilot/angle": 0.0, "pilot/throttle": 0.0, "milliseconds": 1662}