{"cam/image_array": "3115_cam-image_array_.jpg", "user/angle": 0.7020009756088257, "user/throttle": 0.22291529178619385, "user/mode": "local", "pos/pos_x": 64.51424, "pos/pos_y": 0.5530882, "pos/pos_z": 74.81951, "pos/speed": 9.8131, "pos/cte": -0.850278, "pilot/angle": 0.0, "pilot/throttle": 0.0, "milliseconds": 155909}