{"cam/image_array": "4365_cam-image_array_.jpg", "user/angle": 0.7673483490943909, "user/throttle": 0.055793702602386475, "user/mode": "local", "pos/pos_x": 86.39111, "pos/pos_y": 0.5570506, "pos/pos_z": 11.90159, "pos/speed": 12.27776, "pos/cte": -2.148657, "pilot/angle": 0.0, "pilot/throttle": 0.0, "milliseconds": 218490}