{"cam/image_array": "5323_cam-image_array_.jpg", "user/angle": 0.03941228613257408, "user/throttle": 0.24446836113929749, "user/mode": "local", "pos/pos_x": 45.79154, "pos/pos_y": 0.5520892, "pos/pos_z": 62.12252, "pos/speed": 12.80965, "pos/cte": -3.898457, "pilot/angle": 0.0, "pilot/throttle": 0.0, "milliseconds": 266453}