{"cam/image_array": "1187_cam-image_array_.jpg", "user/angle": 0.3408747613430023, "user/throttle": 0.4235703945159912, "user/mode": "local", "pos/pos_x": 43.85072, "pos/pos_y": 0.5531015, "pos/pos_z": 56.69612, "pos/speed": 13.48511, "pos/cte": -5.839279, "pilot/angle": 0.0, "pilot/throttle": 0.0, "milliseconds": 59385}