{"cam/image_array": "5103_cam-image_array_.jpg", "user/angle": -0.009464956820011139, "user/throttle": 0.54639732837677, "user/mode": "local", "pos/pos_x": 80.11965, "pos/pos_y": 0.5475926, "pos/pos_z": 24.80009, "pos/speed": 13.1218, "pos/cte": -6.219242, "pilot/angle": 0.0, "pilot/throttle": 0.0, "milliseconds": 255439}