{"cam/image_array": "4591_cam-image_array_.jpg", "user/angle": 0.7895225882530212, "user/throttle": 0.01173480972647667, "user/mode": "local", "pos/pos_x": 51.54813, "pos/pos_y": 0.5528952, "pos/pos_z": 72.78873, "pos/speed": 11.55672, "pos/cte": 1.566415, "pilot/angle": 0.0, "pilot/throttle": 0.0, "milliseconds": 229805}