{"cam/image_array": "325_cam-image_array_.jpg", "user/angle": 0.25252047181129456, "user/throttle": 0.6250030994415283, "user/mode": "local", "pos/pos_x": 61.76144, "pos/pos_y": 0.5538192, "pos/pos_z": -4.125692, "pos/speed": 10.24003, "pos/cte": -0.304909, "pilot/angle": 0.0, "pilot/throttle": 0.0, "milliseconds": 16230}