{"cam/image_array": "3658_cam-image_array_.jpg", "user/angle": 1.006959080696106, "user/throttle": 0.8468337059020996, "user/mode": "local", "pos/pos_x": 83.55437, "pos/pos_y": 0.5520258, "pos/pos_z": -6.364241, "pos/speed": 9.424731, "pos/cte": -3.125326, "pilot/angle": 0.0, "pilot/throttle": 0.0, "milliseconds": 183095}