{"cam/image_array": "5442_cam-image_array_.jpg", "user/angle": 0.07859598845243454, "user/throttle": 0.6999228000640869, "user/mode": "local", "pos/pos_x": 79.00767, "pos/pos_y": 0.555248, "pos/pos_z": 45.9937, "pos/speed": 11.70643, "pos/cte": -2.582878, "pilot/angle": 0.0, "pilot/throttle": 0.0, "milliseconds": 272410}