{"cam/image_array": "1683_cam-image_array_.jpg", "user/angle": -0.17033985257148743, "user/throttle": 0.7362035512924194, "user/mode": "local", "pos/pos_x": 78.29573, "pos/pos_y": 0.5561835, "pos/pos_z": 43.97917, "pos/speed": 12.09902, "pos/cte": -2.955244, "pilot/angle": 0.0, "pilot/throttle": 0.0, "milliseconds": 84218}