{"cam/image_array": "975_cam-image_array_.jpg", "user/angle": -0.12132908403873444, "user/throttle": 0.2941826581954956, "user/mode": "local", "pos/pos_x": 82.06699, "pos/pos_y": 0.5561198, "pos/pos_z": 19.77851, "pos/speed": 12.894, "pos/cte": -4.736049, "pilot/angle": 0.0, "pilot/throttle": 0.0, "milliseconds": 48772}