{"cam/image_array": "1997_cam-image_array_.jpg", "user/angle": 0.5115359425544739, "user/throttle": 0.5002315044403076, "user/mode": "local", "pos/pos_x": 69.1369, "pos/pos_y": 0.5527049, "pos/pos_z": 73.40123, "pos/speed": 9.319199, "pos/cte": -3.444275, "pilot/angle": 0.0, "pilot/throttle": 0.0, "milliseconds": 99938}