{"cam/image_array": "4920_cam-image_array_.jpg", "user/angle": -0.025862980633974075, "user/throttle": 0.7604447603225708, "user/mode": "local", "pos/pos_x": 45.04918, "pos/pos_y": 0.5553703, "pos/pos_z": 38.54869, "pos/speed": 13.82052, "pos/cte": -4.326381, "pilot/angle": 0.0, "pilot/throttle": 0.0, "milliseconds": 246276}