{"cam/image_array": "3010_cam-image_array_.jpg", "user/angle": 0.10896828770637512, "user/throttle": 0.7187256813049316, "user/mode": "local", "pos/pos_x": 46.26403, "pos/pos_y": 0.5553908, "pos/pos_z": 22.89079, "pos/speed": 12.17051, "pos/cte": -3.191561, "pilot/angle": 0.0, "pilot/throttle": 0.0, "milliseconds": 150653}