{"cam/image_array": "1219_cam-image_array_.jpg", "user/angle": 0.6857268810272217, "user/throttle": 0.37776505947113037, "user/mode": "local", "pos/pos_x": 53.65054, "pos/pos_y": 0.5493665, "pos/pos_z": 72.72249, "pos/speed": 11.63612, "pos/cte": 3.610062, "pilot/angle": 0.0, "pilot/throttle": 0.0, "milliseconds": 60988}