{"cam/image_array": "4211_cam-image_array_.jpg", "user/angle": 0.352104127407074, "user/throttle": 0.30931606888771057, "user/mode": "local", "pos/pos_x": 51.98477, "pos/pos_y": 0.5529845, "pos/pos_z": 71.3742, "pos/speed": 11.87393, "pos/cte": 2.294769, "pilot/angle": 0.0, "pilot/throttle": 0.0, "milliseconds": 210780}