{"cam/image_array": "528_cam-image_array_.jpg", "user/angle": 0.2099716067314148, "user/throttle": 0.9524856805801392, "user/mode": "local", "pos/pos_x": 76.80228, "pos/pos_y": 0.5561737, "pos/pos_z": 60.06587, "pos/speed": 10.28757, "pos/cte": -0.6124539, "pilot/angle": 0.0, "pilot/throttle": 0.0, "milliseconds": 26393}