{"cam/image_array": "1428_cam-image_array_.jpg", "user/angle": 0.08010686933994293, "user/throttle": 0.5970277786254883, "user/mode": "local", "pos/pos_x": 70.97523, "pos/pos_y": 0.5515754, "pos/pos_z": -7.374775, "pos/speed": 9.591948, "pos/cte": -3.634273, "pilot/angle": 0.0, "pilot/throttle": 0.0, "milliseconds": 71451}