{"cam/image_array": "1208_cam-image_array_.jpg", "user/angle": 0.3019859492778778, "user/throttle": 0.27274009585380554, "user/mode": "local", "pos/pos_x": 49.2424, "pos/pos_y": 0.557577, "pos/pos_z": 68.01158, "pos/speed": 12.23708, "pos/cte": -0.4475937, "pilot/angle": 0.0, "pilot/throttle": 0.0, "milliseconds": 60437}