{"cam/image_array": "259_cam-image_array_.jpg", "user/angle": 0.26759904623031616, "user/throttle": 0.2165386974811554, "user/mode": "local", "pos/pos_x": 84.85796, "pos/pos_y": 0.5561317, "pos/pos_z": 7.767637, "pos/speed": 11.56505, "pos/cte": 1.874479, "pilot/angle": 0.0, "pilot/throttle": 0.0, "milliseconds": 12925}