{"cam/image_array": "53_cam-image_array_.jpg", "user/angle": 0.09004245698451996, "user/throttle": 0.6648790836334229, "user/mode": "local", "pos/pos_x": 48.44608, "pos/pos_y": 0.5539068, "pos/pos_z": 60.67721, "pos/speed": 10.35806, "pos/cte": -1.243916, "pilot/angle": 0.0, "pilot/throttle": 0.0, "milliseconds": 2613}