{"cam/image_array": "5577_cam-image_array_.jpg", "user/angle": 0.38508960604667664, "user/throttle": 0.5139811635017395, "user/mode": "local", "pos/pos_x": 63.13298, "pos/pos_y": 0.5568557, "pos/pos_z": -4.63476, "pos/speed": 10.37984, "pos/cte": -0.8259261, "pilot/angle": 0.0, "pilot/throttle": 0.0, "milliseconds": 279169}