{"cam/image_array": "4296_cam-image_array_.jpg", "user/angle": 0.11471089720726013, "user/throttle": 0.8584222793579102, "user/mode": "local", "pos/pos_x": 78.65105, "pos/pos_y": 0.5535187, "pos/pos_z": 54.31401, "pos/speed": 10.77219, "pos/cte": -0.3248289, "pilot/angle": 0.0, "pilot/throttle": 0.0, "milliseconds": 215035}