{"cam/image_array": "5193_cam-image_array_.jpg", "user/angle": 0.19267384707927704, "user/throttle": 0.5107630491256714, "user/mode": "local", "pos/pos_x": 67.57409, "pos/pos_y": 0.5523291, "pos/pos_z": -7.614094, "pos/speed": 10.46352, "pos/cte": -3.843902, "pilot/angle": 0.0, "pilot/throttle": 0.0, "milliseconds": 259944}