{"cam/image_array": "5711_cam-image_array_.jpg", "user/angle": 0.37141022086143494, "user/throttle": 0.21770194172859192, "user/mode": "local", "pos/pos_x": 50.25039, "pos/pos_y": 0.558683, "pos/pos_z": 69.43536, "pos/speed": 11.92168, "pos/cte": 0.5603867, "pilot/angle": 0.0, "pilot/throttle": 0.0, "milliseconds": 285878}