{"cam/image_array": "5431_cam-image_array_.jpg", "user/angle": 0.03333675488829613, "user/throttle": 0.8572406768798828, "user/mode": "local", "pos/pos_x": 78.91785, "pos/pos_y": 0.555866, "pos/pos_z": 52.81275, "pos/speed": 10.86853, "pos/cte": -0.5622032, "pilot/angle": 0.0, "pilot/throttle": 0.0, "milliseconds": 271860}