{"cam/image_array": "1919_cam-image_array_.jpg", "user/angle": 0.032927557826042175, "user/throttle": 0.372240275144577, "user/mode": "local", "pos/pos_x": 44.74054, "pos/pos_y": 0.555863, "pos/pos_z": 48.23045, "pos/speed": 14.04229, "pos/cte": 0.0, "pilot/angle": 0.0, "pilot/throttle": 0.0, "milliseconds": 96033}