{"cam/image_array": "3118_cam-image_array_.jpg", "user/angle": 0.6083292365074158, "user/throttle": 0.5334414839744568, "user/mode": "local", "pos/pos_x": 65.44841, "pos/pos_y": 0.5545238, "pos/pos_z": 74.51128, "pos/speed": 9.777497, "pos/cte": -1.360446, "pilot/angle": 0.0, "pilot/throttle": 0.0, "milliseconds": 156059}