{"cam/image_array": "3084_cam-image_array_.jpg", "user/angle": 0.20882844924926758, "user/throttle": 0.34882715344429016, "user/mode": "local", "pos/pos_x": 49.44843, "pos/pos_y": 0.5530095, "pos/pos_z": 69.50241, "pos/speed": 11.17705, "pos/cte": -0.2415657, "pilot/angle": 0.0, "pilot/throttle": 0.0, "milliseconds": 154357}