{"cam/image_array": "2034_cam-image_array_.jpg", "user/angle": 0.2758101522922516, "user/throttle": 1.0209449529647827, "user/mode": "local", "pos/pos_x": 77.54362, "pos/pos_y": 0.5540534, "pos/pos_z": 57.198, "pos/speed": 10.7405, "pos/cte": 0.04332991, "pilot/angle": 0.0, "pilot/throttle": 0.0, "milliseconds": 101790}