{"cam/image_array": "1841_cam-image_array_.jpg", "user/angle": 0.15094061195850372, "user/throttle": 0.6658620834350586, "user/mode": "local", "pos/pos_x": 54.8342, "pos/pos_y": 0.5536143, "pos/pos_z": 1.318497, "pos/speed": 10.47556, "pos/cte": 2.640942, "pilot/angle": 0.0, "pilot/throttle": 0.0, "milliseconds": 92133}