{"cam/image_array": "5313_cam-image_array_.jpg", "user/angle": 0.1630069762468338, "user/throttle": 0.5544064044952393, "user/mode": "local", "pos/pos_x": 43.82431, "pos/pos_y": 0.5522728, "pos/pos_z": 55.93703, "pos/speed": 13.26859, "pos/cte": -5.865688, "pilot/angle": 0.0, "pilot/throttle": 0.0, "milliseconds": 265952}