{"cam/image_array": "4863_cam-image_array_.jpg", "user/angle": 0.14706651866436005, "user/throttle": 0.6700494289398193, "user/mode": "local", "pos/pos_x": 52.56485, "pos/pos_y": 0.5558443, "pos/pos_z": 5.079731, "pos/speed": 10.93789, "pos/cte": 2.259878, "pilot/angle": 0.0, "pilot/throttle": 0.0, "milliseconds": 243422}