{"cam/image_array": "1373_cam-image_array_.jpg", "user/angle": 0.4233880341053009, "user/throttle": 0.042112644761800766, "user/mode": "local", "pos/pos_x": 85.82647, "pos/pos_y": 0.5570074, "pos/pos_z": 8.493583, "pos/speed": 11.70668, "pos/cte": 0.6778634, "pilot/angle": 0.0, "pilot/throttle": 0.0, "milliseconds": 68698}