{"cam/image_array": "4539_cam-image_array_.jpg", "user/angle": 0.00805671513080597, "user/throttle": 0.6575456857681274, "user/mode": "local", "pos/pos_x": 45.44788, "pos/pos_y": 0.5557697, "pos/pos_z": 40.43718, "pos/speed": 13.42024, "pos/cte": -3.944175, "pilot/angle": 0.0, "pilot/throttle": 0.0, "milliseconds": 227202}