{"cam/image_array": "5718_cam-image_array_.jpg", "user/angle": 0.7721033096313477, "user/throttle": 0.5334264636039734, "user/mode": "local", "pos/pos_x": 53.97484, "pos/pos_y": 0.5526549, "pos/pos_z": 73.00772, "pos/speed": 11.57291, "pos/cte": 3.846341, "pilot/angle": 0.0, "pilot/throttle": 0.0, "milliseconds": 286228}