{"cam/image_array": "1317_cam-image_array_.jpg", "user/angle": -0.382379949092865, "user/throttle": 1.0463777780532837, "user/mode": "local", "pos/pos_x": 78.0402, "pos/pos_y": 0.5527151, "pos/pos_z": 42.29685, "pos/speed": 12.31661, "pos/cte": -3.561254, "pilot/angle": 0.0, "pilot/throttle": 0.0, "milliseconds": 65894}