{"cam/image_array": "2792_cam-image_array_.jpg", "user/angle": 0.14959482848644257, "user/throttle": 0.9109979867935181, "user/mode": "local", "pos/pos_x": 78.11954, "pos/pos_y": 0.5527491, "pos/pos_z": 54.80045, "pos/speed": 10.61104, "pos/cte": 0.1091339, "pilot/angle": 0.0, "pilot/throttle": 0.0, "milliseconds": 139739}