{"cam/image_array": "2254_cam-image_array_.jpg", "user/angle": 0.16797932982444763, "user/throttle": 0.7097787857055664, "user/mode": "local", "pos/pos_x": 47.33447, "pos/pos_y": 0.5550657, "pos/pos_z": 18.64667, "pos/speed": 12.26255, "pos/cte": -2.30727, "pilot/angle": 0.0, "pilot/throttle": 0.0, "milliseconds": 112804}