{"cam/image_array": "2570_cam-image_array_.jpg", "user/angle": 0.27998462319374084, "user/throttle": 0.526324987411499, "user/mode": "local", "pos/pos_x": 63.79931, "pos/pos_y": 0.5565964, "pos/pos_z": -4.906837, "pos/speed": 10.1173, "pos/cte": -1.103808, "pilot/angle": 0.0, "pilot/throttle": 0.0, "milliseconds": 128624}