{"cam/image_array": "3081_cam-image_array_.jpg", "user/angle": 0.2799954414367676, "user/throttle": 0.2712230682373047, "user/mode": "local", "pos/pos_x": 48.72187, "pos/pos_y": 0.5516106, "pos/pos_z": 68.63764, "pos/speed": 11.44326, "pos/cte": -0.9681244, "pilot/angle": 0.0, "pilot/throttle": 0.0, "milliseconds": 154207}