{"cam/image_array": "2799_cam-image_array_.jpg", "user/angle": -0.055500779300928116, "user/throttle": 0.8918428421020508, "user/mode": "local", "pos/pos_x": 78.26064, "pos/pos_y": 0.5504251, "pos/pos_z": 51.58936, "pos/speed": 10.86809, "pos/cte": -0.0001775324, "pilot/angle": 0.0, "pilot/throttle": 0.0, "milliseconds": 140089}