{"cam/image_array": "5008_cam-image_array_.jpg", "user/angle": 0.7612492442131042, "user/throttle": 0.8959259986877441, "user/mode": "local", "pos/pos_x": 68.6826, "pos/pos_y": 0.5518998, "pos/pos_z": 74.98013, "pos/speed": 9.208067, "pos/cte": -4.124238, "pilot/angle": 0.0, "pilot/throttle": 0.0, "milliseconds": 250682}