{"cam/image_array": "3588_cam-image_array_.jpg", "user/angle": -0.3410961329936981, "user/throttle": 0.5043481588363647, "user/mode": "local", "pos/pos_x": 78.82277, "pos/pos_y": 0.5554336, "pos/pos_z": 32.62618, "pos/speed": 13.09747, "pos/cte": -6.946221, "pilot/angle": 0.0, "pilot/throttle": 0.0, "milliseconds": 179590}