{"cam/image_array": "1356_cam-image_array_.jpg", "user/angle": 0.12423275411128998, "user/throttle": 0.1537238359451294, "user/mode": "local", "pos/pos_x": 82.92658, "pos/pos_y": 0.5567257, "pos/pos_z": 19.04947, "pos/speed": 12.5416, "pos/cte": -4.818559, "pilot/angle": 0.0, "pilot/throttle": 0.0, "milliseconds": 67847}