{"cam/image_array": "1301_cam-image_array_.jpg", "user/angle": 0.35601338744163513, "user/throttle": 0.8241801261901855, "user/mode": "local", "pos/pos_x": 78.907, "pos/pos_y": 0.5567987, "pos/pos_z": 51.71492, "pos/speed": 11.41246, "pos/cte": -0.5417728, "pilot/angle": 0.0, "pilot/throttle": 0.0, "milliseconds": 65093}