{"cam/image_array": "5296_cam-image_array_.jpg", "user/angle": 0.365648090839386, "user/throttle": 0.26108163595199585, "user/mode": "local", "pos/pos_x": 44.20691, "pos/pos_y": 0.556015, "pos/pos_z": 44.81387, "pos/speed": 14.18563, "pos/cte": -5.223286, "pilot/angle": 0.0, "pilot/throttle": 0.0, "milliseconds": 265101}