{"cam/image_array": "5758_cam-image_array_.jpg", "user/angle": 0.1741907298564911, "user/throttle": 0.643814206123352, "user/mode": "local", "pos/pos_x": 72.22008, "pos/pos_y": 0.552323, "pos/pos_z": 71.8486, "pos/speed": 9.228025, "pos/cte": -4.780389, "pilot/angle": 0.0, "pilot/throttle": 0.0, "milliseconds": 288231}