{"cam/image_array": "4762_cam-image_array_.jpg", "user/angle": 0.13899068534374237, "user/throttle": 0.10545185208320618, "user/mode": "local", "pos/pos_x": 84.79012, "pos/pos_y": 0.554375, "pos/pos_z": 11.6598, "pos/speed": 11.8668, "pos/cte": -0.8540523, "pilot/angle": 0.0, "pilot/throttle": 0.0, "milliseconds": 238366}