{"cam/image_array": "2985_cam-image_array_.jpg", "user/angle": 0.11298064887523651, "user/throttle": 0.7996275424957275, "user/mode": "local", "pos/pos_x": 51.29207, "pos/pos_y": 0.5572621, "pos/pos_z": 8.617481, "pos/speed": 10.94283, "pos/cte": 1.209106, "pilot/angle": 0.0, "pilot/throttle": 0.0, "milliseconds": 149402}