{"cam/image_array": "4162_cam-image_array_.jpg", "user/angle": -0.07696963846683502, "user/throttle": 0.7334827184677124, "user/mode": "local", "pos/pos_x": 44.84559, "pos/pos_y": 0.5546812, "pos/pos_z": 41.871, "pos/speed": 14.12665, "pos/cte": -4.55895, "pilot/angle": 0.0, "pilot/throttle": 0.0, "milliseconds": 208327}