{"cam/image_array": "13_cam-image_array_.jpg", "user/angle": -0.15557022392749786, "user/throttle": 0.9310983419418335, "user/mode": "local", "pos/pos_x": 49.69119, "pos/pos_y": 0.5532359, "pos/pos_z": 48.08823, "pos/speed": 1.560325, "pos/cte": 0.001190186, "pilot/angle": 0.0, "pilot/throttle": 0.0, "milliseconds": 611}