{"cam/image_array": "1425_cam-image_array_.jpg", "user/angle": 0.20330245792865753, "user/throttle": 0.4391412138938904, "user/mode": "local", "pos/pos_x": 71.90566, "pos/pos_y": 0.5520388, "pos/pos_z": -7.585522, "pos/speed": 9.481895, "pos/cte": -3.853132, "pilot/angle": 0.0, "pilot/throttle": 0.0, "milliseconds": 71301}