{"cam/image_array": "4576_cam-image_array_.jpg", "user/angle": -0.05473579838871956, "user/throttle": 0.20595362782478333, "user/mode": "local", "pos/pos_x": 48.78437, "pos/pos_y": 0.5586132, "pos/pos_z": 63.46622, "pos/speed": 12.41826, "pos/cte": -0.9056282, "pilot/angle": 0.0, "pilot/throttle": 0.0, "milliseconds": 229055}