{"cam/image_array": "5409_cam-image_array_.jpg", "user/angle": 0.07131651043891907, "user/throttle": 0.6331429481506348, "user/mode": "local", "pos/pos_x": 77.40569, "pos/pos_y": 0.5554986, "pos/pos_z": 62.74409, "pos/speed": 9.419126, "pos/cte": -2.810648, "pilot/angle": 0.0, "pilot/throttle": 0.0, "milliseconds": 270758}