{"cam/image_array": "928_cam-image_array_.jpg", "user/angle": -0.049049925059080124, "user/throttle": 0.7273809909820557, "user/mode": "local", "pos/pos_x": 78.89394, "pos/pos_y": 0.5563374, "pos/pos_z": 48.3415, "pos/speed": 11.63124, "pos/cte": -1.439838, "pilot/angle": 0.0, "pilot/throttle": 0.0, "milliseconds": 46420}