{"cam/image_array": "1604_cam-image_array_.jpg", "user/angle": 0.9140245318412781, "user/throttle": 0.5356251001358032, "user/mode": "local", "pos/pos_x": 61.41672, "pos/pos_y": 0.551237, "pos/pos_z": 75.43911, "pos/speed": 10.36571, "pos/cte": 1.177586, "pilot/angle": 0.0, "pilot/throttle": 0.0, "milliseconds": 80263}