{"cam/image_array": "5436_cam-image_array_.jpg", "user/angle": -0.0022166073322296143, "user/throttle": 0.7090222835540771, "user/mode": "local", "pos/pos_x": 79.00145, "pos/pos_y": 0.5556744, "pos/pos_z": 49.46562, "pos/speed": 11.37809, "pos/cte": -1.081341, "pilot/angle": 0.0, "pilot/throttle": 0.0, "milliseconds": 272110}