{"cam/image_array": "711_cam-image_array_.jpg", "user/angle": 0.16715359687805176, "user/throttle": 0.650344729423523, "user/mode": "local", "pos/pos_x": 55.70345, "pos/pos_y": 0.5530946, "pos/pos_z": -0.2316156, "pos/speed": 10.64208, "pos/cte": 2.048684, "pilot/angle": 0.0, "pilot/throttle": 0.0, "milliseconds": 35555}