{"cam/image_array": "4433_cam-image_array_.jpg", "user/angle": 0.11307995021343231, "user/throttle": 0.3624308109283447, "user/mode": "local", "pos/pos_x": 70.56823, "pos/pos_y": 0.5571942, "pos/pos_z": -7.937682, "pos/speed": 10.06275, "pos/cte": -4.193607, "pilot/angle": 0.0, "pilot/throttle": 0.0, "milliseconds": 221895}