{"cam/image_array": "3536_cam-image_array_.jpg", "user/angle": 0.20809033513069153, "user/throttle": 0.7913980484008789, "user/mode": "local", "pos/pos_x": 76.04942, "pos/pos_y": 0.5558821, "pos/pos_z": 62.20691, "pos/speed": 9.80877, "pos/cte": -1.430465, "pilot/angle": 0.0, "pilot/throttle": 0.0, "milliseconds": 176987}