{"cam/image_array": "4620_cam-image_array_.jpg", "user/angle": 0.7349190711975098, "user/throttle": 0.5659847259521484, "user/mode": "local", "pos/pos_x": 61.37947, "pos/pos_y": 0.5540299, "pos/pos_z": 80.96181, "pos/speed": 8.059209, "pos/cte": -3.524202, "pilot/angle": 0.0, "pilot/throttle": 0.0, "milliseconds": 231257}