{"cam/image_array": "5406_cam-image_array_.jpg", "user/angle": -0.009077657014131546, "user/throttle": 0.6321381330490112, "user/mode": "local", "pos/pos_x": 76.8546, "pos/pos_y": 0.553894, "pos/pos_z": 65.10691, "pos/speed": 9.184233, "pos/cte": -3.926129, "pilot/angle": 0.0, "pilot/throttle": 0.0, "milliseconds": 270608}