{"cam/image_array": "1336_cam-image_array_.jpg", "user/angle": -0.04337103292346001, "user/throttle": 0.2969508469104767, "user/mode": "local", "pos/pos_x": 79.32049, "pos/pos_y": 0.5549201, "pos/pos_z": 31.11233, "pos/speed": 12.71604, "pos/cte": -7.375302, "pilot/angle": 0.0, "pilot/throttle": 0.0, "milliseconds": 66845}