{"cam/image_array": "649_cam-image_array_.jpg", "user/angle": 0.7214798927307129, "user/throttle": 0.8321701288223267, "user/mode": "local", "pos/pos_x": 83.72675, "pos/pos_y": 0.5520156, "pos/pos_z": -8.235306, "pos/speed": 9.269098, "pos/cte": -4.974408, "pilot/angle": 0.0, "pilot/throttle": 0.0, "milliseconds": 32451}