{"cam/image_array": "5486_cam-image_array_.jpg", "user/angle": 0.2456139475107193, "user/throttle": 0.1596238613128662, "user/mode": "local", "pos/pos_x": 82.83976, "pos/pos_y": 0.5568547, "pos/pos_z": 18.62549, "pos/speed": 12.77656, "pos/cte": -4.455302, "pilot/angle": 0.0, "pilot/throttle": 0.0, "milliseconds": 274613}