{"cam/image_array": "698_cam-image_array_.jpg", "user/angle": 0.4502420127391815, "user/throttle": 0.5783318281173706, "user/mode": "local", "pos/pos_x": 60.63126, "pos/pos_y": 0.554925, "pos/pos_z": -4.265588, "pos/speed": 10.67338, "pos/cte": -0.4349365, "pilot/angle": 0.0, "pilot/throttle": 0.0, "milliseconds": 34904}