{"cam/image_array": "2010_cam-image_array_.jpg", "user/angle": 0.025988373905420303, "user/throttle": 0.6795105934143066, "user/mode": "local", "pos/pos_x": 73.09714, "pos/pos_y": 0.5557311, "pos/pos_z": 68.26249, "pos/speed": 9.398713, "pos/cte": -3.118317, "pilot/angle": 0.0, "pilot/throttle": 0.0, "milliseconds": 100588}