{"cam/image_array": "296_cam-image_array_.jpg", "user/angle": 0.5500933527946472, "user/throttle": 0.6929553747177124, "user/mode": "local", "pos/pos_x": 75.63343, "pos/pos_y": 0.5528886, "pos/pos_z": -7.425446, "pos/speed": 9.530108, "pos/cte": -3.725592, "pilot/angle": 0.0, "pilot/throttle": 0.0, "milliseconds": 14778}