{"cam/image_array": "4420_cam-image_array_.jpg", "user/angle": 0.0793868750333786, "user/throttle": 0.8828667402267456, "user/mode": "local", "pos/pos_x": 76.36105, "pos/pos_y": 0.5535324, "pos/pos_z": -8.834651, "pos/speed": 9.325336, "pos/cte": -5.141094, "pilot/angle": 0.0, "pilot/throttle": 0.0, "milliseconds": 221244}