{"cam/image_array": "919_cam-image_array_.jpg", "user/angle": 0.044406455010175705, "user/throttle": 1.011791706085205, "user/mode": "local", "pos/pos_x": 78.94402, "pos/pos_y": 0.5551249, "pos/pos_z": 53.98576, "pos/speed": 10.9356, "pos/cte": -0.5530729, "pilot/angle": 0.0, "pilot/throttle": 0.0, "milliseconds": 45968}