{"cam/image_array": "3832_cam-image_array_.jpg", "user/angle": 0.5349545478820801, "user/throttle": 0.07306887209415436, "user/mode": "local", "pos/pos_x": 49.45459, "pos/pos_y": 0.5588142, "pos/pos_z": 68.57639, "pos/speed": 12.25085, "pos/cte": -0.2354088, "pilot/angle": 0.0, "pilot/throttle": 0.0, "milliseconds": 191806}