{"cam/image_array": "4774_cam-image_array_.jpg", "user/angle": 0.36918744444847107, "user/throttle": 0.6655936241149902, "user/mode": "local", "pos/pos_x": 85.02912, "pos/pos_y": 0.5538189, "pos/pos_z": 4.73539, "pos/speed": 11.27551, "pos/cte": 3.106147, "pilot/angle": 0.0, "pilot/throttle": 0.0, "milliseconds": 238967}