{"cam/image_array": "77_cam-image_array_.jpg", "user/angle": 0.9911782741546631, "user/throttle": 0.06850890815258026, "user/mode": "local", "pos/pos_x": 48.99569, "pos/pos_y": 0.5515945, "pos/pos_z": 74.76289, "pos/speed": 11.39724, "pos/cte": -1.420768, "pilot/angle": 0.0, "pilot/throttle": 0.0, "milliseconds": 3814}