{"cam/image_array": "3716_cam-image_array_.jpg", "user/angle": 0.32531771063804626, "user/throttle": 0.5965051651000977, "user/mode": "local", "pos/pos_x": 57.132, "pos/pos_y": 0.5530466, "pos/pos_z": -1.390023, "pos/speed": 10.71809, "pos/cte": 1.734587, "pilot/angle": 0.0, "pilot/throttle": 0.0, "milliseconds": 185998}