{"cam/image_array": "1328_cam-image_array_.jpg", "user/angle": 0.0522177629172802, "user/throttle": 0.461713582277298, "user/mode": "local", "pos/pos_x": 78.16154, "pos/pos_y": 0.5527446, "pos/pos_z": 36.06043, "pos/speed": 12.69037, "pos/cte": -5.919994, "pilot/angle": 0.0, "pilot/throttle": 0.0, "milliseconds": 66445}