{"cam/image_array": "1458_cam-image_array_.jpg", "user/angle": 0.3659229278564453, "user/throttle": 0.5870749950408936, "user/mode": "local", "pos/pos_x": 56.86903, "pos/pos_y": 0.5535812, "pos/pos_z": -1.025215, "pos/speed": 10.39549, "pos/cte": 1.977629, "pilot/angle": 0.0, "pilot/throttle": 0.0, "milliseconds": 72954}