{"cam/image_array": "127_cam-image_array_.jpg", "user/angle": 0.28094393014907837, "user/throttle": 0.7195158004760742, "user/mode": "local", "pos/pos_x": 66.87139, "pos/pos_y": 0.5555606, "pos/pos_z": 79.62694, "pos/speed": 8.588372, "pos/cte": -5.764841, "pilot/angle": 0.0, "pilot/throttle": 0.0, "milliseconds": 6318}