{"cam/image_array": "3394_cam-image_array_.jpg", "user/angle": 0.03695524111390114, "user/throttle": 0.9199633598327637, "user/mode": "local", "pos/pos_x": 45.68603, "pos/pos_y": 0.5559767, "pos/pos_z": 27.33678, "pos/speed": 12.20439, "pos/cte": -3.575079, "pilot/angle": 0.0, "pilot/throttle": 0.0, "milliseconds": 169878}