{"cam/image_array": "1568_cam-image_array_.jpg", "user/angle": 0.25665101408958435, "user/throttle": 0.23177938163280487, "user/mode": "local", "pos/pos_x": 45.77554, "pos/pos_y": 0.5529887, "pos/pos_z": 63.32061, "pos/speed": 12.00581, "pos/cte": -3.914459, "pilot/angle": 0.0, "pilot/throttle": 0.0, "milliseconds": 78460}