{"cam/image_array": "5325_cam-image_array_.jpg", "user/angle": -0.21949630975723267, "user/throttle": 0.3489134609699249, "user/mode": "local", "pos/pos_x": 46.36617, "pos/pos_y": 0.5538658, "pos/pos_z": 63.24852, "pos/speed": 12.49984, "pos/cte": -3.323826, "pilot/angle": 0.0, "pilot/throttle": 0.0, "milliseconds": 266553}