{"cam/image_array": "4853_cam-image_array_.jpg", "user/angle": 0.22403129935264587, "user/throttle": 0.6547060012817383, "user/mode": "local", "pos/pos_x": 55.69494, "pos/pos_y": 0.5551914, "pos/pos_z": 0.7463071, "pos/speed": 10.55557, "pos/cte": 2.868885, "pilot/angle": 0.0, "pilot/throttle": 0.0, "milliseconds": 242922}