{"cam/image_array": "1485_cam-image_array_.jpg", "user/angle": 0.0073206499218940735, "user/throttle": 0.7751326560974121, "user/mode": "local", "pos/pos_x": 50.22256, "pos/pos_y": 0.5564786, "pos/pos_z": 10.95202, "pos/speed": 11.15681, "pos/cte": 0.2424468, "pilot/angle": 0.0, "pilot/throttle": 0.0, "milliseconds": 74305}