{"cam/image_array": "2914_cam-image_array_.jpg", "user/angle": 0.30353695154190063, "user/throttle": 0.9915395975112915, "user/mode": "local", "pos/pos_x": 78.8213, "pos/pos_y": 0.5533103, "pos/pos_z": -7.924474, "pos/speed": 8.711825, "pos/cte": -4.252421, "pilot/angle": 0.0, "pilot/throttle": 0.0, "milliseconds": 145847}