{"cam/image_array": "5445_cam-image_array_.jpg", "user/angle": 0.11146222054958344, "user/throttle": 0.6864305734634399, "user/mode": "local", "pos/pos_x": 78.99969, "pos/pos_y": 0.5554764, "pos/pos_z": 44.81445, "pos/speed": 11.83761, "pos/cte": -3.156624, "pilot/angle": 0.0, "pilot/throttle": 0.0, "milliseconds": 272560}