{"cam/image_array": "2888_cam-image_array_.jpg", "user/angle": 1.012201189994812, "user/throttle": 0.4696633517742157, "user/mode": "local", "pos/pos_x": 86.8042, "pos/pos_y": 0.553378, "pos/pos_z": 0.007205017, "pos/speed": 9.918761, "pos/cte": 0.2514496, "pilot/angle": 0.0, "pilot/throttle": 0.0, "milliseconds": 144545}