{"cam/image_array": "2299_cam-image_array_.jpg", "user/angle": 0.42702317237854004, "user/throttle": 0.29203444719314575, "user/mode": "local", "pos/pos_x": 43.88559, "pos/pos_y": 0.5587747, "pos/pos_z": 49.97078, "pos/speed": 14.3713, "pos/cte": -5.804405, "pilot/angle": 0.0, "pilot/throttle": 0.0, "milliseconds": 115057}