{"cam/image_array": "499_cam-image_array_.jpg", "user/angle": 0.47597619891166687, "user/throttle": 0.5587552785873413, "user/mode": "local", "pos/pos_x": 70.74902, "pos/pos_y": 0.5524868, "pos/pos_z": 72.08103, "pos/speed": 9.577923, "pos/cte": -3.812736, "pilot/angle": 0.0, "pilot/throttle": 0.0, "milliseconds": 24941}