{"cam/image_array": "1812_cam-image_array_.jpg", "user/angle": 0.10754349827766418, "user/throttle": 0.637148380279541, "user/mode": "local", "pos/pos_x": 67.29967, "pos/pos_y": 0.5542544, "pos/pos_z": -7.091467, "pos/speed": 10.22081, "pos/cte": -3.318901, "pilot/angle": 0.0, "pilot/throttle": 0.0, "milliseconds": 90676}