{"cam/image_array": "405_cam-image_array_.jpg", "user/angle": -0.04309382662177086, "user/throttle": 0.8781626224517822, "user/mode": "local", "pos/pos_x": 45.07483, "pos/pos_y": 0.5558635, "pos/pos_z": 37.06187, "pos/speed": 13.64526, "pos/cte": -4.287761, "pilot/angle": 0.0, "pilot/throttle": 0.0, "milliseconds": 20235}