{"cam/image_array": "630_cam-image_array_.jpg", "user/angle": 0.858269453048706, "user/throttle": 0.08281433582305908, "user/mode": "local", "pos/pos_x": 88.24921, "pos/pos_y": 0.5519513, "pos/pos_z": -1.042632, "pos/speed": 10.60625, "pos/cte": -1.523185, "pilot/angle": 0.0, "pilot/throttle": 0.0, "milliseconds": 31500}