{"cam/image_array": "3124_cam-image_array_.jpg", "user/angle": 0.40285053849220276, "user/throttle": 0.42549899220466614, "user/mode": "local", "pos/pos_x": 68.0005, "pos/pos_y": 0.5531859, "pos/pos_z": 73.19218, "pos/speed": 9.438411, "pos/cte": -2.444381, "pilot/angle": 0.0, "pilot/throttle": 0.0, "milliseconds": 156361}