{"cam/image_array": "1867_cam-image_array_.jpg", "user/angle": 0.1134309321641922, "user/throttle": 0.7417044639587402, "user/mode": "local", "pos/pos_x": 48.81284, "pos/pos_y": 0.5556982, "pos/pos_z": 14.41364, "pos/speed": 11.76243, "pos/cte": -1.01494, "pilot/angle": 0.0, "pilot/throttle": 0.0, "milliseconds": 93429}