{"cam/image_array": "1352_cam-image_array_.jpg", "user/angle": 0.01759091578423977, "user/throttle": 0.3048754632472992, "user/mode": "local", "pos/pos_x": 82.15813, "pos/pos_y": 0.5552282, "pos/pos_z": 21.42941, "pos/speed": 12.56351, "pos/cte": -5.942422, "pilot/angle": 0.0, "pilot/throttle": 0.0, "milliseconds": 67646}