{"cam/image_array": "3352_cam-image_array_.jpg", "user/angle": 0.09158085286617279, "user/throttle": 0.7388391494750977, "user/mode": "local", "pos/pos_x": 52.77665, "pos/pos_y": 0.5541333, "pos/pos_z": 4.513459, "pos/speed": 9.945272, "pos/cte": 2.449879, "pilot/angle": 0.0, "pilot/throttle": 0.0, "milliseconds": 167775}