{"cam/image_array": "1344_cam-image_array_.jpg", "user/angle": -0.046650294214487076, "user/throttle": 0.36992108821868896, "user/mode": "local", "pos/pos_x": 80.69433, "pos/pos_y": 0.5560405, "pos/pos_z": 26.22999, "pos/speed": 12.65494, "pos/cte": -7.391255, "pilot/angle": 0.0, "pilot/throttle": 0.0, "milliseconds": 67246}