{"cam/image_array": "304_cam-image_array_.jpg", "user/angle": 0.20373958349227905, "user/throttle": 0.7105820178985596, "user/mode": "local", "pos/pos_x": 71.8655, "pos/pos_y": 0.5514244, "pos/pos_z": -7.84988, "pos/speed": 9.530518, "pos/cte": -4.117129, "pilot/angle": 0.0, "pilot/throttle": 0.0, "milliseconds": 15179}