{"cam/image_array": "2763_cam-image_array_.jpg", "user/angle": -0.024144452065229416, "user/throttle": 0.6277035474777222, "user/mode": "local", "pos/pos_x": 72.87381, "pos/pos_y": 0.5590197, "pos/pos_z": 68.48336, "pos/speed": 8.899749, "pos/cte": -3.091941, "pilot/angle": 0.0, "pilot/throttle": 0.0, "milliseconds": 138287}