{"cam/image_array": "2460_cam-image_array_.jpg", "user/angle": -0.15923582017421722, "user/throttle": 0.28782349824905396, "user/mode": "local", "pos/pos_x": 79.37704, "pos/pos_y": 0.555612, "pos/pos_z": 29.85441, "pos/speed": 12.947, "pos/cte": -7.243342, "pilot/angle": 0.0, "pilot/throttle": 0.0, "milliseconds": 123118}