{"cam/image_array": "240_cam-image_array_.jpg", "user/angle": 0.16997504234313965, "user/throttle": 0.10326540470123291, "user/mode": "local", "pos/pos_x": 82.80602, "pos/pos_y": 0.5555394, "pos/pos_z": 18.49427, "pos/speed": 12.7527, "pos/cte": -4.338064, "pilot/angle": 0.0, "pilot/throttle": 0.0, "milliseconds": 11975}