{"cam/image_array": "3136_cam-image_array_.jpg", "user/angle": 0.06724599003791809, "user/throttle": 0.5136077404022217, "user/mode": "local", "pos/pos_x": 72.0296, "pos/pos_y": 0.5567413, "pos/pos_z": 68.82585, "pos/speed": 9.247985, "pos/cte": -2.672431, "pilot/angle": 0.0, "pilot/throttle": 0.0, "milliseconds": 156961}