{"cam/image_array": "1511_cam-image_array_.jpg", "user/angle": 0.08445718884468079, "user/throttle": 0.8553836345672607, "user/mode": "local", "pos/pos_x": 46.11848, "pos/pos_y": 0.5548909, "pos/pos_z": 25.77568, "pos/speed": 12.32251, "pos/cte": -3.211132, "pilot/angle": 0.0, "pilot/throttle": 0.0, "milliseconds": 75607}