{"cam/image_array": "5488_cam-image_array_.jpg", "user/angle": 0.2024773359298706, "user/throttle": 0.16161558032035828, "user/mode": "local", "pos/pos_x": 83.43187, "pos/pos_y": 0.5546707, "pos/pos_z": 17.48949, "pos/speed": 12.83848, "pos/cte": -4.060067, "pilot/angle": 0.0, "pilot/throttle": 0.0, "milliseconds": 274713}