{"cam/image_array": "4253_cam-image_array_.jpg", "user/angle": 0.4766766428947449, "user/throttle": 0.4786719083786011, "user/mode": "local", "pos/pos_x": 70.92738, "pos/pos_y": 0.5531312, "pos/pos_z": 73.07903, "pos/speed": 9.050171, "pos/cte": -4.596507, "pilot/angle": 0.0, "pilot/throttle": 0.0, "milliseconds": 212883}