{"cam/image_array": "103_cam-image_array_.jpg", "user/angle": 0.72828209400177, "user/throttle": 0.5110749006271362, "user/mode": "local", "pos/pos_x": 57.78522, "pos/pos_y": 0.5550001, "pos/pos_z": 83.15906, "pos/speed": 8.484495, "pos/cte": -4.883589, "pilot/angle": 0.0, "pilot/throttle": 0.0, "milliseconds": 5116}