{"cam/image_array": "1313_cam-image_array_.jpg", "user/angle": -0.43279510736465454, "user/throttle": 1.0225982666015625, "user/mode": "local", "pos/pos_x": 78.35485, "pos/pos_y": 0.5554641, "pos/pos_z": 44.70127, "pos/speed": 12.10318, "pos/cte": -2.651121, "pilot/angle": 0.0, "pilot/throttle": 0.0, "milliseconds": 65694}