{"cam/image_array": "1740_cam-image_array_.jpg", "user/angle": 0.7816581130027771, "user/throttle": 0.10194462537765503, "user/mode": "local", "pos/pos_x": 86.8815, "pos/pos_y": 0.5570563, "pos/pos_z": 9.817958, "pos/speed": 12.23768, "pos/cte": -1.006229, "pilot/angle": 0.0, "pilot/throttle": 0.0, "milliseconds": 87071}