{"cam/image_array": "2611_cam-image_array_.jpg", "user/angle": 0.05555588752031326, "user/throttle": 0.6678907871246338, "user/mode": "local", "pos/pos_x": 50.04933, "pos/pos_y": 0.5563472, "pos/pos_z": 11.45872, "pos/speed": 11.2101, "pos/cte": 0.09147696, "pilot/angle": 0.0, "pilot/throttle": 0.0, "milliseconds": 130677}