{"cam/image_array": "1623_cam-image_array_.jpg", "user/angle": 0.5453854203224182, "user/throttle": 0.5657603740692139, "user/mode": "local", "pos/pos_x": 70.51305, "pos/pos_y": 0.5530171, "pos/pos_z": 72.70385, "pos/speed": 9.35687, "pos/cte": -4.037791, "pilot/angle": 0.0, "pilot/throttle": 0.0, "milliseconds": 81214}