{"cam/image_array": "2236_cam-image_array_.jpg", "user/angle": 0.029733825474977493, "user/throttle": 0.8250601291656494, "user/mode": "local", "pos/pos_x": 50.81068, "pos/pos_y": 0.5545015, "pos/pos_z": 8.626815, "pos/speed": 11.28388, "pos/cte": 0.7285832, "pilot/angle": 0.0, "pilot/throttle": 0.0, "milliseconds": 111903}