{"cam/image_array": "2627_cam-image_array_.jpg", "user/angle": 0.09797245264053345, "user/throttle": 0.7143646478652954, "user/mode": "local", "pos/pos_x": 47.26332, "pos/pos_y": 0.5563514, "pos/pos_z": 20.35697, "pos/speed": 11.91801, "pos/cte": -2.303744, "pilot/angle": 0.0, "pilot/throttle": 0.0, "milliseconds": 131478}