{"cam/image_array": "107_cam-image_array_.jpg", "user/angle": 0.7906222343444824, "user/throttle": 0.5055438280105591, "user/mode": "local", "pos/pos_x": 59.43681, "pos/pos_y": 0.5542126, "pos/pos_z": 83.33268, "pos/speed": 8.31361, "pos/cte": -5.156139, "pilot/angle": 0.0, "pilot/throttle": 0.0, "milliseconds": 5316}