{"cam/image_array": "4102_cam-image_array_.jpg", "user/angle": 0.08348166942596436, "user/throttle": 0.7262552976608276, "user/mode": "local", "pos/pos_x": 52.40719, "pos/pos_y": 0.5578968, "pos/pos_z": 5.657545, "pos/speed": 11.05144, "pos/cte": 2.241465, "pilot/angle": 0.0, "pilot/throttle": 0.0, "milliseconds": 205323}