{"cam/image_array": "4709_cam-image_array_.jpg", "user/angle": -0.1544090211391449, "user/throttle": 0.7463250160217285, "user/mode": "local", "pos/pos_x": 78.03973, "pos/pos_y": 0.5535288, "pos/pos_z": 43.55456, "pos/speed": 12.2322, "pos/cte": -2.941524, "pilot/angle": 0.0, "pilot/throttle": 0.0, "milliseconds": 235713}