{"cam/image_array": "454_cam-image_array_.jpg", "user/angle": 0.30589455366134644, "user/throttle": 0.40326783061027527, "user/mode": "local", "pos/pos_x": 48.91005, "pos/pos_y": 0.5514035, "pos/pos_z": 68.56437, "pos/speed": 11.75548, "pos/cte": -0.779953, "pilot/angle": 0.0, "pilot/throttle": 0.0, "milliseconds": 22688}