{"cam/image_array": "1403_cam-image_array_.jpg", "user/angle": 0.7113317251205444, "user/throttle": 0.5236883163452148, "user/mode": "local", "pos/pos_x": 81.48719, "pos/pos_y": 0.5540884, "pos/pos_z": -5.653448, "pos/speed": 9.268221, "pos/cte": -2.004745, "pilot/angle": 0.0, "pilot/throttle": 0.0, "milliseconds": 70199}