{"cam/image_array": "2341_cam-image_array_.jpg", "user/angle": 0.6991070508956909, "user/throttle": 0.2669171690940857, "user/mode": "local", "pos/pos_x": 53.85761, "pos/pos_y": 0.5528488, "pos/pos_z": 72.54367, "pos/speed": 11.96669, "pos/cte": 3.857387, "pilot/angle": 0.0, "pilot/throttle": 0.0, "milliseconds": 117165}