{"cam/image_array": "291_cam-image_array_.jpg", "user/angle": 0.6475504636764526, "user/throttle": 0.7393969297409058, "user/mode": "local", "pos/pos_x": 77.41051, "pos/pos_y": 0.5526421, "pos/pos_z": -6.75684, "pos/speed": 9.605535, "pos/cte": -3.07252, "pilot/angle": 0.0, "pilot/throttle": 0.0, "milliseconds": 14528}