{"cam/image_array": "4675_cam-image_array_.jpg", "user/angle": 0.28081706166267395, "user/throttle": 0.6028610467910767, "user/mode": "local", "pos/pos_x": 75.48213, "pos/pos_y": 0.5534067, "pos/pos_z": 62.5798, "pos/speed": 10.50179, "pos/cte": -1.241272, "pilot/angle": 0.0, "pilot/throttle": 0.0, "milliseconds": 234010}