{"cam/image_array": "1341_cam-image_array_.jpg", "user/angle": -0.013833969831466675, "user/throttle": 0.3192674517631531, "user/mode": "local", "pos/pos_x": 80.34467, "pos/pos_y": 0.5569954, "pos/pos_z": 27.44463, "pos/speed": 12.6122, "pos/cte": -7.5347, "pilot/angle": 0.0, "pilot/throttle": 0.0, "milliseconds": 67095}