{"cam/image_array": "1421_cam-image_array_.jpg", "user/angle": 0.13537727296352386, "user/throttle": 0.6956387758255005, "user/mode": "local", "pos/pos_x": 73.76662, "pos/pos_y": 0.5552585, "pos/pos_z": -7.852914, "pos/speed": 9.310078, "pos/cte": -4.136753, "pilot/angle": 0.0, "pilot/throttle": 0.0, "milliseconds": 71101}