{"cam/image_array": "1030_cam-image_array_.jpg", "user/angle": 0.6690447926521301, "user/throttle": 0.9236408472061157, "user/mode": "local", "pos/pos_x": 84.28699, "pos/pos_y": 0.5530421, "pos/pos_z": -7.900136, "pos/speed": 8.883118, "pos/cte": -4.801144, "pilot/angle": 0.0, "pilot/throttle": 0.0, "milliseconds": 51525}