{"cam/image_array": "1677_cam-image_array_.jpg", "user/angle": -0.20965641736984253, "user/throttle": 0.8145912885665894, "user/mode": "local", "pos/pos_x": 78.56889, "pos/pos_y": 0.5533878, "pos/pos_z": 47.56507, "pos/speed": 11.87556, "pos/cte": -1.392598, "pilot/angle": 0.0, "pilot/throttle": 0.0, "milliseconds": 83917}