{"cam/image_array": "307_cam-image_array_.jpg", "user/angle": 0.2773914039134979, "user/throttle": 0.6650950908660889, "user/mode": "local", "pos/pos_x": 69.96437, "pos/pos_y": 0.5535607, "pos/pos_z": -7.606859, "pos/speed": 9.662414, "pos/cte": -3.857527, "pilot/angle": 0.0, "pilot/throttle": 0.0, "milliseconds": 15329}