{"cam/image_array": "472_cam-image_array_.jpg", "user/angle": 0.9777829051017761, "user/throttle": 0.21488144993782043, "user/mode": "local", "pos/pos_x": 57.30109, "pos/pos_y": 0.5532704, "pos/pos_z": 74.44466, "pos/speed": 11.21124, "pos/cte": 3.993007, "pilot/angle": 0.0, "pilot/throttle": 0.0, "milliseconds": 23589}