{"cam/image_array": "2525_cam-image_array_.jpg", "user/angle": 0.8966498970985413, "user/throttle": 0.6826257705688477, "user/mode": "local", "pos/pos_x": 83.48874, "pos/pos_y": 0.5524719, "pos/pos_z": -5.519614, "pos/speed": 9.275084, "pos/cte": -2.293878, "pilot/angle": 0.0, "pilot/throttle": 0.0, "milliseconds": 126371}