{"cam/image_array": "3656_cam-image_array_.jpg", "user/angle": 0.9853190183639526, "user/throttle": 0.5579190254211426, "user/mode": "local", "pos/pos_x": 84.21925, "pos/pos_y": 0.5559564, "pos/pos_z": -5.681332, "pos/speed": 9.700478, "pos/cte": -2.644934, "pilot/angle": 0.0, "pilot/throttle": 0.0, "milliseconds": 182994}