{"cam/image_array": "5491_cam-image_array_.jpg", "user/angle": 0.21590878069400787, "user/throttle": 0.15193910896778107, "user/mode": "local", "pos/pos_x": 84.02466, "pos/pos_y": 0.5536686, "pos/pos_z": 16.3566, "pos/speed": 12.71973, "pos/cte": -3.667527, "pilot/angle": 0.0, "pilot/throttle": 0.0, "milliseconds": 274863}