{"cam/image_array": "3376_cam-image_array_.jpg", "user/angle": 0.17058731615543365, "user/throttle": 0.6565033197402954, "user/mode": "local", "pos/pos_x": 47.7059, "pos/pos_y": 0.5560673, "pos/pos_z": 16.99701, "pos/speed": 11.36646, "pos/cte": -2.008143, "pilot/angle": 0.0, "pilot/throttle": 0.0, "milliseconds": 168976}