{"cam/image_array": "4059_cam-image_array_.jpg", "user/angle": 0.09757131338119507, "user/throttle": 0.5354607701301575, "user/mode": "local", "pos/pos_x": 70.33773, "pos/pos_y": 0.5580846, "pos/pos_z": -7.772315, "pos/speed": 10.07387, "pos/cte": -4.026235, "pilot/angle": 0.0, "pilot/throttle": 0.0, "milliseconds": 203170}