{"cam/image_array": "577_cam-image_array_.jpg", "user/angle": -0.23556870222091675, "user/throttle": 0.416103333234787, "user/mode": "local", "pos/pos_x": 79.02246, "pos/pos_y": 0.5546789, "pos/pos_z": 30.46558, "pos/speed": 13.26021, "pos/cte": -6.948968, "pilot/angle": 0.0, "pilot/throttle": 0.0, "milliseconds": 28851}