{"cam/image_array": "3557_cam-image_array_.jpg", "user/angle": 0.029932338744401932, "user/throttle": 0.9242174625396729, "user/mode": "local", "pos/pos_x": 78.64742, "pos/pos_y": 0.5554273, "pos/pos_z": 52.16898, "pos/speed": 11.03802, "pos/cte": -0.2861632, "pilot/angle": 0.0, "pilot/throttle": 0.0, "milliseconds": 178038}