{"cam/image_array": "2438_cam-image_array_.jpg", "user/angle": -0.1364230364561081, "user/throttle": 0.7772774696350098, "user/mode": "local", "pos/pos_x": 78.70224, "pos/pos_y": 0.5546764, "pos/pos_z": 43.82349, "pos/speed": 12.25727, "pos/cte": -3.385713, "pilot/angle": 0.0, "pilot/throttle": 0.0, "milliseconds": 122016}