{"cam/image_array": "3884_cam-image_array_.jpg", "user/angle": 0.1726493388414383, "user/throttle": 0.6206506490707397, "user/mode": "local", "pos/pos_x": 71.45201, "pos/pos_y": 0.553447, "pos/pos_z": 72.85313, "pos/speed": 9.132553, "pos/cte": -4.848738, "pilot/angle": 0.0, "pilot/throttle": 0.0, "milliseconds": 194409}