{"cam/image_array": "3682_cam-image_array_.jpg", "user/angle": 0.13517221808433533, "user/throttle": 0.5965057611465454, "user/mode": "local", "pos/pos_x": 72.97593, "pos/pos_y": 0.5538243, "pos/pos_z": -8.998318, "pos/speed": 9.846429, "pos/cte": -5.275213, "pilot/angle": 0.0, "pilot/throttle": 0.0, "milliseconds": 184296}