{"cam/image_array": "1290_cam-image_array_.jpg", "user/angle": 0.3193458616733551, "user/throttle": 0.8905071020126343, "user/mode": "local", "pos/pos_x": 77.86946, "pos/pos_y": 0.5559162, "pos/pos_z": 58.22421, "pos/speed": 10.62367, "pos/cte": -0.6074502, "pilot/angle": 0.0, "pilot/throttle": 0.0, "milliseconds": 64542}