{"cam/image_array": "4327_cam-image_array_.jpg", "user/angle": -0.13987812399864197, "user/throttle": 0.6150599718093872, "user/mode": "local", "pos/pos_x": 78.72958, "pos/pos_y": 0.5543801, "pos/pos_z": 34.65466, "pos/speed": 12.76282, "pos/cte": -6.696375, "pilot/angle": 0.0, "pilot/throttle": 0.0, "milliseconds": 216587}