{"cam/image_array": "5244_cam-image_array_.jpg", "user/angle": 0.04096013680100441, "user/throttle": 0.7181180715560913, "user/mode": "local", "pos/pos_x": 50.12721, "pos/pos_y": 0.556017, "pos/pos_z": 11.27501, "pos/speed": 11.67993, "pos/cte": 0.1612742, "pilot/angle": 0.0, "pilot/throttle": 0.0, "milliseconds": 262497}