{"cam/image_array": "3880_cam-image_array_.jpg", "user/angle": 0.5413158535957336, "user/throttle": 0.6497683525085449, "user/mode": "local", "pos/pos_x": 70.2086, "pos/pos_y": 0.5527856, "pos/pos_z": 74.18109, "pos/speed": 8.997939, "pos/cte": -4.765676, "pilot/angle": 0.0, "pilot/throttle": 0.0, "milliseconds": 194210}