{"cam/image_array": "709_cam-image_array_.jpg", "user/angle": 0.18852661550045013, "user/throttle": 0.591914176940918, "user/mode": "local", "pos/pos_x": 56.41458, "pos/pos_y": 0.5487744, "pos/pos_z": -1.02197, "pos/speed": 10.64082, "pos/cte": 1.814093, "pilot/angle": 0.0, "pilot/throttle": 0.0, "milliseconds": 35455}