{"cam/image_array": "3691_cam-image_array_.jpg", "user/angle": 0.20865929126739502, "user/throttle": 0.5018184185028076, "user/mode": "local", "pos/pos_x": 68.14253, "pos/pos_y": 0.5562214, "pos/pos_z": -7.523078, "pos/speed": 10.29892, "pos/cte": -3.757851, "pilot/angle": 0.0, "pilot/throttle": 0.0, "milliseconds": 184747}