{"cam/image_array": "5775_cam-image_array_.jpg", "user/angle": -0.03805352374911308, "user/throttle": 0.8371491432189941, "user/mode": "local", "pos/pos_x": 75.32167, "pos/pos_y": 0.5530661, "pos/pos_z": 65.04789, "pos/speed": 9.656706, "pos/cte": -2.72215, "pilot/angle": 0.0, "pilot/throttle": 0.0, "milliseconds": 289082}