{"cam/image_array": "2670_cam-image_array_.jpg", "user/angle": 0.04907982051372528, "user/throttle": 0.405666321516037, "user/mode": "local", "pos/pos_x": 45.28099, "pos/pos_y": 0.5557228, "pos/pos_z": 48.21637, "pos/speed": 13.77899, "pos/cte": 0.0, "pilot/angle": 0.0, "pilot/throttle": 0.0, "milliseconds": 133631}