{"cam/image_array": "1211_cam-image_array_.jpg", "user/angle": 0.4708315134048462, "user/throttle": 0.1261444389820099, "user/mode": "local", "pos/pos_x": 49.99686, "pos/pos_y": 0.5587125, "pos/pos_z": 68.96147, "pos/speed": 12.03358, "pos/cte": 0.3068657, "pilot/angle": 0.0, "pilot/throttle": 0.0, "milliseconds": 60589}