{"cam/image_array": "2776_cam-image_array_.jpg", "user/angle": 0.2865051329135895, "user/throttle": 0.7732943296432495, "user/mode": "local", "pos/pos_x": 75.46724, "pos/pos_y": 0.5556488, "pos/pos_z": 62.49754, "pos/speed": 9.754958, "pos/cte": -1.176519, "pilot/angle": 0.0, "pilot/throttle": 0.0, "milliseconds": 138938}