{"cam/image_array": "3195_cam-image_array_.jpg", "user/angle": 0.011953998357057571, "user/throttle": 0.7882252931594849, "user/mode": "local", "pos/pos_x": 78.02999, "pos/pos_y": 0.5556754, "pos/pos_z": 40.04629, "pos/speed": 12.00985, "pos/cte": -4.565837, "pilot/angle": 0.0, "pilot/throttle": 0.0, "milliseconds": 159915}