{"cam/image_array": "3159_cam-image_array_.jpg", "user/angle": 0.3164629638195038, "user/throttle": 0.6054044961929321, "user/mode": "local", "pos/pos_x": 76.88471, "pos/pos_y": 0.5548593, "pos/pos_z": 59.43533, "pos/speed": 9.928207, "pos/cte": -0.3736531, "pilot/angle": 0.0, "pilot/throttle": 0.0, "milliseconds": 158112}