{"cam/image_array": "2730_cam-image_array_.jpg", "user/angle": 1.1852881908416748, "user/throttle": 0.43514809012413025, "user/mode": "local", "pos/pos_x": 61.41302, "pos/pos_y": 0.5523787, "pos/pos_z": 76.3154, "pos/speed": 9.87036, "pos/cte": 0.45318, "pilot/angle": 0.0, "pilot/throttle": 0.0, "milliseconds": 136635}