{"cam/image_array": "5401_cam-image_array_.jpg", "user/angle": 0.07191170752048492, "user/throttle": 0.6277128458023071, "user/mode": "local", "pos/pos_x": 76.36836, "pos/pos_y": 0.558361, "pos/pos_z": 66.86871, "pos/speed": 9.11939, "pos/cte": -4.700591, "pilot/angle": 0.0, "pilot/throttle": 0.0, "milliseconds": 270357}