{"cam/image_array": "1694_cam-image_array_.jpg", "user/angle": -0.04841409996151924, "user/throttle": 0.6286990642547607, "user/mode": "local", "pos/pos_x": 78.47871, "pos/pos_y": 0.5537169, "pos/pos_z": 36.51693, "pos/speed": 12.69378, "pos/cte": -6.112761, "pilot/angle": 0.0, "pilot/throttle": 0.0, "milliseconds": 84768}