{"cam/image_array": "290_cam-image_array_.jpg", "user/angle": 0.6304389834403992, "user/throttle": 0.6458799839019775, "user/mode": "local", "pos/pos_x": 78.2582, "pos/pos_y": 0.5545481, "pos/pos_z": -6.305094, "pos/speed": 9.578292, "pos/cte": -2.628189, "pilot/angle": 0.0, "pilot/throttle": 0.0, "milliseconds": 14478}