{"cam/image_array": "170_cam-image_array_.jpg", "user/angle": 0.42116332054138184, "user/throttle": 0.8670958280563354, "user/mode": "local", "pos/pos_x": 75.74429, "pos/pos_y": 0.5560817, "pos/pos_z": 61.18072, "pos/speed": 10.98125, "pos/cte": -0.5319843, "pilot/angle": 0.0, "pilot/throttle": 0.0, "milliseconds": 8470}