{"cam/image_array": "1718_cam-image_array_.jpg", "user/angle": -0.12135586142539978, "user/throttle": 0.5845487117767334, "user/mode": "local", "pos/pos_x": 81.44572, "pos/pos_y": 0.5539788, "pos/pos_z": 22.73127, "pos/speed": 12.82073, "pos/cte": -6.212496, "pilot/angle": 0.0, "pilot/throttle": 0.0, "milliseconds": 85970}