{"cam/image_array": "644_cam-image_array_.jpg", "user/angle": 0.7364197969436646, "user/throttle": 0.9561975002288818, "user/mode": "local", "pos/pos_x": 85.13729, "pos/pos_y": 0.5512654, "pos/pos_z": -7.046035, "pos/speed": 9.280104, "pos/cte": -4.20534, "pilot/angle": 0.0, "pilot/throttle": 0.0, "milliseconds": 32201}