{"cam/image_array": "1259_cam-image_array_.jpg", "user/angle": 0.3511561453342438, "user/throttle": 0.6198636293411255, "user/mode": "local", "pos/pos_x": 72.1343, "pos/pos_y": 0.5524955, "pos/pos_z": 72.43392, "pos/speed": 9.463633, "pos/cte": -5.095298, "pilot/angle": 0.0, "pilot/throttle": 0.0, "milliseconds": 62990}