{"cam/image_array": "1940_cam-image_array_.jpg", "user/angle": 0.5414392948150635, "user/throttle": 0.14010277390480042, "user/mode": "local", "pos/pos_x": 45.23991, "pos/pos_y": 0.5518925, "pos/pos_z": 61.92101, "pos/speed": 12.88614, "pos/cte": -4.450089, "pilot/angle": 0.0, "pilot/throttle": 0.0, "milliseconds": 97084}