{"cam/image_array": "3755_cam-image_array_.jpg", "user/angle": 0.15959492325782776, "user/throttle": 0.673011064529419, "user/mode": "local", "pos/pos_x": 47.43777, "pos/pos_y": 0.5555484, "pos/pos_z": 18.94785, "pos/speed": 12.20145, "pos/cte": -2.190921, "pilot/angle": 0.0, "pilot/throttle": 0.0, "milliseconds": 187951}