{"cam/image_array": "3753_cam-image_array_.jpg", "user/angle": 0.13016119599342346, "user/throttle": 0.6232959032058716, "user/mode": "local", "pos/pos_x": 47.77443, "pos/pos_y": 0.5551974, "pos/pos_z": 17.77298, "pos/speed": 12.2305, "pos/cte": -1.905834, "pilot/angle": 0.0, "pilot/throttle": 0.0, "milliseconds": 187856}