{"cam/image_array": "4093_cam-image_array_.jpg", "user/angle": 0.159946471452713, "user/throttle": 0.5941822528839111, "user/mode": "local", "pos/pos_x": 55.12934, "pos/pos_y": 0.5531608, "pos/pos_z": 1.00897, "pos/speed": 10.63396, "pos/cte": 2.619585, "pilot/angle": 0.0, "pilot/throttle": 0.0, "milliseconds": 204873}