{"cam/image_array": "4493_cam-image_array_.jpg", "user/angle": 0.08468617498874664, "user/throttle": 0.7166149616241455, "user/mode": "local", "pos/pos_x": 49.26912, "pos/pos_y": 0.5557864, "pos/pos_z": 12.5807, "pos/speed": 11.35567, "pos/cte": -0.6390532, "pilot/angle": 0.0, "pilot/throttle": 0.0, "milliseconds": 224899}