{"cam/image_array": "5384_cam-image_array_.jpg", "user/angle": 0.4892311990261078, "user/throttle": 0.4889622628688812, "user/mode": "local", "pos/pos_x": 72.67459, "pos/pos_y": 0.5542397, "pos/pos_z": 73.82301, "pos/speed": 9.062846, "pos/cte": -6.408281, "pilot/angle": 0.0, "pilot/throttle": 0.0, "milliseconds": 269506}