{"cam/image_array": "5720_cam-image_array_.jpg", "user/angle": 0.639509379863739, "user/throttle": 0.51556396484375, "user/mode": "local", "pos/pos_x": 54.92112, "pos/pos_y": 0.5538163, "pos/pos_z": 73.66795, "pos/speed": 11.47454, "pos/cte": 4.133613, "pilot/angle": 0.0, "pilot/throttle": 0.0, "milliseconds": 286328}