{"cam/image_array": "843_cam-image_array_.jpg", "user/angle": 0.704078197479248, "user/throttle": 0.5349926948547363, "user/mode": "local", "pos/pos_x": 58.35939, "pos/pos_y": 0.5527641, "pos/pos_z": 75.55497, "pos/speed": 11.454, "pos/cte": 2.680027, "pilot/angle": 0.0, "pilot/throttle": 0.0, "milliseconds": 42163}