{"cam/image_array": "5504_cam-image_array_.jpg", "user/angle": 0.7247183322906494, "user/throttle": 0.06750687956809998, "user/mode": "local", "pos/pos_x": 86.96915, "pos/pos_y": 0.5524728, "pos/pos_z": 9.520533, "pos/speed": 11.89896, "pos/cte": -0.8555223, "pilot/angle": 0.0, "pilot/throttle": 0.0, "milliseconds": 275519}