{"cam/image_array": "5640_cam-image_array_.jpg", "user/angle": 0.070182666182518, "user/throttle": 0.8429834842681885, "user/mode": "local", "pos/pos_x": 46.25169, "pos/pos_y": 0.5547996, "pos/pos_z": 24.05298, "pos/speed": 12.4428, "pos/cte": -3.153192, "pilot/angle": 0.0, "pilot/throttle": 0.0, "milliseconds": 282323}