{"cam/image_array": "2193_cam-image_array_.jpg", "user/angle": 0.10065171122550964, "user/throttle": 0.57763671875, "user/mode": "local", "pos/pos_x": 66.47044, "pos/pos_y": 0.5584089, "pos/pos_z": -7.11467, "pos/speed": 10.25278, "pos/cte": -3.334867, "pilot/angle": 0.0, "pilot/throttle": 0.0, "milliseconds": 109750}