{"cam/image_array": "722_cam-image_array_.jpg", "user/angle": 0.11858533322811127, "user/throttle": 0.6849745512008667, "user/mode": "local", "pos/pos_x": 52.31359, "pos/pos_y": 0.5567712, "pos/pos_z": 5.232147, "pos/speed": 10.96131, "pos/cte": 2.051147, "pilot/angle": 0.0, "pilot/throttle": 0.0, "milliseconds": 36105}