{"cam/image_array": "24_cam-image_array_.jpg", "user/angle": -0.11700218915939331, "user/throttle": 0.7479588985443115, "user/mode": "local", "pos/pos_x": 49.65239, "pos/pos_y": 0.5545905, "pos/pos_z": 49.88819, "pos/speed": 4.332296, "pos/cte": -0.03760529, "pilot/angle": 0.0, "pilot/throttle": 0.0, "milliseconds": 1161}