{"cam/image_array": "5022_cam-image_array_.jpg", "user/angle": 0.19402006268501282, "user/throttle": 0.45920324325561523, "user/mode": "local", "pos/pos_x": 73.37147, "pos/pos_y": 0.5528462, "pos/pos_z": 70.24825, "pos/speed": 9.208829, "pos/cte": -4.616569, "pilot/angle": 0.0, "pilot/throttle": 0.0, "milliseconds": 251385}