{"cam/image_array": "1860_cam-image_array_.jpg", "user/angle": 0.053303398191928864, "user/throttle": 0.7758927345275879, "user/mode": "local", "pos/pos_x": 50.01034, "pos/pos_y": 0.5564297, "pos/pos_z": 11.13838, "pos/speed": 11.4529, "pos/cte": 0.03855108, "pilot/angle": 0.0, "pilot/throttle": 0.0, "milliseconds": 93079}