{"cam/image_array": "1252_cam-image_array_.jpg", "user/angle": 0.7609890103340149, "user/throttle": 0.8654481172561646, "user/mode": "local", "pos/pos_x": 70.03434, "pos/pos_y": 0.5542744, "pos/pos_z": 74.31152, "pos/speed": 9.378985, "pos/cte": -4.71788, "pilot/angle": 0.0, "pilot/throttle": 0.0, "milliseconds": 62641}