{"cam/image_array": "2251_cam-image_array_.jpg", "user/angle": 0.13961705565452576, "user/throttle": 0.6052230596542358, "user/mode": "local", "pos/pos_x": 47.66904, "pos/pos_y": 0.554679, "pos/pos_z": 17.47642, "pos/speed": 12.0603, "pos/cte": -2.024054, "pilot/angle": 0.0, "pilot/throttle": 0.0, "milliseconds": 112654}