{"cam/image_array": "3392_cam-image_array_.jpg", "user/angle": -0.005224376916885376, "user/throttle": 0.8613095283508301, "user/mode": "local", "pos/pos_x": 45.79784, "pos/pos_y": 0.5557134, "pos/pos_z": 26.12964, "pos/speed": 12.0348, "pos/cte": -3.516031, "pilot/angle": 0.0, "pilot/throttle": 0.0, "milliseconds": 169777}