{"cam/image_array": "5558_cam-image_array_.jpg", "user/angle": 0.22569885849952698, "user/throttle": 0.5930609703063965, "user/mode": "local", "pos/pos_x": 72.7502, "pos/pos_y": 0.550944, "pos/pos_z": -7.451303, "pos/speed": 9.710793, "pos/cte": -3.726287, "pilot/angle": 0.0, "pilot/throttle": 0.0, "milliseconds": 278218}