{"cam/image_array": "1801_cam-image_array_.jpg", "user/angle": 0.07751324772834778, "user/throttle": 0.5888268947601318, "user/mode": "local", "pos/pos_x": 73.03069, "pos/pos_y": 0.55747, "pos/pos_z": -9.059382, "pos/speed": 9.845815, "pos/cte": -5.336753, "pilot/angle": 0.0, "pilot/throttle": 0.0, "milliseconds": 90125}