{"cam/image_array": "375_cam-image_array_.jpg", "user/angle": 0.22195559740066528, "user/throttle": 0.7095263004302979, "user/mode": "local", "pos/pos_x": 47.17503, "pos/pos_y": 0.5554094, "pos/pos_z": 18.06495, "pos/speed": 12.13859, "pos/cte": -2.491932, "pilot/angle": 0.0, "pilot/throttle": 0.0, "milliseconds": 18733}