{"cam/image_array": "4155_cam-image_array_.jpg", "user/angle": -0.03776894882321358, "user/throttle": 0.8654543161392212, "user/mode": "local", "pos/pos_x": 45.13262, "pos/pos_y": 0.5552677, "pos/pos_z": 36.33965, "pos/speed": 13.68277, "pos/cte": -4.223669, "pilot/angle": 0.0, "pilot/throttle": 0.0, "milliseconds": 207977}