{"cam/image_array": "4995_cam-image_array_.jpg", "user/angle": 0.7675303816795349, "user/throttle": 0.3350071609020233, "user/mode": "local", "pos/pos_x": 63.05871, "pos/pos_y": 0.5546492, "pos/pos_z": 76.23456, "pos/speed": 10.34393, "pos/cte": -0.6624818, "pilot/angle": 0.0, "pilot/throttle": 0.0, "milliseconds": 250031}