{"cam/image_array": "1463_cam-image_array_.jpg", "user/angle": 0.16559602320194244, "user/throttle": 0.5979834794998169, "user/mode": "local", "pos/pos_x": 55.44654, "pos/pos_y": 0.5531473, "pos/pos_z": 0.4809587, "pos/speed": 10.33114, "pos/cte": 2.511626, "pilot/angle": 0.0, "pilot/throttle": 0.0, "milliseconds": 73203}