{"cam/image_array": "5083_cam-image_array_.jpg", "user/angle": -0.09328366816043854, "user/throttle": 0.8391687870025635, "user/mode": "local", "pos/pos_x": 78.46019, "pos/pos_y": 0.5570997, "pos/pos_z": 38.6212, "pos/speed": 12.80553, "pos/cte": -5.548272, "pilot/angle": 0.0, "pilot/throttle": 0.0, "milliseconds": 254437}