{"cam/image_array": "2359_cam-image_array_.jpg", "user/angle": 0.7753375172615051, "user/throttle": 0.29906392097473145, "user/mode": "local", "pos/pos_x": 63.63769, "pos/pos_y": 0.5542202, "pos/pos_z": 76.38161, "pos/speed": 10.47982, "pos/cte": -1.198239, "pilot/angle": 0.0, "pilot/throttle": 0.0, "milliseconds": 118061}