{"cam/image_array": "4404_cam-image_array_.jpg", "user/angle": 0.7984076738357544, "user/throttle": 0.7231423854827881, "user/mode": "local", "pos/pos_x": 83.27873, "pos/pos_y": 0.5535336, "pos/pos_z": -6.840254, "pos/speed": 9.070535, "pos/cte": -3.510365, "pilot/angle": 0.0, "pilot/throttle": 0.0, "milliseconds": 220443}