{"cam/image_array": "4711_cam-image_array_.jpg", "user/angle": -0.19714707136154175, "user/throttle": 0.8789217472076416, "user/mode": "local", "pos/pos_x": 78.01146, "pos/pos_y": 0.5503233, "pos/pos_z": 42.32188, "pos/speed": 12.36564, "pos/cte": -3.523917, "pilot/angle": 0.0, "pilot/throttle": 0.0, "milliseconds": 235813}