{"cam/image_array": "3542_cam-image_array_.jpg", "user/angle": 0.39769527316093445, "user/throttle": 0.8926258087158203, "user/mode": "local", "pos/pos_x": 77.16609, "pos/pos_y": 0.5552643, "pos/pos_z": 59.41833, "pos/speed": 10.18906, "pos/cte": -0.6074688, "pilot/angle": 0.0, "pilot/throttle": 0.0, "milliseconds": 177287}