{"cam/image_array": "2223_cam-image_array_.jpg", "user/angle": 0.1272369623184204, "user/throttle": 0.7070353031158447, "user/mode": "local", "pos/pos_x": 53.75268, "pos/pos_y": 0.5544707, "pos/pos_z": 2.699527, "pos/speed": 10.76943, "pos/cte": 2.598958, "pilot/angle": 0.0, "pilot/throttle": 0.0, "milliseconds": 111253}