{"cam/image_array": "1380_cam-image_array_.jpg", "user/angle": 0.6872987151145935, "user/throttle": 0.0614854171872139, "user/mode": "local", "pos/pos_x": 86.21919, "pos/pos_y": 0.5520069, "pos/pos_z": 5.06362, "pos/speed": 11.31979, "pos/cte": 1.871642, "pilot/angle": 0.0, "pilot/throttle": 0.0, "milliseconds": 69049}