{"cam/image_array": "4884_cam-image_array_.jpg", "user/angle": 0.23739470541477203, "user/throttle": 0.6937669515609741, "user/mode": "local", "pos/pos_x": 47.76081, "pos/pos_y": 0.5551919, "pos/pos_z": 15.88807, "pos/speed": 11.89785, "pos/cte": -2.001654, "pilot/angle": 0.0, "pilot/throttle": 0.0, "milliseconds": 244474}