{"cam/image_array": "1885_cam-image_array_.jpg", "user/angle": 0.1266753077507019, "user/throttle": 0.8357208967208862, "user/mode": "local", "pos/pos_x": 46.01405, "pos/pos_y": 0.5546948, "pos/pos_z": 24.96172, "pos/speed": 12.42833, "pos/cte": -3.350975, "pilot/angle": 0.0, "pilot/throttle": 0.0, "milliseconds": 94331}