{"cam/image_array": "495_cam-image_array_.jpg", "user/angle": 0.7128069996833801, "user/throttle": 0.6489990949630737, "user/mode": "local", "pos/pos_x": 69.23885, "pos/pos_y": 0.5524244, "pos/pos_z": 73.26057, "pos/speed": 9.618961, "pos/cte": -3.430446, "pilot/angle": 0.0, "pilot/throttle": 0.0, "milliseconds": 24741}