{"cam/image_array": "1963_cam-image_array_.jpg", "user/angle": 0.3572215735912323, "user/throttle": 0.7094480991363525, "user/mode": "local", "pos/pos_x": 52.34415, "pos/pos_y": 0.5556918, "pos/pos_z": 72.30998, "pos/speed": 11.06127, "pos/cte": 2.461423, "pilot/angle": 0.0, "pilot/throttle": 0.0, "milliseconds": 98235}