{"cam/image_array": "5706_cam-image_array_.jpg", "user/angle": 0.28381776809692383, "user/throttle": 0.41496750712394714, "user/mode": "local", "pos/pos_x": 48.77034, "pos/pos_y": 0.5547732, "pos/pos_z": 67.54887, "pos/speed": 12.09033, "pos/cte": -0.9196548, "pilot/angle": 0.0, "pilot/throttle": 0.0, "milliseconds": 285628}