{"cam/image_array": "3815_cam-image_array_.jpg", "user/angle": 0.2764667272567749, "user/throttle": 0.4113125205039978, "user/mode": "local", "pos/pos_x": 44.42499, "pos/pos_y": 0.5509756, "pos/pos_z": 58.51832, "pos/speed": 13.15817, "pos/cte": -5.265011, "pilot/angle": 0.0, "pilot/throttle": 0.0, "milliseconds": 190955}