{"cam/image_array": "4453_cam-image_array_.jpg", "user/angle": 0.6958423852920532, "user/throttle": 0.5697871446609497, "user/mode": "local", "pos/pos_x": 60.86291, "pos/pos_y": 0.5539329, "pos/pos_z": -4.805397, "pos/speed": 10.2415, "pos/cte": -0.9767462, "pilot/angle": 0.0, "pilot/throttle": 0.0, "milliseconds": 222897}