{"cam/image_array": "5496_cam-image_array_.jpg", "user/angle": 0.4257158935070038, "user/throttle": 0.05793789029121399, "user/mode": "local", "pos/pos_x": 85.69556, "pos/pos_y": 0.5564927, "pos/pos_z": 12.95932, "pos/speed": 12.5112, "pos/cte": -2.415569, "pilot/angle": 0.0, "pilot/throttle": 0.0, "milliseconds": 275114}