{"cam/image_array": "4791_cam-image_array_.jpg", "user/angle": 1.0150279998779297, "user/throttle": 0.09618119895458221, "user/mode": "local", "pos/pos_x": 82.07959, "pos/pos_y": 0.5546593, "pos/pos_z": -3.796288, "pos/speed": 10.05469, "pos/cte": -0.2566497, "pilot/angle": 0.0, "pilot/throttle": 0.0, "milliseconds": 239818}