{"cam/image_array": "5427_cam-image_array_.jpg", "user/angle": 0.05686294659972191, "user/throttle": 0.9516949653625488, "user/mode": "local", "pos/pos_x": 78.85865, "pos/pos_y": 0.5561601, "pos/pos_z": 53.88816, "pos/speed": 10.72878, "pos/cte": -0.451351, "pilot/angle": 0.0, "pilot/throttle": 0.0, "milliseconds": 271660}