{"cam/image_array": "4568_cam-image_array_.jpg", "user/angle": -0.2804184556007385, "user/throttle": 0.3723021447658539, "user/mode": "local", "pos/pos_x": 46.90833, "pos/pos_y": 0.5517517, "pos/pos_z": 58.82703, "pos/speed": 12.55251, "pos/cte": -2.781666, "pilot/angle": 0.0, "pilot/throttle": 0.0, "milliseconds": 228654}