{"cam/image_array": "3449_cam-image_array_.jpg", "user/angle": -0.07946169376373291, "user/throttle": 0.23831385374069214, "user/mode": "local", "pos/pos_x": 46.57951, "pos/pos_y": 0.5532162, "pos/pos_z": 62.54745, "pos/speed": 12.17818, "pos/cte": -3.110489, "pilot/angle": 0.0, "pilot/throttle": 0.0, "milliseconds": 172631}