{"cam/image_array": "2219_cam-image_array_.jpg", "user/angle": 0.17012259364128113, "user/throttle": 0.6101460456848145, "user/mode": "local", "pos/pos_x": 54.9339, "pos/pos_y": 0.5522907, "pos/pos_z": 0.9031494, "pos/speed": 10.70069, "pos/cte": 2.408286, "pilot/angle": 0.0, "pilot/throttle": 0.0, "milliseconds": 111052}