{"cam/image_array": "4096_cam-image_array_.jpg", "user/angle": 0.12336935102939606, "user/throttle": 0.7466679811477661, "user/mode": "local", "pos/pos_x": 53.95006, "pos/pos_y": 0.5528051, "pos/pos_z": 2.789238, "pos/speed": 10.69493, "pos/cte": 2.811747, "pilot/angle": 0.0, "pilot/throttle": 0.0, "milliseconds": 205024}