{"cam/image_array": "297_cam-image_array_.jpg", "user/angle": 0.6866268515586853, "user/throttle": 0.7374491691589355, "user/mode": "local", "pos/pos_x": 74.70962, "pos/pos_y": 0.5531812, "pos/pos_z": -7.644727, "pos/speed": 9.496009, "pos/cte": -3.936803, "pilot/angle": 0.0, "pilot/throttle": 0.0, "milliseconds": 14828}