{"cam/image_array": "1237_cam-image_array_.jpg", "user/angle": 0.7767713069915771, "user/throttle": 0.450496107339859, "user/mode": "local", "pos/pos_x": 62.68658, "pos/pos_y": 0.5517392, "pos/pos_z": 76.33197, "pos/speed": 10.33871, "pos/cte": -0.4427722, "pilot/angle": 0.0, "pilot/throttle": 0.0, "milliseconds": 61889}