{"cam/image_array": "2376_cam-image_array_.jpg", "user/angle": 0.6398196220397949, "user/throttle": 0.6539856195449829, "user/mode": "local", "pos/pos_x": 71.86588, "pos/pos_y": 0.5526551, "pos/pos_z": 73.80712, "pos/speed": 9.398839, "pos/cte": -5.783008, "pilot/angle": 0.0, "pilot/throttle": 0.0, "milliseconds": 118912}