{"cam/image_array": "2510_cam-image_array_.jpg", "user/angle": 1.0307406187057495, "user/throttle": 0.6999539136886597, "user/mode": "local", "pos/pos_x": 87.10641, "pos/pos_y": 0.5511537, "pos/pos_z": 0.3109115, "pos/speed": 10.32412, "pos/cte": 0.1379736, "pilot/angle": 0.0, "pilot/throttle": 0.0, "milliseconds": 125620}