{"cam/image_array": "3346_cam-image_array_.jpg", "user/angle": 0.0850343257188797, "user/throttle": 0.7767394781112671, "user/mode": "local", "pos/pos_x": 54.2012, "pos/pos_y": 0.5584493, "pos/pos_z": 1.949119, "pos/speed": 9.635468, "pos/cte": 2.528344, "pilot/angle": 0.0, "pilot/throttle": 0.0, "milliseconds": 167475}