{"cam/image_array": "2614_cam-image_array_.jpg", "user/angle": 0.10470876097679138, "user/throttle": 0.7153545618057251, "user/mode": "local", "pos/pos_x": 49.28067, "pos/pos_y": 0.5569271, "pos/pos_z": 13.604, "pos/speed": 11.45784, "pos/cte": -0.5828742, "pilot/angle": 0.0, "pilot/throttle": 0.0, "milliseconds": 130827}