{"cam/image_array": "4138_cam-image_array_.jpg", "user/angle": 0.09208296239376068, "user/throttle": 0.8388112783432007, "user/mode": "local", "pos/pos_x": 46.02844, "pos/pos_y": 0.5550134, "pos/pos_z": 24.65354, "pos/speed": 12.4361, "pos/cte": -3.350035, "pilot/angle": 0.0, "pilot/throttle": 0.0, "milliseconds": 207125}