{"cam/image_array": "3268_cam-image_array_.jpg", "user/angle": 1.2357393503189087, "user/throttle": 0.4309014081954956, "user/mode": "local", "pos/pos_x": 86.01036, "pos/pos_y": 0.5536848, "pos/pos_z": -1.867207, "pos/speed": 9.742791, "pos/cte": -0.3398202, "pilot/angle": 0.0, "pilot/throttle": 0.0, "milliseconds": 163569}