{"cam/image_array": "317_cam-image_array_.jpg", "user/angle": 0.22453421354293823, "user/throttle": 0.6005064249038696, "user/mode": "local", "pos/pos_x": 65.33157, "pos/pos_y": 0.5592534, "pos/pos_z": -6.033289, "pos/speed": 10.01644, "pos/cte": -2.243588, "pilot/angle": 0.0, "pilot/throttle": 0.0, "milliseconds": 15829}