{"cam/image_array": "92_cam-image_array_.jpg", "user/angle": 0.8064849972724915, "user/throttle": 0.0851321667432785, "user/mode": "local", "pos/pos_x": 53.05013, "pos/pos_y": 0.5534474, "pos/pos_z": 80.76899, "pos/speed": 9.619527, "pos/cte": -3.193925, "pilot/angle": 0.0, "pilot/throttle": 0.0, "milliseconds": 4565}