{"cam/image_array": "2392_cam-image_array_.jpg", "user/angle": 0.16530145704746246, "user/throttle": 0.6408319473266602, "user/mode": "local", "pos/pos_x": 75.5638, "pos/pos_y": 0.5562524, "pos/pos_z": 68.51101, "pos/speed": 9.397914, "pos/cte": -5.155386, "pilot/angle": 0.0, "pilot/throttle": 0.0, "milliseconds": 119713}