{"cam/image_array": "1470_cam-image_array_.jpg", "user/angle": 0.08451490104198456, "user/throttle": 0.7158914804458618, "user/mode": "local", "pos/pos_x": 53.21717, "pos/pos_y": 0.5580742, "pos/pos_z": 3.982856, "pos/speed": 10.55423, "pos/cte": 2.630695, "pilot/angle": 0.0, "pilot/throttle": 0.0, "milliseconds": 73554}