{"cam/image_array": "5285_cam-image_array_.jpg", "user/angle": -0.05404804274439812, "user/throttle": 0.8542802333831787, "user/mode": "local", "pos/pos_x": 45.07074, "pos/pos_y": 0.5556196, "pos/pos_z": 36.44731, "pos/speed": 13.60557, "pos/cte": -4.286488, "pilot/angle": 0.0, "pilot/throttle": 0.0, "milliseconds": 264550}