{"cam/image_array": "5138_cam-image_array_.jpg", "user/angle": 1.0362852811813354, "user/throttle": 0.5949584245681763, "user/mode": "local", "pos/pos_x": 87.47622, "pos/pos_y": 0.5532572, "pos/pos_z": 3.214617, "pos/speed": 11.19463, "pos/cte": 0.7168858, "pilot/angle": 0.0, "pilot/throttle": 0.0, "milliseconds": 257191}