{"cam/image_array": "3786_cam-image_array_.jpg", "user/angle": -0.05262107774615288, "user/throttle": 0.7780849933624268, "user/mode": "local", "pos/pos_x": 45.03386, "pos/pos_y": 0.5554066, "pos/pos_z": 38.98573, "pos/speed": 13.93, "pos/cte": -4.345514, "pilot/angle": 0.0, "pilot/throttle": 0.0, "milliseconds": 189503}