{"cam/image_array": "2050_cam-image_array_.jpg", "user/angle": -0.08334751427173615, "user/throttle": 0.7918707132339478, "user/mode": "local", "pos/pos_x": 78.08026, "pos/pos_y": 0.5543107, "pos/pos_z": 48.9796, "pos/speed": 11.66819, "pos/cte": -0.459823, "pilot/angle": 0.0, "pilot/throttle": 0.0, "milliseconds": 102591}