{"cam/image_array": "5125_cam-image_array_.jpg", "user/angle": 0.7127748131752014, "user/throttle": 0.07437019050121307, "user/mode": "local", "pos/pos_x": 85.87681, "pos/pos_y": 0.5568994, "pos/pos_z": 11.48839, "pos/speed": 12.9299, "pos/cte": -1.493464, "pilot/angle": 0.0, "pilot/throttle": 0.0, "milliseconds": 256540}