{"cam/image_array": "4223_cam-image_array_.jpg", "user/angle": 0.6246739029884338, "user/throttle": 0.4892888069152832, "user/mode": "local", "pos/pos_x": 57.46074, "pos/pos_y": 0.5534722, "pos/pos_z": 75.2681, "pos/speed": 10.81833, "pos/cte": 3.223639, "pilot/angle": 0.0, "pilot/throttle": 0.0, "milliseconds": 211381}