{"cam/image_array": "2863_cam-image_array_.jpg", "user/angle": 0.2430705428123474, "user/throttle": 0.06053701043128967, "user/mode": "local", "pos/pos_x": 84.90021, "pos/pos_y": 0.5555848, "pos/pos_z": 12.86023, "pos/speed": 11.90546, "pos/cte": -1.787422, "pilot/angle": 0.0, "pilot/throttle": 0.0, "milliseconds": 143293}