{"cam/image_array": "3864_cam-image_array_.jpg", "user/angle": 0.7876250147819519, "user/throttle": 0.28718680143356323, "user/mode": "local", "pos/pos_x": 63.41738, "pos/pos_y": 0.5537727, "pos/pos_z": 76.85326, "pos/speed": 9.881654, "pos/cte": -1.337026, "pilot/angle": 0.0, "pilot/throttle": 0.0, "milliseconds": 193408}