{"cam/image_array": "5449_cam-image_array_.jpg", "user/angle": -0.13721075654029846, "user/throttle": 0.8451083898544312, "user/mode": "local", "pos/pos_x": 78.9657, "pos/pos_y": 0.5558732, "pos/pos_z": 42.41839, "pos/speed": 12.07184, "pos/cte": -4.306918, "pilot/angle": 0.0, "pilot/throttle": 0.0, "milliseconds": 272760}