{"cam/image_array": "2153_cam-image_array_.jpg", "user/angle": 0.7500801682472229, "user/throttle": 0.779827356338501, "user/mode": "local", "pos/pos_x": 84.80602, "pos/pos_y": 0.5535198, "pos/pos_z": -8.780827, "pos/speed": 9.209406, "pos/cte": -5.503939, "pilot/angle": 0.0, "pilot/throttle": 0.0, "milliseconds": 107748}