{"cam/image_array": "629_cam-image_array_.jpg", "user/angle": 0.9810655117034912, "user/throttle": 0.019815929234027863, "user/mode": "local", "pos/pos_x": 88.43932, "pos/pos_y": 0.5535768, "pos/pos_z": 0.01157646, "pos/speed": 10.86292, "pos/cte": -1.169531, "pilot/angle": 0.0, "pilot/throttle": 0.0, "milliseconds": 31449}