{"cam/image_array": "1798_cam-image_array_.jpg", "user/angle": 0.15225842595100403, "user/throttle": 0.7242021560668945, "user/mode": "local", "pos/pos_x": 73.96912, "pos/pos_y": 0.5551865, "pos/pos_z": -9.313677, "pos/speed": 9.70095, "pos/cte": -5.599227, "pilot/angle": 0.0, "pilot/throttle": 0.0, "milliseconds": 89975}