{"cam/image_array": "1894_cam-image_array_.jpg", "user/angle": -0.016690243035554886, "user/throttle": 0.913652777671814, "user/mode": "local", "pos/pos_x": 45.44636, "pos/pos_y": 0.5560615, "pos/pos_z": 30.51474, "pos/speed": 12.96339, "pos/cte": -3.859108, "pilot/angle": 0.0, "pilot/throttle": 0.0, "milliseconds": 94781}