{"cam/image_array": "249_cam-image_array_.jpg", "user/angle": -0.013038288801908493, "user/throttle": 0.16525042057037354, "user/mode": "local", "pos/pos_x": 84.13448, "pos/pos_y": 0.5554018, "pos/pos_z": 13.67576, "pos/speed": 12.31179, "pos/cte": -1.832387, "pilot/angle": 0.0, "pilot/throttle": 0.0, "milliseconds": 12425}