{"cam/image_array": "4993_cam-image_array_.jpg", "user/angle": 1.2687944173812866, "user/throttle": 0.21869242191314697, "user/mode": "local", "pos/pos_x": 62.02284, "pos/pos_y": 0.5502329, "pos/pos_z": 76.18811, "pos/speed": 10.39476, "pos/cte": 0.2176999, "pilot/angle": 0.0, "pilot/throttle": 0.0, "milliseconds": 249931}