{"cam/image_array": "2630_cam-image_array_.jpg", "user/angle": 0.18649113178253174, "user/throttle": 0.6961350440979004, "user/mode": "local", "pos/pos_x": 46.73357, "pos/pos_y": 0.5563502, "pos/pos_z": 22.70594, "pos/speed": 12.06122, "pos/cte": -2.730531, "pilot/angle": 0.0, "pilot/throttle": 0.0, "milliseconds": 131628}