{"cam/image_array": "3244_cam-image_array_.jpg", "user/angle": 0.8542816042900085, "user/throttle": 0.07833823561668396, "user/mode": "local", "pos/pos_x": 86.49934, "pos/pos_y": 0.5562559, "pos/pos_z": 9.520317, "pos/speed": 11.97837, "pos/cte": -0.5260791, "pilot/angle": 0.0, "pilot/throttle": 0.0, "milliseconds": 162368}