{"cam/image_array": "4278_cam-image_array_.jpg", "user/angle": 0.26549217104911804, "user/throttle": 0.7006683349609375, "user/mode": "local", "pos/pos_x": 76.14903, "pos/pos_y": 0.5547206, "pos/pos_z": 62.1954, "pos/speed": 9.878406, "pos/cte": -1.49874, "pilot/angle": 0.0, "pilot/throttle": 0.0, "milliseconds": 214134}