{"cam/image_array": "996_cam-image_array_.jpg", "user/angle": 1.040819525718689, "user/throttle": 0.15275868773460388, "user/mode": "local", "pos/pos_x": 87.47874, "pos/pos_y": 0.5559226, "pos/pos_z": 7.597116, "pos/speed": 11.8832, "pos/cte": -0.1954601, "pilot/angle": 0.0, "pilot/throttle": 0.0, "milliseconds": 49823}