{"cam/image_array": "1916_cam-image_array_.jpg", "user/angle": 0.1319858282804489, "user/throttle": 0.2755585312843323, "user/mode": "local", "pos/pos_x": 44.87135, "pos/pos_y": 0.5555291, "pos/pos_z": 45.41769, "pos/speed": 13.94088, "pos/cte": -4.564147, "pilot/angle": 0.0, "pilot/throttle": 0.0, "milliseconds": 95883}