{"cam/image_array": "1724_cam-image_array_.jpg", "user/angle": -0.14285807311534882, "user/throttle": 0.2819884419441223, "user/mode": "local", "pos/pos_x": 82.80979, "pos/pos_y": 0.5567578, "pos/pos_z": 19.12045, "pos/speed": 12.87057, "pos/cte": -4.787327, "pilot/angle": 0.0, "pilot/throttle": 0.0, "milliseconds": 86271}