{"cam/image_array": "2484_cam-image_array_.jpg", "user/angle": 0.3710768520832062, "user/throttle": 0.05380205065011978, "user/mode": "local", "pos/pos_x": 84.45491, "pos/pos_y": 0.555244, "pos/pos_z": 15.2964, "pos/speed": 12.69182, "pos/cte": -3.21291, "pilot/angle": 0.0, "pilot/throttle": 0.0, "milliseconds": 124319}