{"cam/image_array": "1627_cam-image_array_.jpg", "user/angle": 0.14507445693016052, "user/throttle": 0.5411412715911865, "user/mode": "local", "pos/pos_x": 71.80644, "pos/pos_y": 0.553982, "pos/pos_z": 71.36689, "pos/speed": 9.337655, "pos/cte": -4.153011, "pilot/angle": 0.0, "pilot/throttle": 0.0, "milliseconds": 81414}