{"cam/image_array": "5451_cam-image_array_.jpg", "user/angle": -0.013276882469654083, "user/throttle": 0.6633275747299194, "user/mode": "local", "pos/pos_x": 78.9343, "pos/pos_y": 0.556381, "pos/pos_z": 41.20691, "pos/speed": 12.13132, "pos/cte": -4.876158, "pilot/angle": 0.0, "pilot/throttle": 0.0, "milliseconds": 272861}