{"cam/image_array": "2960_cam-image_array_.jpg", "user/angle": 0.14768747985363007, "user/throttle": 0.7022387981414795, "user/mode": "local", "pos/pos_x": 58.34171, "pos/pos_y": 0.5539519, "pos/pos_z": -1.881504, "pos/speed": 9.605726, "pos/cte": 1.684998, "pilot/angle": 0.0, "pilot/throttle": 0.0, "milliseconds": 148150}