{"cam/image_array": "382_cam-image_array_.jpg", "user/angle": 0.061628006398677826, "user/throttle": 0.7975709438323975, "user/mode": "local", "pos/pos_x": 46.06442, "pos/pos_y": 0.5547888, "pos/pos_z": 22.8289, "pos/speed": 12.4139, "pos/cte": -3.393682, "pilot/angle": 0.0, "pilot/throttle": 0.0, "milliseconds": 19084}