{"cam/image_array": "1948_cam-image_array_.jpg", "user/angle": 0.22071044147014618, "user/throttle": 0.1942698210477829, "user/mode": "local", "pos/pos_x": 47.08657, "pos/pos_y": 0.5532356, "pos/pos_z": 66.50375, "pos/speed": 11.80857, "pos/cte": -2.603432, "pilot/angle": 0.0, "pilot/throttle": 0.0, "milliseconds": 97484}