{"cam/image_array": "4454_cam-image_array_.jpg", "user/angle": 0.5521053075790405, "user/throttle": 0.44880810379981995, "user/mode": "local", "pos/pos_x": 59.96429, "pos/pos_y": 0.5540898, "pos/pos_z": -4.322157, "pos/speed": 10.12554, "pos/cte": -0.4856836, "pilot/angle": 0.0, "pilot/throttle": 0.0, "milliseconds": 222946}