{"cam/image_array": "828_cam-image_array_.jpg", "user/angle": 0.09771187603473663, "user/throttle": 0.5713455677032471, "user/mode": "local", "pos/pos_x": 50.8511, "pos/pos_y": 0.5569391, "pos/pos_z": 69.79455, "pos/speed": 12.16972, "pos/cte": 1.161102, "pilot/angle": 0.0, "pilot/throttle": 0.0, "milliseconds": 41412}