{"cam/image_array": "2331_cam-image_array_.jpg", "user/angle": 0.4332447350025177, "user/throttle": 0.31646278500556946, "user/mode": "local", "pos/pos_x": 49.46546, "pos/pos_y": 0.5572537, "pos/pos_z": 68.43328, "pos/speed": 12.15953, "pos/cte": -0.2245407, "pilot/angle": 0.0, "pilot/throttle": 0.0, "milliseconds": 116659}