{"cam/image_array": "3332_cam-image_array_.jpg", "user/angle": 0.4790615439414978, "user/throttle": 0.4450072944164276, "user/mode": "local", "pos/pos_x": 58.48616, "pos/pos_y": 0.5509574, "pos/pos_z": -3.042894, "pos/speed": 9.449491, "pos/cte": 0.5693806, "pilot/angle": 0.0, "pilot/throttle": 0.0, "milliseconds": 166774}