{"cam/image_array": "2202_cam-image_array_.jpg", "user/angle": 0.3946523666381836, "user/throttle": 0.5772044658660889, "user/mode": "local", "pos/pos_x": 61.78068, "pos/pos_y": 0.5564523, "pos/pos_z": -4.800383, "pos/speed": 10.56746, "pos/cte": -0.9797415, "pilot/angle": 0.0, "pilot/throttle": 0.0, "milliseconds": 110200}