{"cam/image_array": "5705_cam-image_array_.jpg", "user/angle": 0.3587527275085449, "user/throttle": 0.30082619190216064, "user/mode": "local", "pos/pos_x": 48.06757, "pos/pos_y": 0.5530585, "pos/pos_z": 66.56329, "pos/speed": 12.14414, "pos/cte": -1.622429, "pilot/angle": 0.0, "pilot/throttle": 0.0, "milliseconds": 285577}