{"cam/image_array": "2239_cam-image_array_.jpg", "user/angle": 0.060470789670944214, "user/throttle": 0.7194141149520874, "user/mode": "local", "pos/pos_x": 49.95939, "pos/pos_y": 0.5555956, "pos/pos_z": 10.74711, "pos/speed": 11.4897, "pos/cte": -0.02941265, "pilot/angle": 0.0, "pilot/throttle": 0.0, "milliseconds": 112053}