{"cam/image_array": "5240_cam-image_array_.jpg", "user/angle": 0.08543658256530762, "user/throttle": 0.8046258687973022, "user/mode": "local", "pos/pos_x": 50.99153, "pos/pos_y": 0.5576615, "pos/pos_z": 9.137181, "pos/speed": 11.47311, "pos/cte": 0.93152, "pilot/angle": 0.0, "pilot/throttle": 0.0, "milliseconds": 262297}