{"cam/image_array": "4249_cam-image_array_.jpg", "user/angle": 0.7181592583656311, "user/throttle": 0.7888400554656982, "user/mode": "local", "pos/pos_x": 69.57039, "pos/pos_y": 0.5551061, "pos/pos_z": 74.28158, "pos/speed": 9.038844, "pos/cte": -4.345641, "pilot/angle": 0.0, "pilot/throttle": 0.0, "milliseconds": 212683}