{"cam/image_array": "3305_cam-image_array_.jpg", "user/angle": 0.09833206236362457, "user/throttle": 0.4100756347179413, "user/mode": "local", "pos/pos_x": 70.40532, "pos/pos_y": 0.554693, "pos/pos_z": -7.034954, "pos/speed": 9.753346, "pos/cte": -3.289491, "pilot/angle": 0.0, "pilot/throttle": 0.0, "milliseconds": 165422}