{"cam/image_array": "3838_cam-image_array_.jpg", "user/angle": 0.28849858045578003, "user/throttle": 0.44884970784187317, "user/mode": "local", "pos/pos_x": 51.64336, "pos/pos_y": 0.5526798, "pos/pos_z": 71.42432, "pos/speed": 11.68383, "pos/cte": 1.953358, "pilot/angle": 0.0, "pilot/throttle": 0.0, "milliseconds": 192106}