{"cam/image_array": "4599_cam-image_array_.jpg", "user/angle": 0.964154064655304, "user/throttle": 0.17169785499572754, "user/mode": "local", "pos/pos_x": 53.71277, "pos/pos_y": 0.5515556, "pos/pos_z": 76.60907, "pos/speed": 10.36935, "pos/cte": 0.954075, "pilot/angle": 0.0, "pilot/throttle": 0.0, "milliseconds": 230205}