{"cam/image_array": "910_cam-image_array_.jpg", "user/angle": 0.308167040348053, "user/throttle": 0.9039984941482544, "user/mode": "local", "pos/pos_x": 78.37628, "pos/pos_y": 0.5546132, "pos/pos_z": 58.17915, "pos/speed": 10.29549, "pos/cte": -1.080209, "pilot/angle": 0.0, "pilot/throttle": 0.0, "milliseconds": 45518}