{"cam/image_array": "902_cam-image_array_.jpg", "user/angle": 0.021907765418291092, "user/throttle": 0.8545583486557007, "user/mode": "local", "pos/pos_x": 77.58795, "pos/pos_y": 0.5555503, "pos/pos_z": 62.08346, "pos/speed": 9.634266, "pos/cte": -2.5202, "pilot/angle": 0.0, "pilot/throttle": 0.0, "milliseconds": 45118}