{"cam/image_array": "1367_cam-image_array_.jpg", "user/angle": 0.11661404371261597, "user/throttle": 0.11178551614284515, "user/mode": "local", "pos/pos_x": 85.04105, "pos/pos_y": 0.5553567, "pos/pos_z": 11.97911, "pos/speed": 12.12671, "pos/cte": -1.257681, "pilot/angle": 0.0, "pilot/throttle": 0.0, "milliseconds": 68398}