{"cam/image_array": "1966_cam-image_array_.jpg", "user/angle": 0.6335226893424988, "user/throttle": 0.6631110906600952, "user/mode": "local", "pos/pos_x": 54.16007, "pos/pos_y": 0.5555803, "pos/pos_z": 73.53061, "pos/speed": 10.97939, "pos/cte": 3.551999, "pilot/angle": 0.0, "pilot/throttle": 0.0, "milliseconds": 98386}