{"cam/image_array": "4500_cam-image_array_.jpg", "user/angle": 0.11077788472175598, "user/throttle": 0.6087614297866821, "user/mode": "local", "pos/pos_x": 48.09852, "pos/pos_y": 0.5548229, "pos/pos_z": 15.82056, "pos/speed": 11.59705, "pos/cte": -1.667213, "pilot/angle": 0.0, "pilot/throttle": 0.0, "milliseconds": 225249}