{"cam/image_array": "3766_cam-image_array_.jpg", "user/angle": 0.0918073058128357, "user/throttle": 0.8435076475143433, "user/mode": "local", "pos/pos_x": 45.97795, "pos/pos_y": 0.5548656, "pos/pos_z": 25.75211, "pos/speed": 12.61464, "pos/cte": -3.352559, "pilot/angle": 0.0, "pilot/throttle": 0.0, "milliseconds": 188502}