{"cam/image_array": "4108_cam-image_array_.jpg", "user/angle": 0.04943551495671272, "user/throttle": 0.8239719867706299, "user/mode": "local", "pos/pos_x": 51.00522, "pos/pos_y": 0.5546614, "pos/pos_z": 8.687769, "pos/speed": 11.18382, "pos/cte": 0.9255911, "pilot/angle": 0.0, "pilot/throttle": 0.0, "milliseconds": 205624}