{"cam/image_array": "5461_cam-image_array_.jpg", "user/angle": -0.2616788148880005, "user/throttle": 0.7246575355529785, "user/mode": "local", "pos/pos_x": 78.74284, "pos/pos_y": 0.5552132, "pos/pos_z": 35.00198, "pos/speed": 12.68043, "pos/cte": -6.652129, "pilot/angle": 0.0, "pilot/throttle": 0.0, "milliseconds": 273361}