{"cam/image_array": "5727_cam-image_array_.jpg", "user/angle": 0.6930331587791443, "user/throttle": 0.4912356734275818, "user/mode": "local", "pos/pos_x": 57.91763, "pos/pos_y": 0.5537192, "pos/pos_z": 75.21558, "pos/speed": 11.07613, "pos/cte": 3.042075, "pilot/angle": 0.0, "pilot/throttle": 0.0, "milliseconds": 286679}