{"cam/image_array": "1034_cam-image_array_.jpg", "user/angle": 0.6398906111717224, "user/throttle": 0.6488339900970459, "user/mode": "local", "pos/pos_x": 82.75232, "pos/pos_y": 0.554131, "pos/pos_z": -8.815524, "pos/speed": 8.994828, "pos/cte": -5.273118, "pilot/angle": 0.0, "pilot/throttle": 0.0, "milliseconds": 51725}