{"cam/image_array": "2365_cam-image_array_.jpg", "user/angle": 0.7859261631965637, "user/throttle": 0.3829761743545532, "user/mode": "local", "pos/pos_x": 66.68504, "pos/pos_y": 0.5546393, "pos/pos_z": 76.16497, "pos/speed": 9.981819, "pos/cte": -3.374773, "pilot/angle": 0.0, "pilot/throttle": 0.0, "milliseconds": 118361}