{"cam/image_array": "3_cam-image_array_.jpg", "user/angle": 0.038727790117263794, "user/throttle": 0.26785415410995483, "user/mode": "local", "pos/pos_x": 49.6901, "pos/pos_y": 0.5546469, "pos/pos_z": 47.83871, "pos/speed": 0.001530254, "pos/cte": 9.918213e-05, "pilot/angle": 0.0, "pilot/throttle": 0.0, "milliseconds": 110}