{"cam/image_array": "833_cam-image_array_.jpg", "user/angle": 0.6653560400009155, "user/throttle": 0.38093262910842896, "user/mode": "local", "pos/pos_x": 53.45967, "pos/pos_y": 0.5538679, "pos/pos_z": 72.30154, "pos/speed": 11.97621, "pos/cte": 3.769672, "pilot/angle": 0.0, "pilot/throttle": 0.0, "milliseconds": 41663}