{"cam/image_array": "4291_cam-image_array_.jpg", "user/angle": 0.18007133901119232, "user/throttle": 0.9354192018508911, "user/mode": "local", "pos/pos_x": 78.27618, "pos/pos_y": 0.5563017, "pos/pos_z": 56.42335, "pos/speed": 10.65172, "pos/cte": -0.3715487, "pilot/angle": 0.0, "pilot/throttle": 0.0, "milliseconds": 214786}