{"cam/image_array": "5347_cam-image_array_.jpg", "user/angle": 0.8285552263259888, "user/throttle": 0.31355229020118713, "user/mode": "local", "pos/pos_x": 55.46186, "pos/pos_y": 0.5561674, "pos/pos_z": 73.57946, "pos/speed": 11.89242, "pos/cte": 4.355672, "pilot/angle": 0.0, "pilot/throttle": 0.0, "milliseconds": 267654}