{"cam/image_array": "4469_cam-image_array_.jpg", "user/angle": 0.12736526131629944, "user/throttle": 0.6826748847961426, "user/mode": "local", "pos/pos_x": 54.99907, "pos/pos_y": 0.5496537, "pos/pos_z": 0.5157329, "pos/speed": 10.0033, "pos/cte": 2.172127, "pilot/angle": 0.0, "pilot/throttle": 0.0, "milliseconds": 223698}