{"cam/image_array": "732_cam-image_array_.jpg", "user/angle": 0.06836019456386566, "user/throttle": 0.7062379121780396, "user/mode": "local", "pos/pos_x": 50.04168, "pos/pos_y": 0.5554099, "pos/pos_z": 10.35631, "pos/speed": 11.44307, "pos/cte": 0.03574916, "pilot/angle": 0.0, "pilot/throttle": 0.0, "milliseconds": 36607}