{"cam/image_array": "2817_cam-image_array_.jpg", "user/angle": -0.13415436446666718, "user/throttle": 0.6697062253952026, "user/mode": "local", "pos/pos_x": 77.92306, "pos/pos_y": 0.5525343, "pos/pos_z": 41.17762, "pos/speed": 12.07787, "pos/cte": -4.010434, "pilot/angle": 0.0, "pilot/throttle": 0.0, "milliseconds": 140990}