{"cam/image_array": "1333_cam-image_array_.jpg", "user/angle": -0.06866548955440521, "user/throttle": 0.46104034781455994, "user/mode": "local", "pos/pos_x": 78.98622, "pos/pos_y": 0.5528448, "pos/pos_z": 32.33965, "pos/speed": 12.7286, "pos/cte": -7.131649, "pilot/angle": 0.0, "pilot/throttle": 0.0, "milliseconds": 66695}