{"cam/image_array": "3868_cam-image_array_.jpg", "user/angle": 0.996573269367218, "user/throttle": 0.3361702561378479, "user/mode": "local", "pos/pos_x": 65.34398, "pos/pos_y": 0.5522147, "pos/pos_z": 76.62556, "pos/speed": 9.59833, "pos/cte": -2.654146, "pilot/angle": 0.0, "pilot/throttle": 0.0, "milliseconds": 193608}