{"cam/image_array": "1042_cam-image_array_.jpg", "user/angle": 0.5963615775108337, "user/throttle": 0.7276153564453125, "user/mode": "local", "pos/pos_x": 79.26669, "pos/pos_y": 0.5530121, "pos/pos_z": -9.849682, "pos/speed": 9.132549, "pos/cte": -6.181442, "pilot/angle": 0.0, "pilot/throttle": 0.0, "milliseconds": 52127}