{"cam/image_array": "2474_cam-image_array_.jpg", "user/angle": -0.13109014928340912, "user/throttle": 0.46692273020744324, "user/mode": "local", "pos/pos_x": 81.86512, "pos/pos_y": 0.5567404, "pos/pos_z": 21.19583, "pos/speed": 12.91071, "pos/cte": -5.567909, "pilot/angle": 0.0, "pilot/throttle": 0.0, "milliseconds": 123818}