{"cam/image_array": "4606_cam-image_array_.jpg", "user/angle": 1.0232810974121094, "user/throttle": 0.006993301212787628, "user/mode": "local", "pos/pos_x": 55.8052, "pos/pos_y": 0.5525345, "pos/pos_z": 78.70795, "pos/speed": 9.532658, "pos/cte": -0.4930022, "pilot/angle": 0.0, "pilot/throttle": 0.0, "milliseconds": 230556}