{"cam/image_array": "4117_cam-image_array_.jpg", "user/angle": 0.14272598922252655, "user/throttle": 0.7238503694534302, "user/mode": "local", "pos/pos_x": 49.30904, "pos/pos_y": 0.5565616, "pos/pos_z": 12.9622, "pos/speed": 11.65174, "pos/cte": -0.5825298, "pilot/angle": 0.0, "pilot/throttle": 0.0, "milliseconds": 206074}