{"cam/image_array": "1461_cam-image_array_.jpg", "user/angle": 0.2153555303812027, "user/throttle": 0.6669948101043701, "user/mode": "local", "pos/pos_x": 56.12907, "pos/pos_y": 0.5532417, "pos/pos_z": -0.2964868, "pos/speed": 10.3689, "pos/cte": 2.22266, "pilot/angle": 0.0, "pilot/throttle": 0.0, "milliseconds": 73104}