{"cam/image_array": "5729_cam-image_array_.jpg", "user/angle": 0.8010272979736328, "user/throttle": 0.44599196314811707, "user/mode": "local", "pos/pos_x": 58.95545, "pos/pos_y": 0.5537043, "pos/pos_z": 75.57016, "pos/speed": 10.85535, "pos/cte": 2.357984, "pilot/angle": 0.0, "pilot/throttle": 0.0, "milliseconds": 286779}