{"cam/image_array": "1384_cam-image_array_.jpg", "user/angle": 0.8198806643486023, "user/throttle": 0.06119690090417862, "user/mode": "local", "pos/pos_x": 86.12083, "pos/pos_y": 0.5532948, "pos/pos_z": 2.864184, "pos/speed": 10.86227, "pos/cte": 2.075278, "pilot/angle": 0.0, "pilot/throttle": 0.0, "milliseconds": 69248}