{"cam/image_array": "1465_cam-image_array_.jpg", "user/angle": 0.13051307201385498, "user/throttle": 0.6020262241363525, "user/mode": "local", "pos/pos_x": 54.82113, "pos/pos_y": 0.5530822, "pos/pos_z": 1.304544, "pos/speed": 10.36784, "pos/cte": 2.621827, "pilot/angle": 0.0, "pilot/throttle": 0.0, "milliseconds": 73304}