{"cam/image_array": "3621_cam-image_array_.jpg", "user/angle": 0.48076683282852173, "user/throttle": 0.04865868389606476, "user/mode": "local", "pos/pos_x": 85.6778, "pos/pos_y": 0.5557053, "pos/pos_z": 12.25686, "pos/speed": 12.88307, "pos/cte": -1.902093, "pilot/angle": 0.0, "pilot/throttle": 0.0, "milliseconds": 181242}