{"cam/image_array": "1279_cam-image_array_.jpg", "user/angle": -0.011288627982139587, "user/throttle": 0.8024502992630005, "user/mode": "local", "pos/pos_x": 76.22139, "pos/pos_y": 0.5551811, "pos/pos_z": 63.74145, "pos/speed": 9.92845, "pos/cte": -2.557836, "pilot/angle": 0.0, "pilot/throttle": 0.0, "milliseconds": 63991}