{"cam/image_array": "5493_cam-image_array_.jpg", "user/angle": 0.204248309135437, "user/throttle": 0.11528010666370392, "user/mode": "local", "pos/pos_x": 84.60844, "pos/pos_y": 0.5542424, "pos/pos_z": 15.2255, "pos/speed": 12.72552, "pos/cte": -3.269948, "pilot/angle": 0.0, "pilot/throttle": 0.0, "milliseconds": 274963}