{"cam/image_array": "3790_cam-image_array_.jpg", "user/angle": -0.02275528386235237, "user/throttle": 0.693276047706604, "user/mode": "local", "pos/pos_x": 44.83533, "pos/pos_y": 0.5547503, "pos/pos_z": 41.78159, "pos/speed": 14.11946, "pos/cte": -4.568431, "pilot/angle": 0.0, "pilot/throttle": 0.0, "milliseconds": 189703}