{"cam/image_array": "571_cam-image_array_.jpg", "user/angle": -0.1895381510257721, "user/throttle": 0.5991148948669434, "user/mode": "local", "pos/pos_x": 78.5637, "pos/pos_y": 0.5542365, "pos/pos_z": 34.38261, "pos/speed": 12.96573, "pos/cte": -6.577664, "pilot/angle": 0.0, "pilot/throttle": 0.0, "milliseconds": 28546}