{"cam/image_array": "2953_cam-image_array_.jpg", "user/angle": 0.5021377801895142, "user/throttle": 0.5394970774650574, "user/mode": "local", "pos/pos_x": 60.66901, "pos/pos_y": 0.5546281, "pos/pos_z": -3.62839, "pos/speed": 9.64136, "pos/cte": 0.2019076, "pilot/angle": 0.0, "pilot/throttle": 0.0, "milliseconds": 147804}