{"cam/image_array": "906_cam-image_array_.jpg", "user/angle": 0.17975705862045288, "user/throttle": 0.9317740201950073, "user/mode": "local", "pos/pos_x": 77.97771, "pos/pos_y": 0.5566301, "pos/pos_z": 60.16106, "pos/speed": 9.948676, "pos/cte": -1.683745, "pilot/angle": 0.0, "pilot/throttle": 0.0, "milliseconds": 45318}