{"cam/image_array": "534_cam-image_array_.jpg", "user/angle": 0.36307013034820557, "user/throttle": 1.0392241477966309, "user/mode": "local", "pos/pos_x": 77.75018, "pos/pos_y": 0.5556483, "pos/pos_z": 57.06858, "pos/speed": 10.71474, "pos/cte": -0.1048243, "pilot/angle": 0.0, "pilot/throttle": 0.0, "milliseconds": 26694}