{"cam/image_array": "4441_cam-image_array_.jpg", "user/angle": 0.25834929943084717, "user/throttle": 0.22472356259822845, "user/mode": "local", "pos/pos_x": 66.605, "pos/pos_y": 0.555871, "pos/pos_z": -6.956245, "pos/speed": 10.25138, "pos/cte": -3.177621, "pilot/angle": 0.0, "pilot/throttle": 0.0, "milliseconds": 222295}