{"cam/image_array": "3968_cam-image_array_.jpg", "user/angle": -0.05007556453347206, "user/throttle": 0.41648802161216736, "user/mode": "local", "pos/pos_x": 80.14565, "pos/pos_y": 0.5530912, "pos/pos_z": 26.98861, "pos/speed": 12.89702, "pos/cte": -7.221059, "pilot/angle": 0.0, "pilot/throttle": 0.0, "milliseconds": 198614}