{"cam/image_array": "5510_cam-image_array_.jpg", "user/angle": 0.7357059121131897, "user/throttle": 0.11414196342229843, "user/mode": "local", "pos/pos_x": 87.57207, "pos/pos_y": 0.5525557, "pos/pos_z": 6.11158, "pos/speed": 11.23412, "pos/cte": 0.2879153, "pilot/angle": 0.0, "pilot/throttle": 0.0, "milliseconds": 275814}