{"cam/image_array": "5642_cam-image_array_.jpg", "user/angle": 0.07411734759807587, "user/throttle": 0.816398024559021, "user/mode": "local", "pos/pos_x": 46.05716, "pos/pos_y": 0.5549137, "pos/pos_z": 25.28283, "pos/speed": 12.46074, "pos/cte": -3.293896, "pilot/angle": 0.0, "pilot/throttle": 0.0, "milliseconds": 282423}