{"cam/image_array": "2687_cam-image_array_.jpg", "user/angle": 0.3894299864768982, "user/throttle": 0.3429429829120636, "user/mode": "local", "pos/pos_x": 45.78179, "pos/pos_y": 0.553095, "pos/pos_z": 60.42238, "pos/speed": 12.83907, "pos/cte": -3.908207, "pilot/angle": 0.0, "pilot/throttle": 0.0, "milliseconds": 134482}