{"cam/image_array": "2574_cam-image_array_.jpg", "user/angle": 0.4638059735298157, "user/throttle": 0.49177423119544983, "user/mode": "local", "pos/pos_x": 61.92666, "pos/pos_y": 0.5555193, "pos/pos_z": -4.073576, "pos/speed": 10.25115, "pos/cte": -0.2542364, "pilot/angle": 0.0, "pilot/throttle": 0.0, "milliseconds": 128824}