{"cam/image_array": "1257_cam-image_array_.jpg", "user/angle": 0.37197405099868774, "user/throttle": 0.6485371589660645, "user/mode": "local", "pos/pos_x": 71.48566, "pos/pos_y": 0.5549331, "pos/pos_z": 73.11969, "pos/speed": 9.388804, "pos/cte": -5.047442, "pilot/angle": 0.0, "pilot/throttle": 0.0, "milliseconds": 62890}