{"cam/image_array": "3920_cam-image_array_.jpg", "user/angle": 0.3840813934803009, "user/throttle": 0.9950783252716064, "user/mode": "local", "pos/pos_x": 78.07529, "pos/pos_y": 0.5540769, "pos/pos_z": 56.61135, "pos/speed": 10.84827, "pos/cte": -0.2492202, "pilot/angle": 0.0, "pilot/throttle": 0.0, "milliseconds": 196211}