{"cam/image_array": "2361_cam-image_array_.jpg", "user/angle": 0.8439196348190308, "user/throttle": 0.17102766036987305, "user/mode": "local", "pos/pos_x": 64.68006, "pos/pos_y": 0.5524209, "pos/pos_z": 76.38234, "pos/speed": 10.3582, "pos/cte": -1.991342, "pilot/angle": 0.0, "pilot/throttle": 0.0, "milliseconds": 118161}