{"cam/image_array": "4800_cam-image_array_.jpg", "user/angle": 0.685459554195404, "user/throttle": 0.7422832250595093, "user/mode": "local", "pos/pos_x": 78.43655, "pos/pos_y": 0.5537881, "pos/pos_z": -6.942024, "pos/speed": 9.287683, "pos/cte": -3.26665, "pilot/angle": 0.0, "pilot/throttle": 0.0, "milliseconds": 240268}