{"cam/image_array": "1804_cam-image_array_.jpg", "user/angle": 0.07316198945045471, "user/throttle": 0.47733891010284424, "user/mode": "local", "pos/pos_x": 71.12744, "pos/pos_y": 0.5582827, "pos/pos_z": -8.474153, "pos/speed": 10.09251, "pos/cte": -4.734937, "pilot/angle": 0.0, "pilot/throttle": 0.0, "milliseconds": 90275}