{"cam/image_array": "4963_cam-image_array_.jpg", "user/angle": 0.32572874426841736, "user/throttle": 0.30922091007232666, "user/mode": "local", "pos/pos_x": 48.21846, "pos/pos_y": 0.5526145, "pos/pos_z": 66.9262, "pos/speed": 12.33099, "pos/cte": -1.471539, "pilot/angle": 0.0, "pilot/throttle": 0.0, "milliseconds": 248429}