{"cam/image_array": "3944_cam-image_array_.jpg", "user/angle": -0.20687457919120789, "user/throttle": 0.9053544998168945, "user/mode": "local", "pos/pos_x": 78.34152, "pos/pos_y": 0.5553827, "pos/pos_z": 42.16817, "pos/speed": 12.24125, "pos/cte": -3.886879, "pilot/angle": 0.0, "pilot/throttle": 0.0, "milliseconds": 197414}