{"cam/image_array": "1092_cam-image_array_.jpg", "user/angle": 0.18255385756492615, "user/throttle": 0.5990837812423706, "user/mode": "local", "pos/pos_x": 56.4526, "pos/pos_y": 0.5539572, "pos/pos_z": -0.7988672, "pos/speed": 10.39893, "pos/cte": 2.035607, "pilot/angle": 0.0, "pilot/throttle": 0.0, "milliseconds": 54629}