{"cam/image_array": "3534_cam-image_array_.jpg", "user/angle": 0.15665829181671143, "user/throttle": 0.6466156244277954, "user/mode": "local", "pos/pos_x": 75.69437, "pos/pos_y": 0.5557867, "pos/pos_z": 63.11891, "pos/speed": 9.734163, "pos/cte": -1.752785, "pilot/angle": 0.0, "pilot/throttle": 0.0, "milliseconds": 176887}