{"cam/image_array": "5273_cam-image_array_.jpg", "user/angle": 0.053083453327417374, "user/throttle": 0.8836562633514404, "user/mode": "local", "pos/pos_x": 45.71956, "pos/pos_y": 0.5557116, "pos/pos_z": 28.52049, "pos/speed": 12.76718, "pos/cte": -3.568516, "pilot/angle": 0.0, "pilot/throttle": 0.0, "milliseconds": 263949}