{"cam/image_array": "3222_cam-image_array_.jpg", "user/angle": -0.018490657210350037, "user/throttle": 0.5300099849700928, "user/mode": "local", "pos/pos_x": 80.87248, "pos/pos_y": 0.5543665, "pos/pos_z": 22.0189, "pos/speed": 12.62628, "pos/cte": -5.332135, "pilot/angle": 0.0, "pilot/throttle": 0.0, "milliseconds": 161267}