{"cam/image_array": "2629_cam-image_array_.jpg", "user/angle": 0.15904292464256287, "user/throttle": 0.6693891286849976, "user/mode": "local", "pos/pos_x": 46.98941, "pos/pos_y": 0.5566285, "pos/pos_z": 21.52643, "pos/speed": 12.06358, "pos/cte": -2.526383, "pilot/angle": 0.0, "pilot/throttle": 0.0, "milliseconds": 131578}