{"cam/image_array": "947_cam-image_array_.jpg", "user/angle": -0.09508965909481049, "user/throttle": 0.7625445127487183, "user/mode": "local", "pos/pos_x": 78.63375, "pos/pos_y": 0.5542239, "pos/pos_z": 37.38767, "pos/speed": 12.64533, "pos/cte": -6.067226, "pilot/angle": 0.0, "pilot/throttle": 0.0, "milliseconds": 47370}