{"cam/image_array": "138_cam-image_array_.jpg", "user/angle": 0.024150341749191284, "user/throttle": 0.6158566474914551, "user/mode": "local", "pos/pos_x": 69.05456, "pos/pos_y": 0.5573376, "pos/pos_z": 75.80472, "pos/speed": 9.083692, "pos/cte": -4.9426, "pilot/angle": 0.0, "pilot/throttle": 0.0, "milliseconds": 6868}