{"cam/image_array": "188_cam-image_array_.jpg", "user/angle": -0.12628597021102905, "user/throttle": 0.9400564432144165, "user/mode": "local", "pos/pos_x": 77.88783, "pos/pos_y": 0.5561808, "pos/pos_z": 51.25732, "pos/speed": 11.59483, "pos/cte": 0.3127244, "pilot/angle": 0.0, "pilot/throttle": 0.0, "milliseconds": 9371}