{"cam/image_array": "4749_cam-image_array_.jpg", "user/angle": 0.2894269824028015, "user/throttle": 0.10127991437911987, "user/mode": "local", "pos/pos_x": 82.62251, "pos/pos_y": 0.5570366, "pos/pos_z": 19.94491, "pos/speed": 12.6202, "pos/cte": -5.24411, "pilot/angle": 0.0, "pilot/throttle": 0.0, "milliseconds": 237715}