{"cam/image_array": "315_cam-image_array_.jpg", "user/angle": 0.1215079128742218, "user/throttle": 0.6155185699462891, "user/mode": "local", "pos/pos_x": 66.24569, "pos/pos_y": 0.5609889, "pos/pos_z": -6.430884, "pos/speed": 9.839812, "pos/cte": -2.649145, "pilot/angle": 0.0, "pilot/throttle": 0.0, "milliseconds": 15729}