{"cam/image_array": "3131_cam-image_array_.jpg", "user/angle": 0.08250059187412262, "user/throttle": 0.3964209258556366, "user/mode": "local", "pos/pos_x": 70.71711, "pos/pos_y": 0.5517467, "pos/pos_z": 70.63184, "pos/speed": 9.2265, "pos/cte": -2.847297, "pilot/angle": 0.0, "pilot/throttle": 0.0, "milliseconds": 156710}