{"cam/image_array": "3424_cam-image_array_.jpg", "user/angle": 0.2880660593509674, "user/throttle": 0.425913542509079, "user/mode": "local", "pos/pos_x": 44.07146, "pos/pos_y": 0.5559902, "pos/pos_z": 46.99544, "pos/speed": 13.82576, "pos/cte": -5.377769, "pilot/angle": 0.0, "pilot/throttle": 0.0, "milliseconds": 171380}