{"cam/image_array": "3837_cam-image_array_.jpg", "user/angle": 0.4730199873447418, "user/throttle": 0.12892509996891022, "user/mode": "local", "pos/pos_x": 50.88428, "pos/pos_y": 0.5541832, "pos/pos_z": 70.51604, "pos/speed": 12.03321, "pos/cte": 1.194283, "pilot/angle": 0.0, "pilot/throttle": 0.0, "milliseconds": 192056}