{"cam/image_array": "354_cam-image_array_.jpg", "user/angle": 0.1383322924375534, "user/throttle": 0.7753866910934448, "user/mode": "local", "pos/pos_x": 51.54283, "pos/pos_y": 0.5553863, "pos/pos_z": 7.297787, "pos/speed": 11.12262, "pos/cte": 1.402059, "pilot/angle": 0.0, "pilot/throttle": 0.0, "milliseconds": 17682}