{"cam/image_array": "5062_cam-image_array_.jpg", "user/angle": 0.0765761137008667, "user/throttle": 0.7651383876800537, "user/mode": "local", "pos/pos_x": 78.69241, "pos/pos_y": 0.5542834, "pos/pos_z": 50.86501, "pos/speed": 11.55926, "pos/cte": -0.5455717, "pilot/angle": 0.0, "pilot/throttle": 0.0, "milliseconds": 253386}