{"cam/image_array": "2116_cam-image_array_.jpg", "user/angle": 0.925102949142456, "user/throttle": 0.12475688755512238, "user/mode": "local", "pos/pos_x": 87.73645, "pos/pos_y": 0.5577193, "pos/pos_z": 8.504935, "pos/speed": 12.44306, "pos/cte": -0.8782665, "pilot/angle": 0.0, "pilot/throttle": 0.0, "milliseconds": 105895}