{"cam/image_array": "3802_cam-image_array_.jpg", "user/angle": 0.375678151845932, "user/throttle": 0.35364294052124023, "user/mode": "local", "pos/pos_x": 44.03339, "pos/pos_y": 0.5613834, "pos/pos_z": 50.2989, "pos/speed": 14.13099, "pos/cte": -5.656605, "pilot/angle": 0.0, "pilot/throttle": 0.0, "milliseconds": 190304}