{"cam/image_array": "3104_cam-image_array_.jpg", "user/angle": 0.7305225729942322, "user/throttle": 0.4957931637763977, "user/mode": "local", "pos/pos_x": 58.5464, "pos/pos_y": 0.5535547, "pos/pos_z": 75.02657, "pos/speed": 10.4331, "pos/cte": 3.197911, "pilot/angle": 0.0, "pilot/throttle": 0.0, "milliseconds": 155359}