{"cam/image_array": "4104_cam-image_array_.jpg", "user/angle": 0.13653893768787384, "user/throttle": 0.7750568389892578, "user/mode": "local", "pos/pos_x": 51.92799, "pos/pos_y": 0.5569876, "pos/pos_z": 6.651054, "pos/speed": 11.02351, "pos/cte": 1.758641, "pilot/angle": 0.0, "pilot/throttle": 0.0, "milliseconds": 205423}