{"cam/image_array": "1706_cam-image_array_.jpg", "user/angle": -0.10405617952346802, "user/throttle": 0.3318210542201996, "user/mode": "local", "pos/pos_x": 79.70347, "pos/pos_y": 0.5548409, "pos/pos_z": 28.90217, "pos/speed": 12.89912, "pos/cte": -7.33241, "pilot/angle": 0.0, "pilot/throttle": 0.0, "milliseconds": 85369}