{"cam/image_array": "4491_cam-image_array_.jpg", "user/angle": 0.091266930103302, "user/throttle": 0.6909521818161011, "user/mode": "local", "pos/pos_x": 49.67149, "pos/pos_y": 0.5568367, "pos/pos_z": 11.52398, "pos/speed": 11.26377, "pos/cte": -0.283159, "pilot/angle": 0.0, "pilot/throttle": 0.0, "milliseconds": 224799}