{"cam/image_array": "4822_cam-image_array_.jpg", "user/angle": 0.17382709681987762, "user/throttle": 0.5032739639282227, "user/mode": "local", "pos/pos_x": 69.34557, "pos/pos_y": 0.5557627, "pos/pos_z": -7.684371, "pos/speed": 9.696779, "pos/cte": -3.929636, "pilot/angle": 0.0, "pilot/throttle": 0.0, "milliseconds": 241370}