{"cam/image_array": "1859_cam-image_array_.jpg", "user/angle": 0.022374775260686874, "user/throttle": 0.7592943906784058, "user/mode": "local", "pos/pos_x": 50.43264, "pos/pos_y": 0.5562049, "pos/pos_z": 10.08059, "pos/speed": 11.33571, "pos/cte": 0.4143076, "pilot/angle": 0.0, "pilot/throttle": 0.0, "milliseconds": 93029}