{"cam/image_array": "1931_cam-image_array_.jpg", "user/angle": 0.7859064936637878, "user/throttle": 0.18056905269622803, "user/mode": "local", "pos/pos_x": 44.50715, "pos/pos_y": 0.5509037, "pos/pos_z": 56.63022, "pos/speed": 13.69913, "pos/cte": -5.182846, "pilot/angle": 0.0, "pilot/throttle": 0.0, "milliseconds": 96633}