{"cam/image_array": "4738_cam-image_array_.jpg", "user/angle": -0.024814721196889877, "user/throttle": 0.3977753818035126, "user/mode": "local", "pos/pos_x": 80.58554, "pos/pos_y": 0.5548321, "pos/pos_z": 25.97485, "pos/speed": 12.82681, "pos/cte": -7.200006, "pilot/angle": 0.0, "pilot/throttle": 0.0, "milliseconds": 237164}