{"cam/image_array": "3256_cam-image_array_.jpg", "user/angle": 0.8711562156677246, "user/throttle": 0.4197358191013336, "user/mode": "local", "pos/pos_x": 87.44292, "pos/pos_y": 0.5532971, "pos/pos_z": 3.972059, "pos/speed": 10.61572, "pos/cte": 0.7435682, "pilot/angle": 0.0, "pilot/throttle": 0.0, "milliseconds": 162968}