{"cam/image_array": "1855_cam-image_array_.jpg", "user/angle": 0.11552263796329498, "user/throttle": 0.7579411268234253, "user/mode": "local", "pos/pos_x": 51.31693, "pos/pos_y": 0.5541997, "pos/pos_z": 8.013935, "pos/speed": 11.08812, "pos/cte": 1.207613, "pilot/angle": 0.0, "pilot/throttle": 0.0, "milliseconds": 92828}