{"cam/image_array": "201_cam-image_array_.jpg", "user/angle": -0.5247862935066223, "user/throttle": 0.9082486629486084, "user/mode": "local", "pos/pos_x": 77.03125, "pos/pos_y": 0.5530586, "pos/pos_z": 43.35666, "pos/speed": 12.38549, "pos/cte": -2.161237, "pilot/angle": 0.0, "pilot/throttle": 0.0, "milliseconds": 10022}