{"cam/image_array": "415_cam-image_array_.jpg", "user/angle": -0.007507374510169029, "user/throttle": 0.5254371166229248, "user/mode": "local", "pos/pos_x": 44.60294, "pos/pos_y": 0.5551719, "pos/pos_z": 44.02013, "pos/speed": 14.20171, "pos/cte": -4.820344, "pilot/angle": 0.0, "pilot/throttle": 0.0, "milliseconds": 20736}