{"cam/image_array": "2741_cam-image_array_.jpg", "user/angle": 0.9443017244338989, "user/throttle": 0.6823015213012695, "user/mode": "local", "pos/pos_x": 66.13132, "pos/pos_y": 0.5553398, "pos/pos_z": 75.66332, "pos/speed": 9.096801, "pos/cte": -2.627927, "pilot/angle": 0.0, "pilot/throttle": 0.0, "milliseconds": 137191}