{"cam/image_array": "424_cam-image_array_.jpg", "user/angle": 0.41281673312187195, "user/throttle": 0.24804724752902985, "user/mode": "local", "pos/pos_x": 44.00185, "pos/pos_y": 0.5588453, "pos/pos_z": 49.70397, "pos/speed": 14.27772, "pos/cte": -5.688152, "pilot/angle": 0.0, "pilot/throttle": 0.0, "milliseconds": 21187}