{"cam/image_array": "1117_cam-image_array_.jpg", "user/angle": 0.20766876637935638, "user/throttle": 0.7450543642044067, "user/mode": "local", "pos/pos_x": 49.52385, "pos/pos_y": 0.5557616, "pos/pos_z": 11.42613, "pos/speed": 11.56359, "pos/cte": -0.4349193, "pilot/angle": 0.0, "pilot/throttle": 0.0, "milliseconds": 55881}