{"cam/image_array": "822_cam-image_array_.jpg", "user/angle": 0.2899318039417267, "user/throttle": 0.5210051536560059, "user/mode": "local", "pos/pos_x": 48.44882, "pos/pos_y": 0.5554464, "pos/pos_z": 67.08638, "pos/speed": 12.0158, "pos/cte": -1.24118, "pilot/angle": 0.0, "pilot/throttle": 0.0, "milliseconds": 41112}