{"cam/image_array": "386_cam-image_array_.jpg", "user/angle": 0.0557258166372776, "user/throttle": 0.7811797857284546, "user/mode": "local", "pos/pos_x": 45.73116, "pos/pos_y": 0.5551954, "pos/pos_z": 25.29835, "pos/speed": 12.57423, "pos/cte": -3.618905, "pilot/angle": 0.0, "pilot/throttle": 0.0, "milliseconds": 19284}