{"cam/image_array": "1784_cam-image_array_.jpg", "user/angle": 0.7135525345802307, "user/throttle": 0.7467020750045776, "user/mode": "local", "pos/pos_x": 80.45912, "pos/pos_y": 0.5529264, "pos/pos_z": -9.380561, "pos/speed": 9.299232, "pos/cte": -5.722745, "pilot/angle": 0.0, "pilot/throttle": 0.0, "milliseconds": 89274}