{"cam/image_array": "329_cam-image_array_.jpg", "user/angle": 0.3253845274448395, "user/throttle": 0.5634109973907471, "user/mode": "local", "pos/pos_x": 60.03872, "pos/pos_y": 0.5574288, "pos/pos_z": -2.986328, "pos/speed": 10.3489, "pos/cte": 0.8494456, "pilot/angle": 0.0, "pilot/throttle": 0.0, "milliseconds": 16430}