{"cam/image_array": "1827_cam-image_array_.jpg", "user/angle": 0.5760160684585571, "user/throttle": 0.5344612002372742, "user/mode": "local", "pos/pos_x": 60.14051, "pos/pos_y": 0.5547108, "pos/pos_z": -3.694509, "pos/speed": 10.64822, "pos/cte": 0.1404031, "pilot/angle": 0.0, "pilot/throttle": 0.0, "milliseconds": 91427}