{"cam/image_array": "4597_cam-image_array_.jpg", "user/angle": 0.8986793160438538, "user/throttle": 0.1456853747367859, "user/mode": "local", "pos/pos_x": 53.09378, "pos/pos_y": 0.5528398, "pos/pos_z": 75.75639, "pos/speed": 10.77443, "pos/cte": 1.146496, "pilot/angle": 0.0, "pilot/throttle": 0.0, "milliseconds": 230105}