{"cam/image_array": "3924_cam-image_array_.jpg", "user/angle": 0.23597505688667297, "user/throttle": 0.8285418748855591, "user/mode": "local", "pos/pos_x": 78.58049, "pos/pos_y": 0.55497, "pos/pos_z": 54.47348, "pos/speed": 11.10735, "pos/cte": -0.2845134, "pilot/angle": 0.0, "pilot/throttle": 0.0, "milliseconds": 196412}