{"cam/image_array": "553_cam-image_array_.jpg", "user/angle": -0.08071456849575043, "user/throttle": 0.8349884748458862, "user/mode": "local", "pos/pos_x": 78.37223, "pos/pos_y": 0.5575147, "pos/pos_z": 45.71897, "pos/speed": 12.12338, "pos/cte": -2.165106, "pilot/angle": 0.0, "pilot/throttle": 0.0, "milliseconds": 27644}