{"cam/image_array": "4320_cam-image_array_.jpg", "user/angle": -0.05859927460551262, "user/throttle": 0.693164587020874, "user/mode": "local", "pos/pos_x": 78.41221, "pos/pos_y": 0.5553247, "pos/pos_z": 39.66198, "pos/speed": 12.42163, "pos/cte": -5.073009, "pilot/angle": 0.0, "pilot/throttle": 0.0, "milliseconds": 216237}