{"cam/image_array": "3684_cam-image_array_.jpg", "user/angle": 0.09250544011592865, "user/throttle": 0.5662460327148438, "user/mode": "local", "pos/pos_x": 71.44088, "pos/pos_y": 0.5554755, "pos/pos_z": -8.59931, "pos/speed": 10.05813, "pos/cte": -4.862825, "pilot/angle": 0.0, "pilot/throttle": 0.0, "milliseconds": 184396}