{"cam/image_array": "321_cam-image_array_.jpg", "user/angle": 0.27477261424064636, "user/throttle": 0.6418838500976562, "user/mode": "local", "pos/pos_x": 63.52869, "pos/pos_y": 0.5530102, "pos/pos_z": -5.139071, "pos/speed": 10.10098, "pos/cte": -1.333671, "pilot/angle": 0.0, "pilot/throttle": 0.0, "milliseconds": 16030}