{"cam/image_array": "4130_cam-image_array_.jpg", "user/angle": 0.17721816897392273, "user/throttle": 0.6537392139434814, "user/mode": "local", "pos/pos_x": 47.08003, "pos/pos_y": 0.5557021, "pos/pos_z": 19.81467, "pos/speed": 12.19283, "pos/cte": -2.510513, "pilot/angle": 0.0, "pilot/throttle": 0.0, "milliseconds": 206725}