{"cam/image_array": "3954_cam-image_array_.jpg", "user/angle": -0.16877612471580505, "user/throttle": 0.711775541305542, "user/mode": "local", "pos/pos_x": 78.42739, "pos/pos_y": 0.550496, "pos/pos_z": 35.89781, "pos/speed": 12.83762, "pos/cte": -6.218097, "pilot/angle": 0.0, "pilot/throttle": 0.0, "milliseconds": 197913}