{"cam/image_array": "3770_cam-image_array_.jpg", "user/angle": 0.05606220290064812, "user/throttle": 0.8780152797698975, "user/mode": "local", "pos/pos_x": 45.67957, "pos/pos_y": 0.5558892, "pos/pos_z": 28.28546, "pos/speed": 12.81215, "pos/cte": -3.606457, "pilot/angle": 0.0, "pilot/throttle": 0.0, "milliseconds": 188702}