{"cam/image_array": "1653_cam-image_array_.jpg", "user/angle": 0.266927570104599, "user/throttle": 0.8487149477005005, "user/mode": "local", "pos/pos_x": 76.46571, "pos/pos_y": 0.5559523, "pos/pos_z": 61.01126, "pos/speed": 10.01608, "pos/cte": -0.9705043, "pilot/angle": 0.0, "pilot/throttle": 0.0, "milliseconds": 82716}