{"cam/image_array": "3004_cam-image_array_.jpg", "user/angle": 0.271681547164917, "user/throttle": 0.6875391006469727, "user/mode": "local", "pos/pos_x": 47.12568, "pos/pos_y": 0.5551573, "pos/pos_z": 19.35894, "pos/speed": 11.97525, "pos/cte": -2.484785, "pilot/angle": 0.0, "pilot/throttle": 0.0, "milliseconds": 150353}