{"cam/image_array": "80_cam-image_array_.jpg", "user/angle": 0.9071136713027954, "user/throttle": 0.04841846972703934, "user/mode": "local", "pos/pos_x": 49.42915, "pos/pos_y": 0.553424, "pos/pos_z": 75.80413, "pos/speed": 11.21358, "pos/cte": -1.67414, "pilot/angle": 0.0, "pilot/throttle": 0.0, "milliseconds": 3964}