{"cam/image_array": "1592_cam-image_array_.jpg", "user/angle": 0.7281548380851746, "user/throttle": 0.5306190848350525, "user/mode": "local", "pos/pos_x": 54.97281, "pos/pos_y": 0.5533342, "pos/pos_z": 73.21172, "pos/speed": 11.12397, "pos/cte": 4.412895, "pilot/angle": 0.0, "pilot/throttle": 0.0, "milliseconds": 79662}