{"cam/image_array": "4827_cam-image_array_.jpg", "user/angle": 0.20695294439792633, "user/throttle": 0.5306485891342163, "user/mode": "local", "pos/pos_x": 66.55676, "pos/pos_y": 0.5538225, "pos/pos_z": -6.775316, "pos/speed": 9.797314, "pos/cte": -2.996279, "pilot/angle": 0.0, "pilot/throttle": 0.0, "milliseconds": 241620}