{"cam/image_array": "4285_cam-image_array_.jpg", "user/angle": 0.4499320983886719, "user/throttle": 0.9575837850570679, "user/mode": "local", "pos/pos_x": 77.31837, "pos/pos_y": 0.5562971, "pos/pos_z": 59.40169, "pos/speed": 10.24911, "pos/cte": -0.7302349, "pilot/angle": 0.0, "pilot/throttle": 0.0, "milliseconds": 214485}