{"cam/image_array": "2689_cam-image_array_.jpg", "user/angle": 0.20043586194515228, "user/throttle": 0.2698019742965698, "user/mode": "local", "pos/pos_x": 46.10331, "pos/pos_y": 0.5509096, "pos/pos_z": 61.65248, "pos/speed": 12.58745, "pos/cte": -3.586693, "pilot/angle": 0.0, "pilot/throttle": 0.0, "milliseconds": 134582}