{"cam/image_array": "5662_cam-image_array_.jpg", "user/angle": -0.03537736088037491, "user/throttle": 0.8030037879943848, "user/mode": "local", "pos/pos_x": 45.09718, "pos/pos_y": 0.5552338, "pos/pos_z": 39.14306, "pos/speed": 13.75978, "pos/cte": -4.283565, "pilot/angle": 0.0, "pilot/throttle": 0.0, "milliseconds": 283425}