{"cam/image_array": "5561_cam-image_array_.jpg", "user/angle": 0.1111067533493042, "user/throttle": 0.617297887802124, "user/mode": "local", "pos/pos_x": 70.8237, "pos/pos_y": 0.5547132, "pos/pos_z": -7.104045, "pos/speed": 9.848491, "pos/cte": -3.362231, "pilot/angle": 0.0, "pilot/throttle": 0.0, "milliseconds": 278368}