{"cam/image_array": "555_cam-image_array_.jpg", "user/angle": -0.05874231085181236, "user/throttle": 0.738189697265625, "user/mode": "local", "pos/pos_x": 78.33528, "pos/pos_y": 0.5554961, "pos/pos_z": 44.50615, "pos/speed": 12.1431, "pos/cte": -2.730167, "pilot/angle": 0.0, "pilot/throttle": 0.0, "milliseconds": 27745}