{"cam/image_array": "3036_cam-image_array_.jpg", "user/angle": 0.014109518378973007, "user/throttle": 0.6097123622894287, "user/mode": "local", "pos/pos_x": 45.26253, "pos/pos_y": 0.5558419, "pos/pos_z": 39.5992, "pos/speed": 13.51309, "pos/cte": -4.122203, "pilot/angle": 0.0, "pilot/throttle": 0.0, "milliseconds": 151954}