{"cam/image_array": "2507_cam-image_array_.jpg", "user/angle": 1.1081514358520508, "user/throttle": 0.6084463596343994, "user/mode": "local", "pos/pos_x": 87.5951, "pos/pos_y": 0.5524383, "pos/pos_z": 2.760906, "pos/speed": 10.73139, "pos/cte": 0.6019692, "pilot/angle": 0.0, "pilot/throttle": 0.0, "milliseconds": 125470}