{"cam/image_array": "962_cam-image_array_.jpg", "user/angle": -0.11245274543762207, "user/throttle": 0.2917633652687073, "user/mode": "local", "pos/pos_x": 79.55141, "pos/pos_y": 0.5546876, "pos/pos_z": 28.41971, "pos/speed": 12.99225, "pos/cte": -7.094973, "pilot/angle": 0.0, "pilot/throttle": 0.0, "milliseconds": 48121}