{"cam/image_array": "4277_cam-image_array_.jpg", "user/angle": 0.1435534507036209, "user/throttle": 0.7402324676513672, "user/mode": "local", "pos/pos_x": 75.77476, "pos/pos_y": 0.5544031, "pos/pos_z": 63.10669, "pos/speed": 9.800481, "pos/cte": -1.805974, "pilot/angle": 0.0, "pilot/throttle": 0.0, "milliseconds": 214084}