{"cam/image_array": "3459_cam-image_array_.jpg", "user/angle": 0.3723037540912628, "user/throttle": 0.14541131258010864, "user/mode": "local", "pos/pos_x": 49.78224, "pos/pos_y": 0.5563371, "pos/pos_z": 67.62149, "pos/speed": 11.78708, "pos/cte": 0.09223938, "pilot/angle": 0.0, "pilot/throttle": 0.0, "milliseconds": 173132}