{"cam/image_array": "5000_cam-image_array_.jpg", "user/angle": 0.9411525726318359, "user/throttle": 0.17869722843170166, "user/mode": "local", "pos/pos_x": 65.06735, "pos/pos_y": 0.554692, "pos/pos_z": 76.10515, "pos/speed": 9.909894, "pos/cte": -2.105819, "pilot/angle": 0.0, "pilot/throttle": 0.0, "milliseconds": 250282}