{"cam/image_array": "4914_cam-image_array_.jpg", "user/angle": -0.05815627798438072, "user/throttle": 0.7880675792694092, "user/mode": "local", "pos/pos_x": 45.22043, "pos/pos_y": 0.5556978, "pos/pos_z": 34.46639, "pos/speed": 13.37807, "pos/cte": -4.119515, "pilot/angle": 0.0, "pilot/throttle": 0.0, "milliseconds": 245976}