{"cam/image_array": "2114_cam-image_array_.jpg", "user/angle": 0.520673930644989, "user/throttle": 0.024886619299650192, "user/mode": "local", "pos/pos_x": 87.17345, "pos/pos_y": 0.5577744, "pos/pos_z": 9.630257, "pos/speed": 12.73436, "pos/cte": -1.076979, "pilot/angle": 0.0, "pilot/throttle": 0.0, "milliseconds": 105795}