{"cam/image_array": "2347_cam-image_array_.jpg", "user/angle": 0.8962344527244568, "user/throttle": 0.1710887849330902, "user/mode": "local", "pos/pos_x": 56.85044, "pos/pos_y": 0.5578809, "pos/pos_z": 74.42125, "pos/speed": 11.59882, "pos/cte": 4.194938, "pilot/angle": 0.0, "pilot/throttle": 0.0, "milliseconds": 117460}