{"cam/image_array": "1040_cam-image_array_.jpg", "user/angle": 0.5580119490623474, "user/throttle": 0.7892738580703735, "user/mode": "local", "pos/pos_x": 80.17033, "pos/pos_y": 0.5532489, "pos/pos_z": -9.701442, "pos/speed": 9.117616, "pos/cte": -6.041093, "pilot/angle": 0.0, "pilot/throttle": 0.0, "milliseconds": 52026}