{"cam/image_array": "1191_cam-image_array_.jpg", "user/angle": 0.32503119111061096, "user/throttle": 0.3164486885070801, "user/mode": "local", "pos/pos_x": 44.42894, "pos/pos_y": 0.5535118, "pos/pos_z": 59.27603, "pos/speed": 13.11741, "pos/cte": -5.261063, "pilot/angle": 0.0, "pilot/throttle": 0.0, "milliseconds": 59585}