{"cam/image_array": "1698_cam-image_array_.jpg", "user/angle": -0.07697488367557526, "user/throttle": 0.45614102482795715, "user/mode": "local", "pos/pos_x": 78.80862, "pos/pos_y": 0.5559609, "pos/pos_z": 33.98338, "pos/speed": 12.8294, "pos/cte": -6.885117, "pilot/angle": 0.0, "pilot/throttle": 0.0, "milliseconds": 84969}