{"cam/image_array": "5208_cam-image_array_.jpg", "user/angle": 0.5043236017227173, "user/throttle": 0.48670679330825806, "user/mode": "local", "pos/pos_x": 60.86633, "pos/pos_y": 0.5544041, "pos/pos_z": -4.613433, "pos/speed": 10.63686, "pos/cte": -0.7848197, "pilot/angle": 0.0, "pilot/throttle": 0.0, "milliseconds": 260695}