{"cam/image_array": "1926_cam-image_array_.jpg", "user/angle": 0.2350931465625763, "user/throttle": 0.19956383109092712, "user/mode": "local", "pos/pos_x": 44.55181, "pos/pos_y": 0.5621089, "pos/pos_z": 52.45157, "pos/speed": 14.12952, "pos/cte": -5.138191, "pilot/angle": 0.0, "pilot/throttle": 0.0, "milliseconds": 96383}