{"cam/image_array": "3102_cam-image_array_.jpg", "user/angle": 0.8232915997505188, "user/throttle": 0.14625418186187744, "user/mode": "local", "pos/pos_x": 57.52877, "pos/pos_y": 0.5534801, "pos/pos_z": 74.78109, "pos/speed": 10.56242, "pos/cte": 3.713828, "pilot/angle": 0.0, "pilot/throttle": 0.0, "milliseconds": 155259}