{"cam/image_array": "887_cam-image_array_.jpg", "user/angle": 0.2057962566614151, "user/throttle": 0.6899570226669312, "user/mode": "local", "pos/pos_x": 75.63129, "pos/pos_y": 0.5542597, "pos/pos_z": 69.55595, "pos/speed": 8.846022, "pos/cte": -5.885337, "pilot/angle": 0.0, "pilot/throttle": 0.0, "milliseconds": 44366}