{"cam/image_array": "2132_cam-image_array_.jpg", "user/angle": 0.8384939432144165, "user/throttle": 0.11183471977710724, "user/mode": "local", "pos/pos_x": 89.36888, "pos/pos_y": 0.5537722, "pos/pos_z": -0.9705486, "pos/speed": 10.18103, "pos/cte": -2.462205, "pilot/angle": 0.0, "pilot/throttle": 0.0, "milliseconds": 106696}