{"cam/image_array": "4579_cam-image_array_.jpg", "user/angle": 0.09825725853443146, "user/throttle": 0.11899784207344055, "user/mode": "local", "pos/pos_x": 49.56709, "pos/pos_y": 0.552781, "pos/pos_z": 65.82605, "pos/speed": 12.31988, "pos/cte": -0.1229057, "pilot/angle": 0.0, "pilot/throttle": 0.0, "milliseconds": 229205}