{"cam/image_array": "2040_cam-image_array_.jpg", "user/angle": 0.09836140275001526, "user/throttle": 0.9353935718536377, "user/mode": "local", "pos/pos_x": 78.02209, "pos/pos_y": 0.5555043, "pos/pos_z": 53.98029, "pos/speed": 10.98322, "pos/cte": 0.3544086, "pilot/angle": 0.0, "pilot/throttle": 0.0, "milliseconds": 102090}