{"cam/image_array": "4186_cam-image_array_.jpg", "user/angle": 0.3401762545108795, "user/throttle": 0.3231815695762634, "user/mode": "local", "pos/pos_x": 44.61965, "pos/pos_y": 0.5498353, "pos/pos_z": 58.57231, "pos/speed": 13.2252, "pos/cte": -5.070351, "pilot/angle": 0.0, "pilot/throttle": 0.0, "milliseconds": 209529}