{"cam/image_array": "634_cam-image_array_.jpg", "user/angle": 0.854016125202179, "user/throttle": 0.20406965911388397, "user/mode": "local", "pos/pos_x": 87.66882, "pos/pos_y": 0.5556088, "pos/pos_z": -3.035612, "pos/speed": 10.08585, "pos/cte": -2.34166, "pilot/angle": 0.0, "pilot/throttle": 0.0, "milliseconds": 31701}