{"cam/image_array": "826_cam-image_array_.jpg", "user/angle": 0.22432608902454376, "user/throttle": 0.4136028289794922, "user/mode": "local", "pos/pos_x": 50.02964, "pos/pos_y": 0.5573317, "pos/pos_z": 68.90631, "pos/speed": 12.03623, "pos/cte": 0.3396454, "pilot/angle": 0.0, "pilot/throttle": 0.0, "milliseconds": 41312}