{"cam/image_array": "5205_cam-image_array_.jpg", "user/angle": 0.5609691739082336, "user/throttle": 0.4983547031879425, "user/mode": "local", "pos/pos_x": 61.78756, "pos/pos_y": 0.5553865, "pos/pos_z": -5.14184, "pos/speed": 10.55173, "pos/cte": -1.321246, "pilot/angle": 0.0, "pilot/throttle": 0.0, "milliseconds": 260545}