{"cam/image_array": "5071_cam-image_array_.jpg", "user/angle": -0.05971970781683922, "user/throttle": 0.6501603126525879, "user/mode": "local", "pos/pos_x": 78.6337, "pos/pos_y": 0.5545331, "pos/pos_z": 44.87859, "pos/speed": 12.20542, "pos/cte": -2.806499, "pilot/angle": 0.0, "pilot/throttle": 0.0, "milliseconds": 253836}