{"cam/image_array": "1120_cam-image_array_.jpg", "user/angle": 0.13078241050243378, "user/throttle": 0.7439297437667847, "user/mode": "local", "pos/pos_x": 49.10278, "pos/pos_y": 0.5558565, "pos/pos_z": 12.50651, "pos/speed": 11.59352, "pos/cte": -0.8084709, "pilot/angle": 0.0, "pilot/throttle": 0.0, "milliseconds": 56032}