{"cam/image_array": "2963_cam-image_array_.jpg", "user/angle": 0.15136899054050446, "user/throttle": 0.7106939554214478, "user/mode": "local", "pos/pos_x": 57.00955, "pos/pos_y": 0.5535173, "pos/pos_z": -0.4697594, "pos/speed": 9.721366, "pos/cte": 2.545938, "pilot/angle": 0.0, "pilot/throttle": 0.0, "milliseconds": 148300}