{"cam/image_array": "1133_cam-image_array_.jpg", "user/angle": 0.10827034711837769, "user/throttle": 0.7541874647140503, "user/mode": "local", "pos/pos_x": 46.94891, "pos/pos_y": 0.5562444, "pos/pos_z": 19.31166, "pos/speed": 12.08799, "pos/cte": -2.663448, "pilot/angle": 0.0, "pilot/throttle": 0.0, "milliseconds": 56682}