{"cam/image_array": "3442_cam-image_array_.jpg", "user/angle": 0.3036227524280548, "user/throttle": 0.2503321170806885, "user/mode": "local", "pos/pos_x": 44.44019, "pos/pos_y": 0.5523777, "pos/pos_z": 57.57233, "pos/speed": 12.64397, "pos/cte": -5.249809, "pilot/angle": 0.0, "pilot/throttle": 0.0, "milliseconds": 172281}