{"cam/image_array": "890_cam-image_array_.jpg", "user/angle": 0.08646233379840851, "user/throttle": 0.5652780532836914, "user/mode": "local", "pos/pos_x": 76.20813, "pos/pos_y": 0.5576394, "pos/pos_z": 67.87199, "pos/speed": 8.986623, "pos/cte": -5.230323, "pilot/angle": 0.0, "pilot/throttle": 0.0, "milliseconds": 44517}