{"cam/image_array": "4339_cam-image_array_.jpg", "user/angle": -0.0849328339099884, "user/throttle": 0.4976726174354553, "user/mode": "local", "pos/pos_x": 79.96485, "pos/pos_y": 0.5535119, "pos/pos_z": 27.07972, "pos/speed": 12.83249, "pos/cte": -7.071182, "pilot/angle": 0.0, "pilot/throttle": 0.0, "milliseconds": 217189}