{"cam/image_array": "1027_cam-image_array_.jpg", "user/angle": 0.7433021664619446, "user/throttle": 0.9284740686416626, "user/mode": "local", "pos/pos_x": 84.97962, "pos/pos_y": 0.5542513, "pos/pos_z": -7.354762, "pos/speed": 8.706461, "pos/cte": -4.363309, "pilot/angle": 0.0, "pilot/throttle": 0.0, "milliseconds": 51375}