{"cam/image_array": "5158_cam-image_array_.jpg", "user/angle": 1.021531581878662, "user/throttle": 0.7679429054260254, "user/mode": "local", "pos/pos_x": 83.48165, "pos/pos_y": 0.550991, "pos/pos_z": -6.183608, "pos/speed": 9.583963, "pos/cte": -2.931828, "pilot/angle": 0.0, "pilot/throttle": 0.0, "milliseconds": 258192}