{"cam/image_array": "3603_cam-image_array_.jpg", "user/angle": -0.03903975710272789, "user/throttle": 0.6611177921295166, "user/mode": "local", "pos/pos_x": 80.66288, "pos/pos_y": 0.5496824, "pos/pos_z": 23.61008, "pos/speed": 13.20663, "pos/cte": -6.077337, "pilot/angle": 0.0, "pilot/throttle": 0.0, "milliseconds": 180341}