{"cam/image_array": "4208_cam-image_array_.jpg", "user/angle": 0.3909741938114166, "user/throttle": 0.12405207008123398, "user/mode": "local", "pos/pos_x": 51.1989, "pos/pos_y": 0.5559045, "pos/pos_z": 70.48179, "pos/speed": 11.86933, "pos/cte": 1.5089, "pilot/angle": 0.0, "pilot/throttle": 0.0, "milliseconds": 210630}