{"cam/image_array": "5752_cam-image_array_.jpg", "user/angle": 0.6572906374931335, "user/throttle": 0.7538107633590698, "user/mode": "local", "pos/pos_x": 70.2599, "pos/pos_y": 0.5542508, "pos/pos_z": 73.81167, "pos/speed": 9.174125, "pos/cte": -4.56477, "pilot/angle": 0.0, "pilot/throttle": 0.0, "milliseconds": 287931}