{"cam/image_array": "939_cam-image_array_.jpg", "user/angle": -0.16409601271152496, "user/throttle": 0.8388303518295288, "user/mode": "local", "pos/pos_x": 78.62602, "pos/pos_y": 0.554753, "pos/pos_z": 42.36947, "pos/speed": 12.2782, "pos/cte": -4.03537, "pilot/angle": 0.0, "pilot/throttle": 0.0, "milliseconds": 46969}