{"cam/image_array": "5549_cam-image_array_.jpg", "user/angle": 0.5381830334663391, "user/throttle": 0.6896911859512329, "user/mode": "local", "pos/pos_x": 76.55445, "pos/pos_y": 0.5548598, "pos/pos_z": -7.568456, "pos/speed": 9.254524, "pos/cte": -3.876634, "pilot/angle": 0.0, "pilot/throttle": 0.0, "milliseconds": 277767}