{"cam/image_array": "3372_cam-image_array_.jpg", "user/angle": 0.0950741320848465, "user/throttle": 0.6553566455841064, "user/mode": "local", "pos/pos_x": 48.41453, "pos/pos_y": 0.5562226, "pos/pos_z": 14.85198, "pos/speed": 11.21044, "pos/cte": -1.393752, "pilot/angle": 0.0, "pilot/throttle": 0.0, "milliseconds": 168777}