{"cam/image_array": "896_cam-image_array_.jpg", "user/angle": -0.014322195202112198, "user/throttle": 0.7364939451217651, "user/mode": "local", "pos/pos_x": 76.91843, "pos/pos_y": 0.555335, "pos/pos_z": 65.22707, "pos/speed": 9.225532, "pos/cte": -4.052704, "pilot/angle": 0.0, "pilot/throttle": 0.0, "milliseconds": 44817}