{"cam/image_array": "1169_cam-image_array_.jpg", "user/angle": 0.13700507581233978, "user/throttle": 0.4747343957424164, "user/mode": "local", "pos/pos_x": 44.39421, "pos/pos_y": 0.5558952, "pos/pos_z": 44.09724, "pos/speed": 14.22533, "pos/cte": -5.029746, "pilot/angle": 0.0, "pilot/throttle": 0.0, "milliseconds": 58485}