{"cam/image_array": "3253_cam-image_array_.jpg", "user/angle": 0.7334290742874146, "user/throttle": 0.18496492505073547, "user/mode": "local", "pos/pos_x": 87.4139, "pos/pos_y": 0.552974, "pos/pos_z": 5.047908, "pos/speed": 10.96876, "pos/cte": 0.7245821, "pilot/angle": 0.0, "pilot/throttle": 0.0, "milliseconds": 162819}