{"cam/image_array": "3696_cam-image_array_.jpg", "user/angle": 0.1624562293291092, "user/throttle": 0.6028866767883301, "user/mode": "local", "pos/pos_x": 66.20811, "pos/pos_y": 0.5527195, "pos/pos_z": -6.794324, "pos/speed": 10.37734, "pos/cte": -3.012243, "pilot/angle": 0.0, "pilot/throttle": 0.0, "milliseconds": 184997}