{"cam/image_array": "696_cam-image_array_.jpg", "user/angle": 0.4120035767555237, "user/throttle": 0.5350095629692078, "user/mode": "local", "pos/pos_x": 61.55208, "pos/pos_y": 0.5560315, "pos/pos_z": -4.794684, "pos/speed": 10.56694, "pos/cte": -0.9720486, "pilot/angle": 0.0, "pilot/throttle": 0.0, "milliseconds": 34804}