{"cam/image_array": "5676_cam-image_array_.jpg", "user/angle": 0.3446049094200134, "user/throttle": 0.2681840658187866, "user/mode": "local", "pos/pos_x": 44.37904, "pos/pos_y": 0.5570065, "pos/pos_z": 48.92626, "pos/speed": 14.13329, "pos/cte": -5.310963, "pilot/angle": 0.0, "pilot/throttle": 0.0, "milliseconds": 284126}