{"cam/image_array": "4043_cam-image_array_.jpg", "user/angle": 0.6602139472961426, "user/throttle": 0.8556215763092041, "user/mode": "local", "pos/pos_x": 77.99613, "pos/pos_y": 0.5501729, "pos/pos_z": -8.714423, "pos/speed": 9.443463, "pos/cte": -5.035139, "pilot/angle": 0.0, "pilot/throttle": 0.0, "milliseconds": 202369}