{"cam/image_array": "3240_cam-image_array_.jpg", "user/angle": 0.5418993830680847, "user/throttle": 0.033655326813459396, "user/mode": "local", "pos/pos_x": 85.6326, "pos/pos_y": 0.5560329, "pos/pos_z": 11.76974, "pos/speed": 12.27314, "pos/cte": -1.522968, "pilot/angle": 0.0, "pilot/throttle": 0.0, "milliseconds": 162168}