{"cam/image_array": "348_cam-image_array_.jpg", "user/angle": 0.10277797281742096, "user/throttle": 0.6877646446228027, "user/mode": "local", "pos/pos_x": 53.40728, "pos/pos_y": 0.5563065, "pos/pos_z": 4.064587, "pos/speed": 10.79476, "pos/cte": 2.837584, "pilot/angle": 0.0, "pilot/throttle": 0.0, "milliseconds": 17381}