{"cam/image_array": "938_cam-image_array_.jpg", "user/angle": -0.15268251299858093, "user/throttle": 0.8250499963760376, "user/mode": "local", "pos/pos_x": 78.66962, "pos/pos_y": 0.5545875, "pos/pos_z": 43.58802, "pos/speed": 12.07325, "pos/cte": -3.47327, "pilot/angle": 0.0, "pilot/throttle": 0.0, "milliseconds": 46920}