{"cam/image_array": "4811_cam-image_array_.jpg", "user/angle": 0.45725885033607483, "user/throttle": 0.9044088125228882, "user/mode": "local", "pos/pos_x": 74.04269, "pos/pos_y": 0.5513692, "pos/pos_z": -8.200846, "pos/speed": 9.293371, "pos/cte": -4.487081, "pilot/angle": 0.0, "pilot/throttle": 0.0, "milliseconds": 240819}