{"cam/image_array": "1061_cam-image_array_.jpg", "user/angle": 0.093510702252388, "user/throttle": 0.34278276562690735, "user/mode": "local", "pos/pos_x": 69.96237, "pos/pos_y": 0.5572929, "pos/pos_z": -8.028352, "pos/speed": 10.08443, "pos/cte": -4.278986, "pilot/angle": 0.0, "pilot/throttle": 0.0, "milliseconds": 53077}