{"cam/image_array": "3215_cam-image_array_.jpg", "user/angle": -0.21816003322601318, "user/throttle": 0.5164238214492798, "user/mode": "local", "pos/pos_x": 79.436, "pos/pos_y": 0.552976, "pos/pos_z": 26.86512, "pos/speed": 12.70537, "pos/cte": -6.504219, "pilot/angle": 0.0, "pilot/throttle": 0.0, "milliseconds": 160916}