{"cam/image_array": "3301_cam-image_array_.jpg", "user/angle": 0.08359551429748535, "user/throttle": 0.45601925253868103, "user/mode": "local", "pos/pos_x": 72.30803, "pos/pos_y": 0.5556081, "pos/pos_z": -7.358453, "pos/speed": 9.552566, "pos/cte": -3.629582, "pilot/angle": 0.0, "pilot/throttle": 0.0, "milliseconds": 165222}