{"cam/image_array": "5299_cam-image_array_.jpg", "user/angle": 0.3001580238342285, "user/throttle": 0.13954274356365204, "user/mode": "local", "pos/pos_x": 44.03582, "pos/pos_y": 0.5560606, "pos/pos_z": 46.23352, "pos/speed": 14.37806, "pos/cte": -5.40676, "pilot/angle": 0.0, "pilot/throttle": 0.0, "milliseconds": 265251}