{"cam/image_array": "3213_cam-image_array_.jpg", "user/angle": -0.2366102933883667, "user/throttle": 0.4673073887825012, "user/mode": "local", "pos/pos_x": 79.20108, "pos/pos_y": 0.5540692, "pos/pos_z": 28.11681, "pos/speed": 12.76468, "pos/cte": -6.695313, "pilot/angle": 0.0, "pilot/throttle": 0.0, "milliseconds": 160816}