{"cam/image_array": "1560_cam-image_array_.jpg", "user/angle": 0.46445703506469727, "user/throttle": 0.22489237785339355, "user/mode": "local", "pos/pos_x": 44.20107, "pos/pos_y": 0.5535115, "pos/pos_z": 58.63947, "pos/speed": 12.80782, "pos/cte": -5.488934, "pilot/angle": 0.0, "pilot/throttle": 0.0, "milliseconds": 78060}