{"cam/image_array": "3000_cam-image_array_.jpg", "user/angle": 0.19475819170475006, "user/throttle": 0.6841776371002197, "user/mode": "local", "pos/pos_x": 47.83762, "pos/pos_y": 0.555876, "pos/pos_z": 17.07843, "pos/speed": 11.80141, "pos/cte": -1.872995, "pilot/angle": 0.0, "pilot/throttle": 0.0, "milliseconds": 150152}