{"cam/image_array": "3017_cam-image_array_.jpg", "user/angle": 0.015916768461465836, "user/throttle": 0.8814196586608887, "user/mode": "local", "pos/pos_x": 45.78037, "pos/pos_y": 0.5550857, "pos/pos_z": 26.55475, "pos/speed": 12.48846, "pos/cte": -3.514943, "pilot/angle": 0.0, "pilot/throttle": 0.0, "milliseconds": 151003}