{"cam/image_array": "3179_cam-image_array_.jpg", "user/angle": -0.03761876001954079, "user/throttle": 0.7798312902450562, "user/mode": "local", "pos/pos_x": 77.98167, "pos/pos_y": 0.555143, "pos/pos_z": 49.25706, "pos/speed": 10.98502, "pos/cte": -0.2742724, "pilot/angle": 0.0, "pilot/throttle": 0.0, "milliseconds": 159114}