{"cam/image_array": "4672_cam-image_array_.jpg", "user/angle": 0.06676951050758362, "user/throttle": 0.7436765432357788, "user/mode": "local", "pos/pos_x": 74.61874, "pos/pos_y": 0.5543643, "pos/pos_z": 64.4651, "pos/speed": 10.20734, "pos/cte": -1.80914, "pilot/angle": 0.0, "pilot/throttle": 0.0, "milliseconds": 233860}