{"cam/image_array": "2229_cam-image_array_.jpg", "user/angle": 0.1073056012392044, "user/throttle": 0.7482866048812866, "user/mode": "local", "pos/pos_x": 52.19936, "pos/pos_y": 0.557072, "pos/pos_z": 5.577901, "pos/speed": 11.0745, "pos/cte": 2.020783, "pilot/angle": 0.0, "pilot/throttle": 0.0, "milliseconds": 111552}