{"cam/image_array": "2112_cam-image_array_.jpg", "user/angle": 0.37627920508384705, "user/throttle": 0.034770432859659195, "user/mode": "local", "pos/pos_x": 86.56309, "pos/pos_y": 0.5557781, "pos/pos_z": 10.75077, "pos/speed": 12.81279, "pos/cte": -1.448376, "pilot/angle": 0.0, "pilot/throttle": 0.0, "milliseconds": 105695}