{"cam/image_array": "1457_cam-image_array_.jpg", "user/angle": 0.439342200756073, "user/throttle": 0.5424554347991943, "user/mode": "local", "pos/pos_x": 57.66188, "pos/pos_y": 0.5522045, "pos/pos_z": -1.70009, "pos/speed": 10.40651, "pos/cte": 1.739487, "pilot/angle": 0.0, "pilot/throttle": 0.0, "milliseconds": 72904}