{"cam/image_array": "3315_cam-image_array_.jpg", "user/angle": 0.17055603861808777, "user/throttle": 0.1978987753391266, "user/mode": "local", "pos/pos_x": 65.64668, "pos/pos_y": 0.5561353, "pos/pos_z": -5.963847, "pos/speed": 9.695522, "pos/cte": -2.176898, "pilot/angle": 0.0, "pilot/throttle": 0.0, "milliseconds": 165922}