{"cam/image_array": "2206_cam-image_array_.jpg", "user/angle": 0.5298478007316589, "user/throttle": 0.5685458183288574, "user/mode": "local", "pos/pos_x": 59.57514, "pos/pos_y": 0.5556707, "pos/pos_z": -3.493477, "pos/speed": 10.68466, "pos/cte": 0.3463609, "pilot/angle": 0.0, "pilot/throttle": 0.0, "milliseconds": 110401}