{"cam/image_array": "569_cam-image_array_.jpg", "user/angle": -0.1385924518108368, "user/throttle": 0.7180124521255493, "user/mode": "local", "pos/pos_x": 78.45719, "pos/pos_y": 0.5538248, "pos/pos_z": 35.67937, "pos/speed": 13.03606, "pos/cte": -6.301641, "pilot/angle": 0.0, "pilot/throttle": 0.0, "milliseconds": 28446}