{"cam/image_array": "1203_cam-image_array_.jpg", "user/angle": 0.1251552700996399, "user/throttle": 0.23238185048103333, "user/mode": "local", "pos/pos_x": 47.07948, "pos/pos_y": 0.5525952, "pos/pos_z": 65.04202, "pos/speed": 12.29391, "pos/cte": -2.610523, "pilot/angle": 0.0, "pilot/throttle": 0.0, "milliseconds": 60186}