{"cam/image_array": "5494_cam-image_array_.jpg", "user/angle": 0.35160544514656067, "user/throttle": 0.07282567024230957, "user/mode": "local", "pos/pos_x": 85.16831, "pos/pos_y": 0.5557917, "pos/pos_z": 14.09508, "pos/speed": 12.52967, "pos/cte": -2.856092, "pilot/angle": 0.0, "pilot/throttle": 0.0, "milliseconds": 275013}