{"cam/image_array": "3432_cam-image_array_.jpg", "user/angle": 0.6834654211997986, "user/throttle": 0.27528855204582214, "user/mode": "local", "pos/pos_x": 43.71407, "pos/pos_y": 0.5632437, "pos/pos_z": 51.09505, "pos/speed": 13.5101, "pos/cte": -5.975925, "pilot/angle": 0.0, "pilot/throttle": 0.0, "milliseconds": 171780}