{"cam/image_array": "1941_cam-image_array_.jpg", "user/angle": 0.5419196486473083, "user/throttle": 0.02003965526819229, "user/mode": "local", "pos/pos_x": 45.60489, "pos/pos_y": 0.553539, "pos/pos_z": 63.1478, "pos/speed": 12.72145, "pos/cte": -4.08511, "pilot/angle": 0.0, "pilot/throttle": 0.0, "milliseconds": 97139}