{"cam/image_array": "5267_cam-image_array_.jpg", "user/angle": 0.07503725588321686, "user/throttle": 0.8374011516571045, "user/mode": "local", "pos/pos_x": 46.2575, "pos/pos_y": 0.5553148, "pos/pos_z": 24.76371, "pos/speed": 12.57452, "pos/cte": -3.116386, "pilot/angle": 0.0, "pilot/throttle": 0.0, "milliseconds": 263649}