{"cam/image_array": "3447_cam-image_array_.jpg", "user/angle": -0.10634805262088776, "user/throttle": 0.31524521112442017, "user/mode": "local", "pos/pos_x": 45.77631, "pos/pos_y": 0.5526501, "pos/pos_z": 61.0452, "pos/speed": 12.17764, "pos/cte": -3.913685, "pilot/angle": 0.0, "pilot/throttle": 0.0, "milliseconds": 172532}