{"cam/image_array": "2117_cam-image_array_.jpg", "user/angle": 1.0156172513961792, "user/throttle": 0.1315501630306244, "user/mode": "local", "pos/pos_x": 88.23307, "pos/pos_y": 0.5498852, "pos/pos_z": 7.368477, "pos/speed": 12.36494, "pos/cte": -0.7293732, "pilot/angle": 0.0, "pilot/throttle": 0.0, "milliseconds": 105945}