{"cam/image_array": "4050_cam-image_array_.jpg", "user/angle": 0.11406321823596954, "user/throttle": 0.7566840648651123, "user/mode": "local", "pos/pos_x": 75.15216, "pos/pos_y": 0.5546038, "pos/pos_z": -8.815413, "pos/speed": 9.557565, "pos/cte": -5.111306, "pilot/angle": 0.0, "pilot/throttle": 0.0, "milliseconds": 202720}