{"cam/image_array": "218_cam-image_array_.jpg", "user/angle": -0.03913567587733269, "user/throttle": 0.4211348593235016, "user/mode": "local", "pos/pos_x": 78.92938, "pos/pos_y": 0.5575468, "pos/pos_z": 32.104, "pos/speed": 12.88774, "pos/cte": -6.992867, "pilot/angle": 0.0, "pilot/throttle": 0.0, "milliseconds": 10873}