{"cam/image_array": "5055_cam-image_array_.jpg", "user/angle": 0.08198390901088715, "user/throttle": 1.0655508041381836, "user/mode": "local", "pos/pos_x": 78.4599, "pos/pos_y": 0.5540712, "pos/pos_z": 54.25462, "pos/speed": 11.0872, "pos/cte": -0.1260596, "pilot/angle": 0.0, "pilot/throttle": 0.0, "milliseconds": 253035}