{"cam/image_array": "95_cam-image_array_.jpg", "user/angle": 0.7461350560188293, "user/throttle": 0.15554474294185638, "user/mode": "local", "pos/pos_x": 54.5576, "pos/pos_y": 0.555406, "pos/pos_z": 81.87065, "pos/speed": 9.174469, "pos/cte": -3.850761, "pilot/angle": 0.0, "pilot/throttle": 0.0, "milliseconds": 4716}