{"cam/image_array": "793_cam-image_array_.jpg", "user/angle": 0.5177836418151855, "user/throttle": 0.2507180869579315, "user/mode": "local", "pos/pos_x": 43.7271, "pos/pos_y": 0.5573599, "pos/pos_z": 49.10657, "pos/speed": 14.33674, "pos/cte": -5.962898, "pilot/angle": 0.0, "pilot/throttle": 0.0, "milliseconds": 39660}