{"cam/image_array": "100_cam-image_array_.jpg", "user/angle": 0.7583470344543457, "user/throttle": 0.33234867453575134, "user/mode": "local", "pos/pos_x": 56.14697, "pos/pos_y": 0.5520285, "pos/pos_z": 82.67204, "pos/speed": 8.784823, "pos/cte": -4.311491, "pilot/angle": 0.0, "pilot/throttle": 0.0, "milliseconds": 4966}