{"cam/image_array": "1537_cam-image_array_.jpg", "user/angle": -0.06011095270514488, "user/throttle": 0.6230800151824951, "user/mode": "local", "pos/pos_x": 44.79366, "pos/pos_y": 0.5551569, "pos/pos_z": 43.592, "pos/speed": 13.9649, "pos/cte": -4.625903, "pilot/angle": 0.0, "pilot/throttle": 0.0, "milliseconds": 76908}