{"cam/image_array": "3633_cam-image_array_.jpg", "user/angle": 0.8873875737190247, "user/throttle": 0.26393091678619385, "user/mode": "local", "pos/pos_x": 87.6458, "pos/pos_y": 0.5527245, "pos/pos_z": 5.126937, "pos/speed": 11.56284, "pos/cte": 0.4800011, "pilot/angle": 0.0, "pilot/throttle": 0.0, "milliseconds": 181843}