{"cam/image_array": "5687_cam-image_array_.jpg", "user/angle": 0.5802329778671265, "user/throttle": 0.3176368772983551, "user/mode": "local", "pos/pos_x": 44.19139, "pos/pos_y": 0.5523664, "pos/pos_z": 55.87191, "pos/speed": 13.57874, "pos/cte": -5.498608, "pilot/angle": 0.0, "pilot/throttle": 0.0, "milliseconds": 284676}