{"cam/image_array": "5420_cam-image_array_.jpg", "user/angle": 0.16796216368675232, "user/throttle": 0.9625329971313477, "user/mode": "local", "pos/pos_x": 78.3689, "pos/pos_y": 0.5543893, "pos/pos_z": 57.98969, "pos/speed": 9.996763, "pos/cte": -1.006951, "pilot/angle": 0.0, "pilot/throttle": 0.0, "milliseconds": 271309}