{"cam/image_array": "2760_cam-image_array_.jpg", "user/angle": -0.021626394242048264, "user/throttle": 0.659287691116333, "user/mode": "local", "pos/pos_x": 72.50625, "pos/pos_y": 0.5558693, "pos/pos_z": 69.29743, "pos/speed": 8.956597, "pos/cte": -3.341143, "pilot/angle": 0.0, "pilot/throttle": 0.0, "milliseconds": 138136}