{"cam/image_array": "5275_cam-image_array_.jpg", "user/angle": -0.030432913452386856, "user/throttle": 1.0136418342590332, "user/mode": "local", "pos/pos_x": 45.58965, "pos/pos_y": 0.5554541, "pos/pos_z": 29.80326, "pos/speed": 13.00713, "pos/cte": -3.709614, "pilot/angle": 0.0, "pilot/throttle": 0.0, "milliseconds": 264049}