{"cam/image_array": "3275_cam-image_array_.jpg", "user/angle": 0.9252402186393738, "user/throttle": 0.5746424198150635, "user/mode": "local", "pos/pos_x": 83.69478, "pos/pos_y": 0.5546254, "pos/pos_z": -4.917526, "pos/speed": 9.208412, "pos/cte": -1.768749, "pilot/angle": 0.0, "pilot/throttle": 0.0, "milliseconds": 163920}