{"cam/image_array": "5677_cam-image_array_.jpg", "user/angle": 0.27833953499794006, "user/throttle": 0.30424588918685913, "user/mode": "local", "pos/pos_x": 44.26802, "pos/pos_y": 0.5609576, "pos/pos_z": 50.33323, "pos/speed": 14.06965, "pos/cte": -5.421978, "pilot/angle": 0.0, "pilot/throttle": 0.0, "milliseconds": 284175}