{"cam/image_array": "4051_cam-image_array_.jpg", "user/angle": 0.12271569669246674, "user/throttle": 0.783178448677063, "user/mode": "local", "pos/pos_x": 74.19376, "pos/pos_y": 0.5535262, "pos/pos_z": -8.70335, "pos/speed": 9.657631, "pos/cte": -4.990885, "pilot/angle": 0.0, "pilot/throttle": 0.0, "milliseconds": 202770}