{"cam/image_array": "2518_cam-image_array_.jpg", "user/angle": 0.8967028856277466, "user/throttle": 0.0843425989151001, "user/mode": "local", "pos/pos_x": 85.37594, "pos/pos_y": 0.5524127, "pos/pos_z": -3.343207, "pos/speed": 9.940308, "pos/cte": -1.107982, "pilot/angle": 0.0, "pilot/throttle": 0.0, "milliseconds": 126021}