{"cam/image_array": "233_cam-image_array_.jpg", "user/angle": -0.06579543650150299, "user/throttle": 0.44701671600341797, "user/mode": "local", "pos/pos_x": 81.33346, "pos/pos_y": 0.5559379, "pos/pos_z": 23.38493, "pos/speed": 12.86518, "pos/cte": -6.540858, "pilot/angle": 0.0, "pilot/throttle": 0.0, "milliseconds": 11624}