{"cam/image_array": "2996_cam-image_array_.jpg", "user/angle": 0.1479605883359909, "user/throttle": 0.7366678714752197, "user/mode": "local", "pos/pos_x": 48.62482, "pos/pos_y": 0.5567187, "pos/pos_z": 14.86401, "pos/speed": 11.62215, "pos/cte": -1.183139, "pilot/angle": 0.0, "pilot/throttle": 0.0, "milliseconds": 149952}