{"cam/image_array": "3278_cam-image_array_.jpg", "user/angle": 0.7769470810890198, "user/throttle": 0.6495059728622437, "user/mode": "local", "pos/pos_x": 83.00365, "pos/pos_y": 0.5535073, "pos/pos_z": -5.520215, "pos/speed": 9.125665, "pos/cte": -2.164822, "pilot/angle": 0.0, "pilot/throttle": 0.0, "milliseconds": 164070}