{"cam/image_array": "4149_cam-image_array_.jpg", "user/angle": -0.06193922832608223, "user/throttle": 0.8735325336456299, "user/mode": "local", "pos/pos_x": 45.30513, "pos/pos_y": 0.5556901, "pos/pos_z": 32.31621, "pos/speed": 13.11733, "pos/cte": -4.016055, "pilot/angle": 0.0, "pilot/throttle": 0.0, "milliseconds": 207676}