{"cam/image_array": "5629_cam-image_array_.jpg", "user/angle": 0.14700233936309814, "user/throttle": 0.6629016399383545, "user/mode": "local", "pos/pos_x": 47.63044, "pos/pos_y": 0.5552941, "pos/pos_z": 18.08852, "pos/speed": 12.03787, "pos/cte": -2.035927, "pilot/angle": 0.0, "pilot/throttle": 0.0, "milliseconds": 281773}