{"cam/image_array": "1430_cam-image_array_.jpg", "user/angle": 0.038543637841939926, "user/throttle": 0.6727367639541626, "user/mode": "local", "pos/pos_x": 70.0425, "pos/pos_y": 0.5542529, "pos/pos_z": -7.128995, "pos/speed": 9.642499, "pos/cte": -3.380363, "pilot/angle": 0.0, "pilot/throttle": 0.0, "milliseconds": 71551}