{"cam/image_array": "3327_cam-image_array_.jpg", "user/angle": 0.5788393020629883, "user/throttle": 0.5136386156082153, "user/mode": "local", "pos/pos_x": 60.13467, "pos/pos_y": 0.5549409, "pos/pos_z": -4.025713, "pos/speed": 9.569512, "pos/cte": -0.1907372, "pilot/angle": 0.0, "pilot/throttle": 0.0, "milliseconds": 166523}