{"cam/image_array": "3909_cam-image_array_.jpg", "user/angle": 0.2730526626110077, "user/throttle": 0.8934328556060791, "user/mode": "local", "pos/pos_x": 76.24369, "pos/pos_y": 0.5553418, "pos/pos_z": 61.55151, "pos/speed": 10.27358, "pos/cte": -1.152545, "pilot/angle": 0.0, "pilot/throttle": 0.0, "milliseconds": 195661}