{"cam/image_array": "85_cam-image_array_.jpg", "user/angle": 0.7681729197502136, "user/throttle": 0.07628916203975677, "user/mode": "local", "pos/pos_x": 51.04183, "pos/pos_y": 0.553666, "pos/pos_z": 78.57638, "pos/speed": 10.27285, "pos/cte": -2.311517, "pilot/angle": 0.0, "pilot/throttle": 0.0, "milliseconds": 4215}