{"cam/image_array": "1637_cam-image_array_.jpg", "user/angle": 0.02628045156598091, "user/throttle": 0.7151544094085693, "user/mode": "local", "pos/pos_x": 73.71581, "pos/pos_y": 0.5558771, "pos/pos_z": 68.19199, "pos/speed": 9.362218, "pos/cte": -3.542973, "pilot/angle": 0.0, "pilot/throttle": 0.0, "milliseconds": 81916}