{"cam/image_array": "1387_cam-image_array_.jpg", "user/angle": 1.050034761428833, "user/throttle": 0.7998768091201782, "user/mode": "local", "pos/pos_x": 85.72446, "pos/pos_y": 0.5525172, "pos/pos_z": 0.7938166, "pos/speed": 10.34451, "pos/cte": 1.578549, "pilot/angle": 0.0, "pilot/throttle": 0.0, "milliseconds": 69398}