{"cam/image_array": "2553_cam-image_array_.jpg", "user/angle": 0.10152246057987213, "user/throttle": 0.4885667562484741, "user/mode": "local", "pos/pos_x": 71.29618, "pos/pos_y": 0.5562932, "pos/pos_z": -7.415997, "pos/speed": 9.61725, "pos/cte": -3.678294, "pilot/angle": 0.0, "pilot/throttle": 0.0, "milliseconds": 127773}