{"cam/image_array": "3397_cam-image_array_.jpg", "user/angle": 0.041775595396757126, "user/throttle": 0.8775157928466797, "user/mode": "local", "pos/pos_x": 45.58945, "pos/pos_y": 0.5558661, "pos/pos_z": 28.55771, "pos/speed": 12.26799, "pos/cte": -3.698951, "pilot/angle": 0.0, "pilot/throttle": 0.0, "milliseconds": 170029}