{"cam/image_array": "3401_cam-image_array_.jpg", "user/angle": -0.10845354199409485, "user/throttle": 0.9698749780654907, "user/mode": "local", "pos/pos_x": 45.42357, "pos/pos_y": 0.5552262, "pos/pos_z": 31.04138, "pos/speed": 12.54107, "pos/cte": -3.886496, "pilot/angle": 0.0, "pilot/throttle": 0.0, "milliseconds": 170228}