{"cam/image_array": "3733_cam-image_array_.jpg", "user/angle": 0.11889426410198212, "user/throttle": 0.7645580768585205, "user/mode": "local", "pos/pos_x": 51.80649, "pos/pos_y": 0.5544432, "pos/pos_z": 6.781892, "pos/speed": 11.2542, "pos/cte": 1.642965, "pilot/angle": 0.0, "pilot/throttle": 0.0, "milliseconds": 186849}