{"cam/image_array": "3547_cam-image_array_.jpg", "user/angle": 0.3899384140968323, "user/throttle": 1.0375010967254639, "user/mode": "local", "pos/pos_x": 77.83087, "pos/pos_y": 0.5542862, "pos/pos_z": 57.46884, "pos/speed": 10.48644, "pos/cte": -0.3205834, "pilot/angle": 0.0, "pilot/throttle": 0.0, "milliseconds": 177537}