{"cam/image_array": "1417_cam-image_array_.jpg", "user/angle": 0.5962917804718018, "user/throttle": 0.8127951622009277, "user/mode": "local", "pos/pos_x": 75.61599, "pos/pos_y": 0.5534203, "pos/pos_z": -7.855978, "pos/speed": 9.089375, "pos/cte": -4.155955, "pilot/angle": 0.0, "pilot/throttle": 0.0, "milliseconds": 70900}