{"cam/image_array": "4288_cam-image_array_.jpg", "user/angle": 0.362773060798645, "user/throttle": 0.9541146755218506, "user/mode": "local", "pos/pos_x": 78.00251, "pos/pos_y": 0.5542313, "pos/pos_z": 57.44532, "pos/speed": 10.47739, "pos/cte": -0.4731163, "pilot/angle": 0.0, "pilot/throttle": 0.0, "milliseconds": 214635}