{"cam/image_array": "4379_cam-image_array_.jpg", "user/angle": 0.9824578166007996, "user/throttle": 0.7842240333557129, "user/mode": "local", "pos/pos_x": 88.3883, "pos/pos_y": 0.5531258, "pos/pos_z": 4.04162, "pos/speed": 10.87104, "pos/cte": -0.2023764, "pilot/angle": 0.0, "pilot/throttle": 0.0, "milliseconds": 219191}