{"cam/image_array": "1273_cam-image_array_.jpg", "user/angle": 0.028853584080934525, "user/throttle": 0.6147618293762207, "user/mode": "local", "pos/pos_x": 75.28902, "pos/pos_y": 0.5569789, "pos/pos_z": 66.54189, "pos/speed": 9.75147, "pos/cte": -3.667597, "pilot/angle": 0.0, "pilot/throttle": 0.0, "milliseconds": 63691}