{"cam/image_array": "1748_cam-image_array_.jpg", "user/angle": 1.069676399230957, "user/throttle": 0.4123191237449646, "user/mode": "local", "pos/pos_x": 88.33719, "pos/pos_y": 0.5539001, "pos/pos_z": 4.772269, "pos/speed": 11.43066, "pos/cte": -0.09146338, "pilot/angle": 0.0, "pilot/throttle": 0.0, "milliseconds": 87472}