{"cam/image_array": "268_cam-image_array_.jpg", "user/angle": 0.479915976524353, "user/throttle": 0.309945672750473, "user/mode": "local", "pos/pos_x": 84.55537, "pos/pos_y": 0.5531669, "pos/pos_z": 3.249118, "pos/speed": 11.03299, "pos/cte": 3.637326, "pilot/angle": 0.0, "pilot/throttle": 0.0, "milliseconds": 13376}