{"cam/image_array": "2990_cam-image_array_.jpg", "user/angle": 0.13580889999866486, "user/throttle": 0.758145809173584, "user/mode": "local", "pos/pos_x": 49.89388, "pos/pos_y": 0.5540929, "pos/pos_z": 11.65796, "pos/speed": 11.32835, "pos/cte": -0.0551335, "pilot/angle": 0.0, "pilot/throttle": 0.0, "milliseconds": 149652}