{"cam/image_array": "5570_cam-image_array_.jpg", "user/angle": 0.21412596106529236, "user/throttle": 0.551770806312561, "user/mode": "local", "pos/pos_x": 66.01715, "pos/pos_y": 0.553102, "pos/pos_z": -5.729174, "pos/speed": 10.15417, "pos/cte": -1.945468, "pilot/angle": 0.0, "pilot/throttle": 0.0, "milliseconds": 278819}