{"cam/image_array": "2748_cam-image_array_.jpg", "user/angle": 0.47322776913642883, "user/throttle": 0.6100857257843018, "user/mode": "local", "pos/pos_x": 69.50417, "pos/pos_y": 0.5522912, "pos/pos_z": 73.65243, "pos/speed": 8.922745, "pos/cte": -3.886684, "pilot/angle": 0.0, "pilot/throttle": 0.0, "milliseconds": 137536}