{"cam/image_array": "4826_cam-image_array_.jpg", "user/angle": 0.2552073299884796, "user/throttle": 0.703289270401001, "user/mode": "local", "pos/pos_x": 67.47604, "pos/pos_y": 0.5547239, "pos/pos_z": -7.116754, "pos/speed": 9.766897, "pos/cte": -3.345725, "pilot/angle": 0.0, "pilot/throttle": 0.0, "milliseconds": 241570}