{"cam/image_array": "2636_cam-image_array_.jpg", "user/angle": 0.09478841722011566, "user/throttle": 0.82977294921875, "user/mode": "local", "pos/pos_x": 46.0946, "pos/pos_y": 0.555176, "pos/pos_z": 26.31582, "pos/speed": 12.32121, "pos/cte": -3.211436, "pilot/angle": 0.0, "pilot/throttle": 0.0, "milliseconds": 131929}