{"cam/image_array": "1974_cam-image_array_.jpg", "user/angle": 0.8513426184654236, "user/throttle": 0.4701654016971588, "user/mode": "local", "pos/pos_x": 58.76619, "pos/pos_y": 0.5528396, "pos/pos_z": 75.42061, "pos/speed": 10.69048, "pos/cte": 2.792913, "pilot/angle": 0.0, "pilot/throttle": 0.0, "milliseconds": 98786}