{"cam/image_array": "2222_cam-image_array_.jpg", "user/angle": 0.14932237565517426, "user/throttle": 0.7152018547058105, "user/mode": "local", "pos/pos_x": 54.32497, "pos/pos_y": 0.5526601, "pos/pos_z": 1.786395, "pos/speed": 10.72352, "pos/cte": 2.629813, "pilot/angle": 0.0, "pilot/throttle": 0.0, "milliseconds": 111202}