{"cam/image_array": "2458_cam-image_array_.jpg", "user/angle": -0.2693832516670227, "user/throttle": 0.46451860666275024, "user/mode": "local", "pos/pos_x": 79.20949, "pos/pos_y": 0.5556326, "pos/pos_z": 31.14448, "pos/speed": 13.08754, "pos/cte": -7.264587, "pilot/angle": 0.0, "pilot/throttle": 0.0, "milliseconds": 123017}