{"cam/image_array": "2339_cam-image_array_.jpg", "user/angle": -0.03889940306544304, "user/throttle": 0.43549463152885437, "user/mode": "local", "pos/pos_x": 52.9076, "pos/pos_y": 0.5529709, "pos/pos_z": 71.82365, "pos/speed": 11.86034, "pos/cte": 3.217602, "pilot/angle": 0.0, "pilot/throttle": 0.0, "milliseconds": 117059}