{"cam/image_array": "2411_cam-image_array_.jpg", "user/angle": 0.2646291255950928, "user/throttle": 0.7814469337463379, "user/mode": "local", "pos/pos_x": 78.23495, "pos/pos_y": 0.5567903, "pos/pos_z": 59.08562, "pos/speed": 10.25639, "pos/cte": -1.35957, "pilot/angle": 0.0, "pilot/throttle": 0.0, "milliseconds": 120664}