{"cam/image_array": "858_cam-image_array_.jpg", "user/angle": 0.7326758503913879, "user/throttle": 0.5932290554046631, "user/mode": "local", "pos/pos_x": 65.72348, "pos/pos_y": 0.5524089, "pos/pos_z": 76.89938, "pos/speed": 10.11555, "pos/cte": -3.120557, "pilot/angle": 0.0, "pilot/throttle": 0.0, "milliseconds": 42914}