{"cam/image_array": "946_cam-image_array_.jpg", "user/angle": -0.059561800211668015, "user/throttle": 0.7454731464385986, "user/mode": "local", "pos/pos_x": 78.59385, "pos/pos_y": 0.5549874, "pos/pos_z": 38.64867, "pos/speed": 12.5724, "pos/cte": -5.658505, "pilot/angle": 0.0, "pilot/throttle": 0.0, "milliseconds": 47321}