{"cam/image_array": "1981_cam-image_array_.jpg", "user/angle": 1.0732641220092773, "user/throttle": 0.5108785629272461, "user/mode": "local", "pos/pos_x": 61.86215, "pos/pos_y": 0.5530079, "pos/pos_z": 75.77879, "pos/speed": 10.18899, "pos/cte": 0.6468939, "pilot/angle": 0.0, "pilot/throttle": 0.0, "milliseconds": 99137}