{"cam/image_array": "281_cam-image_array_.jpg", "user/angle": 1.085405945777893, "user/throttle": 0.10213044285774231, "user/mode": "local", "pos/pos_x": 81.30596, "pos/pos_y": 0.5539393, "pos/pos_z": -3.776051, "pos/speed": 10.19561, "pos/cte": -0.1258382, "pilot/angle": 0.0, "pilot/throttle": 0.0, "milliseconds": 14027}