{"cam/image_array": "2303_cam-image_array_.jpg", "user/angle": 0.562751829624176, "user/throttle": 0.47177284955978394, "user/mode": "local", "pos/pos_x": 43.72119, "pos/pos_y": 0.5591076, "pos/pos_z": 52.81519, "pos/speed": 14.16299, "pos/cte": -5.968811, "pilot/angle": 0.0, "pilot/throttle": 0.0, "milliseconds": 115257}