{"cam/image_array": "4084_cam-image_array_.jpg", "user/angle": 0.4712366461753845, "user/throttle": 0.5023474097251892, "user/mode": "local", "pos/pos_x": 58.09078, "pos/pos_y": 0.5528341, "pos/pos_z": -2.049006, "pos/speed": 10.62757, "pos/cte": 1.474573, "pilot/angle": 0.0, "pilot/throttle": 0.0, "milliseconds": 204422}