{"cam/image_array": "3216_cam-image_array_.jpg", "user/angle": -0.22790998220443726, "user/throttle": 0.6200369596481323, "user/mode": "local", "pos/pos_x": 79.71716, "pos/pos_y": 0.5522147, "pos/pos_z": 25.62746, "pos/speed": 12.66155, "pos/cte": -6.264955, "pilot/angle": 0.0, "pilot/throttle": 0.0, "milliseconds": 160966}