{"cam/image_array": "1095_cam-image_array_.jpg", "user/angle": 0.18639281392097473, "user/throttle": 0.704099178314209, "user/mode": "local", "pos/pos_x": 55.1141, "pos/pos_y": 0.5547759, "pos/pos_z": 0.8038746, "pos/speed": 10.35996, "pos/cte": 2.605349, "pilot/angle": 0.0, "pilot/throttle": 0.0, "milliseconds": 54780}