{"cam/image_array": "3355_cam-image_array_.jpg", "user/angle": 0.11087758839130402, "user/throttle": 0.7891331911087036, "user/mode": "local", "pos/pos_x": 52.32396, "pos/pos_y": 0.5532484, "pos/pos_z": 5.40798, "pos/speed": 10.12363, "pos/cte": 2.102276, "pilot/angle": 0.0, "pilot/throttle": 0.0, "milliseconds": 167925}