{"cam/image_array": "4243_cam-image_array_.jpg", "user/angle": 0.932332456111908, "user/throttle": 0.8027715682983398, "user/mode": "local", "pos/pos_x": 67.19921, "pos/pos_y": 0.5529788, "pos/pos_z": 75.60197, "pos/speed": 9.254515, "pos/cte": -3.400107, "pilot/angle": 0.0, "pilot/throttle": 0.0, "milliseconds": 212382}