{"cam/image_array": "776_cam-image_array_.jpg", "user/angle": -0.05501660332083702, "user/throttle": 0.8471454381942749, "user/mode": "local", "pos/pos_x": 45.1451, "pos/pos_y": 0.5552131, "pos/pos_z": 36.42881, "pos/speed": 13.75282, "pos/cte": -4.211962, "pilot/angle": 0.0, "pilot/throttle": 0.0, "milliseconds": 38809}