{"cam/image_array": "1911_cam-image_array_.jpg", "user/angle": -0.03184720501303673, "user/throttle": 0.7159572839736938, "user/mode": "local", "pos/pos_x": 44.97878, "pos/pos_y": 0.5553008, "pos/pos_z": 42.90984, "pos/speed": 13.94467, "pos/cte": -4.434838, "pilot/angle": 0.0, "pilot/throttle": 0.0, "milliseconds": 95632}