{"cam/image_array": "1332_cam-image_array_.jpg", "user/angle": -0.021951880306005478, "user/throttle": 0.4417628347873688, "user/mode": "local", "pos/pos_x": 78.66914, "pos/pos_y": 0.5524209, "pos/pos_z": 33.57219, "pos/speed": 12.69948, "pos/cte": -6.718848, "pilot/angle": 0.0, "pilot/throttle": 0.0, "milliseconds": 66645}