{"cam/image_array": "226_cam-image_array_.jpg", "user/angle": -0.0013040155172348022, "user/throttle": 0.30411359667778015, "user/mode": "local", "pos/pos_x": 80.29089, "pos/pos_y": 0.5548085, "pos/pos_z": 27.10484, "pos/speed": 12.8819, "pos/cte": -7.392077, "pilot/angle": 0.0, "pilot/throttle": 0.0, "milliseconds": 11274}