{"cam/image_array": "4027_cam-image_array_.jpg", "user/angle": 0.9141997694969177, "user/throttle": 0.7575613260269165, "user/mode": "local", "pos/pos_x": 84.5094, "pos/pos_y": 0.5537704, "pos/pos_z": -5.269739, "pos/speed": 9.590316, "pos/cte": -2.328136, "pilot/angle": 0.0, "pilot/throttle": 0.0, "milliseconds": 201569}