{"cam/image_array": "1790_cam-image_array_.jpg", "user/angle": 0.22153061628341675, "user/throttle": 0.7945601940155029, "user/mode": "local", "pos/pos_x": 77.70449, "pos/pos_y": 0.5525294, "pos/pos_z": -9.799699, "pos/speed": 9.318195, "pos/cte": -6.117828, "pilot/angle": 0.0, "pilot/throttle": 0.0, "milliseconds": 89574}