{"cam/image_array": "1320_cam-image_array_.jpg", "user/angle": -0.41857439279556274, "user/throttle": 0.9061574935913086, "user/mode": "local", "pos/pos_x": 77.93546, "pos/pos_y": 0.5558676, "pos/pos_z": 41.06899, "pos/speed": 12.30091, "pos/cte": -4.074725, "pilot/angle": 0.0, "pilot/throttle": 0.0, "milliseconds": 66044}