{"cam/image_array": "492_cam-image_array_.jpg", "user/angle": 0.7033247947692871, "user/throttle": 0.5997233390808105, "user/mode": "local", "pos/pos_x": 67.5346, "pos/pos_y": 0.5521814, "pos/pos_z": 74.17828, "pos/speed": 9.82116, "pos/cte": -2.73053, "pilot/angle": 0.0, "pilot/throttle": 0.0, "milliseconds": 24590}