{"cam/image_array": "5260_cam-image_array_.jpg", "user/angle": 0.13802891969680786, "user/throttle": 0.7145037651062012, "user/mode": "local", "pos/pos_x": 47.02863, "pos/pos_y": 0.5555418, "pos/pos_z": 21.12329, "pos/speed": 12.20816, "pos/cte": -2.50479, "pilot/angle": 0.0, "pilot/throttle": 0.0, "milliseconds": 263299}