{"cam/image_array": "5087_cam-image_array_.jpg", "user/angle": -0.1319255381822586, "user/throttle": 0.7070602178573608, "user/mode": "local", "pos/pos_x": 78.47205, "pos/pos_y": 0.553346, "pos/pos_z": 36.03957, "pos/speed": 13.03954, "pos/cte": -6.225836, "pilot/angle": 0.0, "pilot/throttle": 0.0, "milliseconds": 254637}