{"cam/image_array": "465_cam-image_array_.jpg", "user/angle": 0.47386857867240906, "user/throttle": 0.49748465418815613, "user/mode": "local", "pos/pos_x": 54.24421, "pos/pos_y": 0.5529163, "pos/pos_z": 73.0261, "pos/speed": 11.32116, "pos/cte": 4.101, "pilot/angle": 0.0, "pilot/throttle": 0.0, "milliseconds": 23239}