{"cam/image_array": "5399_cam-image_array_.jpg", "user/angle": 0.11629961431026459, "user/throttle": 0.5828649997711182, "user/mode": "local", "pos/pos_x": 76.09927, "pos/pos_y": 0.5594325, "pos/pos_z": 67.73203, "pos/speed": 8.91813, "pos/cte": -5.056655, "pilot/angle": 0.0, "pilot/throttle": 0.0, "milliseconds": 270258}