{"cam/image_array": "5134_cam-image_array_.jpg", "user/angle": 0.8236351013183594, "user/throttle": 0.21357394754886627, "user/mode": "local", "pos/pos_x": 87.41088, "pos/pos_y": 0.5526127, "pos/pos_z": 5.510621, "pos/speed": 11.71835, "pos/cte": 0.6038387, "pilot/angle": 0.0, "pilot/throttle": 0.0, "milliseconds": 256990}