{"cam/image_array": "522_cam-image_array_.jpg", "user/angle": 0.13118678331375122, "user/throttle": 0.8576467037200928, "user/mode": "local", "pos/pos_x": 75.77047, "pos/pos_y": 0.5536931, "pos/pos_z": 62.90424, "pos/speed": 9.935529, "pos/cte": -1.671228, "pilot/angle": 0.0, "pilot/throttle": 0.0, "milliseconds": 26093}