{"cam/image_array": "1949_cam-image_array_.jpg", "user/angle": 0.27173930406570435, "user/throttle": 0.3031593859195709, "user/mode": "local", "pos/pos_x": 47.69721, "pos/pos_y": 0.5533864, "pos/pos_z": 67.505, "pos/speed": 11.66552, "pos/cte": -1.99279, "pilot/angle": 0.0, "pilot/throttle": 0.0, "milliseconds": 97534}