{"cam/image_array": "5575_cam-image_array_.jpg", "user/angle": 0.2803950607776642, "user/throttle": 0.5756008625030518, "user/mode": "local", "pos/pos_x": 64.09053, "pos/pos_y": 0.5554281, "pos/pos_z": -5.025762, "pos/speed": 10.26462, "pos/cte": -1.225269, "pilot/angle": 0.0, "pilot/throttle": 0.0, "milliseconds": 279069}