{"cam/image_array": "4409_cam-image_array_.jpg", "user/angle": 0.7033805847167969, "user/throttle": 0.7797489166259766, "user/mode": "local", "pos/pos_x": 81.71452, "pos/pos_y": 0.5510375, "pos/pos_z": -7.765445, "pos/speed": 9.035919, "pos/cte": -3.983891, "pilot/angle": 0.0, "pilot/throttle": 0.0, "milliseconds": 220693}