{"cam/image_array": "38_cam-image_array_.jpg", "user/angle": -0.0788014829158783, "user/throttle": 0.6548478603363037, "user/mode": "local", "pos/pos_x": 49.2906, "pos/pos_y": 0.5543743, "pos/pos_z": 54.42452, "pos/speed": 7.55201, "pos/cte": -0.3993988, "pilot/angle": 0.0, "pilot/throttle": 0.0, "milliseconds": 1862}