{"cam/image_array": "2685_cam-image_array_.jpg", "user/angle": 0.5626518726348877, "user/throttle": 0.05249810218811035, "user/mode": "local", "pos/pos_x": 45.53673, "pos/pos_y": 0.5541428, "pos/pos_z": 59.15038, "pos/speed": 13.1109, "pos/cte": -4.153271, "pilot/angle": 0.0, "pilot/throttle": 0.0, "milliseconds": 134382}