{"cam/image_array": "5010_cam-image_array_.jpg", "user/angle": 0.7270495295524597, "user/throttle": 0.7754870653152466, "user/mode": "local", "pos/pos_x": 69.47666, "pos/pos_y": 0.5535373, "pos/pos_z": 74.52934, "pos/speed": 9.091282, "pos/cte": -4.435276, "pilot/angle": 0.0, "pilot/throttle": 0.0, "milliseconds": 250783}