{"cam/image_array": "3719_cam-image_array_.jpg", "user/angle": 0.20163869857788086, "user/throttle": 0.5975489616394043, "user/mode": "local", "pos/pos_x": 55.66683, "pos/pos_y": 0.5522524, "pos/pos_z": 0.1960734, "pos/speed": 10.71032, "pos/cte": 2.389718, "pilot/angle": 0.0, "pilot/throttle": 0.0, "milliseconds": 186149}