{"cam/image_array": "4930_cam-image_array_.jpg", "user/angle": 0.3442731201648712, "user/throttle": 0.18893958628177643, "user/mode": "local", "pos/pos_x": 44.57033, "pos/pos_y": 0.5562191, "pos/pos_z": 45.53108, "pos/speed": 14.115, "pos/cte": -4.866139, "pilot/angle": 0.0, "pilot/throttle": 0.0, "milliseconds": 246779}