{"cam/image_array": "1063_cam-image_array_.jpg", "user/angle": 0.07087023556232452, "user/throttle": 0.5423200726509094, "user/mode": "local", "pos/pos_x": 69.01057, "pos/pos_y": 0.5534564, "pos/pos_z": -7.694248, "pos/speed": 10.05657, "pos/cte": -3.936589, "pilot/angle": 0.0, "pilot/throttle": 0.0, "milliseconds": 53178}