{"cam/image_array": "2805_cam-image_array_.jpg", "user/angle": -0.17875394225120544, "user/throttle": 0.8848817348480225, "user/mode": "local", "pos/pos_x": 78.08192, "pos/pos_y": 0.5573589, "pos/pos_z": 48.24511, "pos/speed": 11.31457, "pos/cte": -0.7065612, "pilot/angle": 0.0, "pilot/throttle": 0.0, "milliseconds": 140390}