{"cam/image_array": "5036_cam-image_array_.jpg", "user/angle": 0.06613107025623322, "user/throttle": 0.7908827066421509, "user/mode": "local", "pos/pos_x": 75.75228, "pos/pos_y": 0.5538151, "pos/pos_z": 64.16212, "pos/speed": 9.626266, "pos/cte": -2.474331, "pilot/angle": 0.0, "pilot/throttle": 0.0, "milliseconds": 252084}