{"cam/image_array": "328_cam-image_array_.jpg", "user/angle": 0.20494413375854492, "user/throttle": 0.5661804676055908, "user/mode": "local", "pos/pos_x": 60.89125, "pos/pos_y": 0.5555773, "pos/pos_z": -3.572799, "pos/speed": 10.37664, "pos/cte": 0.2555571, "pilot/angle": 0.0, "pilot/throttle": 0.0, "milliseconds": 16380}