{"cam/image_array": "3475_cam-image_array_.jpg", "user/angle": 0.8942985534667969, "user/throttle": 0.10703402757644653, "user/mode": "local", "pos/pos_x": 55.9414, "pos/pos_y": 0.5541058, "pos/pos_z": 74.25304, "pos/speed": 10.86226, "pos/cte": 3.916692, "pilot/angle": 0.0, "pilot/throttle": 0.0, "milliseconds": 173933}