{"cam/image_array": "3999_cam-image_array_.jpg", "user/angle": 0.9963243007659912, "user/throttle": 0.20541232824325562, "user/mode": "local", "pos/pos_x": 87.30338, "pos/pos_y": 0.5504761, "pos/pos_z": 9.217443, "pos/speed": 12.23513, "pos/cte": -0.8736073, "pilot/angle": 0.0, "pilot/throttle": 0.0, "milliseconds": 200166}