{"cam/image_array": "1595_cam-image_array_.jpg", "user/angle": 0.9060901999473572, "user/throttle": 0.2718333899974823, "user/mode": "local", "pos/pos_x": 56.91378, "pos/pos_y": 0.5523006, "pos/pos_z": 74.23288, "pos/speed": 10.89984, "pos/cte": 4.390995, "pilot/angle": 0.0, "pilot/throttle": 0.0, "milliseconds": 79812}