{"cam/image_array": "2085_cam-image_array_.jpg", "user/angle": -0.15253126621246338, "user/throttle": 0.6038016080856323, "user/mode": "local", "pos/pos_x": 80.0402, "pos/pos_y": 0.5533533, "pos/pos_z": 26.38702, "pos/speed": 13.07518, "pos/cte": -6.833544, "pilot/angle": 0.0, "pilot/throttle": 0.0, "milliseconds": 104343}