{"cam/image_array": "1897_cam-image_array_.jpg", "user/angle": -0.026870030909776688, "user/throttle": 0.8300751447677612, "user/mode": "local", "pos/pos_x": 45.32145, "pos/pos_y": 0.5553492, "pos/pos_z": 33.12694, "pos/speed": 13.21478, "pos/cte": -4.006814, "pilot/angle": 0.0, "pilot/throttle": 0.0, "milliseconds": 94931}