{"cam/image_array": "598_cam-image_array_.jpg", "user/angle": -0.1277587115764618, "user/throttle": 0.29849058389663696, "user/mode": "local", "pos/pos_x": 83.2951, "pos/pos_y": 0.5566133, "pos/pos_z": 17.26011, "pos/speed": 13.08577, "pos/cte": -3.800599, "pilot/angle": 0.0, "pilot/throttle": 0.0, "milliseconds": 29897}