{"cam/image_array": "2586_cam-image_array_.jpg", "user/angle": 0.22539782524108887, "user/throttle": 0.5674839019775391, "user/mode": "local", "pos/pos_x": 56.76692, "pos/pos_y": 0.5515064, "pos/pos_z": -0.6310503, "pos/speed": 10.39953, "pos/cte": 2.306944, "pilot/angle": 0.0, "pilot/throttle": 0.0, "milliseconds": 129426}