{"cam/image_array": "590_cam-image_array_.jpg", "user/angle": -0.10723257064819336, "user/throttle": 0.6022831201553345, "user/mode": "local", "pos/pos_x": 81.24892, "pos/pos_y": 0.5532544, "pos/pos_z": 22.10074, "pos/speed": 13.02306, "pos/cte": -5.68612, "pilot/angle": 0.0, "pilot/throttle": 0.0, "milliseconds": 29497}