{"cam/image_array": "5393_cam-image_array_.jpg", "user/angle": 0.1667313575744629, "user/throttle": 0.5962339639663696, "user/mode": "local", "pos/pos_x": 75.17715, "pos/pos_y": 0.5518469, "pos/pos_z": 70.22651, "pos/speed": 8.666321, "pos/cte": -5.975503, "pilot/angle": 0.0, "pilot/throttle": 0.0, "milliseconds": 269958}