{"cam/image_array": "4659_cam-image_array_.jpg", "user/angle": -0.08291783928871155, "user/throttle": 0.6630827188491821, "user/mode": "local", "pos/pos_x": 72.63032, "pos/pos_y": 0.5542299, "pos/pos_z": 69.99632, "pos/speed": 9.488336, "pos/cte": -3.889379, "pilot/angle": 0.0, "pilot/throttle": 0.0, "milliseconds": 233209}