{"cam/image_array": "1993_cam-image_array_.jpg", "user/angle": 0.6260007619857788, "user/throttle": 0.7194615602493286, "user/mode": "local", "pos/pos_x": 67.56417, "pos/pos_y": 0.5513192, "pos/pos_z": 74.41519, "pos/speed": 9.397902, "pos/cte": -2.906876, "pilot/angle": 0.0, "pilot/throttle": 0.0, "milliseconds": 99738}