{"cam/image_array": "2743_cam-image_array_.jpg", "user/angle": 0.9066936373710632, "user/throttle": 0.7136877775192261, "user/mode": "local", "pos/pos_x": 67.30094, "pos/pos_y": 0.5519987, "pos/pos_z": 75.16856, "pos/speed": 9.014779, "pos/cte": -3.195986, "pilot/angle": 0.0, "pilot/throttle": 0.0, "milliseconds": 137286}