{"cam/image_array": "5030_cam-image_array_.jpg", "user/angle": -0.005555387586355209, "user/throttle": 0.6832623481750488, "user/mode": "local", "pos/pos_x": 74.81445, "pos/pos_y": 0.5579682, "pos/pos_z": 66.84144, "pos/speed": 9.416999, "pos/cte": -3.50127, "pilot/angle": 0.0, "pilot/throttle": 0.0, "milliseconds": 251786}