{"cam/image_array": "4120_cam-image_array_.jpg", "user/angle": 0.09512868523597717, "user/throttle": 0.6914145946502686, "user/mode": "local", "pos/pos_x": 48.51218, "pos/pos_y": 0.5564373, "pos/pos_z": 15.19001, "pos/speed": 11.85166, "pos/cte": -1.281448, "pilot/angle": 0.0, "pilot/throttle": 0.0, "milliseconds": 206224}