{"cam/image_array": "2440_cam-image_array_.jpg", "user/angle": -0.19316866993904114, "user/throttle": 0.7673606872558594, "user/mode": "local", "pos/pos_x": 78.66761, "pos/pos_y": 0.5549424, "pos/pos_z": 42.59486, "pos/speed": 12.29487, "pos/cte": -3.960576, "pilot/angle": 0.0, "pilot/throttle": 0.0, "milliseconds": 122117}