{"cam/image_array": "558_cam-image_array_.jpg", "user/angle": -0.18320266902446747, "user/throttle": 0.8245539665222168, "user/mode": "local", "pos/pos_x": 78.3062, "pos/pos_y": 0.5531614, "pos/pos_z": 43.2788, "pos/speed": 12.37316, "pos/cte": -3.309232, "pilot/angle": 0.0, "pilot/throttle": 0.0, "milliseconds": 27895}