{"cam/image_array": "4957_cam-image_array_.jpg", "user/angle": -0.04274120554327965, "user/throttle": 0.22776582837104797, "user/mode": "local", "pos/pos_x": 46.30313, "pos/pos_y": 0.5533203, "pos/pos_z": 63.74038, "pos/speed": 12.50568, "pos/cte": -3.386864, "pilot/angle": 0.0, "pilot/throttle": 0.0, "milliseconds": 248129}