{"cam/image_array": "4948_cam-image_array_.jpg", "user/angle": 0.3969995379447937, "user/throttle": 0.30827072262763977, "user/mode": "local", "pos/pos_x": 44.56532, "pos/pos_y": 0.5528449, "pos/pos_z": 58.89217, "pos/speed": 13.23444, "pos/cte": -5.124683, "pilot/angle": 0.0, "pilot/throttle": 0.0, "milliseconds": 247678}