{"cam/image_array": "5663_cam-image_array_.jpg", "user/angle": -0.033402521163225174, "user/throttle": 0.8107267618179321, "user/mode": "local", "pos/pos_x": 45.01339, "pos/pos_y": 0.5550277, "pos/pos_z": 40.51694, "pos/speed": 13.76497, "pos/cte": -4.379341, "pilot/angle": 0.0, "pilot/throttle": 0.0, "milliseconds": 283475}