{"cam/image_array": "1574_cam-image_array_.jpg", "user/angle": 0.20935288071632385, "user/throttle": 0.3148081600666046, "user/mode": "local", "pos/pos_x": 47.58913, "pos/pos_y": 0.5528805, "pos/pos_z": 66.3372, "pos/speed": 11.56302, "pos/cte": -2.100864, "pilot/angle": 0.0, "pilot/throttle": 0.0, "milliseconds": 78760}