{"cam/image_array": "1359_cam-image_array_.jpg", "user/angle": 0.02616966888308525, "user/throttle": 0.18714046478271484, "user/mode": "local", "pos/pos_x": 83.69299, "pos/pos_y": 0.5564247, "pos/pos_z": 16.67788, "pos/speed": 12.44719, "pos/cte": -3.664204, "pilot/angle": 0.0, "pilot/throttle": 0.0, "milliseconds": 67996}