{"cam/image_array": "1506_cam-image_array_.jpg", "user/angle": 0.14216232299804688, "user/throttle": 0.830866813659668, "user/mode": "local", "pos/pos_x": 46.57325, "pos/pos_y": 0.5555663, "pos/pos_z": 23.37565, "pos/speed": 12.2394, "pos/cte": -2.861483, "pilot/angle": 0.0, "pilot/throttle": 0.0, "milliseconds": 75357}