{"cam/image_array": "2363_cam-image_array_.jpg", "user/angle": 0.913196325302124, "user/throttle": 0.34934887290000916, "user/mode": "local", "pos/pos_x": 65.69382, "pos/pos_y": 0.5547475, "pos/pos_z": 76.30954, "pos/speed": 10.03648, "pos/cte": -2.714928, "pilot/angle": 0.0, "pilot/throttle": 0.0, "milliseconds": 118262}