{"cam/image_array": "1528_cam-image_array_.jpg", "user/angle": -0.05484748259186745, "user/throttle": 0.8271249532699585, "user/mode": "local", "pos/pos_x": 45.19241, "pos/pos_y": 0.5554364, "pos/pos_z": 38.10751, "pos/speed": 13.54745, "pos/cte": -4.179302, "pilot/angle": 0.0, "pilot/throttle": 0.0, "milliseconds": 76458}