{"cam/image_array": "2162_cam-image_array_.jpg", "user/angle": 0.6291643381118774, "user/throttle": 0.6875375509262085, "user/mode": "local", "pos/pos_x": 80.53683, "pos/pos_y": 0.5527048, "pos/pos_z": -10.51453, "pos/speed": 9.302744, "pos/cte": -6.857347, "pilot/angle": 0.0, "pilot/throttle": 0.0, "milliseconds": 108198}