{"cam/image_array": "1914_cam-image_array_.jpg", "user/angle": -0.04094752296805382, "user/throttle": 0.627305269241333, "user/mode": "local", "pos/pos_x": 44.93174, "pos/pos_y": 0.5554135, "pos/pos_z": 44.02211, "pos/speed": 13.99884, "pos/cte": -4.491578, "pilot/angle": 0.0, "pilot/throttle": 0.0, "milliseconds": 95783}