{"cam/image_array": "5767_cam-image_array_.jpg", "user/angle": -0.019013110548257828, "user/throttle": 0.6841809749603271, "user/mode": "local", "pos/pos_x": 74.05608, "pos/pos_y": 0.5561068, "pos/pos_z": 68.60473, "pos/speed": 9.453299, "pos/cte": -4.069766, "pilot/angle": 0.0, "pilot/throttle": 0.0, "milliseconds": 288681}