{"cam/image_array": "1606_cam-image_array_.jpg", "user/angle": 1.22940993309021, "user/throttle": 0.45745983719825745, "user/mode": "local", "pos/pos_x": 62.44407, "pos/pos_y": 0.5539737, "pos/pos_z": 75.49417, "pos/speed": 10.22398, "pos/cte": 0.2857393, "pilot/angle": 0.0, "pilot/throttle": 0.0, "milliseconds": 80362}