{"cam/image_array": "4303_cam-image_array_.jpg", "user/angle": -0.041035283356904984, "user/throttle": 0.8246580362319946, "user/mode": "local", "pos/pos_x": 78.79011, "pos/pos_y": 0.5552835, "pos/pos_z": 49.88815, "pos/speed": 11.35097, "pos/cte": -0.8031601, "pilot/angle": 0.0, "pilot/throttle": 0.0, "milliseconds": 215386}