{"cam/image_array": "3504_cam-image_array_.jpg", "user/angle": 0.7033208608627319, "user/throttle": 0.8066184520721436, "user/mode": "local", "pos/pos_x": 68.74477, "pos/pos_y": 0.5530212, "pos/pos_z": 75.13632, "pos/speed": 8.64394, "pos/cte": -4.27295, "pilot/angle": 0.0, "pilot/throttle": 0.0, "milliseconds": 175385}