{"cam/image_array": "5596_cam-image_array_.jpg", "user/angle": 0.17395836114883423, "user/throttle": 0.738582968711853, "user/mode": "local", "pos/pos_x": 54.97808, "pos/pos_y": 0.5558486, "pos/pos_z": 1.648277, "pos/speed": 10.52738, "pos/cte": 2.979201, "pilot/angle": 0.0, "pilot/throttle": 0.0, "milliseconds": 280120}