{"cam/image_array": "5733_cam-image_array_.jpg", "user/angle": 0.9821135997772217, "user/throttle": 0.35062751173973083, "user/mode": "local", "pos/pos_x": 61.03217, "pos/pos_y": 0.5511045, "pos/pos_z": 76.03133, "pos/speed": 10.51433, "pos/cte": 0.901648, "pilot/angle": 0.0, "pilot/throttle": 0.0, "milliseconds": 286979}