{"cam/image_array": "3056_cam-image_array_.jpg", "user/angle": 0.3678254783153534, "user/throttle": 0.15607735514640808, "user/mode": "local", "pos/pos_x": 44.69815, "pos/pos_y": 0.5544192, "pos/pos_z": 54.25723, "pos/speed": 13.89517, "pos/cte": -4.991844, "pilot/angle": 0.0, "pilot/throttle": 0.0, "milliseconds": 152956}