{"cam/image_array": "2322_cam-image_array_.jpg", "user/angle": 0.056941572576761246, "user/throttle": 0.17192786931991577, "user/mode": "local", "pos/pos_x": 46.61292, "pos/pos_y": 0.5517353, "pos/pos_z": 64.36728, "pos/speed": 12.65818, "pos/cte": -3.07708, "pilot/angle": 0.0, "pilot/throttle": 0.0, "milliseconds": 116209}