{"cam/image_array": "3527_cam-image_array_.jpg", "user/angle": -0.09434540569782257, "user/throttle": 0.7462819814682007, "user/mode": "local", "pos/pos_x": 74.19669, "pos/pos_y": 0.5565858, "pos/pos_z": 67.20337, "pos/speed": 9.279256, "pos/cte": -3.266582, "pilot/angle": 0.0, "pilot/throttle": 0.0, "milliseconds": 176536}