{"cam/image_array": "1121_cam-image_array_.jpg", "user/angle": 0.14070601761341095, "user/throttle": 0.7005331516265869, "user/mode": "local", "pos/pos_x": 48.69167, "pos/pos_y": 0.5558696, "pos/pos_z": 13.60224, "pos/speed": 11.75273, "pos/cte": -1.171387, "pilot/angle": 0.0, "pilot/throttle": 0.0, "milliseconds": 56081}