{"cam/image_array": "4218_cam-image_array_.jpg", "user/angle": 0.6524776220321655, "user/throttle": 0.3540833294391632, "user/mode": "local", "pos/pos_x": 54.58525, "pos/pos_y": 0.5528989, "pos/pos_z": 73.65469, "pos/speed": 11.25211, "pos/cte": 3.852543, "pilot/angle": 0.0, "pilot/throttle": 0.0, "milliseconds": 211131}