{"cam/image_array": "3051_cam-image_array_.jpg", "user/angle": 0.013784123584628105, "user/throttle": 0.3840580880641937, "user/mode": "local", "pos/pos_x": 44.84704, "pos/pos_y": 0.5581186, "pos/pos_z": 49.26179, "pos/speed": 14.06042, "pos/cte": -4.84296, "pilot/angle": 0.0, "pilot/throttle": 0.0, "milliseconds": 152705}