{"cam/image_array": "840_cam-image_array_.jpg", "user/angle": 0.7721517086029053, "user/throttle": 0.1457718312740326, "user/mode": "local", "pos/pos_x": 56.3177, "pos/pos_y": 0.5522836, "pos/pos_z": 74.4573, "pos/speed": 11.83557, "pos/cte": 3.912999, "pilot/angle": 0.0, "pilot/throttle": 0.0, "milliseconds": 42013}