{"cam/image_array": "4025_cam-image_array_.jpg", "user/angle": 0.7881281971931458, "user/throttle": 0.4751598536968231, "user/mode": "local", "pos/pos_x": 85.14222, "pos/pos_y": 0.5541782, "pos/pos_z": -4.537241, "pos/speed": 9.836248, "pos/cte": -2.018175, "pilot/angle": 0.0, "pilot/throttle": 0.0, "milliseconds": 201468}