{"cam/image_array": "5565_cam-image_array_.jpg", "user/angle": 0.10340234637260437, "user/throttle": 0.6495003700256348, "user/mode": "local", "pos/pos_x": 69.28566, "pos/pos_y": 0.5595557, "pos/pos_z": -6.727749, "pos/speed": 9.949219, "pos/cte": -2.972527, "pilot/angle": 0.0, "pilot/throttle": 0.0, "milliseconds": 278568}