{"cam/image_array": "567_cam-image_array_.jpg", "user/angle": -0.10665850341320038, "user/throttle": 0.7228431701660156, "user/mode": "local", "pos/pos_x": 78.37604, "pos/pos_y": 0.5551001, "pos/pos_z": 36.97232, "pos/speed": 12.84688, "pos/cte": -5.962941, "pilot/angle": 0.0, "pilot/throttle": 0.0, "milliseconds": 28346}