{"cam/image_array": "4701_cam-image_array_.jpg", "user/angle": -0.21384601294994354, "user/throttle": 0.8287142515182495, "user/mode": "local", "pos/pos_x": 78.40816, "pos/pos_y": 0.5511456, "pos/pos_z": 48.81664, "pos/speed": 11.58564, "pos/cte": -0.823317, "pilot/angle": 0.0, "pilot/throttle": 0.0, "milliseconds": 235312}