{"cam/image_array": "3767_cam-image_array_.jpg", "user/angle": 0.042343150824308395, "user/throttle": 0.9212990999221802, "user/mode": "local", "pos/pos_x": 45.81475, "pos/pos_y": 0.5552675, "pos/pos_z": 27.01212, "pos/speed": 12.7665, "pos/cte": -3.460648, "pilot/angle": 0.0, "pilot/throttle": 0.0, "milliseconds": 188552}