{"cam/image_array": "2546_cam-image_array_.jpg", "user/angle": 0.1459982544183731, "user/throttle": 0.5536969900131226, "user/mode": "local", "pos/pos_x": 74.11905, "pos/pos_y": 0.5559008, "pos/pos_z": -7.981307, "pos/speed": 9.492342, "pos/cte": -4.268216, "pilot/angle": 0.0, "pilot/throttle": 0.0, "milliseconds": 127422}