{"cam/image_array": "3721_cam-image_array_.jpg", "user/angle": 0.16300655901432037, "user/throttle": 0.6309312582015991, "user/mode": "local", "pos/pos_x": 55.00702, "pos/pos_y": 0.5530109, "pos/pos_z": 1.049809, "pos/speed": 10.82525, "pos/cte": 2.565004, "pilot/angle": 0.0, "pilot/throttle": 0.0, "milliseconds": 186248}