{"cam/image_array": "5390_cam-image_array_.jpg", "user/angle": 0.18192072212696075, "user/throttle": 0.5227766036987305, "user/mode": "local", "pos/pos_x": 74.36611, "pos/pos_y": 0.5528829, "pos/pos_z": 71.77986, "pos/speed": 8.79804, "pos/cte": -6.367603, "pilot/angle": 0.0, "pilot/throttle": 0.0, "milliseconds": 269807}