{"cam/image_array": "5053_cam-image_array_.jpg", "user/angle": 0.15214493870735168, "user/throttle": 1.0534594058990479, "user/mode": "local", "pos/pos_x": 78.30431, "pos/pos_y": 0.5546128, "pos/pos_z": 55.34077, "pos/speed": 10.91794, "pos/cte": -0.1710127, "pilot/angle": 0.0, "pilot/throttle": 0.0, "milliseconds": 252935}