{"cam/image_array": "2081_cam-image_array_.jpg", "user/angle": -0.17177559435367584, "user/throttle": 0.38314786553382874, "user/mode": "local", "pos/pos_x": 79.50972, "pos/pos_y": 0.5547743, "pos/pos_z": 28.95652, "pos/speed": 13.11777, "pos/cte": -7.15181, "pilot/angle": 0.0, "pilot/throttle": 0.0, "milliseconds": 104143}