{"cam/image_array": "2848_cam-image_array_.jpg", "user/angle": -0.1072409451007843, "user/throttle": 0.340545654296875, "user/mode": "local", "pos/pos_x": 81.62705, "pos/pos_y": 0.554873, "pos/pos_z": 22.09539, "pos/speed": 12.33776, "pos/cte": -5.99086, "pilot/angle": 0.0, "pilot/throttle": 0.0, "milliseconds": 142543}