{"cam/image_array": "4719_cam-image_array_.jpg", "user/angle": -0.08984628319740295, "user/throttle": 0.7223414182662964, "user/mode": "local", "pos/pos_x": 78.27923, "pos/pos_y": 0.5555676, "pos/pos_z": 37.31383, "pos/speed": 12.65932, "pos/cte": -5.757687, "pilot/angle": 0.0, "pilot/throttle": 0.0, "milliseconds": 236213}