{"cam/image_array": "4862_cam-image_array_.jpg", "user/angle": 0.10607190430164337, "user/throttle": 0.6961685419082642, "user/mode": "local", "pos/pos_x": 53.12989, "pos/pos_y": 0.5553253, "pos/pos_z": 4.152596, "pos/speed": 10.75318, "pos/cte": 2.621663, "pilot/angle": 0.0, "pilot/throttle": 0.0, "milliseconds": 243373}