{"cam/image_array": "1268_cam-image_array_.jpg", "user/angle": 0.06374095380306244, "user/throttle": 0.6238023042678833, "user/mode": "local", "pos/pos_x": 74.58601, "pos/pos_y": 0.5536093, "pos/pos_z": 68.34887, "pos/speed": 9.720845, "pos/cte": -4.306567, "pilot/angle": 0.0, "pilot/throttle": 0.0, "milliseconds": 63441}