{"cam/image_array": "4426_cam-image_array_.jpg", "user/angle": 0.0794580727815628, "user/throttle": 0.6665067672729492, "user/mode": "local", "pos/pos_x": 73.50652, "pos/pos_y": 0.555986, "pos/pos_z": -8.502907, "pos/speed": 9.796151, "pos/cte": -4.784451, "pilot/angle": 0.0, "pilot/throttle": 0.0, "milliseconds": 221544}