{"cam/image_array": "1194_cam-image_array_.jpg", "user/angle": 0.38123559951782227, "user/throttle": 0.13297589123249054, "user/mode": "local", "pos/pos_x": 44.83267, "pos/pos_y": 0.5526571, "pos/pos_z": 60.51072, "pos/speed": 12.88506, "pos/cte": -4.85733, "pilot/angle": 0.0, "pilot/throttle": 0.0, "milliseconds": 59736}