{"cam/image_array": "1114_cam-image_array_.jpg", "user/angle": 0.046703413128852844, "user/throttle": 0.7255347967147827, "user/mode": "local", "pos/pos_x": 50.39691, "pos/pos_y": 0.5558321, "pos/pos_z": 9.318784, "pos/speed": 11.35232, "pos/cte": 0.3453837, "pilot/angle": 0.0, "pilot/throttle": 0.0, "milliseconds": 55731}