{"cam/image_array": "4891_cam-image_array_.jpg", "user/angle": 0.10498206317424774, "user/throttle": 0.7964409589767456, "user/mode": "local", "pos/pos_x": 46.47558, "pos/pos_y": 0.5551471, "pos/pos_z": 20.52061, "pos/speed": 12.12969, "pos/cte": -3.083596, "pilot/angle": 0.0, "pilot/throttle": 0.0, "milliseconds": 244824}