{"cam/image_array": "1497_cam-image_array_.jpg", "user/angle": 0.08227427303791046, "user/throttle": 0.5508060455322266, "user/mode": "local", "pos/pos_x": 48.07572, "pos/pos_y": 0.55508, "pos/pos_z": 17.55723, "pos/speed": 11.80721, "pos/cte": -1.614239, "pilot/angle": 0.0, "pilot/throttle": 0.0, "milliseconds": 74906}