{"cam/image_array": "1245_cam-image_array_.jpg", "user/angle": 0.9587094783782959, "user/throttle": 0.6563793420791626, "user/mode": "local", "pos/pos_x": 66.63847, "pos/pos_y": 0.5528474, "pos/pos_z": 75.89878, "pos/speed": 9.737203, "pos/cte": -3.166484, "pilot/angle": 0.0, "pilot/throttle": 0.0, "milliseconds": 62290}