{"cam/image_array": "4064_cam-image_array_.jpg", "user/angle": 0.16766159236431122, "user/throttle": 0.6094527244567871, "user/mode": "local", "pos/pos_x": 68.40842, "pos/pos_y": 0.5551876, "pos/pos_z": -7.148525, "pos/speed": 10.12064, "pos/cte": -3.385632, "pilot/angle": 0.0, "pilot/throttle": 0.0, "milliseconds": 203421}