{"cam/image_array": "476_cam-image_array_.jpg", "user/angle": 0.8375676870346069, "user/throttle": 0.4909728467464447, "user/mode": "local", "pos/pos_x": 59.42869, "pos/pos_y": 0.5523111, "pos/pos_z": 75.0256, "pos/speed": 10.96986, "pos/cte": 2.724246, "pilot/angle": 0.0, "pilot/throttle": 0.0, "milliseconds": 23789}