{"cam/image_array": "3145_cam-image_array_.jpg", "user/angle": 0.19720692932605743, "user/throttle": 0.5454893112182617, "user/mode": "local", "pos/pos_x": 74.47515, "pos/pos_y": 0.5536768, "pos/pos_z": 64.78095, "pos/speed": 9.669538, "pos/cte": -1.90509, "pilot/angle": 0.0, "pilot/throttle": 0.0, "milliseconds": 157411}