{"cam/image_array": "3370_cam-image_array_.jpg", "user/angle": 0.10573866963386536, "user/throttle": 0.7344268560409546, "user/mode": "local", "pos/pos_x": 49.01504, "pos/pos_y": 0.5548216, "pos/pos_z": 13.17512, "pos/speed": 11.05889, "pos/cte": -0.8669612, "pilot/angle": 0.0, "pilot/throttle": 0.0, "milliseconds": 168676}