{"cam/image_array": "5107_cam-image_array_.jpg", "user/angle": -0.05592245236039162, "user/throttle": 0.7217589616775513, "user/mode": "local", "pos/pos_x": 81.05669, "pos/pos_y": 0.5560324, "pos/pos_z": 22.33801, "pos/speed": 13.14087, "pos/cte": -5.667403, "pilot/angle": 0.0, "pilot/throttle": 0.0, "milliseconds": 255638}