{"cam/image_array": "4796_cam-image_array_.jpg", "user/angle": 0.7249117493629456, "user/throttle": 0.5529518127441406, "user/mode": "local", "pos/pos_x": 80.00266, "pos/pos_y": 0.5543674, "pos/pos_z": -5.900999, "pos/speed": 9.630618, "pos/cte": -2.239332, "pilot/angle": 0.0, "pilot/throttle": 0.0, "milliseconds": 240068}