{"cam/image_array": "1250_cam-image_array_.jpg", "user/angle": 0.736320436000824, "user/throttle": 0.8039418458938599, "user/mode": "local", "pos/pos_x": 69.24526, "pos/pos_y": 0.5515879, "pos/pos_z": 74.81082, "pos/speed": 9.28116, "pos/cte": -4.442129, "pilot/angle": 0.0, "pilot/throttle": 0.0, "milliseconds": 62541}