{"cam/image_array": "5048_cam-image_array_.jpg", "user/angle": 0.2393566071987152, "user/throttle": 0.9529575109481812, "user/mode": "local", "pos/pos_x": 77.61303, "pos/pos_y": 0.5554602, "pos/pos_z": 58.45643, "pos/speed": 10.35401, "pos/cte": -0.5043634, "pilot/angle": 0.0, "pilot/throttle": 0.0, "milliseconds": 252685}