{"cam/image_array": "2558_cam-image_array_.jpg", "user/angle": 0.13995525240898132, "user/throttle": 0.5673253536224365, "user/mode": "local", "pos/pos_x": 69.41977, "pos/pos_y": 0.5556064, "pos/pos_z": -6.898645, "pos/speed": 9.704807, "pos/cte": -3.144587, "pilot/angle": 0.0, "pilot/throttle": 0.0, "milliseconds": 128023}