{"cam/image_array": "5166_cam-image_array_.jpg", "user/angle": 0.7308518886566162, "user/throttle": 0.743529200553894, "user/mode": "local", "pos/pos_x": 81.21279, "pos/pos_y": 0.5522697, "pos/pos_z": -7.873135, "pos/speed": 9.415739, "pos/cte": -4.221953, "pilot/angle": 0.0, "pilot/throttle": 0.0, "milliseconds": 258593}