{"cam/image_array": "3374_cam-image_array_.jpg", "user/angle": 0.09763769805431366, "user/throttle": 0.6234058141708374, "user/mode": "local", "pos/pos_x": 48.05305, "pos/pos_y": 0.5565543, "pos/pos_z": 15.91708, "pos/speed": 11.29219, "pos/cte": -1.708426, "pilot/angle": 0.0, "pilot/throttle": 0.0, "milliseconds": 168876}