{"cam/image_array": "867_cam-image_array_.jpg", "user/angle": 0.8090881705284119, "user/throttle": 0.33089712262153625, "user/mode": "local", "pos/pos_x": 69.54684, "pos/pos_y": 0.5550019, "pos/pos_z": 75.97317, "pos/speed": 9.605475, "pos/cte": -5.426337, "pilot/angle": 0.0, "pilot/throttle": 0.0, "milliseconds": 43365}