{"cam/image_array": "2653_cam-image_array_.jpg", "user/angle": -0.022663813084363937, "user/throttle": 0.7758482694625854, "user/mode": "local", "pos/pos_x": 45.52609, "pos/pos_y": 0.5554318, "pos/pos_z": 36.5175, "pos/speed": 13.30955, "pos/cte": -3.831761, "pilot/angle": 0.0, "pilot/throttle": 0.0, "milliseconds": 132780}