{"cam/image_array": "1719_cam-image_array_.jpg", "user/angle": -0.054628971964120865, "user/throttle": 0.5145500898361206, "user/mode": "local", "pos/pos_x": 81.88238, "pos/pos_y": 0.5552454, "pos/pos_z": 21.52397, "pos/speed": 12.84656, "pos/cte": -5.866898, "pilot/angle": 0.0, "pilot/throttle": 0.0, "milliseconds": 86020}