{"cam/image_array": "3925_cam-image_array_.jpg", "user/angle": 0.07263059914112091, "user/throttle": 0.9421101808547974, "user/mode": "local", "pos/pos_x": 78.81643, "pos/pos_y": 0.5501107, "pos/pos_z": 52.70238, "pos/speed": 11.27611, "pos/cte": -0.4598263, "pilot/angle": 0.0, "pilot/throttle": 0.0, "milliseconds": 196462}