{"cam/image_array": "3813_cam-image_array_.jpg", "user/angle": 0.3657122254371643, "user/throttle": 0.409915566444397, "user/mode": "local", "pos/pos_x": 44.17385, "pos/pos_y": 0.5557077, "pos/pos_z": 57.21272, "pos/speed": 13.4925, "pos/cte": -5.516151, "pilot/angle": 0.0, "pilot/throttle": 0.0, "milliseconds": 190855}