{"cam/image_array": "1660_cam-image_array_.jpg", "user/angle": 0.3715919852256775, "user/throttle": 0.9778264760971069, "user/mode": "local", "pos/pos_x": 77.84399, "pos/pos_y": 0.5549263, "pos/pos_z": 57.11332, "pos/speed": 10.49211, "pos/cte": -0.208361, "pilot/angle": 0.0, "pilot/throttle": 0.0, "milliseconds": 83066}