{"cam/image_array": "373_cam-image_array_.jpg", "user/angle": 0.2195923775434494, "user/throttle": 0.7099807262420654, "user/mode": "local", "pos/pos_x": 47.5293, "pos/pos_y": 0.5551135, "pos/pos_z": 16.91014, "pos/speed": 12.00612, "pos/cte": -2.188365, "pilot/angle": 0.0, "pilot/throttle": 0.0, "milliseconds": 18633}