{"cam/image_array": "1907_cam-image_array_.jpg", "user/angle": -0.00906682014465332, "user/throttle": 0.6750442981719971, "user/mode": "local", "pos/pos_x": 45.10117, "pos/pos_y": 0.5557379, "pos/pos_z": 39.87011, "pos/speed": 13.68161, "pos/cte": -4.285923, "pilot/angle": 0.0, "pilot/throttle": 0.0, "milliseconds": 95432}