{"cam/image_array": "1645_cam-image_array_.jpg", "user/angle": -0.008134584873914719, "user/throttle": 0.8982357978820801, "user/mode": "local", "pos/pos_x": 75.07346, "pos/pos_y": 0.5542229, "pos/pos_z": 64.68789, "pos/speed": 9.560905, "pos/cte": -2.29961, "pilot/angle": 0.0, "pilot/throttle": 0.0, "milliseconds": 82315}