{"cam/image_array": "1843_cam-image_array_.jpg", "user/angle": 0.11429734528064728, "user/throttle": 0.7061569690704346, "user/mode": "local", "pos/pos_x": 54.26941, "pos/pos_y": 0.5539733, "pos/pos_z": 2.210207, "pos/speed": 10.60785, "pos/cte": 2.898993, "pilot/angle": 0.0, "pilot/throttle": 0.0, "milliseconds": 92228}