{"cam/image_array": "3293_cam-image_array_.jpg", "user/angle": 0.16541597247123718, "user/throttle": 0.7220048904418945, "user/mode": "local", "pos/pos_x": 76.04762, "pos/pos_y": 0.5551397, "pos/pos_z": -7.710181, "pos/speed": 9.140681, "pos/cte": -4.013931, "pilot/angle": 0.0, "pilot/throttle": 0.0, "milliseconds": 164822}