{"cam/image_array": "3930_cam-image_array_.jpg", "user/angle": 0.007628183811903, "user/throttle": 0.8420389890670776, "user/mode": "local", "pos/pos_x": 78.91661, "pos/pos_y": 0.5561484, "pos/pos_z": 50.43748, "pos/speed": 11.4624, "pos/cte": -0.8372628, "pilot/angle": 0.0, "pilot/throttle": 0.0, "milliseconds": 196712}