{"cam/image_array": "3650_cam-image_array_.jpg", "user/angle": 0.8666399717330933, "user/throttle": 0.1813371777534485, "user/mode": "local", "pos/pos_x": 85.93617, "pos/pos_y": 0.5551466, "pos/pos_z": -3.235054, "pos/speed": 10.28148, "pos/cte": -1.245641, "pilot/angle": 0.0, "pilot/throttle": 0.0, "milliseconds": 182694}