{"cam/image_array": "5164_cam-image_array_.jpg", "user/angle": 0.7415984869003296, "user/throttle": 0.829965353012085, "user/mode": "local", "pos/pos_x": 82.01026, "pos/pos_y": 0.5521318, "pos/pos_z": -7.378844, "pos/speed": 9.385316, "pos/cte": -3.73464, "pilot/angle": 0.0, "pilot/throttle": 0.0, "milliseconds": 258492}