{"cam/image_array": "4907_cam-image_array_.jpg", "user/angle": 0.03350694850087166, "user/throttle": 0.8971455097198486, "user/mode": "local", "pos/pos_x": 45.46527, "pos/pos_y": 0.5555693, "pos/pos_z": 29.21029, "pos/speed": 12.82723, "pos/cte": -3.828813, "pilot/angle": 0.0, "pilot/throttle": 0.0, "milliseconds": 245625}