{"cam/image_array": "3726_cam-image_array_.jpg", "user/angle": 0.11849044263362885, "user/throttle": 0.7610689401626587, "user/mode": "local", "pos/pos_x": 53.82056, "pos/pos_y": 0.5564401, "pos/pos_z": 2.860378, "pos/speed": 10.917, "pos/cte": 2.747626, "pilot/angle": 0.0, "pilot/throttle": 0.0, "milliseconds": 186499}