{"cam/image_array": "582_cam-image_array_.jpg", "user/angle": -0.13496941328048706, "user/throttle": 0.5247207880020142, "user/mode": "local", "pos/pos_x": 79.48843, "pos/pos_y": 0.5542314, "pos/pos_z": 27.8619, "pos/speed": 13.25518, "pos/cte": -6.821119, "pilot/angle": 0.0, "pilot/throttle": 0.0, "milliseconds": 29096}