{"cam/image_array": "5084_cam-image_array_.jpg", "user/angle": -0.15845273435115814, "user/throttle": 0.8198974132537842, "user/mode": "local", "pos/pos_x": 78.45359, "pos/pos_y": 0.5553305, "pos/pos_z": 37.33674, "pos/speed": 12.88078, "pos/cte": -5.914401, "pilot/angle": 0.0, "pilot/throttle": 0.0, "milliseconds": 254487}