{"cam/image_array": "2941_cam-image_array_.jpg", "user/angle": 0.26828038692474365, "user/throttle": 0.38171467185020447, "user/mode": "local", "pos/pos_x": 65.99553, "pos/pos_y": 0.5553586, "pos/pos_z": -5.941185, "pos/speed": 9.625063, "pos/cte": -2.157281, "pilot/angle": 0.0, "pilot/throttle": 0.0, "milliseconds": 147198}