{"cam/image_array": "1019_cam-image_array_.jpg", "user/angle": 0.974501371383667, "user/throttle": 0.6917908191680908, "user/mode": "local", "pos/pos_x": 87.1777, "pos/pos_y": 0.5538985, "pos/pos_z": -4.627381, "pos/speed": 9.016366, "pos/cte": -3.107059, "pilot/angle": 0.0, "pilot/throttle": 0.0, "milliseconds": 50975}