{"cam/image_array": "3953_cam-image_array_.jpg", "user/angle": -0.23054581880569458, "user/throttle": 0.8467137813568115, "user/mode": "local", "pos/pos_x": 78.32683, "pos/pos_y": 0.5516004, "pos/pos_z": 37.17125, "pos/speed": 12.67854, "pos/cte": -5.85015, "pilot/angle": 0.0, "pilot/throttle": 0.0, "milliseconds": 197864}