{"cam/image_array": "830_cam-image_array_.jpg", "user/angle": 0.28393471240997314, "user/throttle": 0.2619174122810364, "user/mode": "local", "pos/pos_x": 51.69305, "pos/pos_y": 0.5564287, "pos/pos_z": 70.6588, "pos/speed": 11.97419, "pos/cte": 2.003048, "pilot/angle": 0.0, "pilot/throttle": 0.0, "milliseconds": 41512}