{"cam/image_array": "2667_cam-image_array_.jpg", "user/angle": 0.01513691246509552, "user/throttle": 0.591694712638855, "user/mode": "local", "pos/pos_x": 45.3065, "pos/pos_y": 0.5559901, "pos/pos_z": 46.83569, "pos/speed": 13.83246, "pos/cte": -4.141387, "pilot/angle": 0.0, "pilot/throttle": 0.0, "milliseconds": 133481}