{"cam/image_array": "4503_cam-image_array_.jpg", "user/angle": 0.3038022816181183, "user/throttle": 0.7180814743041992, "user/mode": "local", "pos/pos_x": 47.37321, "pos/pos_y": 0.5559505, "pos/pos_z": 18.0462, "pos/speed": 11.77283, "pos/cte": -2.294757, "pilot/angle": 0.0, "pilot/throttle": 0.0, "milliseconds": 225399}