{"cam/image_array": "1838_cam-image_array_.jpg", "user/angle": 0.13915717601776123, "user/throttle": 0.6471925973892212, "user/mode": "local", "pos/pos_x": 55.43707, "pos/pos_y": 0.5534931, "pos/pos_z": 0.4625951, "pos/speed": 10.54409, "pos/cte": 2.491049, "pilot/angle": 0.0, "pilot/throttle": 0.0, "milliseconds": 91977}