{"cam/image_array": "3793_cam-image_array_.jpg", "user/angle": -0.03405476361513138, "user/throttle": 0.6577109098434448, "user/mode": "local", "pos/pos_x": 44.71959, "pos/pos_y": 0.555194, "pos/pos_z": 43.1912, "pos/speed": 14.14715, "pos/cte": -4.696473, "pilot/angle": 0.0, "pilot/throttle": 0.0, "milliseconds": 189853}