{"cam/image_array": "1759_cam-image_array_.jpg", "user/angle": 0.8721910119056702, "user/throttle": 0.06289544701576233, "user/mode": "local", "pos/pos_x": 87.93412, "pos/pos_y": 0.5546047, "pos/pos_z": -1.686649, "pos/speed": 10.24572, "pos/cte": -1.566077, "pilot/angle": 0.0, "pilot/throttle": 0.0, "milliseconds": 88022}