{"cam/image_array": "5237_cam-image_array_.jpg", "user/angle": 0.1161360889673233, "user/throttle": 0.7122417688369751, "user/mode": "local", "pos/pos_x": 51.4428, "pos/pos_y": 0.5564425, "pos/pos_z": 8.09234, "pos/speed": 11.26277, "pos/cte": 1.336783, "pilot/angle": 0.0, "pilot/throttle": 0.0, "milliseconds": 262147}