{"cam/image_array": "190_cam-image_array_.jpg", "user/angle": -0.13789944350719452, "user/throttle": 0.8963786363601685, "user/mode": "local", "pos/pos_x": 77.80038, "pos/pos_y": 0.5559768, "pos/pos_z": 50.09297, "pos/speed": 11.74768, "pos/cte": 0.2068014, "pilot/angle": 0.0, "pilot/throttle": 0.0, "milliseconds": 9471}