{"cam/image_array": "5304_cam-image_array_.jpg", "user/angle": 0.55917888879776, "user/throttle": 0.32124650478363037, "user/mode": "local", "pos/pos_x": 43.59838, "pos/pos_y": 0.5611661, "pos/pos_z": 50.47336, "pos/speed": 13.96328, "pos/cte": -6.091621, "pilot/angle": 0.0, "pilot/throttle": 0.0, "milliseconds": 265501}