{"cam/image_array": "196_cam-image_array_.jpg", "user/angle": -0.41129162907600403, "user/throttle": 1.019860863685608, "user/mode": "local", "pos/pos_x": 77.25619, "pos/pos_y": 0.5554434, "pos/pos_z": 45.81717, "pos/speed": 12.25883, "pos/cte": -1.145398, "pilot/angle": 0.0, "pilot/throttle": 0.0, "milliseconds": 9772}