{"cam/image_array": "1632_cam-image_array_.jpg", "user/angle": 0.17725013196468353, "user/throttle": 0.4765956997871399, "user/mode": "local", "pos/pos_x": 72.86585, "pos/pos_y": 0.5525917, "pos/pos_z": 69.83955, "pos/speed": 9.341068, "pos/cte": -3.966668, "pilot/angle": 0.0, "pilot/throttle": 0.0, "milliseconds": 81665}