{"cam/image_array": "5612_cam-image_array_.jpg", "user/angle": 0.10766094923019409, "user/throttle": 0.8033046722412109, "user/mode": "local", "pos/pos_x": 51.22927, "pos/pos_y": 0.5555934, "pos/pos_z": 8.241511, "pos/speed": 11.18968, "pos/cte": 1.129969, "pilot/angle": 0.0, "pilot/throttle": 0.0, "milliseconds": 280922}