{"cam/image_array": "1879_cam-image_array_.jpg", "user/angle": 0.13835395872592926, "user/throttle": 0.7607778310775757, "user/mode": "local", "pos/pos_x": 46.74032, "pos/pos_y": 0.556406, "pos/pos_z": 21.33318, "pos/speed": 12.24088, "pos/cte": -2.783664, "pilot/angle": 0.0, "pilot/throttle": 0.0, "milliseconds": 94030}