{"cam/image_array": "4623_cam-image_array_.jpg", "user/angle": 0.8269191384315491, "user/throttle": 0.7339118719100952, "user/mode": "local", "pos/pos_x": 62.97505, "pos/pos_y": 0.555874, "pos/pos_z": 80.90357, "pos/speed": 7.887874, "pos/cte": -4.224065, "pilot/angle": 0.0, "pilot/throttle": 0.0, "milliseconds": 231407}