{"cam/image_array": "3193_cam-image_array_.jpg", "user/angle": -0.07573720812797546, "user/throttle": 0.7067828178405762, "user/mode": "local", "pos/pos_x": 77.97443, "pos/pos_y": 0.5552897, "pos/pos_z": 41.23988, "pos/speed": 11.82758, "pos/cte": -4.024493, "pilot/angle": 0.0, "pilot/throttle": 0.0, "milliseconds": 159815}