{"cam/image_array": "4496_cam-image_array_.jpg", "user/angle": 0.11164121329784393, "user/throttle": 0.7109634876251221, "user/mode": "local", "pos/pos_x": 48.87149, "pos/pos_y": 0.5552325, "pos/pos_z": 13.64887, "pos/speed": 11.43857, "pos/cte": -0.9897109, "pilot/angle": 0.0, "pilot/throttle": 0.0, "milliseconds": 225049}