{"cam/image_array": "1781_cam-image_array_.jpg", "user/angle": 0.7180861830711365, "user/throttle": 0.8043694496154785, "user/mode": "local", "pos/pos_x": 81.33898, "pos/pos_y": 0.5543661, "pos/pos_z": -9.088318, "pos/speed": 9.205168, "pos/cte": -5.438191, "pilot/angle": 0.0, "pilot/throttle": 0.0, "milliseconds": 89124}