{"cam/image_array": "294_cam-image_array_.jpg", "user/angle": 0.7051362991333008, "user/throttle": 0.7569379806518555, "user/mode": "local", "pos/pos_x": 76.5349, "pos/pos_y": 0.5532001, "pos/pos_z": -7.128855, "pos/speed": 9.493513, "pos/cte": -3.43688, "pilot/angle": 0.0, "pilot/throttle": 0.0, "milliseconds": 14678}