{"cam/image_array": "3539_cam-image_array_.jpg", "user/angle": 0.2934703230857849, "user/throttle": 0.8008618354797363, "user/mode": "local", "pos/pos_x": 76.42021, "pos/pos_y": 0.5561175, "pos/pos_z": 61.28795, "pos/speed": 9.927343, "pos/cte": -1.115604, "pilot/angle": 0.0, "pilot/throttle": 0.0, "milliseconds": 177137}