{"cam/image_array": "1793_cam-image_array_.jpg", "user/angle": 0.14730946719646454, "user/throttle": 0.8558182716369629, "user/mode": "local", "pos/pos_x": 76.76962, "pos/pos_y": 0.5530657, "pos/pos_z": -9.783642, "pos/speed": 9.343968, "pos/cte": -6.093614, "pilot/angle": 0.0, "pilot/throttle": 0.0, "milliseconds": 89725}