{"cam/image_array": "876_cam-image_array_.jpg", "user/angle": 0.4362517297267914, "user/throttle": 0.4990614056587219, "user/mode": "local", "pos/pos_x": 73.36015, "pos/pos_y": 0.5532981, "pos/pos_z": 73.31725, "pos/speed": 9.076604, "pos/cte": -6.601117, "pilot/angle": 0.0, "pilot/throttle": 0.0, "milliseconds": 43816}