{"cam/image_array": "309_cam-image_array_.jpg", "user/angle": 0.28809213638305664, "user/throttle": 0.6881610155105591, "user/mode": "local", "pos/pos_x": 69.02648, "pos/pos_y": 0.5525886, "pos/pos_z": -7.385867, "pos/speed": 9.643172, "pos/cte": -3.628359, "pilot/angle": 0.0, "pilot/throttle": 0.0, "milliseconds": 15429}