{"cam/image_array": "5195_cam-image_array_.jpg", "user/angle": 0.2283029556274414, "user/throttle": 0.5663626194000244, "user/mode": "local", "pos/pos_x": 66.58705, "pos/pos_y": 0.5527056, "pos/pos_z": -7.274934, "pos/speed": 10.38586, "pos/cte": -3.496142, "pilot/angle": 0.0, "pilot/throttle": 0.0, "milliseconds": 260044}