{"cam/image_array": "1395_cam-image_array_.jpg", "user/angle": 1.13397216796875, "user/throttle": 0.31601497530937195, "user/mode": "local", "pos/pos_x": 84.08235, "pos/pos_y": 0.5542923, "pos/pos_z": -2.830723, "pos/speed": 9.840173, "pos/cte": -0.009865673, "pilot/angle": 0.0, "pilot/throttle": 0.0, "milliseconds": 69799}