{"cam/image_array": "687_cam-image_array_.jpg", "user/angle": 0.07637673616409302, "user/throttle": 0.6124076843261719, "user/mode": "local", "pos/pos_x": 66.2196, "pos/pos_y": 0.5548314, "pos/pos_z": -7.109911, "pos/speed": 10.30547, "pos/cte": -3.327918, "pilot/angle": 0.0, "pilot/throttle": 0.0, "milliseconds": 34353}