{"cam/image_array": "2837_cam-image_array_.jpg", "user/angle": -0.06986330449581146, "user/throttle": 0.2267131805419922, "user/mode": "local", "pos/pos_x": 79.99451, "pos/pos_y": 0.5558503, "pos/pos_z": 28.11032, "pos/speed": 12.66252, "pos/cte": -7.375181, "pilot/angle": 0.0, "pilot/throttle": 0.0, "milliseconds": 141992}