{"cam/image_array": "3058_cam-image_array_.jpg", "user/angle": 0.4401613771915436, "user/throttle": 0.16541963815689087, "user/mode": "local", "pos/pos_x": 44.69427, "pos/pos_y": 0.5504568, "pos/pos_z": 55.63149, "pos/speed": 13.63763, "pos/cte": -4.995731, "pilot/angle": 0.0, "pilot/throttle": 0.0, "milliseconds": 153056}