{"cam/image_array": "1616_cam-image_array_.jpg", "user/angle": 0.917241096496582, "user/throttle": 0.755241870880127, "user/mode": "local", "pos/pos_x": 67.30107, "pos/pos_y": 0.5531813, "pos/pos_z": 74.6337, "pos/speed": 9.524057, "pos/cte": -2.848722, "pilot/angle": 0.0, "pilot/throttle": 0.0, "milliseconds": 80863}