{"cam/image_array": "2433_cam-image_array_.jpg", "user/angle": -0.06500782072544098, "user/throttle": 0.8694727420806885, "user/mode": "local", "pos/pos_x": 78.8362, "pos/pos_y": 0.5555438, "pos/pos_z": 46.95565, "pos/speed": 11.85223, "pos/cte": -1.959949, "pilot/angle": 0.0, "pilot/throttle": 0.0, "milliseconds": 121766}