{"cam/image_array": "4335_cam-image_array_.jpg", "user/angle": -0.17441007494926453, "user/throttle": 0.35636287927627563, "user/mode": "local", "pos/pos_x": 79.42278, "pos/pos_y": 0.5545983, "pos/pos_z": 29.58346, "pos/speed": 12.91018, "pos/cte": -7.262901, "pilot/angle": 0.0, "pilot/throttle": 0.0, "milliseconds": 216988}