{"cam/image_array": "1622_cam-image_array_.jpg", "user/angle": 0.6856957077980042, "user/throttle": 0.6924295425415039, "user/mode": "local", "pos/pos_x": 69.78185, "pos/pos_y": 0.5529977, "pos/pos_z": 73.28601, "pos/speed": 9.367427, "pos/cte": -3.859865, "pilot/angle": 0.0, "pilot/throttle": 0.0, "milliseconds": 81164}