{"cam/image_array": "2845_cam-image_array_.jpg", "user/angle": -0.013050377368927002, "user/throttle": 0.45006707310676575, "user/mode": "local", "pos/pos_x": 81.27167, "pos/pos_y": 0.554482, "pos/pos_z": 23.27949, "pos/speed": 12.41642, "pos/cte": -6.434102, "pilot/angle": 0.0, "pilot/throttle": 0.0, "milliseconds": 142392}