{"cam/image_array": "2575_cam-image_array_.jpg", "user/angle": 0.43144577741622925, "user/throttle": 0.6487724781036377, "user/mode": "local", "pos/pos_x": 61.00343, "pos/pos_y": 0.5548669, "pos/pos_z": -3.611299, "pos/speed": 10.35695, "pos/cte": 0.2160796, "pilot/angle": 0.0, "pilot/throttle": 0.0, "milliseconds": 128875}