{"cam/image_array": "2502_cam-image_array_.jpg", "user/angle": 0.8733007311820984, "user/throttle": 0.18677961826324463, "user/mode": "local", "pos/pos_x": 87.66991, "pos/pos_y": 0.5542182, "pos/pos_z": 4.935935, "pos/speed": 11.19148, "pos/cte": 0.5078046, "pilot/angle": 0.0, "pilot/throttle": 0.0, "milliseconds": 125220}