{"cam/image_array": "2172_cam-image_array_.jpg", "user/angle": 0.1507517397403717, "user/throttle": 0.6249403953552246, "user/mode": "local", "pos/pos_x": 75.87565, "pos/pos_y": 0.5523487, "pos/pos_z": -10.37359, "pos/speed": 9.619703, "pos/cte": -6.675739, "pilot/angle": 0.0, "pilot/throttle": 0.0, "milliseconds": 108699}