{"cam/image_array": "1701_cam-image_array_.jpg", "user/angle": -0.18303772807121277, "user/throttle": 0.46538445353507996, "user/mode": "local", "pos/pos_x": 79.00557, "pos/pos_y": 0.5560617, "pos/pos_z": 32.7131, "pos/speed": 12.87968, "pos/cte": -7.121638, "pilot/angle": 0.0, "pilot/throttle": 0.0, "milliseconds": 85119}