{"cam/image_array": "3887_cam-image_array_.jpg", "user/angle": 0.20972581207752228, "user/throttle": 0.47114184498786926, "user/mode": "local", "pos/pos_x": 72.47197, "pos/pos_y": 0.551663, "pos/pos_z": 71.33014, "pos/speed": 9.251304, "pos/cte": -4.635214, "pilot/angle": 0.0, "pilot/throttle": 0.0, "milliseconds": 194559}