{"cam/image_array": "543_cam-image_array_.jpg", "user/angle": -0.0190696083009243, "user/throttle": 0.9817382097244263, "user/mode": "local", "pos/pos_x": 78.50999, "pos/pos_y": 0.5534483, "pos/pos_z": 51.60581, "pos/speed": 11.4529, "pos/cte": -0.243387, "pilot/angle": 0.0, "pilot/throttle": 0.0, "milliseconds": 27144}