{"cam/image_array": "17_cam-image_array_.jpg", "user/angle": -0.11556676030158997, "user/throttle": 0.7372332811355591, "user/mode": "local", "pos/pos_x": 49.69163, "pos/pos_y": 0.5593265, "pos/pos_z": 48.50547, "pos/speed": 2.503042, "pos/cte": 0.001628876, "pilot/angle": 0.0, "pilot/throttle": 0.0, "milliseconds": 810}