{"cam/image_array": "2277_cam-image_array_.jpg", "user/angle": -0.07614688575267792, "user/throttle": 0.8732112646102905, "user/mode": "local", "pos/pos_x": 45.23948, "pos/pos_y": 0.5551477, "pos/pos_z": 33.69207, "pos/speed": 13.4645, "pos/cte": -4.093705, "pilot/angle": 0.0, "pilot/throttle": 0.0, "milliseconds": 113955}