{"cam/image_array": "1708_cam-image_array_.jpg", "user/angle": -0.11541919410228729, "user/throttle": 0.5135624408721924, "user/mode": "local", "pos/pos_x": 79.9856, "pos/pos_y": 0.5545388, "pos/pos_z": 27.64301, "pos/speed": 12.8945, "pos/cte": -7.241712, "pilot/angle": 0.0, "pilot/throttle": 0.0, "milliseconds": 85469}