{"cam/image_array": "4402_cam-image_array_.jpg", "user/angle": 0.9512625336647034, "user/throttle": 0.7531254291534424, "user/mode": "local", "pos/pos_x": 84.00449, "pos/pos_y": 0.5523262, "pos/pos_z": -6.275037, "pos/speed": 9.267343, "pos/cte": -3.159654, "pilot/angle": 0.0, "pilot/throttle": 0.0, "milliseconds": 220342}