{"cam/image_array": "4650_cam-image_array_.jpg", "user/angle": 0.13797569274902344, "user/throttle": 0.8206194639205933, "user/mode": "local", "pos/pos_x": 70.87882, "pos/pos_y": 0.5561569, "pos/pos_z": 74.2584, "pos/speed": 8.831263, "pos/cte": -5.325529, "pilot/angle": 0.0, "pilot/throttle": 0.0, "milliseconds": 232759}