{"cam/image_array": "4705_cam-image_array_.jpg", "user/angle": -0.13817951083183289, "user/throttle": 0.8124819993972778, "user/mode": "local", "pos/pos_x": 78.21479, "pos/pos_y": 0.561111, "pos/pos_z": 46.45639, "pos/speed": 11.90431, "pos/cte": -1.664956, "pilot/angle": 0.0, "pilot/throttle": 0.0, "milliseconds": 235513}