{"cam/image_array": "2729_cam-image_array_.jpg", "user/angle": 1.0085389614105225, "user/throttle": 0.5836968421936035, "user/mode": "local", "pos/pos_x": 60.42399, "pos/pos_y": 0.5534394, "pos/pos_z": 76.21381, "pos/speed": 9.963606, "pos/cte": 1.09046, "pilot/angle": 0.0, "pilot/throttle": 0.0, "milliseconds": 136585}