{"cam/image_array": "809_cam-image_array_.jpg", "user/angle": 0.46243950724601746, "user/throttle": 0.1620669960975647, "user/mode": "local", "pos/pos_x": 44.49689, "pos/pos_y": 0.5529974, "pos/pos_z": 59.89586, "pos/speed": 13.00312, "pos/cte": -5.193111, "pilot/angle": 0.0, "pilot/throttle": 0.0, "milliseconds": 40461}