{"cam/image_array": "5104_cam-image_array_.jpg", "user/angle": -0.03977372869849205, "user/throttle": 0.6188913583755493, "user/mode": "local", "pos/pos_x": 80.56583, "pos/pos_y": 0.5514161, "pos/pos_z": 23.55982, "pos/speed": 13.24302, "pos/cte": -5.968204, "pilot/angle": 0.0, "pilot/throttle": 0.0, "milliseconds": 255489}