{"cam/image_array": "4166_cam-image_array_.jpg", "user/angle": 0.15276740491390228, "user/throttle": 0.39030784368515015, "user/mode": "local", "pos/pos_x": 44.64153, "pos/pos_y": 0.5555422, "pos/pos_z": 44.69449, "pos/speed": 14.2852, "pos/cte": -4.787644, "pilot/angle": 0.0, "pilot/throttle": 0.0, "milliseconds": 208527}