{"cam/image_array": "4173_cam-image_array_.jpg", "user/angle": 0.34687191247940063, "user/throttle": 0.24152842164039612, "user/mode": "local", "pos/pos_x": 44.26479, "pos/pos_y": 0.5569695, "pos/pos_z": 48.96339, "pos/speed": 14.14781, "pos/cte": -5.425205, "pilot/angle": 0.0, "pilot/throttle": 0.0, "milliseconds": 208878}