{"cam/image_array": "117_cam-image_array_.jpg", "user/angle": 0.6764170527458191, "user/throttle": 0.8571145534515381, "user/mode": "local", "pos/pos_x": 63.68609, "pos/pos_y": 0.5532112, "pos/pos_z": 82.31617, "pos/speed": 8.175223, "pos/cte": -5.540465, "pilot/angle": 0.0, "pilot/throttle": 0.0, "milliseconds": 5817}