{"cam/image_array": "899_cam-image_array_.jpg", "user/angle": -0.0491846464574337, "user/throttle": 0.7589125633239746, "user/mode": "local", "pos/pos_x": 77.12343, "pos/pos_y": 0.5546047, "pos/pos_z": 64.31895, "pos/speed": 9.378388, "pos/cte": -3.618807, "pilot/angle": 0.0, "pilot/throttle": 0.0, "milliseconds": 44968}