{"cam/image_array": "4127_cam-image_array_.jpg", "user/angle": 0.1764853596687317, "user/throttle": 0.7139596939086914, "user/mode": "local", "pos/pos_x": 47.41023, "pos/pos_y": 0.5546448, "pos/pos_z": 18.63787, "pos/speed": 12.26801, "pos/cte": -2.231962, "pilot/angle": 0.0, "pilot/throttle": 0.0, "milliseconds": 206575}