{"cam/image_array": "3723_cam-image_array_.jpg", "user/angle": 0.1444941759109497, "user/throttle": 0.6815497875213623, "user/mode": "local", "pos/pos_x": 54.39376, "pos/pos_y": 0.5551687, "pos/pos_z": 1.938947, "pos/speed": 10.72913, "pos/cte": 2.787821, "pilot/angle": 0.0, "pilot/throttle": 0.0, "milliseconds": 186349}