{"cam/image_array": "1734_cam-image_array_.jpg", "user/angle": 0.21458442509174347, "user/throttle": 0.11261064559221268, "user/mode": "local", "pos/pos_x": 85.37363, "pos/pos_y": 0.5547738, "pos/pos_z": 13.24612, "pos/speed": 12.71414, "pos/cte": -2.39449, "pilot/angle": 0.0, "pilot/throttle": 0.0, "milliseconds": 86771}