{"cam/image_array": "1746_cam-image_array_.jpg", "user/angle": 1.041405439376831, "user/throttle": 0.20275753736495972, "user/mode": "local", "pos/pos_x": 88.01946, "pos/pos_y": 0.5547017, "pos/pos_z": 6.371025, "pos/speed": 11.89022, "pos/cte": -0.03907741, "pilot/angle": 0.0, "pilot/throttle": 0.0, "milliseconds": 87372}