{"cam/image_array": "3075_cam-image_array_.jpg", "user/angle": 0.23510506749153137, "user/throttle": 0.1268521249294281, "user/mode": "local", "pos/pos_x": 46.84726, "pos/pos_y": 0.5520608, "pos/pos_z": 65.68459, "pos/speed": 11.9943, "pos/cte": -2.842743, "pilot/angle": 0.0, "pilot/throttle": 0.0, "milliseconds": 153907}