{"cam/image_array": "3562_cam-image_array_.jpg", "user/angle": -0.06067151203751564, "user/throttle": 0.8302843570709229, "user/mode": "local", "pos/pos_x": 78.68573, "pos/pos_y": 0.5562282, "pos/pos_z": 48.75784, "pos/speed": 11.59052, "pos/cte": -1.10459, "pilot/angle": 0.0, "pilot/throttle": 0.0, "milliseconds": 178289}