{"cam/image_array": "3087_cam-image_array_.jpg", "user/angle": 0.45851799845695496, "user/throttle": 0.11807329952716827, "user/mode": "local", "pos/pos_x": 51.03534, "pos/pos_y": 0.552518, "pos/pos_z": 71.06998, "pos/speed": 11.00791, "pos/cte": 1.345341, "pilot/angle": 0.0, "pilot/throttle": 0.0, "milliseconds": 154508}