{"cam/image_array": "5096_cam-image_array_.jpg", "user/angle": -0.168806791305542, "user/throttle": 0.5209176540374756, "user/mode": "local", "pos/pos_x": 79.13747, "pos/pos_y": 0.553735, "pos/pos_z": 28.64733, "pos/speed": 13.38334, "pos/cte": -6.729445, "pilot/angle": 0.0, "pilot/throttle": 0.0, "milliseconds": 255088}