{"cam/image_array": "2933_cam-image_array_.jpg", "user/angle": 0.14552617073059082, "user/throttle": 0.3568221628665924, "user/mode": "local", "pos/pos_x": 69.69243, "pos/pos_y": 0.557337, "pos/pos_z": -7.015728, "pos/speed": 9.600492, "pos/cte": -3.264045, "pilot/angle": 0.0, "pilot/throttle": 0.0, "milliseconds": 146798}