{"cam/image_array": "2105_cam-image_array_.jpg", "user/angle": 0.1300262063741684, "user/throttle": 0.09754011780023575, "user/mode": "local", "pos/pos_x": 84.69173, "pos/pos_y": 0.5536119, "pos/pos_z": 14.16036, "pos/speed": 13.06156, "pos/cte": -2.568612, "pilot/angle": 0.0, "pilot/throttle": 0.0, "milliseconds": 105344}