{"cam/image_array": "2333_cam-image_array_.jpg", "user/angle": 0.2520068883895874, "user/throttle": 0.2964424192905426, "user/mode": "local", "pos/pos_x": 50.26834, "pos/pos_y": 0.5566016, "pos/pos_z": 69.35152, "pos/speed": 12.21139, "pos/cte": 0.5783386, "pilot/angle": 0.0, "pilot/throttle": 0.0, "milliseconds": 116759}