{"cam/image_array": "4119_cam-image_array_.jpg", "user/angle": 0.10375159978866577, "user/throttle": 0.800257682800293, "user/mode": "local", "pos/pos_x": 48.90684, "pos/pos_y": 0.5565665, "pos/pos_z": 14.07104, "pos/speed": 11.89834, "pos/cte": -0.9359753, "pilot/angle": 0.0, "pilot/throttle": 0.0, "milliseconds": 206174}