{"cam/image_array": "2343_cam-image_array_.jpg", "user/angle": 0.7768471240997314, "user/throttle": 0.520702600479126, "user/mode": "local", "pos/pos_x": 54.83411, "pos/pos_y": 0.5543098, "pos/pos_z": 73.2095, "pos/speed": 11.74966, "pos/cte": 4.295151, "pilot/angle": 0.0, "pilot/throttle": 0.0, "milliseconds": 117260}