{"cam/image_array": "3555_cam-image_array_.jpg", "user/angle": 0.05469321832060814, "user/throttle": 0.9272881746292114, "user/mode": "local", "pos/pos_x": 78.58541, "pos/pos_y": 0.5539466, "pos/pos_z": 53.27163, "pos/speed": 10.88168, "pos/cte": -0.2337854, "pilot/angle": 0.0, "pilot/throttle": 0.0, "milliseconds": 177938}