{"cam/image_array": "5186_cam-image_array_.jpg", "user/angle": 0.17720791697502136, "user/throttle": 0.6526942253112793, "user/mode": "local", "pos/pos_x": 71.53381, "pos/pos_y": 0.5591607, "pos/pos_z": -8.728213, "pos/speed": 10.10878, "pos/cte": -4.992535, "pilot/angle": 0.0, "pilot/throttle": 0.0, "milliseconds": 259594}