{"cam/image_array": "518_cam-image_array_.jpg", "user/angle": 0.0502004474401474, "user/throttle": 0.5854955911636353, "user/mode": "local", "pos/pos_x": 75.07925, "pos/pos_y": 0.5565969, "pos/pos_z": 64.74045, "pos/speed": 9.615702, "pos/cte": -2.338142, "pilot/angle": 0.0, "pilot/throttle": 0.0, "milliseconds": 25892}