{"cam/image_array": "3250_cam-image_array_.jpg", "user/angle": 0.7462731599807739, "user/throttle": 0.06790518760681152, "user/mode": "local", "pos/pos_x": 87.1171, "pos/pos_y": 0.5521768, "pos/pos_z": 7.265087, "pos/speed": 11.51329, "pos/cte": 0.2846511, "pilot/angle": 0.0, "pilot/throttle": 0.0, "milliseconds": 162668}