{"cam/image_array": "695_cam-image_array_.jpg", "user/angle": 0.24470287561416626, "user/throttle": 0.5620750188827515, "user/mode": "local", "pos/pos_x": 62.48027, "pos/pos_y": 0.5567201, "pos/pos_z": -5.297449, "pos/speed": 10.55644, "pos/cte": -1.482894, "pilot/angle": 0.0, "pilot/throttle": 0.0, "milliseconds": 34754}