{"cam/image_array": "102_cam-image_array_.jpg", "user/angle": 0.7424938678741455, "user/throttle": 0.4894029498100281, "user/mode": "local", "pos/pos_x": 56.96206, "pos/pos_y": 0.5535342, "pos/pos_z": 82.95437, "pos/speed": 8.505486, "pos/cte": -4.636098, "pilot/angle": 0.0, "pilot/throttle": 0.0, "milliseconds": 5066}