{"cam/image_array": "1401_cam-image_array_.jpg", "user/angle": 0.8490347862243652, "user/throttle": 0.6468949317932129, "user/mode": "local", "pos/pos_x": 82.20223, "pos/pos_y": 0.5519941, "pos/pos_z": -5.048436, "pos/speed": 9.505451, "pos/cte": -1.496032, "pilot/angle": 0.0, "pilot/throttle": 0.0, "milliseconds": 70099}