{"cam/image_array": "2158_cam-image_array_.jpg", "user/angle": 0.6901925206184387, "user/throttle": 0.7185878753662109, "user/mode": "local", "pos/pos_x": 82.33953, "pos/pos_y": 0.5516441, "pos/pos_z": -10.04239, "pos/speed": 9.297023, "pos/cte": -6.345052, "pilot/angle": 0.0, "pilot/throttle": 0.0, "milliseconds": 107998}