{"cam/image_array": "1870_cam-image_array_.jpg", "user/angle": 0.07909621298313141, "user/throttle": 0.6692144870758057, "user/mode": "local", "pos/pos_x": 48.4314, "pos/pos_y": 0.5557241, "pos/pos_z": 15.53376, "pos/speed": 11.86968, "pos/cte": -1.347161, "pilot/angle": 0.0, "pilot/throttle": 0.0, "milliseconds": 93579}