{"cam/image_array": "4512_cam-image_array_.jpg", "user/angle": 0.07417349517345428, "user/throttle": 0.7600762844085693, "user/mode": "local", "pos/pos_x": 46.20784, "pos/pos_y": 0.5540687, "pos/pos_z": 22.6648, "pos/speed": 12.03301, "pos/cte": -3.257551, "pilot/angle": 0.0, "pilot/throttle": 0.0, "milliseconds": 225850}