{"cam/image_array": "4670_cam-image_array_.jpg", "user/angle": -0.04642992094159126, "user/throttle": 0.840831995010376, "user/mode": "local", "pos/pos_x": 74.23975, "pos/pos_y": 0.555855, "pos/pos_z": 65.40437, "pos/speed": 10.07037, "pos/cte": -2.130966, "pilot/angle": 0.0, "pilot/throttle": 0.0, "milliseconds": 233760}