{"cam/image_array": "4081_cam-image_array_.jpg", "user/angle": 0.433437317609787, "user/throttle": 0.5948386192321777, "user/mode": "local", "pos/pos_x": 59.30403, "pos/pos_y": 0.5538116, "pos/pos_z": -2.926061, "pos/speed": 10.69877, "pos/cte": 0.9161216, "pilot/angle": 0.0, "pilot/throttle": 0.0, "milliseconds": 204272}