{"cam/image_array": "5685_cam-image_array_.jpg", "user/angle": 0.605473518371582, "user/throttle": 0.32355400919914246, "user/mode": "local", "pos/pos_x": 44.12015, "pos/pos_y": 0.5529482, "pos/pos_z": 54.50599, "pos/speed": 13.76149, "pos/cte": -5.569851, "pilot/angle": 0.0, "pilot/throttle": 0.0, "milliseconds": 284576}