{"cam/image_array": "4261_cam-image_array_.jpg", "user/angle": 0.09063440561294556, "user/throttle": 0.37191563844680786, "user/mode": "local", "pos/pos_x": 72.98758, "pos/pos_y": 0.5534898, "pos/pos_z": 70.06657, "pos/speed": 9.107841, "pos/cte": -4.206663, "pilot/angle": 0.0, "pilot/throttle": 0.0, "milliseconds": 213283}