{"cam/image_array": "5414_cam-image_array_.jpg", "user/angle": 0.13497009873390198, "user/throttle": 0.899282693862915, "user/mode": "local", "pos/pos_x": 77.80679, "pos/pos_y": 0.5573553, "pos/pos_z": 60.87796, "pos/speed": 9.663339, "pos/cte": -1.903702, "pilot/angle": 0.0, "pilot/throttle": 0.0, "milliseconds": 271009}