{"cam/image_array": "5603_cam-image_array_.jpg", "user/angle": 0.10387007892131805, "user/throttle": 0.7159347534179688, "user/mode": "local", "pos/pos_x": 53.13016, "pos/pos_y": 0.5559527, "pos/pos_z": 4.518289, "pos/speed": 10.80182, "pos/cte": 2.773557, "pilot/angle": 0.0, "pilot/throttle": 0.0, "milliseconds": 280471}