{"cam/image_array": "4418_cam-image_array_.jpg", "user/angle": 0.18460074067115784, "user/throttle": 0.880295991897583, "user/mode": "local", "pos/pos_x": 77.29151, "pos/pos_y": 0.5545576, "pos/pos_z": -8.83709, "pos/speed": 9.288448, "pos/cte": -5.151652, "pilot/angle": 0.0, "pilot/throttle": 0.0, "milliseconds": 221144}