{"cam/image_array": "5407_cam-image_array_.jpg", "user/angle": 0.02111627534031868, "user/throttle": 0.6516909599304199, "user/mode": "local", "pos/pos_x": 77.20122, "pos/pos_y": 0.5537637, "pos/pos_z": 63.66163, "pos/speed": 9.256608, "pos/cte": -3.251067, "pilot/angle": 0.0, "pilot/throttle": 0.0, "milliseconds": 270658}