{"cam/image_array": "4141_cam-image_array_.jpg", "user/angle": 0.040091622620821, "user/throttle": 0.9157379865646362, "user/mode": "local", "pos/pos_x": 45.69762, "pos/pos_y": 0.5550576, "pos/pos_z": 27.15317, "pos/speed": 12.62722, "pos/cte": -3.57151, "pilot/angle": 0.0, "pilot/throttle": 0.0, "milliseconds": 207276}