{"cam/image_array": "5223_cam-image_array_.jpg", "user/angle": 0.14281725883483887, "user/throttle": 0.716848611831665, "user/mode": "local", "pos/pos_x": 54.97713, "pos/pos_y": 0.5576476, "pos/pos_z": 1.293961, "pos/speed": 10.63682, "pos/cte": 2.721535, "pilot/angle": 0.0, "pilot/throttle": 0.0, "milliseconds": 261446}