{"cam/image_array": "4435_cam-image_array_.jpg", "user/angle": 0.10828262567520142, "user/throttle": 0.47360754013061523, "user/mode": "local", "pos/pos_x": 69.57513, "pos/pos_y": 0.5541966, "pos/pos_z": -7.718169, "pos/speed": 10.20606, "pos/cte": -3.965436, "pilot/angle": 0.0, "pilot/throttle": 0.0, "milliseconds": 221995}