{"cam/image_array": "1483_cam-image_array_.jpg", "user/angle": 0.009388823062181473, "user/throttle": 0.8859999179840088, "user/mode": "local", "pos/pos_x": 50.60967, "pos/pos_y": 0.5554783, "pos/pos_z": 9.906644, "pos/speed": 11.16523, "pos/cte": 0.5835841, "pilot/angle": 0.0, "pilot/throttle": 0.0, "milliseconds": 74205}