{"cam/image_array": "845_cam-image_array_.jpg", "user/angle": 0.9321145415306091, "user/throttle": 0.42968353629112244, "user/mode": "local", "pos/pos_x": 59.40056, "pos/pos_y": 0.5541283, "pos/pos_z": 75.98378, "pos/speed": 11.13186, "pos/cte": 1.824503, "pilot/angle": 0.0, "pilot/throttle": 0.0, "milliseconds": 42263}