{"cam/image_array": "997_cam-image_array_.jpg", "user/angle": 1.0451797246932983, "user/throttle": 0.21940696239471436, "user/mode": "local", "pos/pos_x": 87.87827, "pos/pos_y": 0.5517443, "pos/pos_z": 6.479826, "pos/speed": 11.82201, "pos/cte": 0.0273549, "pilot/angle": 0.0, "pilot/throttle": 0.0, "milliseconds": 49873}