{"cam/image_array": "2447_cam-image_array_.jpg", "user/angle": -0.10592111945152283, "user/throttle": 0.733460545539856, "user/mode": "local", "pos/pos_x": 78.70574, "pos/pos_y": 0.5543929, "pos/pos_z": 37.5709, "pos/speed": 12.68962, "pos/cte": -6.073924, "pilot/angle": 0.0, "pilot/throttle": 0.0, "milliseconds": 122466}