{"cam/image_array": "4309_cam-image_array_.jpg", "user/angle": -0.15003830194473267, "user/throttle": 0.8834763765335083, "user/mode": "local", "pos/pos_x": 78.62978, "pos/pos_y": 0.5564741, "pos/pos_z": 46.41507, "pos/speed": 11.77978, "pos/cte": -2.046488, "pilot/angle": 0.0, "pilot/throttle": 0.0, "milliseconds": 215687}