{"cam/image_array": "4183_cam-image_array_.jpg", "user/angle": 0.47034886479377747, "user/throttle": 0.3867853283882141, "user/mode": "local", "pos/pos_x": 44.17229, "pos/pos_y": 0.5528042, "pos/pos_z": 55.93877, "pos/speed": 13.62529, "pos/cte": -5.517704, "pilot/angle": 0.0, "pilot/throttle": 0.0, "milliseconds": 209378}