{"cam/image_array": "729_cam-image_array_.jpg", "user/angle": 0.045056797564029694, "user/throttle": 0.7838692665100098, "user/mode": "local", "pos/pos_x": 50.90697, "pos/pos_y": 0.5551814, "pos/pos_z": 8.255075, "pos/speed": 11.23011, "pos/cte": 0.8085595, "pilot/angle": 0.0, "pilot/throttle": 0.0, "milliseconds": 36456}