{"cam/image_array": "3904_cam-image_array_.jpg", "user/angle": 0.034903962165117264, "user/throttle": 0.8657048940658569, "user/mode": "local", "pos/pos_x": 75.20129, "pos/pos_y": 0.5536025, "pos/pos_z": 64.35459, "pos/speed": 9.727859, "pos/cte": -2.180348, "pilot/angle": 0.0, "pilot/throttle": 0.0, "milliseconds": 195410}