{"cam/image_array": "3654_cam-image_array_.jpg", "user/angle": 0.8757071495056152, "user/throttle": 0.5803484916687012, "user/mode": "local", "pos/pos_x": 84.84431, "pos/pos_y": 0.5516351, "pos/pos_z": -4.931049, "pos/speed": 9.788911, "pos/cte": -2.206289, "pilot/angle": 0.0, "pilot/throttle": 0.0, "milliseconds": 182894}