{"cam/image_array": "3251_cam-image_array_.jpg", "user/angle": 0.6711874604225159, "user/throttle": 0.1464533805847168, "user/mode": "local", "pos/pos_x": 87.30434, "pos/pos_y": 0.5543584, "pos/pos_z": 6.148989, "pos/speed": 11.16572, "pos/cte": 0.689781, "pilot/angle": 0.0, "pilot/throttle": 0.0, "milliseconds": 162718}