{"cam/image_array": "2989_cam-image_array_.jpg", "user/angle": 0.03442221134901047, "user/throttle": 0.7425363063812256, "user/mode": "local", "pos/pos_x": 50.34083, "pos/pos_y": 0.5547852, "pos/pos_z": 10.6237, "pos/speed": 11.18396, "pos/cte": 0.3462766, "pilot/angle": 0.0, "pilot/throttle": 0.0, "milliseconds": 149601}