{"cam/image_array": "494_cam-image_array_.jpg", "user/angle": 0.7646762728691101, "user/throttle": 0.7191163301467896, "user/mode": "local", "pos/pos_x": 68.40893, "pos/pos_y": 0.5535545, "pos/pos_z": 73.75498, "pos/speed": 9.661599, "pos/cte": -3.120463, "pilot/angle": 0.0, "pilot/throttle": 0.0, "milliseconds": 24691}