{"cam/image_array": "5755_cam-image_array_.jpg", "user/angle": 0.5939880609512329, "user/throttle": 0.6303000450134277, "user/mode": "local", "pos/pos_x": 70.96569, "pos/pos_y": 0.5528942, "pos/pos_z": 73.21553, "pos/speed": 9.279881, "pos/cte": -4.714294, "pilot/angle": 0.0, "pilot/throttle": 0.0, "milliseconds": 288081}