{"cam/image_array": "4683_cam-image_array_.jpg", "user/angle": 0.4909723103046417, "user/throttle": 0.9231921434402466, "user/mode": "local", "pos/pos_x": 77.29458, "pos/pos_y": 0.5558422, "pos/pos_z": 58.70777, "pos/speed": 10.88163, "pos/cte": -0.3575388, "pilot/angle": 0.0, "pilot/throttle": 0.0, "milliseconds": 234411}