{"cam/image_array": "351_cam-image_array_.jpg", "user/angle": 0.10857431590557098, "user/throttle": 0.6608763933181763, "user/mode": "local", "pos/pos_x": 52.94798, "pos/pos_y": 0.5557767, "pos/pos_z": 4.802623, "pos/speed": 10.81629, "pos/cte": 2.567732, "pilot/angle": 0.0, "pilot/throttle": 0.0, "milliseconds": 17532}