{"cam/image_array": "1424_cam-image_array_.jpg", "user/angle": 0.17857962846755981, "user/throttle": 0.6595282554626465, "user/mode": "local", "pos/pos_x": 72.83582, "pos/pos_y": 0.5547668, "pos/pos_z": -7.748845, "pos/speed": 9.431201, "pos/cte": -4.024565, "pilot/angle": 0.0, "pilot/throttle": 0.0, "milliseconds": 71251}