{"cam/image_array": "2641_cam-image_array_.jpg", "user/angle": 0.05146351084113121, "user/throttle": 0.8499279022216797, "user/mode": "local", "pos/pos_x": 45.8116, "pos/pos_y": 0.5553329, "pos/pos_z": 28.78402, "pos/speed": 12.52659, "pos/cte": -3.478782, "pilot/angle": 0.0, "pilot/throttle": 0.0, "milliseconds": 132185}