{"cam/image_array": "3007_cam-image_array_.jpg", "user/angle": 0.20078428089618683, "user/throttle": 0.7676738500595093, "user/mode": "local", "pos/pos_x": 46.80363, "pos/pos_y": 0.5553873, "pos/pos_z": 20.52243, "pos/speed": 12.12637, "pos/cte": -2.75578, "pilot/angle": 0.0, "pilot/throttle": 0.0, "milliseconds": 150503}