{"cam/image_array": "1073_cam-image_array_.jpg", "user/angle": 0.19046112895011902, "user/throttle": 0.5959677696228027, "user/mode": "local", "pos/pos_x": 64.28278, "pos/pos_y": 0.5573614, "pos/pos_z": -5.827498, "pos/speed": 10.35308, "pos/cte": -2.028653, "pilot/angle": 0.0, "pilot/throttle": 0.0, "milliseconds": 53678}