{"cam/image_array": "14_cam-image_array_.jpg", "user/angle": -0.1482415646314621, "user/throttle": 0.8225431442260742, "user/mode": "local", "pos/pos_x": 49.69182, "pos/pos_y": 0.5565144, "pos/pos_z": 48.27313, "pos/speed": 2.013402, "pos/cte": 0.001819611, "pilot/angle": 0.0, "pilot/throttle": 0.0, "milliseconds": 660}