{"cam/image_array": "949_cam-image_array_.jpg", "user/angle": -0.11013218760490417, "user/throttle": 0.610905647277832, "user/mode": "local", "pos/pos_x": 78.70123, "pos/pos_y": 0.554047, "pos/pos_z": 36.11945, "pos/speed": 12.72593, "pos/cte": -6.427721, "pilot/angle": 0.0, "pilot/throttle": 0.0, "milliseconds": 47470}