{"cam/image_array": "3127_cam-image_array_.jpg", "user/angle": 0.1487935334444046, "user/throttle": 0.383419394493103, "user/mode": "local", "pos/pos_x": 69.46046, "pos/pos_y": 0.552946, "pos/pos_z": 72.0073, "pos/speed": 9.359828, "pos/cte": -2.785029, "pilot/angle": 0.0, "pilot/throttle": 0.0, "milliseconds": 156510}