{"cam/image_array": "2183_cam-image_array_.jpg", "user/angle": 0.1455625742673874, "user/throttle": 0.5539635419845581, "user/mode": "local", "pos/pos_x": 71.19433, "pos/pos_y": 0.5555127, "pos/pos_z": -8.981593, "pos/speed": 9.986567, "pos/cte": -5.242942, "pilot/angle": 0.0, "pilot/throttle": 0.0, "milliseconds": 109249}