{"cam/image_array": "3844_cam-image_array_.jpg", "user/angle": 0.7302871346473694, "user/throttle": 0.3963061273097992, "user/mode": "local", "pos/pos_x": 54.16016, "pos/pos_y": 0.5513782, "pos/pos_z": 73.79047, "pos/speed": 11.40646, "pos/cte": 3.418244, "pilot/angle": 0.0, "pilot/throttle": 0.0, "milliseconds": 192406}