{"cam/image_array": "66_cam-image_array_.jpg", "user/angle": 0.7367506623268127, "user/throttle": 0.10732738673686981, "user/mode": "local", "pos/pos_x": 47.84586, "pos/pos_y": 0.5566792, "pos/pos_z": 68.83582, "pos/speed": 12.73171, "pos/cte": -1.844139, "pilot/angle": 0.0, "pilot/throttle": 0.0, "milliseconds": 3264}