{"cam/image_array": "1513_cam-image_array_.jpg", "user/angle": 0.050097960978746414, "user/throttle": 0.9416848421096802, "user/mode": "local", "pos/pos_x": 45.93985, "pos/pos_y": 0.5550608, "pos/pos_z": 26.99518, "pos/speed": 12.37544, "pos/cte": -3.336406, "pilot/angle": 0.0, "pilot/throttle": 0.0, "milliseconds": 75707}