{"cam/image_array": "4858_cam-image_array_.jpg", "user/angle": 0.16009974479675293, "user/throttle": 0.7066574096679688, "user/mode": "local", "pos/pos_x": 54.34566, "pos/pos_y": 0.5541518, "pos/pos_z": 2.384363, "pos/speed": 10.6946, "pos/cte": 2.898695, "pilot/angle": 0.0, "pilot/throttle": 0.0, "milliseconds": 243173}