{"cam/image_array": "2561_cam-image_array_.jpg", "user/angle": 0.08618244528770447, "user/throttle": 0.7268401384353638, "user/mode": "local", "pos/pos_x": 67.54997, "pos/pos_y": 0.5550838, "pos/pos_z": -6.309914, "pos/speed": 9.822931, "pos/cte": -2.539561, "pilot/angle": 0.0, "pilot/throttle": 0.0, "milliseconds": 128173}