{"cam/image_array": "892_cam-image_array_.jpg", "user/angle": 0.06541016697883606, "user/throttle": 0.7463641166687012, "user/mode": "local", "pos/pos_x": 76.46371, "pos/pos_y": 0.5570916, "pos/pos_z": 67.00375, "pos/speed": 9.149063, "pos/cte": -4.860794, "pilot/angle": 0.0, "pilot/throttle": 0.0, "milliseconds": 44617}