{"cam/image_array": "4783_cam-image_array_.jpg", "user/angle": 1.011681079864502, "user/throttle": 0.6124110221862793, "user/mode": "local", "pos/pos_x": 84.0622, "pos/pos_y": 0.5535021, "pos/pos_z": -0.2099926, "pos/speed": 10.66584, "pos/cte": 2.211262, "pilot/angle": 0.0, "pilot/throttle": 0.0, "milliseconds": 239417}