{"cam/image_array": "3643_cam-image_array_.jpg", "user/angle": 1.1214168071746826, "user/throttle": 0.4170488715171814, "user/mode": "local", "pos/pos_x": 87.12368, "pos/pos_y": 0.5525788, "pos/pos_z": -0.3192449, "pos/speed": 10.67015, "pos/cte": -0.1873641, "pilot/angle": 0.0, "pilot/throttle": 0.0, "milliseconds": 182343}