{"cam/image_array": "2543_cam-image_array_.jpg", "user/angle": 0.23837342858314514, "user/throttle": 0.7349908351898193, "user/mode": "local", "pos/pos_x": 75.9893, "pos/pos_y": 0.5555527, "pos/pos_z": -8.136844, "pos/speed": 9.232691, "pos/cte": -4.440069, "pilot/angle": 0.0, "pilot/throttle": 0.0, "milliseconds": 127272}