{"cam/image_array": "3474_cam-image_array_.jpg", "user/angle": 0.7485686540603638, "user/throttle": 0.25096774101257324, "user/mode": "local", "pos/pos_x": 55.05007, "pos/pos_y": 0.5540425, "pos/pos_z": 73.61622, "pos/speed": 11.10571, "pos/cte": 4.270788, "pilot/angle": 0.0, "pilot/throttle": 0.0, "milliseconds": 173883}