{"cam/image_array": "2966_cam-image_array_.jpg", "user/angle": 0.12393054366111755, "user/throttle": 0.7503423690795898, "user/mode": "local", "pos/pos_x": 56.39469, "pos/pos_y": 0.5562603, "pos/pos_z": 0.29441, "pos/speed": 9.900061, "pos/cte": 2.863732, "pilot/angle": 0.0, "pilot/throttle": 0.0, "milliseconds": 148450}