{"cam/image_array": "30_cam-image_array_.jpg", "user/angle": -0.09522287547588348, "user/throttle": 0.654455304145813, "user/mode": "local", "pos/pos_x": 49.5709, "pos/pos_y": 0.5588085, "pos/pos_z": 51.38908, "pos/speed": 5.525427, "pos/cte": -0.1191025, "pilot/angle": 0.0, "pilot/throttle": 0.0, "milliseconds": 1461}