{"cam/image_array": "2072_cam-image_array_.jpg", "user/angle": -0.09939512610435486, "user/throttle": 0.6276684999465942, "user/mode": "local", "pos/pos_x": 78.6312, "pos/pos_y": 0.5551464, "pos/pos_z": 35.3928, "pos/speed": 12.78627, "pos/cte": -6.541863, "pilot/angle": 0.0, "pilot/throttle": 0.0, "milliseconds": 103693}