{"cam/image_array": "1165_cam-image_array_.jpg", "user/angle": -0.0625469833612442, "user/throttle": 0.736268162727356, "user/mode": "local", "pos/pos_x": 44.67101, "pos/pos_y": 0.5542449, "pos/pos_z": 41.28354, "pos/speed": 14.08056, "pos/cte": -4.728405, "pilot/angle": 0.0, "pilot/throttle": 0.0, "milliseconds": 58284}