{"cam/image_array": "2461_cam-image_array_.jpg", "user/angle": -0.19728216528892517, "user/throttle": 0.4875141382217407, "user/mode": "local", "pos/pos_x": 79.58601, "pos/pos_y": 0.5537838, "pos/pos_z": 28.56821, "pos/speed": 13.07135, "pos/cte": -7.156055, "pilot/angle": 0.0, "pilot/throttle": 0.0, "milliseconds": 123168}