{"cam/image_array": "1055_cam-image_array_.jpg", "user/angle": 0.08411923795938492, "user/throttle": 0.6091166734695435, "user/mode": "local", "pos/pos_x": 73.73031, "pos/pos_y": 0.551797, "pos/pos_z": -9.235994, "pos/speed": 9.657666, "pos/cte": -5.519464, "pilot/angle": 0.0, "pilot/throttle": 0.0, "milliseconds": 52777}