{"cam/image_array": "2272_cam-image_array_.jpg", "user/angle": -0.023308996111154556, "user/throttle": 0.9493783712387085, "user/mode": "local", "pos/pos_x": 45.47517, "pos/pos_y": 0.5561633, "pos/pos_z": 29.74155, "pos/speed": 12.89746, "pos/cte": -3.823558, "pilot/angle": 0.0, "pilot/throttle": 0.0, "milliseconds": 113705}