{"cam/image_array": "3687_cam-image_array_.jpg", "user/angle": 0.07305726408958435, "user/throttle": 0.5818300247192383, "user/mode": "local", "pos/pos_x": 70.47137, "pos/pos_y": 0.5575788, "pos/pos_z": -8.307079, "pos/speed": 10.20528, "pos/cte": -4.562145, "pilot/angle": 0.0, "pilot/throttle": 0.0, "milliseconds": 184546}