{"cam/image_array": "2100_cam-image_array_.jpg", "user/angle": -0.18892145156860352, "user/throttle": 0.3850869834423065, "user/mode": "local", "pos/pos_x": 83.03619, "pos/pos_y": 0.5565256, "pos/pos_z": 17.74132, "pos/speed": 13.2018, "pos/cte": -3.962355, "pilot/angle": 0.0, "pilot/throttle": 0.0, "milliseconds": 105094}