{"cam/image_array": "5473_cam-image_array_.jpg", "user/angle": -0.135497584939003, "user/throttle": 0.5411423444747925, "user/mode": "local", "pos/pos_x": 79.33391, "pos/pos_y": 0.5509393, "pos/pos_z": 27.33605, "pos/speed": 12.80618, "pos/cte": -6.531687, "pilot/angle": 0.0, "pilot/throttle": 0.0, "milliseconds": 273962}