{"cam/image_array": "4352_cam-image_array_.jpg", "user/angle": -0.15149666368961334, "user/throttle": 0.3385644257068634, "user/mode": "local", "pos/pos_x": 82.48888, "pos/pos_y": 0.5568469, "pos/pos_z": 19.87996, "pos/speed": 12.85587, "pos/cte": -5.104116, "pilot/angle": 0.0, "pilot/throttle": 0.0, "milliseconds": 217839}