{"cam/image_array": "1233_cam-image_array_.jpg", "user/angle": 1.0351229906082153, "user/throttle": 0.37794679403305054, "user/mode": "local", "pos/pos_x": 60.61979, "pos/pos_y": 0.5534605, "pos/pos_z": 76.10019, "pos/speed": 10.58112, "pos/cte": 1.075162, "pilot/angle": 0.0, "pilot/throttle": 0.0, "milliseconds": 61689}