{"cam/image_array": "4074_cam-image_array_.jpg", "user/angle": 0.24844282865524292, "user/throttle": 0.6474331617355347, "user/mode": "local", "pos/pos_x": 63.60752, "pos/pos_y": 0.5575583, "pos/pos_z": -5.245711, "pos/speed": 10.52654, "pos/cte": -1.440995, "pilot/angle": 0.0, "pilot/throttle": 0.0, "milliseconds": 203921}