{"cam/image_array": "2378_cam-image_array_.jpg", "user/angle": 0.4579235315322876, "user/throttle": 0.5481429100036621, "user/mode": "local", "pos/pos_x": 72.57315, "pos/pos_y": 0.55382, "pos/pos_z": 73.18417, "pos/speed": 9.415423, "pos/cte": -5.916252, "pilot/angle": 0.0, "pilot/throttle": 0.0, "milliseconds": 119012}