{"cam/image_array": "4740_cam-image_array_.jpg", "user/angle": 0.08075985312461853, "user/throttle": 0.3598668873310089, "user/mode": "local", "pos/pos_x": 80.95775, "pos/pos_y": 0.5543152, "pos/pos_z": 24.75164, "pos/speed": 12.74753, "pos/cte": -6.954838, "pilot/angle": 0.0, "pilot/throttle": 0.0, "milliseconds": 237265}