{"cam/image_array": "772_cam-image_array_.jpg", "user/angle": -0.08930319547653198, "user/throttle": 0.8929904699325562, "user/mode": "local", "pos/pos_x": 45.32229, "pos/pos_y": 0.5555898, "pos/pos_z": 33.71022, "pos/speed": 13.4521, "pos/cte": -4.011057, "pilot/angle": 0.0, "pilot/throttle": 0.0, "milliseconds": 38609}