{"cam/image_array": "113_cam-image_array_.jpg", "user/angle": 0.6893936991691589, "user/throttle": 0.8473718166351318, "user/mode": "local", "pos/pos_x": 61.86588, "pos/pos_y": 0.5517458, "pos/pos_z": 83.02964, "pos/speed": 8.078184, "pos/cte": -5.63951, "pilot/angle": 0.0, "pilot/throttle": 0.0, "milliseconds": 5617}