{"cam/image_array": "4902_cam-image_array_.jpg", "user/angle": 0.014163907617330551, "user/throttle": 0.8454868793487549, "user/mode": "local", "pos/pos_x": 45.64341, "pos/pos_y": 0.5559865, "pos/pos_z": 26.66098, "pos/speed": 12.63031, "pos/cte": -3.647134, "pilot/angle": 0.0, "pilot/throttle": 0.0, "milliseconds": 245375}