{"cam/image_array": "3140_cam-image_array_.jpg", "user/angle": 0.1145206093788147, "user/throttle": 0.5163025856018066, "user/mode": "local", "pos/pos_x": 73.03421, "pos/pos_y": 0.5588942, "pos/pos_z": 67.2455, "pos/speed": 9.332497, "pos/cte": -2.409984, "pilot/angle": 0.0, "pilot/throttle": 0.0, "milliseconds": 157161}