{"cam/image_array": "1300_cam-image_array_.jpg", "user/angle": 0.24835555255413055, "user/throttle": 0.8027384281158447, "user/mode": "local", "pos/pos_x": 78.84696, "pos/pos_y": 0.5559455, "pos/pos_z": 52.84837, "pos/speed": 11.27048, "pos/cte": -0.4916322, "pilot/angle": 0.0, "pilot/throttle": 0.0, "milliseconds": 65043}