{"cam/image_array": "1729_cam-image_array_.jpg", "user/angle": 0.1858268678188324, "user/throttle": 0.12513643503189087, "user/mode": "local", "pos/pos_x": 84.31257, "pos/pos_y": 0.5548184, "pos/pos_z": 15.56067, "pos/speed": 12.84828, "pos/cte": -3.301631, "pilot/angle": 0.0, "pilot/throttle": 0.0, "milliseconds": 86520}