{"cam/image_array": "1711_cam-image_array_.jpg", "user/angle": -0.0664563924074173, "user/throttle": 0.5260436534881592, "user/mode": "local", "pos/pos_x": 80.30119, "pos/pos_y": 0.5539899, "pos/pos_z": 26.39664, "pos/speed": 12.81796, "pos/cte": -7.081369, "pilot/angle": 0.0, "pilot/throttle": 0.0, "milliseconds": 85620}