{"cam/image_array": "3850_cam-image_array_.jpg", "user/angle": 0.697852373123169, "user/throttle": 0.5348439812660217, "user/mode": "local", "pos/pos_x": 57.38622, "pos/pos_y": 0.5534024, "pos/pos_z": 75.70586, "pos/speed": 10.72378, "pos/cte": 2.780128, "pilot/angle": 0.0, "pilot/throttle": 0.0, "milliseconds": 192707}