{"cam/image_array": "5040_cam-image_array_.jpg", "user/angle": 0.19922131299972534, "user/throttle": 0.7444307804107666, "user/mode": "local", "pos/pos_x": 76.38402, "pos/pos_y": 0.5561819, "pos/pos_z": 62.31921, "pos/speed": 9.877968, "pos/cte": -1.757827, "pilot/angle": 0.0, "pilot/throttle": 0.0, "milliseconds": 252285}