{"cam/image_array": "3580_cam-image_array_.jpg", "user/angle": -0.11588834226131439, "user/throttle": 0.7795361280441284, "user/mode": "local", "pos/pos_x": 78.54881, "pos/pos_y": 0.5549632, "pos/pos_z": 37.80262, "pos/speed": 12.67431, "pos/cte": -5.84864, "pilot/angle": 0.0, "pilot/throttle": 0.0, "milliseconds": 179189}