{"cam/image_array": "1648_cam-image_array_.jpg", "user/angle": 0.10188925266265869, "user/throttle": 0.696410059928894, "user/mode": "local", "pos/pos_x": 75.74911, "pos/pos_y": 0.5547134, "pos/pos_z": 62.86784, "pos/speed": 9.806309, "pos/cte": -1.631355, "pilot/angle": 0.0, "pilot/throttle": 0.0, "milliseconds": 82465}