{"cam/image_array": "4226_cam-image_array_.jpg", "user/angle": 0.7051926851272583, "user/throttle": 0.4577169716358185, "user/mode": "local", "pos/pos_x": 58.45692, "pos/pos_y": 0.5533881, "pos/pos_z": 75.65018, "pos/speed": 10.52407, "pos/cte": 2.579838, "pilot/angle": 0.0, "pilot/throttle": 0.0, "milliseconds": 211531}