{"cam/image_array": "5559_cam-image_array_.jpg", "user/angle": 0.1018494963645935, "user/throttle": 0.5430138111114502, "user/mode": "local", "pos/pos_x": 71.78578, "pos/pos_y": 0.5514262, "pos/pos_z": -7.297677, "pos/speed": 9.827735, "pos/cte": -3.564251, "pilot/angle": 0.0, "pilot/throttle": 0.0, "milliseconds": 278268}