{"cam/image_array": "1154_cam-image_array_.jpg", "user/angle": -0.04823872819542885, "user/throttle": 0.8054797649383545, "user/mode": "local", "pos/pos_x": 45.25223, "pos/pos_y": 0.5553395, "pos/pos_z": 33.08635, "pos/speed": 13.30576, "pos/cte": -4.075671, "pilot/angle": 0.0, "pilot/throttle": 0.0, "milliseconds": 57733}