{"cam/image_array": "2899_cam-image_array_.jpg", "user/angle": 0.9306231141090393, "user/throttle": 0.566817045211792, "user/mode": "local", "pos/pos_x": 84.05992, "pos/pos_y": 0.5538372, "pos/pos_z": -5.006708, "pos/speed": 9.056088, "pos/cte": -1.952268, "pilot/angle": 0.0, "pilot/throttle": 0.0, "milliseconds": 145096}