{"cam/image_array": "2054_cam-image_array_.jpg", "user/angle": -0.11859548091888428, "user/throttle": 0.8524664640426636, "user/mode": "local", "pos/pos_x": 78.02243, "pos/pos_y": 0.5537055, "pos/pos_z": 46.605, "pos/speed": 11.94515, "pos/cte": -1.424355, "pilot/angle": 0.0, "pilot/throttle": 0.0, "milliseconds": 102791}