{"cam/image_array": "40_cam-image_array_.jpg", "user/angle": -0.0338321179151535, "user/throttle": 0.7038733959197998, "user/mode": "local", "pos/pos_x": 49.20038, "pos/pos_y": 0.5534539, "pos/pos_z": 55.20038, "pos/speed": 7.959578, "pos/cte": -0.4896202, "pilot/angle": 0.0, "pilot/throttle": 0.0, "milliseconds": 1962}