{"cam/image_array": "2417_cam-image_array_.jpg", "user/angle": 0.12713226675987244, "user/throttle": 0.993664026260376, "user/mode": "local", "pos/pos_x": 78.78226, "pos/pos_y": 0.5543423, "pos/pos_z": 55.98673, "pos/speed": 10.68154, "pos/cte": -0.7586777, "pilot/angle": 0.0, "pilot/throttle": 0.0, "milliseconds": 120965}