{"cam/image_array": "2189_cam-image_array_.jpg", "user/angle": 0.07646878063678741, "user/throttle": 0.60096275806427, "user/mode": "local", "pos/pos_x": 68.35363, "pos/pos_y": 0.5549226, "pos/pos_z": -7.91687, "pos/speed": 10.21404, "pos/cte": -4.15347, "pilot/angle": 0.0, "pilot/throttle": 0.0, "milliseconds": 109550}