{"cam/image_array": "5245_cam-image_array_.jpg", "user/angle": 0.11370572447776794, "user/throttle": 0.6470038890838623, "user/mode": "local", "pos/pos_x": 49.71734, "pos/pos_y": 0.5548358, "pos/pos_z": 12.36774, "pos/speed": 11.67986, "pos/cte": -0.2005459, "pilot/angle": 0.0, "pilot/throttle": 0.0, "milliseconds": 262548}