{"cam/image_array": "4631_cam-image_array_.jpg", "user/angle": 0.6051113605499268, "user/throttle": 0.7934504747390747, "user/mode": "local", "pos/pos_x": 65.99283, "pos/pos_y": 0.5534478, "pos/pos_z": 79.90869, "pos/speed": 8.052584, "pos/cte": -5.27976, "pilot/angle": 0.0, "pilot/throttle": 0.0, "milliseconds": 231808}