{"cam/image_array": "5778_cam-image_array_.jpg", "user/angle": -0.012135311961174011, "user/throttle": 0.8109695911407471, "user/mode": "local", "pos/pos_x": 75.61905, "pos/pos_y": 0.5520421, "pos/pos_z": 64.1339, "pos/speed": 9.643183, "pos/cte": -2.354687, "pilot/angle": 0.0, "pilot/throttle": 0.0, "milliseconds": 289232}