{"cam/image_array": "4147_cam-image_array_.jpg", "user/angle": -0.0526471771299839, "user/throttle": 0.9541414976119995, "user/mode": "local", "pos/pos_x": 45.37892, "pos/pos_y": 0.5560956, "pos/pos_z": 31.00581, "pos/speed": 13.13042, "pos/cte": -3.930835, "pilot/angle": 0.0, "pilot/throttle": 0.0, "milliseconds": 207576}