{"cam/image_array": "3635_cam-image_array_.jpg", "user/angle": 1.0181331634521484, "user/throttle": 0.6130622625350952, "user/mode": "local", "pos/pos_x": 87.70126, "pos/pos_y": 0.5519857, "pos/pos_z": 3.981123, "pos/speed": 11.38937, "pos/cte": 0.4851677, "pilot/angle": 0.0, "pilot/throttle": 0.0, "milliseconds": 181944}