{"cam/image_array": "483_cam-image_array_.jpg", "user/angle": 0.8075141310691833, "user/throttle": 0.1707470417022705, "user/mode": "local", "pos/pos_x": 63.63308, "pos/pos_y": 0.5536204, "pos/pos_z": 75.2155, "pos/speed": 10.33751, "pos/cte": -0.437409, "pilot/angle": 0.0, "pilot/throttle": 0.0, "milliseconds": 24140}