{"cam/image_array": "1903_cam-image_array_.jpg", "user/angle": -0.00733499601483345, "user/throttle": 0.7559841871261597, "user/mode": "local", "pos/pos_x": 45.19332, "pos/pos_y": 0.5556007, "pos/pos_z": 37.14109, "pos/speed": 13.49282, "pos/cte": -4.169961, "pilot/angle": 0.0, "pilot/throttle": 0.0, "milliseconds": 95231}