{"cam/image_array": "1983_cam-image_array_.jpg", "user/angle": 0.9402801990509033, "user/throttle": 0.12316560000181198, "user/mode": "local", "pos/pos_x": 62.87654, "pos/pos_y": 0.5525535, "pos/pos_z": 75.73582, "pos/speed": 10.1045, "pos/cte": -0.2000536, "pilot/angle": 0.0, "pilot/throttle": 0.0, "milliseconds": 99237}