{"cam/image_array": "5287_cam-image_array_.jpg", "user/angle": 0.004162773489952087, "user/throttle": 0.7521109580993652, "user/mode": "local", "pos/pos_x": 44.95631, "pos/pos_y": 0.5554779, "pos/pos_z": 37.81931, "pos/speed": 13.86503, "pos/cte": -4.412881, "pilot/angle": 0.0, "pilot/throttle": 0.0, "milliseconds": 264651}