{"cam/image_array": "4973_cam-image_array_.jpg", "user/angle": 0.21089644730091095, "user/throttle": 0.3066982924938202, "user/mode": "local", "pos/pos_x": 52.11105, "pos/pos_y": 0.5525068, "pos/pos_z": 71.51342, "pos/speed": 11.7685, "pos/cte": 2.421055, "pilot/angle": 0.0, "pilot/throttle": 0.0, "milliseconds": 248930}