{"cam/image_array": "3467_cam-image_array_.jpg", "user/angle": 0.059434469789266586, "user/throttle": 0.34293970465660095, "user/mode": "local", "pos/pos_x": 52.56669, "pos/pos_y": 0.5531504, "pos/pos_z": 71.35437, "pos/speed": 11.34941, "pos/cte": 2.876694, "pilot/angle": 0.0, "pilot/throttle": 0.0, "milliseconds": 173533}