{"cam/image_array": "3080_cam-image_array_.jpg", "user/angle": 0.24964094161987305, "user/throttle": 0.28629058599472046, "user/mode": "local", "pos/pos_x": 48.0441, "pos/pos_y": 0.5531816, "pos/pos_z": 67.71251, "pos/speed": 11.50131, "pos/cte": -1.645901, "pilot/angle": 0.0, "pilot/throttle": 0.0, "milliseconds": 154157}