{"cam/image_array": "389_cam-image_array_.jpg", "user/angle": 0.019850190728902817, "user/throttle": 0.8657642602920532, "user/mode": "local", "pos/pos_x": 45.60853, "pos/pos_y": 0.5557031, "pos/pos_z": 26.55377, "pos/speed": 12.64837, "pos/cte": -3.686659, "pilot/angle": 0.0, "pilot/throttle": 0.0, "milliseconds": 19434}