{"cam/image_array": "3859_cam-image_array_.jpg", "user/angle": 1.2299295663833618, "user/throttle": 0.16269366443157196, "user/mode": "local", "pos/pos_x": 61.4045, "pos/pos_y": 0.5525237, "pos/pos_z": 76.789, "pos/speed": 10.22278, "pos/cte": 0.06530894, "pilot/angle": 0.0, "pilot/throttle": 0.0, "milliseconds": 193158}