{"cam/image_array": "1821_cam-image_array_.jpg", "user/angle": 0.304091215133667, "user/throttle": 0.5400758981704712, "user/mode": "local", "pos/pos_x": 62.93808, "pos/pos_y": 0.5559097, "pos/pos_z": -5.180301, "pos/speed": 10.43636, "pos/cte": -1.369745, "pilot/angle": 0.0, "pilot/throttle": 0.0, "milliseconds": 91126}