{"cam/image_array": "1753_cam-image_array_.jpg", "user/angle": 1.2277462482452393, "user/throttle": 0.27219194173812866, "user/mode": "local", "pos/pos_x": 88.48167, "pos/pos_y": 0.5537087, "pos/pos_z": 1.44063, "pos/speed": 10.8871, "pos/cte": -0.6695063, "pilot/angle": 0.0, "pilot/throttle": 0.0, "milliseconds": 87722}