{"cam/image_array": "2426_cam-image_array_.jpg", "user/angle": 0.002073373645544052, "user/throttle": 0.8511216640472412, "user/mode": "local", "pos/pos_x": 79.00501, "pos/pos_y": 0.555495, "pos/pos_z": 51.60415, "pos/speed": 11.28102, "pos/cte": -0.7318982, "pilot/angle": 0.0, "pilot/throttle": 0.0, "milliseconds": 121415}