{"cam/image_array": "5425_cam-image_array_.jpg", "user/angle": 0.07374696433544159, "user/throttle": 1.0711075067520142, "user/mode": "local", "pos/pos_x": 78.77483, "pos/pos_y": 0.5560547, "pos/pos_z": 54.94436, "pos/speed": 10.42607, "pos/cte": -0.5614135, "pilot/angle": 0.0, "pilot/throttle": 0.0, "milliseconds": 271559}