{"cam/image_array": "3869_cam-image_array_.jpg", "user/angle": 0.9606392979621887, "user/throttle": 0.46018460392951965, "user/mode": "local", "pos/pos_x": 66.26821, "pos/pos_y": 0.5541453, "pos/pos_z": 76.39243, "pos/speed": 9.506921, "pos/cte": -3.205531, "pilot/angle": 0.0, "pilot/throttle": 0.0, "milliseconds": 193658}