{"cam/image_array": "168_cam-image_array_.jpg", "user/angle": 0.3195808231830597, "user/throttle": 0.8812634944915771, "user/mode": "local", "pos/pos_x": 75.26911, "pos/pos_y": 0.5558671, "pos/pos_z": 62.1716, "pos/speed": 10.8932, "pos/cte": -0.8141835, "pilot/angle": 0.0, "pilot/throttle": 0.0, "milliseconds": 8370}