{"cam/image_array": "831_cam-image_array_.jpg", "user/angle": 0.3374185264110565, "user/throttle": 0.4005032777786255, "user/mode": "local", "pos/pos_x": 52.56312, "pos/pos_y": 0.5549068, "pos/pos_z": 71.4959, "pos/speed": 12.13735, "pos/cte": 2.873123, "pilot/angle": 0.0, "pilot/throttle": 0.0, "milliseconds": 41562}