{"cam/image_array": "4091_cam-image_array_.jpg", "user/angle": 0.17529694736003876, "user/throttle": 0.6878362894058228, "user/mode": "local", "pos/pos_x": 55.78871, "pos/pos_y": 0.552706, "pos/pos_z": 0.174015, "pos/speed": 10.63258, "pos/cte": 2.436599, "pilot/angle": 0.0, "pilot/throttle": 0.0, "milliseconds": 204773}