{"cam/image_array": "1625_cam-image_array_.jpg", "user/angle": 0.48345232009887695, "user/throttle": 0.45111504197120667, "user/mode": "local", "pos/pos_x": 71.18906, "pos/pos_y": 0.5523659, "pos/pos_z": 72.06278, "pos/speed": 9.303828, "pos/cte": -4.135493, "pilot/angle": 0.0, "pilot/throttle": 0.0, "milliseconds": 81314}