{"cam/image_array": "1617_cam-image_array_.jpg", "user/angle": 0.9747616052627563, "user/throttle": 0.8358454704284668, "user/mode": "local", "pos/pos_x": 68.17379, "pos/pos_y": 0.5524064, "pos/pos_z": 74.25209, "pos/speed": 9.490755, "pos/cte": -3.264508, "pilot/angle": 0.0, "pilot/throttle": 0.0, "milliseconds": 80914}