{"cam/image_array": "3935_cam-image_array_.jpg", "user/angle": -0.11089184880256653, "user/throttle": 0.8713370561599731, "user/mode": "local", "pos/pos_x": 78.75356, "pos/pos_y": 0.5552069, "pos/pos_z": 46.9502, "pos/speed": 11.78102, "pos/cte": -1.890706, "pilot/angle": 0.0, "pilot/throttle": 0.0, "milliseconds": 196962}