{"cam/image_array": "1101_cam-image_array_.jpg", "user/angle": 0.09253805875778198, "user/throttle": 0.7025347948074341, "user/mode": "local", "pos/pos_x": 53.36178, "pos/pos_y": 0.5568298, "pos/pos_z": 3.443578, "pos/speed": 10.66768, "pos/cte": 2.538647, "pilot/angle": 0.0, "pilot/throttle": 0.0, "milliseconds": 55080}