{"cam/image_array": "4464_cam-image_array_.jpg", "user/angle": 0.1466761827468872, "user/throttle": 0.6165927648544312, "user/mode": "local", "pos/pos_x": 56.81428, "pos/pos_y": 0.5542564, "pos/pos_z": -1.833591, "pos/speed": 9.86914, "pos/cte": 1.205438, "pilot/angle": 0.0, "pilot/throttle": 0.0, "milliseconds": 223447}