{"cam/image_array": "3456_cam-image_array_.jpg", "user/angle": 0.23033639788627625, "user/throttle": 0.10612510144710541, "user/mode": "local", "pos/pos_x": 48.48949, "pos/pos_y": 0.558633, "pos/pos_z": 65.6138, "pos/speed": 11.88175, "pos/cte": -1.200512, "pilot/angle": 0.0, "pilot/throttle": 0.0, "milliseconds": 172981}