{"cam/image_array": "3694_cam-image_array_.jpg", "user/angle": 0.09696900844573975, "user/throttle": 0.6763643026351929, "user/mode": "local", "pos/pos_x": 67.17266, "pos/pos_y": 0.5531298, "pos/pos_z": -7.168255, "pos/speed": 10.32602, "pos/cte": -3.394577, "pilot/angle": 0.0, "pilot/throttle": 0.0, "milliseconds": 184897}