{"cam/image_array": "1415_cam-image_array_.jpg", "user/angle": 0.5499815940856934, "user/throttle": 0.8151806592941284, "user/mode": "local", "pos/pos_x": 76.52261, "pos/pos_y": 0.5542902, "pos/pos_z": -7.754904, "pos/speed": 9.055164, "pos/cte": -4.062797, "pilot/angle": 0.0, "pilot/throttle": 0.0, "milliseconds": 70800}