{"cam/image_array": "1539_cam-image_array_.jpg", "user/angle": 0.1713828146457672, "user/throttle": 0.37415197491645813, "user/mode": "local", "pos/pos_x": 44.66264, "pos/pos_y": 0.5553933, "pos/pos_z": 44.98499, "pos/speed": 13.98573, "pos/cte": -4.769073, "pilot/angle": 0.0, "pilot/throttle": 0.0, "milliseconds": 77008}