{"cam/image_array": "1204_cam-image_array_.jpg", "user/angle": 0.27938520908355713, "user/throttle": 0.439025342464447, "user/mode": "local", "pos/pos_x": 47.7744, "pos/pos_y": 0.553046, "pos/pos_z": 66.05933, "pos/speed": 12.34702, "pos/cte": -1.9156, "pilot/angle": 0.0, "pilot/throttle": 0.0, "milliseconds": 60237}