{"cam/image_array": "5028_cam-image_array_.jpg", "user/angle": 0.00599278137087822, "user/throttle": 0.586025595664978, "user/mode": "local", "pos/pos_x": 74.49057, "pos/pos_y": 0.5583401, "pos/pos_z": 67.71558, "pos/speed": 9.180199, "pos/cte": -3.822705, "pilot/angle": 0.0, "pilot/throttle": 0.0, "milliseconds": 251684}