{"cam/image_array": "1201_cam-image_array_.jpg", "user/angle": -0.18958497047424316, "user/throttle": 0.22953534126281738, "user/mode": "local", "pos/pos_x": 46.43396, "pos/pos_y": 0.5522246, "pos/pos_z": 63.98185, "pos/speed": 12.58531, "pos/cte": -3.256042, "pilot/angle": 0.0, "pilot/throttle": 0.0, "milliseconds": 60086}