{"cam/image_array": "441_cam-image_array_.jpg", "user/angle": 0.4178696274757385, "user/throttle": 0.19025056064128876, "user/mode": "local", "pos/pos_x": 45.10529, "pos/pos_y": 0.553049, "pos/pos_z": 62.32053, "pos/speed": 12.7093, "pos/cte": -4.584705, "pilot/angle": 0.0, "pilot/throttle": 0.0, "milliseconds": 22037}