{"cam/image_array": "4468_cam-image_array_.jpg", "user/angle": 0.15360099077224731, "user/throttle": 0.6372584104537964, "user/mode": "local", "pos/pos_x": 55.5602, "pos/pos_y": 0.5514134, "pos/pos_z": -0.3033099, "pos/speed": 9.893048, "pos/cte": 1.911247, "pilot/angle": 0.0, "pilot/throttle": 0.0, "milliseconds": 223647}