{"cam/image_array": "511_cam-image_array_.jpg", "user/angle": 0.06763294339179993, "user/throttle": 0.5731911659240723, "user/mode": "local", "pos/pos_x": 73.56144, "pos/pos_y": 0.5543602, "pos/pos_z": 68.25448, "pos/speed": 9.506329, "pos/cte": -3.466172, "pilot/angle": 0.0, "pilot/throttle": 0.0, "milliseconds": 25542}