{"cam/image_array": "5637_cam-image_array_.jpg", "user/angle": 0.1309725046157837, "user/throttle": 0.7466690540313721, "user/mode": "local", "pos/pos_x": 46.47581, "pos/pos_y": 0.555583, "pos/pos_z": 22.83526, "pos/speed": 12.27805, "pos/cte": -2.982404, "pilot/angle": 0.0, "pilot/throttle": 0.0, "milliseconds": 282173}