{"cam/image_array": "3583_cam-image_array_.jpg", "user/angle": -0.1116718202829361, "user/throttle": 0.7319915294647217, "user/mode": "local", "pos/pos_x": 78.58111, "pos/pos_y": 0.5539016, "pos/pos_z": 36.52312, "pos/speed": 12.87119, "pos/cte": -6.210351, "pilot/angle": 0.0, "pilot/throttle": 0.0, "milliseconds": 179340}