{"cam/image_array": "1656_cam-image_array_.jpg", "user/angle": 0.30875054001808167, "user/throttle": 0.997860312461853, "user/mode": "local", "pos/pos_x": 77.18354, "pos/pos_y": 0.5564536, "pos/pos_z": 59.09767, "pos/speed": 10.29419, "pos/cte": -0.459756, "pilot/angle": 0.0, "pilot/throttle": 0.0, "milliseconds": 82866}