{"cam/image_array": "5073_cam-image_array_.jpg", "user/angle": -0.10152958333492279, "user/throttle": 0.8526356220245361, "user/mode": "local", "pos/pos_x": 78.59798, "pos/pos_y": 0.5532466, "pos/pos_z": 43.65085, "pos/speed": 12.3428, "pos/cte": -3.379976, "pilot/angle": 0.0, "pilot/throttle": 0.0, "milliseconds": 253936}