{"cam/image_array": "5131_cam-image_array_.jpg", "user/angle": 0.6388900876045227, "user/throttle": 0.07287751138210297, "user/mode": "local", "pos/pos_x": 87.01735, "pos/pos_y": 0.5546127, "pos/pos_z": 7.885037, "pos/speed": 12.26262, "pos/cte": 0.05595374, "pilot/angle": 0.0, "pilot/throttle": 0.0, "milliseconds": 256840}