{"cam/image_array": "1635_cam-image_array_.jpg", "user/angle": 0.08610746264457703, "user/throttle": 0.47771915793418884, "user/mode": "local", "pos/pos_x": 73.31268, "pos/pos_y": 0.5543174, "pos/pos_z": 69.02917, "pos/speed": 9.230518, "pos/cte": -3.780141, "pilot/angle": 0.0, "pilot/throttle": 0.0, "milliseconds": 81815}