{"cam/image_array": "1213_cam-image_array_.jpg", "user/angle": 0.277303010225296, "user/throttle": 0.31364065408706665, "user/mode": "local", "pos/pos_x": 51.09113, "pos/pos_y": 0.5563983, "pos/pos_z": 70.25462, "pos/speed": 12.12089, "pos/cte": 1.401131, "pilot/angle": 0.0, "pilot/throttle": 0.0, "milliseconds": 60688}