{"cam/image_array": "5747_cam-image_array_.jpg", "user/angle": 0.8748212456703186, "user/throttle": 0.8359489440917969, "user/mode": "local", "pos/pos_x": 67.87342, "pos/pos_y": 0.5536671, "pos/pos_z": 75.21182, "pos/speed": 9.347162, "pos/cte": -3.659402, "pilot/angle": 0.0, "pilot/throttle": 0.0, "milliseconds": 287680}