{"cam/image_array": "4364_cam-image_array_.jpg", "user/angle": 0.06019686162471771, "user/throttle": 0.13507601618766785, "user/mode": "local", "pos/pos_x": 85.8493, "pos/pos_y": 0.5554571, "pos/pos_z": 13.01951, "pos/speed": 12.60666, "pos/cte": -2.566255, "pilot/angle": 0.0, "pilot/throttle": 0.0, "milliseconds": 218440}