{"cam/image_array": "3019_cam-image_array_.jpg", "user/angle": 0.04879942163825035, "user/throttle": 0.8680150508880615, "user/mode": "local", "pos/pos_x": 45.68686, "pos/pos_y": 0.5559339, "pos/pos_z": 27.80103, "pos/speed": 12.55055, "pos/cte": -3.59494, "pilot/angle": 0.0, "pilot/throttle": 0.0, "milliseconds": 151104}