{"cam/image_array": "3175_cam-image_array_.jpg", "user/angle": -0.10515710711479187, "user/throttle": 0.879130482673645, "user/mode": "local", "pos/pos_x": 78.03046, "pos/pos_y": 0.555325, "pos/pos_z": 51.41705, "pos/speed": 10.63804, "pos/cte": 0.1984117, "pilot/angle": 0.0, "pilot/throttle": 0.0, "milliseconds": 158914}