{"cam/image_array": "4647_cam-image_array_.jpg", "user/angle": 0.10699565708637238, "user/throttle": 0.8339626789093018, "user/mode": "local", "pos/pos_x": 70.48436, "pos/pos_y": 0.5531607, "pos/pos_z": 75.04791, "pos/speed": 8.772668, "pos/cte": -5.538325, "pilot/angle": 0.0, "pilot/throttle": 0.0, "milliseconds": 232609}