{"cam/image_array": "1070_cam-image_array_.jpg", "user/angle": 0.003552395850419998, "user/throttle": 0.4819300174713135, "user/mode": "local", "pos/pos_x": 66.17075, "pos/pos_y": 0.5554595, "pos/pos_z": -6.622807, "pos/speed": 10.22073, "pos/cte": -2.840407, "pilot/angle": 0.0, "pilot/throttle": 0.0, "milliseconds": 53528}