{"cam/image_array": "4688_cam-image_array_.jpg", "user/angle": 0.3701004981994629, "user/throttle": 0.8964654207229614, "user/mode": "local", "pos/pos_x": 77.98266, "pos/pos_y": 0.5537255, "pos/pos_z": 56.6369, "pos/speed": 11.00399, "pos/cte": -0.1714071, "pilot/angle": 0.0, "pilot/throttle": 0.0, "milliseconds": 234661}