{"cam/image_array": "2826_cam-image_array_.jpg", "user/angle": -0.042553555220365524, "user/throttle": 0.5733314752578735, "user/mode": "local", "pos/pos_x": 78.52626, "pos/pos_y": 0.5546703, "pos/pos_z": 35.54517, "pos/speed": 12.50518, "pos/cte": -6.402111, "pilot/angle": 0.0, "pilot/throttle": 0.0, "milliseconds": 141441}