{"cam/image_array": "181_cam-image_array_.jpg", "user/angle": 0.28969642519950867, "user/throttle": 0.7415775060653687, "user/mode": "local", "pos/pos_x": 77.63409, "pos/pos_y": 0.5532284, "pos/pos_z": 55.62301, "pos/speed": 11.47196, "pos/cte": 0.5101555, "pilot/angle": 0.0, "pilot/throttle": 0.0, "milliseconds": 9021}