{"cam/image_array": "1829_cam-image_array_.jpg", "user/angle": 0.4543231725692749, "user/throttle": 0.5510066747665405, "user/mode": "local", "pos/pos_x": 59.24392, "pos/pos_y": 0.5547001, "pos/pos_z": -3.130129, "pos/speed": 10.59758, "pos/cte": 0.7125857, "pilot/angle": 0.0, "pilot/throttle": 0.0, "milliseconds": 91527}