{"cam/image_array": "1944_cam-image_array_.jpg", "user/angle": 0.3837382197380066, "user/throttle": 0.0157959945499897, "user/mode": "local", "pos/pos_x": 46.03552, "pos/pos_y": 0.5527506, "pos/pos_z": 64.32218, "pos/speed": 12.3284, "pos/cte": -3.65448, "pilot/angle": 0.0, "pilot/throttle": 0.0, "milliseconds": 97284}