{"cam/image_array": "2873_cam-image_array_.jpg", "user/angle": 0.6929001212120056, "user/throttle": 0.05549536645412445, "user/mode": "local", "pos/pos_x": 86.79417, "pos/pos_y": 0.554132, "pos/pos_z": 7.331677, "pos/speed": 11.41855, "pos/cte": 0.529106, "pilot/angle": 0.0, "pilot/throttle": 0.0, "milliseconds": 143794}