{"cam/image_array": "3389_cam-image_array_.jpg", "user/angle": 0.08389006555080414, "user/throttle": 0.8015397787094116, "user/mode": "local", "pos/pos_x": 46.08907, "pos/pos_y": 0.5552261, "pos/pos_z": 23.7576, "pos/speed": 11.81806, "pos/cte": -3.328546, "pilot/angle": 0.0, "pilot/throttle": 0.0, "milliseconds": 169628}