{"cam/image_array": "3191_cam-image_array_.jpg", "user/angle": 0.005677230656147003, "user/throttle": 0.8125989437103271, "user/mode": "local", "pos/pos_x": 77.9368, "pos/pos_y": 0.5542741, "pos/pos_z": 42.42083, "pos/speed": 11.77662, "pos/cte": -3.410208, "pilot/angle": 0.0, "pilot/throttle": 0.0, "milliseconds": 159714}