{"cam/image_array": "5608_cam-image_array_.jpg", "user/angle": 0.15301308035850525, "user/throttle": 0.7671468257904053, "user/mode": "local", "pos/pos_x": 52.19906, "pos/pos_y": 0.5543796, "pos/pos_z": 6.246932, "pos/speed": 11.02673, "pos/cte": 2.011827, "pilot/angle": 0.0, "pilot/throttle": 0.0, "milliseconds": 280721}