{"cam/image_array": "3997_cam-image_array_.jpg", "user/angle": 0.8351327776908875, "user/throttle": 0.10576457530260086, "user/mode": "local", "pos/pos_x": 86.9119, "pos/pos_y": 0.5555142, "pos/pos_z": 10.3775, "pos/speed": 12.23817, "pos/cte": -1.426632, "pilot/angle": 0.0, "pilot/throttle": 0.0, "milliseconds": 200066}