{"cam/image_array": "4990_cam-image_array_.jpg", "user/angle": 1.1375683546066284, "user/throttle": 0.4749630391597748, "user/mode": "local", "pos/pos_x": 59.93843, "pos/pos_y": 0.554503, "pos/pos_z": 75.85641, "pos/speed": 10.589, "pos/cte": 1.774618, "pilot/angle": 0.0, "pilot/throttle": 0.0, "milliseconds": 249781}