{"cam/image_array": "3411_cam-image_array_.jpg", "user/angle": -0.019355598837137222, "user/throttle": 0.7780470848083496, "user/mode": "local", "pos/pos_x": 45.02544, "pos/pos_y": 0.5555648, "pos/pos_z": 37.51231, "pos/speed": 13.31082, "pos/cte": -4.341079, "pilot/angle": 0.0, "pilot/throttle": 0.0, "milliseconds": 170730}