{"cam/image_array": "2918_cam-image_array_.jpg", "user/angle": 0.4291398823261261, "user/throttle": 0.8112328052520752, "user/mode": "local", "pos/pos_x": 77.08129, "pos/pos_y": 0.55349, "pos/pos_z": -8.126335, "pos/speed": 8.862082, "pos/cte": -4.43909, "pilot/angle": 0.0, "pilot/throttle": 0.0, "milliseconds": 146048}