{"cam/image_array": "721_cam-image_array_.jpg", "user/angle": 0.09191516041755676, "user/throttle": 0.7036945819854736, "user/mode": "local", "pos/pos_x": 52.81022, "pos/pos_y": 0.5563468, "pos/pos_z": 4.258986, "pos/speed": 10.85989, "pos/cte": 2.374893, "pilot/angle": 0.0, "pilot/throttle": 0.0, "milliseconds": 36056}