{"cam/image_array": "378_cam-image_array_.jpg", "user/angle": 0.0902925431728363, "user/throttle": 0.7682476043701172, "user/mode": "local", "pos/pos_x": 46.54793, "pos/pos_y": 0.5557758, "pos/pos_z": 20.41704, "pos/speed": 12.27619, "pos/cte": -3.015833, "pilot/angle": 0.0, "pilot/throttle": 0.0, "milliseconds": 18883}