{"cam/image_array": "2021_cam-image_array_.jpg", "user/angle": 0.2704519033432007, "user/throttle": 0.782874345779419, "user/mode": "local", "pos/pos_x": 75.1574, "pos/pos_y": 0.5538303, "pos/pos_z": 63.94646, "pos/speed": 9.836506, "pos/cte": -1.881921, "pilot/angle": 0.0, "pilot/throttle": 0.0, "milliseconds": 101139}