{"cam/image_array": "2465_cam-image_array_.jpg", "user/angle": -0.06262893974781036, "user/throttle": 0.4307733178138733, "user/mode": "local", "pos/pos_x": 80.15878, "pos/pos_y": 0.5508208, "pos/pos_z": 26.04407, "pos/speed": 12.93698, "pos/cte": -6.824515, "pilot/angle": 0.0, "pilot/throttle": 0.0, "milliseconds": 123368}