{"cam/image_array": "3549_cam-image_array_.jpg", "user/angle": 0.22315514087677002, "user/throttle": 0.9791224002838135, "user/mode": "local", "pos/pos_x": 78.10025, "pos/pos_y": 0.5546947, "pos/pos_z": 56.45678, "pos/speed": 10.5453, "pos/cte": -0.2184717, "pilot/angle": 0.0, "pilot/throttle": 0.0, "milliseconds": 177637}