{"cam/image_array": "2228_cam-image_array_.jpg", "user/angle": 0.09505613148212433, "user/throttle": 0.7001209259033203, "user/mode": "local", "pos/pos_x": 52.69519, "pos/pos_y": 0.5576619, "pos/pos_z": 4.596662, "pos/speed": 10.91685, "pos/cte": 2.273843, "pilot/angle": 0.0, "pilot/throttle": 0.0, "milliseconds": 111502}