{"cam/image_array": "2063_cam-image_array_.jpg", "user/angle": -0.04792330786585808, "user/throttle": 0.6957837343215942, "user/mode": "local", "pos/pos_x": 78.15849, "pos/pos_y": 0.5549549, "pos/pos_z": 40.45154, "pos/speed": 12.5608, "pos/cte": -4.514708, "pilot/angle": 0.0, "pilot/throttle": 0.0, "milliseconds": 103242}