{"cam/image_array": "1619_cam-image_array_.jpg", "user/angle": 0.785124659538269, "user/throttle": 0.6749261617660522, "user/mode": "local", "pos/pos_x": 69.00098, "pos/pos_y": 0.5537058, "pos/pos_z": 73.80192, "pos/speed": 9.324753, "pos/cte": -3.601148, "pilot/angle": 0.0, "pilot/throttle": 0.0, "milliseconds": 81014}