{"cam/image_array": "1015_cam-image_array_.jpg", "user/angle": 0.869934618473053, "user/throttle": 0.1714048981666565, "user/mode": "local", "pos/pos_x": 87.93092, "pos/pos_y": 0.5551081, "pos/pos_z": -2.931712, "pos/speed": 9.500143, "pos/cte": -2.455784, "pilot/angle": 0.0, "pilot/throttle": 0.0, "milliseconds": 50775}