{"cam/image_array": "4412_cam-image_array_.jpg", "user/angle": 0.5835464596748352, "user/throttle": 0.7470636367797852, "user/mode": "local", "pos/pos_x": 80.01449, "pos/pos_y": 0.5539363, "pos/pos_z": -8.413004, "pos/speed": 9.176479, "pos/cte": -4.751344, "pilot/angle": 0.0, "pilot/throttle": 0.0, "milliseconds": 220844}