{"cam/image_array": "3800_cam-image_array_.jpg", "user/angle": 0.38709068298339844, "user/throttle": 0.23195487260818481, "user/mode": "local", "pos/pos_x": 44.16249, "pos/pos_y": 0.5568703, "pos/pos_z": 48.88103, "pos/speed": 14.29694, "pos/cte": -5.527504, "pilot/angle": 0.0, "pilot/throttle": 0.0, "milliseconds": 190204}