{"cam/image_array": "2554_cam-image_array_.jpg", "user/angle": 0.11842511594295502, "user/throttle": 0.5426994562149048, "user/mode": "local", "pos/pos_x": 70.35565, "pos/pos_y": 0.5557342, "pos/pos_z": -7.167049, "pos/speed": 9.741954, "pos/cte": -3.421148, "pilot/angle": 0.0, "pilot/throttle": 0.0, "milliseconds": 127823}