{"cam/image_array": "1264_cam-image_array_.jpg", "user/angle": 0.16836905479431152, "user/throttle": 0.4750070571899414, "user/mode": "local", "pos/pos_x": 73.75439, "pos/pos_y": 0.5544908, "pos/pos_z": 70.08247, "pos/speed": 9.639942, "pos/cte": -4.800078, "pilot/angle": 0.0, "pilot/throttle": 0.0, "milliseconds": 63242}