{"cam/image_array": "1436_cam-image_array_.jpg", "user/angle": 0.062351588159799576, "user/throttle": 0.6912930011749268, "user/mode": "local", "pos/pos_x": 67.2485, "pos/pos_y": 0.5574646, "pos/pos_z": -6.239394, "pos/speed": 9.95037, "pos/cte": -2.466413, "pilot/angle": 0.0, "pilot/throttle": 0.0, "milliseconds": 71852}