{"cam/image_array": "5330_cam-image_array_.jpg", "user/angle": 0.28615647554397583, "user/throttle": 0.46283334493637085, "user/mode": "local", "pos/pos_x": 48.69955, "pos/pos_y": 0.5552757, "pos/pos_z": 66.71178, "pos/speed": 12.2464, "pos/cte": -0.9904442, "pilot/angle": 0.0, "pilot/throttle": 0.0, "milliseconds": 266803}