{"cam/image_array": "3513_cam-image_array_.jpg", "user/angle": 0.3086729347705841, "user/throttle": 0.5159293413162231, "user/mode": "local", "pos/pos_x": 71.85914, "pos/pos_y": 0.55359, "pos/pos_z": 72.09865, "pos/speed": 8.835784, "pos/cte": -4.668321, "pilot/angle": 0.0, "pilot/throttle": 0.0, "milliseconds": 175835}