{"cam/image_array": "446_cam-image_array_.jpg", "user/angle": 0.10477006435394287, "user/throttle": 0.2353655993938446, "user/mode": "local", "pos/pos_x": 46.15599, "pos/pos_y": 0.5512881, "pos/pos_z": 64.60638, "pos/speed": 12.35712, "pos/cte": -3.534012, "pilot/angle": 0.0, "pilot/throttle": 0.0, "milliseconds": 22287}