{"cam/image_array": "5734_cam-image_array_.jpg", "user/angle": 1.2383291721343994, "user/throttle": 0.22865712642669678, "user/mode": "local", "pos/pos_x": 62.07096, "pos/pos_y": 0.5522487, "pos/pos_z": 76.13552, "pos/speed": 10.40837, "pos/cte": 0.2343909, "pilot/angle": 0.0, "pilot/throttle": 0.0, "milliseconds": 287029}