{"cam/image_array": "4341_cam-image_array_.jpg", "user/angle": -0.038024455308914185, "user/throttle": 0.45547589659690857, "user/mode": "local", "pos/pos_x": 80.29673, "pos/pos_y": 0.55292, "pos/pos_z": 25.85234, "pos/speed": 12.63103, "pos/cte": -6.88658, "pilot/angle": 0.0, "pilot/throttle": 0.0, "milliseconds": 217288}