{"cam/image_array": "1572_cam-image_array_.jpg", "user/angle": 0.1679535061120987, "user/throttle": 0.15410423278808594, "user/mode": "local", "pos/pos_x": 46.93186, "pos/pos_y": 0.5529094, "pos/pos_z": 65.3809, "pos/speed": 11.66111, "pos/cte": -2.758141, "pilot/angle": 0.0, "pilot/throttle": 0.0, "milliseconds": 78661}