{"cam/image_array": "983_cam-image_array_.jpg", "user/angle": 0.013178524561226368, "user/throttle": 0.10611657798290253, "user/mode": "local", "pos/pos_x": 84.32106, "pos/pos_y": 0.5541086, "pos/pos_z": 14.3214, "pos/speed": 12.66564, "pos/cte": -2.423668, "pilot/angle": 0.0, "pilot/throttle": 0.0, "milliseconds": 49173}