{"cam/image_array": "2733_cam-image_array_.jpg", "user/angle": 0.9745603799819946, "user/throttle": 0.09030666947364807, "user/mode": "local", "pos/pos_x": 62.39571, "pos/pos_y": 0.5528514, "pos/pos_z": 76.33572, "pos/speed": 9.816757, "pos/cte": -0.1131843, "pilot/angle": 0.0, "pilot/throttle": 0.0, "milliseconds": 136785}