{"cam/image_array": "3805_cam-image_array_.jpg", "user/angle": 0.502244234085083, "user/throttle": 0.29392364621162415, "user/mode": "local", "pos/pos_x": 43.93427, "pos/pos_y": 0.5646616, "pos/pos_z": 51.71193, "pos/speed": 14.1342, "pos/cte": -5.755733, "pilot/angle": 0.0, "pilot/throttle": 0.0, "milliseconds": 190454}