{"cam/image_array": "5483_cam-image_array_.jpg", "user/angle": -0.006539689376950264, "user/throttle": 0.5135442018508911, "user/mode": "local", "pos/pos_x": 81.45293, "pos/pos_y": 0.5576198, "pos/pos_z": 21.35596, "pos/speed": 12.71291, "pos/cte": -5.419714, "pilot/angle": 0.0, "pilot/throttle": 0.0, "milliseconds": 274463}