{"cam/image_array": "1641_cam-image_array_.jpg", "user/angle": -0.08430041372776031, "user/throttle": 0.6524441242218018, "user/mode": "local", "pos/pos_x": 74.42062, "pos/pos_y": 0.5580546, "pos/pos_z": 66.46704, "pos/speed": 9.387468, "pos/cte": -2.958653, "pilot/angle": 0.0, "pilot/throttle": 0.0, "milliseconds": 82120}