{"cam/image_array": "1152_cam-image_array_.jpg", "user/angle": -0.07152736186981201, "user/throttle": 0.9343469142913818, "user/mode": "local", "pos/pos_x": 45.33204, "pos/pos_y": 0.555107, "pos/pos_z": 31.76719, "pos/speed": 13.10036, "pos/cte": -3.984359, "pilot/angle": 0.0, "pilot/throttle": 0.0, "milliseconds": 57633}