{"cam/image_array": "2335_cam-image_array_.jpg", "user/angle": 0.22308693826198578, "user/throttle": 0.3777284026145935, "user/mode": "local", "pos/pos_x": 51.10903, "pos/pos_y": 0.5546132, "pos/pos_z": 70.22611, "pos/speed": 12.08727, "pos/cte": 1.419033, "pilot/angle": 0.0, "pilot/throttle": 0.0, "milliseconds": 116859}