{"cam/image_array": "2130_cam-image_array_.jpg", "user/angle": 0.9572075009346008, "user/throttle": 0.010163772851228714, "user/mode": "local", "pos/pos_x": 89.46441, "pos/pos_y": 0.5538646, "pos/pos_z": 0.05088434, "pos/speed": 10.36057, "pos/cte": -1.968905, "pilot/angle": 0.0, "pilot/throttle": 0.0, "milliseconds": 106597}