{"cam/image_array": "4661_cam-image_array_.jpg", "user/angle": -0.10776610672473907, "user/throttle": 0.6268504858016968, "user/mode": "local", "pos/pos_x": 72.94208, "pos/pos_y": 0.5551002, "pos/pos_z": 69.09888, "pos/speed": 9.494327, "pos/cte": -3.543599, "pilot/angle": 0.0, "pilot/throttle": 0.0, "milliseconds": 233310}