{"cam/image_array": "5259_cam-image_array_.jpg", "user/angle": 0.10735505819320679, "user/throttle": 0.6981276273727417, "user/mode": "local", "pos/pos_x": 47.32771, "pos/pos_y": 0.5553825, "pos/pos_z": 19.93369, "pos/speed": 12.33272, "pos/cte": -2.25788, "pilot/angle": 0.0, "pilot/throttle": 0.0, "milliseconds": 263248}