{"cam/image_array": "4184_cam-image_array_.jpg", "user/angle": 0.2949002683162689, "user/throttle": 0.4449908435344696, "user/mode": "local", "pos/pos_x": 44.3583, "pos/pos_y": 0.5541016, "pos/pos_z": 57.27183, "pos/speed": 13.306, "pos/cte": -5.331699, "pilot/angle": 0.0, "pilot/throttle": 0.0, "milliseconds": 209429}