{"cam/image_array": "2514_cam-image_array_.jpg", "user/angle": 1.1290299892425537, "user/throttle": 0.2614890933036804, "user/mode": "local", "pos/pos_x": 86.37888, "pos/pos_y": 0.5530113, "pos/pos_z": -1.59537, "pos/speed": 10.15861, "pos/cte": -0.4121359, "pilot/angle": 0.0, "pilot/throttle": 0.0, "milliseconds": 125820}