{"cam/image_array": "5217_cam-image_array_.jpg", "user/angle": 0.1691611111164093, "user/throttle": 0.7280951738357544, "user/mode": "local", "pos/pos_x": 56.81799, "pos/pos_y": 0.5522116, "pos/pos_z": -1.258534, "pos/speed": 10.47015, "pos/cte": 1.741841, "pilot/angle": 0.0, "pilot/throttle": 0.0, "milliseconds": 261146}