{"cam/image_array": "2076_cam-image_array_.jpg", "user/angle": -0.17756325006484985, "user/throttle": 0.6240005493164062, "user/mode": "local", "pos/pos_x": 78.93544, "pos/pos_y": 0.5561118, "pos/pos_z": 32.8317, "pos/speed": 12.95454, "pos/cte": -7.04242, "pilot/angle": 0.0, "pilot/throttle": 0.0, "milliseconds": 103893}