{"cam/image_array": "4125_cam-image_array_.jpg", "user/angle": 0.15643680095672607, "user/throttle": 0.6073238849639893, "user/mode": "local", "pos/pos_x": 47.76077, "pos/pos_y": 0.5547601, "pos/pos_z": 17.47267, "pos/speed": 12.01289, "pos/cte": -1.932581, "pilot/angle": 0.0, "pilot/throttle": 0.0, "milliseconds": 206474}