{"cam/image_array": "407_cam-image_array_.jpg", "user/angle": -0.050637681037187576, "user/throttle": 0.8224805593490601, "user/mode": "local", "pos/pos_x": 45.00758, "pos/pos_y": 0.5557661, "pos/pos_z": 38.43375, "pos/speed": 13.78586, "pos/cte": -4.366972, "pilot/angle": 0.0, "pilot/throttle": 0.0, "milliseconds": 20335}