{"cam/image_array": "4478_cam-image_array_.jpg", "user/angle": 0.07289350032806396, "user/throttle": 0.7431741952896118, "user/mode": "local", "pos/pos_x": 52.7125, "pos/pos_y": 0.5581162, "pos/pos_z": 4.592655, "pos/speed": 10.40951, "pos/cte": 2.424345, "pilot/angle": 0.0, "pilot/throttle": 0.0, "milliseconds": 224148}