{"cam/image_array": "926_cam-image_array_.jpg", "user/angle": -0.07039396464824677, "user/throttle": 0.7533136606216431, "user/mode": "local", "pos/pos_x": 78.94231, "pos/pos_y": 0.5560633, "pos/pos_z": 49.50179, "pos/speed": 11.50332, "pos/cte": -1.098122, "pilot/angle": 0.0, "pilot/throttle": 0.0, "milliseconds": 46319}