{"cam/image_array": "1298_cam-image_array_.jpg", "user/angle": 0.24728281795978546, "user/throttle": 0.9296166896820068, "user/mode": "local", "pos/pos_x": 78.73859, "pos/pos_y": 0.552682, "pos/pos_z": 53.96491, "pos/speed": 11.19285, "pos/cte": -0.3472907, "pilot/angle": 0.0, "pilot/throttle": 0.0, "milliseconds": 64943}