{"cam/image_array": "299_cam-image_array_.jpg", "user/angle": 0.6096512675285339, "user/throttle": 0.8095543384552002, "user/mode": "local", "pos/pos_x": 73.77094, "pos/pos_y": 0.5521287, "pos/pos_z": -7.787821, "pos/speed": 9.460109, "pos/cte": -4.0717, "pilot/angle": 0.0, "pilot/throttle": 0.0, "milliseconds": 14929}