{"cam/image_array": "212_cam-image_array_.jpg", "user/angle": 0.032386038452386856, "user/throttle": 0.57228684425354, "user/mode": "local", "pos/pos_x": 77.88802, "pos/pos_y": 0.5533572, "pos/pos_z": 35.83202, "pos/speed": 12.79229, "pos/cte": -5.712383, "pilot/angle": 0.0, "pilot/throttle": 0.0, "milliseconds": 10573}