{"cam/image_array": "5476_cam-image_array_.jpg", "user/angle": -0.0600169412791729, "user/throttle": 0.6294935941696167, "user/mode": "local", "pos/pos_x": 80.00094, "pos/pos_y": 0.5469536, "pos/pos_z": 24.87181, "pos/speed": 12.72216, "pos/cte": -6.142971, "pilot/angle": 0.0, "pilot/throttle": 0.0, "milliseconds": 274113}