{"cam/image_array": "2722_cam-image_array_.jpg", "user/angle": 0.5658186078071594, "user/throttle": 0.41614583134651184, "user/mode": "local", "pos/pos_x": 57.47292, "pos/pos_y": 0.5521178, "pos/pos_z": 75.41157, "pos/speed": 10.52422, "pos/cte": 3.086206, "pilot/angle": 0.0, "pilot/throttle": 0.0, "milliseconds": 136234}