{"cam/image_array": "4967_cam-image_array_.jpg", "user/angle": 0.4276607930660248, "user/throttle": 0.28351688385009766, "user/mode": "local", "pos/pos_x": 49.67408, "pos/pos_y": 0.5567402, "pos/pos_z": 68.87578, "pos/speed": 12.18832, "pos/cte": -0.01591492, "pilot/angle": 0.0, "pilot/throttle": 0.0, "milliseconds": 248630}