{"cam/image_array": "841_cam-image_array_.jpg", "user/angle": 0.49643734097480774, "user/throttle": 0.4283134639263153, "user/mode": "local", "pos/pos_x": 57.32801, "pos/pos_y": 0.5531736, "pos/pos_z": 75.0447, "pos/speed": 11.53983, "pos/cte": 3.413012, "pilot/angle": 0.0, "pilot/throttle": 0.0, "milliseconds": 42064}