{"cam/image_array": "1369_cam-image_array_.jpg", "user/angle": 0.2565569281578064, "user/throttle": 0.06217745319008827, "user/mode": "local", "pos/pos_x": 85.33086, "pos/pos_y": 0.5566661, "pos/pos_z": 10.81338, "pos/speed": 11.92821, "pos/cte": -0.6293551, "pilot/angle": 0.0, "pilot/throttle": 0.0, "milliseconds": 68498}