{"cam/image_array": "5316_cam-image_array_.jpg", "user/angle": 0.3936796188354492, "user/throttle": 0.3058197796344757, "user/mode": "local", "pos/pos_x": 44.41331, "pos/pos_y": 0.5522718, "pos/pos_z": 58.49915, "pos/speed": 12.97615, "pos/cte": -5.276688, "pilot/angle": 0.0, "pilot/throttle": 0.0, "milliseconds": 266103}