{"cam/image_array": "2394_cam-image_array_.jpg", "user/angle": 0.1455816626548767, "user/throttle": 0.6191099882125854, "user/mode": "local", "pos/pos_x": 75.90267, "pos/pos_y": 0.558013, "pos/pos_z": 67.62977, "pos/speed": 9.498219, "pos/cte": -4.840743, "pilot/angle": 0.0, "pilot/throttle": 0.0, "milliseconds": 119813}