{"cam/image_array": "656_cam-image_array_.jpg", "user/angle": 0.7614020705223083, "user/throttle": 0.7470495700836182, "user/mode": "local", "pos/pos_x": 80.35571, "pos/pos_y": 0.5529695, "pos/pos_z": -9.895793, "pos/speed": 9.545264, "pos/cte": -6.237055, "pilot/angle": 0.0, "pilot/throttle": 0.0, "milliseconds": 32802}