{"cam/image_array": "913_cam-image_array_.jpg", "user/angle": 0.2701632082462311, "user/throttle": 0.9978506565093994, "user/mode": "local", "pos/pos_x": 78.56342, "pos/pos_y": 0.5544313, "pos/pos_z": 57.159, "pos/speed": 10.46866, "pos/cte": -0.8982306, "pilot/angle": 0.0, "pilot/throttle": 0.0, "milliseconds": 45668}