{"cam/image_array": "5736_cam-image_array_.jpg", "user/angle": 0.7977384328842163, "user/throttle": 0.33775708079338074, "user/mode": "local", "pos/pos_x": 63.10089, "pos/pos_y": 0.5540894, "pos/pos_z": 76.16119, "pos/speed": 10.22594, "pos/cte": -0.6469068, "pilot/angle": 0.0, "pilot/throttle": 0.0, "milliseconds": 287130}