{"cam/image_array": "4522_cam-image_array_.jpg", "user/angle": 0.05206387862563133, "user/throttle": 0.8038793802261353, "user/mode": "local", "pos/pos_x": 45.62625, "pos/pos_y": 0.5572673, "pos/pos_z": 28.7554, "pos/speed": 12.40862, "pos/cte": -3.663877, "pilot/angle": 0.0, "pilot/throttle": 0.0, "milliseconds": 226351}