{"cam/image_array": "4569_cam-image_array_.jpg", "user/angle": -0.04995637759566307, "user/throttle": 0.3412506878376007, "user/mode": "local", "pos/pos_x": 47.37299, "pos/pos_y": 0.5522397, "pos/pos_z": 59.9884, "pos/speed": 12.5274, "pos/cte": -2.317005, "pilot/angle": 0.0, "pilot/throttle": 0.0, "milliseconds": 228704}