{"cam/image_array": "3611_cam-image_array_.jpg", "user/angle": 0.0007037334144115448, "user/throttle": 0.3023933470249176, "user/mode": "local", "pos/pos_x": 82.90353, "pos/pos_y": 0.5568728, "pos/pos_z": 18.2481, "pos/speed": 13.39351, "pos/cte": -4.230828, "pilot/angle": 0.0, "pilot/throttle": 0.0, "milliseconds": 180742}