{"cam/image_array": "3991_cam-image_array_.jpg", "user/angle": 0.4575215280056, "user/throttle": 0.0722188651561737, "user/mode": "local", "pos/pos_x": 85.39644, "pos/pos_y": 0.5555111, "pos/pos_z": 13.82292, "pos/speed": 12.85752, "pos/cte": -2.821874, "pilot/angle": 0.0, "pilot/throttle": 0.0, "milliseconds": 199766}