{"cam/image_array": "1262_cam-image_array_.jpg", "user/angle": 0.13345645368099213, "user/throttle": 0.552464485168457, "user/mode": "local", "pos/pos_x": 73.26868, "pos/pos_y": 0.5545366, "pos/pos_z": 70.90712, "pos/speed": 9.534443, "pos/cte": -4.966307, "pilot/angle": 0.0, "pilot/throttle": 0.0, "milliseconds": 63141}