{"cam/image_array": "5337_cam-image_array_.jpg", "user/angle": 0.24432866275310516, "user/throttle": 0.4127419590950012, "user/mode": "local", "pos/pos_x": 51.03884, "pos/pos_y": 0.5578681, "pos/pos_z": 69.51894, "pos/speed": 12.06612, "pos/cte": 1.348843, "pilot/angle": 0.0, "pilot/throttle": 0.0, "milliseconds": 267154}