{"cam/image_array": "5579_cam-image_array_.jpg", "user/angle": 0.519304633140564, "user/throttle": 0.5149906873703003, "user/mode": "local", "pos/pos_x": 62.18649, "pos/pos_y": 0.5571966, "pos/pos_z": -4.212931, "pos/speed": 10.37924, "pos/cte": -0.3958532, "pilot/angle": 0.0, "pilot/throttle": 0.0, "milliseconds": 279269}