{"cam/image_array": "1089_cam-image_array_.jpg", "user/angle": 0.3076721429824829, "user/throttle": 0.5958791971206665, "user/mode": "local", "pos/pos_x": 57.18429, "pos/pos_y": 0.5538753, "pos/pos_z": -1.5398, "pos/speed": 10.50809, "pos/cte": 1.614394, "pilot/angle": 0.0, "pilot/throttle": 0.0, "milliseconds": 54479}