{"cam/image_array": "2399_cam-image_array_.jpg", "user/angle": -0.0024887658655643463, "user/throttle": 0.6922852993011475, "user/mode": "local", "pos/pos_x": 76.79072, "pos/pos_y": 0.5546842, "pos/pos_z": 64.897, "pos/speed": 9.668643, "pos/cte": -3.741225, "pilot/angle": 0.0, "pilot/throttle": 0.0, "milliseconds": 120063}