{"cam/image_array": "4206_cam-image_array_.jpg", "user/angle": 0.369890421628952, "user/throttle": 0.20038847625255585, "user/mode": "local", "pos/pos_x": 50.4506, "pos/pos_y": 0.5581951, "pos/pos_z": 69.54296, "pos/speed": 12.17569, "pos/cte": 0.7606049, "pilot/angle": 0.0, "pilot/throttle": 0.0, "milliseconds": 210530}