{"cam/image_array": "1440_cam-image_array_.jpg", "user/angle": 0.14014582335948944, "user/throttle": 0.5595088005065918, "user/mode": "local", "pos/pos_x": 65.37314, "pos/pos_y": 0.553208, "pos/pos_z": -5.561016, "pos/speed": 10.08868, "pos/cte": -1.771695, "pilot/angle": 0.0, "pilot/throttle": 0.0, "milliseconds": 72052}