{"cam/image_array": "3898_cam-image_array_.jpg", "user/angle": -0.09128494560718536, "user/throttle": 0.731602668762207, "user/mode": "local", "pos/pos_x": 74.28726, "pos/pos_y": 0.5585438, "pos/pos_z": 67.06556, "pos/speed": 9.427024, "pos/cte": -3.245951, "pilot/angle": 0.0, "pilot/throttle": 0.0, "milliseconds": 195110}