{"cam/image_array": "5254_cam-image_array_.jpg", "user/angle": 0.09988996386528015, "user/throttle": 0.6034559011459351, "user/mode": "local", "pos/pos_x": 47.98495, "pos/pos_y": 0.5564259, "pos/pos_z": 17.58576, "pos/speed": 12.21281, "pos/cte": -1.703675, "pilot/angle": 0.0, "pilot/throttle": 0.0, "milliseconds": 262998}