{"cam/image_array": "3416_cam-image_array_.jpg", "user/angle": -0.0019454024732112885, "user/throttle": 0.6563563346862793, "user/mode": "local", "pos/pos_x": 44.66162, "pos/pos_y": 0.554765, "pos/pos_z": 41.53199, "pos/speed": 13.55877, "pos/cte": -4.739956, "pilot/angle": 0.0, "pilot/throttle": 0.0, "milliseconds": 170979}