{"cam/image_array": "576_cam-image_array_.jpg", "user/angle": -0.2453424036502838, "user/throttle": 0.4424895942211151, "user/mode": "local", "pos/pos_x": 78.8441, "pos/pos_y": 0.5548834, "pos/pos_z": 31.774, "pos/speed": 13.14318, "pos/cte": -6.904709, "pilot/angle": 0.0, "pilot/throttle": 0.0, "milliseconds": 28796}