{"cam/image_array": "4315_cam-image_array_.jpg", "user/angle": -0.11774511635303497, "user/throttle": 0.8177226781845093, "user/mode": "local", "pos/pos_x": 78.42305, "pos/pos_y": 0.5537079, "pos/pos_z": 42.11691, "pos/speed": 12.18463, "pos/cte": -3.983078, "pilot/angle": 0.0, "pilot/throttle": 0.0, "milliseconds": 215987}