{"cam/image_array": "2711_cam-image_array_.jpg", "user/angle": 0.8033145070075989, "user/throttle": 0.17560622096061707, "user/mode": "local", "pos/pos_x": 52.91223, "pos/pos_y": 0.5531354, "pos/pos_z": 72.55418, "pos/speed": 11.12498, "pos/cte": 2.943576, "pilot/angle": 0.0, "pilot/throttle": 0.0, "milliseconds": 135683}