{"cam/image_array": "2791_cam-image_array_.jpg", "user/angle": 0.34214094281196594, "user/throttle": 0.864769458770752, "user/mode": "local", "pos/pos_x": 77.95529, "pos/pos_y": 0.5521362, "pos/pos_z": 55.84235, "pos/speed": 10.53601, "pos/cte": 0.132485, "pilot/angle": 0.0, "pilot/throttle": 0.0, "milliseconds": 139689}