{"cam/image_array": "147_cam-image_array_.jpg", "user/angle": -0.05807649716734886, "user/throttle": 0.6055617332458496, "user/mode": "local", "pos/pos_x": 70.8764, "pos/pos_y": 0.5553685, "pos/pos_z": 71.45956, "pos/speed": 9.651472, "pos/cte": -3.505992, "pilot/angle": 0.0, "pilot/throttle": 0.0, "milliseconds": 7319}