{"cam/image_array": "4851_cam-image_array_.jpg", "user/angle": 0.24051910638809204, "user/throttle": 0.6576651334762573, "user/mode": "local", "pos/pos_x": 56.41689, "pos/pos_y": 0.5558257, "pos/pos_z": -0.02136935, "pos/speed": 10.57109, "pos/cte": 2.745917, "pilot/angle": 0.0, "pilot/throttle": 0.0, "milliseconds": 242822}