{"cam/image_array": "5344_cam-image_array_.jpg", "user/angle": 0.5641607046127319, "user/throttle": 0.366313636302948, "user/mode": "local", "pos/pos_x": 53.60043, "pos/pos_y": 0.5524726, "pos/pos_z": 72.08699, "pos/speed": 12.10718, "pos/cte": 3.910435, "pilot/angle": 0.0, "pilot/throttle": 0.0, "milliseconds": 267504}