{"cam/image_array": "5508_cam-image_array_.jpg", "user/angle": 0.7464884519577026, "user/throttle": 0.10030974447727203, "user/mode": "local", "pos/pos_x": 87.45019, "pos/pos_y": 0.5547011, "pos/pos_z": 7.235092, "pos/speed": 11.37054, "pos/cte": 0.01287962, "pilot/angle": 0.0, "pilot/throttle": 0.0, "milliseconds": 275714}