{"cam/image_array": "5683_cam-image_array_.jpg", "user/angle": 0.6989732384681702, "user/throttle": 0.17029866576194763, "user/mode": "local", "pos/pos_x": 44.12097, "pos/pos_y": 0.5600322, "pos/pos_z": 53.12529, "pos/speed": 13.88508, "pos/cte": -5.569031, "pilot/angle": 0.0, "pilot/throttle": 0.0, "milliseconds": 284476}