{"cam/image_array": "5440_cam-image_array_.jpg", "user/angle": -0.007963698357343674, "user/throttle": 0.9115506410598755, "user/mode": "local", "pos/pos_x": 79.01058, "pos/pos_y": 0.5552136, "pos/pos_z": 47.16195, "pos/speed": 11.64163, "pos/cte": -1.943523, "pilot/angle": 0.0, "pilot/throttle": 0.0, "milliseconds": 272310}