{"cam/image_array": "4055_cam-image_array_.jpg", "user/angle": 0.07294557988643646, "user/throttle": 0.505333662033081, "user/mode": "local", "pos/pos_x": 72.27164, "pos/pos_y": 0.5556211, "pos/pos_z": -8.307804, "pos/speed": 9.928082, "pos/cte": -4.57858, "pilot/angle": 0.0, "pilot/throttle": 0.0, "milliseconds": 202970}