{"cam/image_array": "2001_cam-image_array_.jpg", "user/angle": 0.2909711003303528, "user/throttle": 0.37141895294189453, "user/mode": "local", "pos/pos_x": 70.5097, "pos/pos_y": 0.5511972, "pos/pos_z": 72.13593, "pos/speed": 9.384727, "pos/cte": -3.666407, "pilot/angle": 0.0, "pilot/throttle": 0.0, "milliseconds": 100138}