{"cam/image_array": "5151_cam-image_array_.jpg", "user/angle": 0.8910459280014038, "user/throttle": 0.09925290197134018, "user/mode": "local", "pos/pos_x": 85.83047, "pos/pos_y": 0.556528, "pos/pos_z": -2.977155, "pos/speed": 10.39495, "pos/cte": -0.9894887, "pilot/angle": 0.0, "pilot/throttle": 0.0, "milliseconds": 257841}