{"cam/image_array": "4271_cam-image_array_.jpg", "user/angle": -0.17638564109802246, "user/throttle": 0.8133183717727661, "user/mode": "local", "pos/pos_x": 74.75058, "pos/pos_y": 0.5564601, "pos/pos_z": 65.79163, "pos/speed": 9.336831, "pos/cte": -2.770912, "pilot/angle": 0.0, "pilot/throttle": 0.0, "milliseconds": 213784}