{"cam/image_array": "4239_cam-image_array_.jpg", "user/angle": 1.035261631011963, "user/throttle": 0.40136709809303284, "user/mode": "local", "pos/pos_x": 65.41064, "pos/pos_y": 0.5559704, "pos/pos_z": 76.13343, "pos/speed": 9.573377, "pos/cte": -2.385223, "pilot/angle": 0.0, "pilot/throttle": 0.0, "milliseconds": 212182}