{"cam/image_array": "3906_cam-image_array_.jpg", "user/angle": 0.046757228672504425, "user/throttle": 0.7434204816818237, "user/mode": "local", "pos/pos_x": 75.52657, "pos/pos_y": 0.5543227, "pos/pos_z": 63.43071, "pos/speed": 9.877859, "pos/cte": -1.827682, "pilot/angle": 0.0, "pilot/throttle": 0.0, "milliseconds": 195510}