{"cam/image_array": "2260_cam-image_array_.jpg", "user/angle": 0.1240755170583725, "user/throttle": 0.7779587507247925, "user/mode": "local", "pos/pos_x": 46.46108, "pos/pos_y": 0.5562665, "pos/pos_z": 22.22598, "pos/speed": 12.32122, "pos/cte": -3.023695, "pilot/angle": 0.0, "pilot/throttle": 0.0, "milliseconds": 113104}