{"cam/image_array": "537_cam-image_array_.jpg", "user/angle": 0.15705673396587372, "user/throttle": 0.8658438920974731, "user/mode": "local", "pos/pos_x": 78.21964, "pos/pos_y": 0.551615, "pos/pos_z": 54.95236, "pos/speed": 10.89452, "pos/cte": -0.01697835, "pilot/angle": 0.0, "pilot/throttle": 0.0, "milliseconds": 26843}