{"cam/image_array": "618_cam-image_array_.jpg", "user/angle": 0.979698121547699, "user/throttle": 0.3260779082775116, "user/mode": "local", "pos/pos_x": 88.25059, "pos/pos_y": 0.5529518, "pos/pos_z": 5.601682, "pos/speed": 11.76801, "pos/cte": -0.2296628, "pilot/angle": 0.0, "pilot/throttle": 0.0, "milliseconds": 30899}