{"cam/image_array": "3351_cam-image_array_.jpg", "user/angle": 0.08406297862529755, "user/throttle": 0.7592698335647583, "user/mode": "local", "pos/pos_x": 53.23867, "pos/pos_y": 0.5561308, "pos/pos_z": 3.638599, "pos/speed": 9.854513, "pos/cte": 2.507501, "pilot/angle": 0.0, "pilot/throttle": 0.0, "milliseconds": 167726}