{"cam/image_array": "4357_cam-image_array_.jpg", "user/angle": 0.17463135719299316, "user/throttle": 0.11816783994436264, "user/mode": "local", "pos/pos_x": 84.097, "pos/pos_y": 0.5541703, "pos/pos_z": 16.38817, "pos/speed": 12.69607, "pos/cte": -3.74075, "pilot/angle": 0.0, "pilot/throttle": 0.0, "milliseconds": 218089}