{"cam/image_array": "5471_cam-image_array_.jpg", "user/angle": -0.29970893263816833, "user/throttle": 0.5427365303039551, "user/mode": "local", "pos/pos_x": 79.10244, "pos/pos_y": 0.5498912, "pos/pos_z": 28.60047, "pos/speed": 12.84601, "pos/cte": -6.686466, "pilot/angle": 0.0, "pilot/throttle": 0.0, "milliseconds": 273863}