{"cam/image_array": "1762_cam-image_array_.jpg", "user/angle": 0.8984613418579102, "user/throttle": 0.1174553856253624, "user/mode": "local", "pos/pos_x": 87.61711, "pos/pos_y": 0.5537407, "pos/pos_z": -2.653398, "pos/speed": 10.10692, "pos/cte": -2.036884, "pilot/angle": 0.0, "pilot/throttle": 0.0, "milliseconds": 88173}