{"cam/image_array": "3940_cam-image_array_.jpg", "user/angle": -0.1524500846862793, "user/throttle": 0.8183374404907227, "user/mode": "local", "pos/pos_x": 78.53675, "pos/pos_y": 0.5517235, "pos/pos_z": 44.58499, "pos/speed": 11.94319, "pos/cte": -2.866697, "pilot/angle": 0.0, "pilot/throttle": 0.0, "milliseconds": 197213}