{"cam/image_array": "3519_cam-image_array_.jpg", "user/angle": 0.16287125647068024, "user/throttle": 0.5707776546478271, "user/mode": "local", "pos/pos_x": 72.75698, "pos/pos_y": 0.5528732, "pos/pos_z": 70.55404, "pos/speed": 9.07132, "pos/cte": -4.347902, "pilot/angle": 0.0, "pilot/throttle": 0.0, "milliseconds": 176135}