{"cam/image_array": "5361_cam-image_array_.jpg", "user/angle": 0.7942900061607361, "user/throttle": 0.3919864296913147, "user/mode": "local", "pos/pos_x": 62.6496, "pos/pos_y": 0.5518277, "pos/pos_z": 76.61336, "pos/speed": 10.69362, "pos/cte": -0.5974019, "pilot/angle": 0.0, "pilot/throttle": 0.0, "milliseconds": 268355}