{"cam/image_array": "4820_cam-image_array_.jpg", "user/angle": 0.18808352947235107, "user/throttle": 0.5687531232833862, "user/mode": "local", "pos/pos_x": 70.29041, "pos/pos_y": 0.555642, "pos/pos_z": -7.902069, "pos/speed": 9.751953, "pos/cte": -4.155571, "pilot/angle": 0.0, "pilot/throttle": 0.0, "milliseconds": 241270}