{"cam/image_array": "2245_cam-image_array_.jpg", "user/angle": 0.1178274005651474, "user/throttle": 0.7374430894851685, "user/mode": "local", "pos/pos_x": 48.76932, "pos/pos_y": 0.5564275, "pos/pos_z": 14.0537, "pos/speed": 11.92759, "pos/cte": -1.074121, "pilot/angle": 0.0, "pilot/throttle": 0.0, "milliseconds": 112354}