{"cam/image_array": "5592_cam-image_array_.jpg", "user/angle": 0.2250017523765564, "user/throttle": 0.6663486957550049, "user/mode": "local", "pos/pos_x": 56.30775, "pos/pos_y": 0.5540014, "pos/pos_z": 0.02434854, "pos/speed": 10.38864, "pos/cte": 2.589252, "pilot/angle": 0.0, "pilot/throttle": 0.0, "milliseconds": 279920}