{"cam/image_array": "658_cam-image_array_.jpg", "user/angle": 0.589693546295166, "user/throttle": 0.6828702688217163, "user/mode": "local", "pos/pos_x": 79.43446, "pos/pos_y": 0.5531427, "pos/pos_z": -10.13524, "pos/speed": 9.463464, "pos/cte": -6.468454, "pilot/angle": 0.0, "pilot/throttle": 0.0, "milliseconds": 32901}