{"cam/image_array": "3189_cam-image_array_.jpg", "user/angle": -0.11429272592067719, "user/throttle": 0.8571269512176514, "user/mode": "local", "pos/pos_x": 77.91467, "pos/pos_y": 0.5538502, "pos/pos_z": 43.59087, "pos/speed": 11.62445, "pos/cte": -2.814797, "pilot/angle": 0.0, "pilot/throttle": 0.0, "milliseconds": 159614}