{"cam/image_array": "1305_cam-image_array_.jpg", "user/angle": -0.026942726224660873, "user/throttle": 0.7589818239212036, "user/mode": "local", "pos/pos_x": 78.88334, "pos/pos_y": 0.5530038, "pos/pos_z": 49.40728, "pos/speed": 11.65482, "pos/cte": -0.9744797, "pilot/angle": 0.0, "pilot/throttle": 0.0, "milliseconds": 65293}