{"cam/image_array": "1582_cam-image_array_.jpg", "user/angle": 0.2916508913040161, "user/throttle": 0.3558720350265503, "user/mode": "local", "pos/pos_x": 50.56163, "pos/pos_y": 0.5569458, "pos/pos_z": 69.77731, "pos/speed": 11.27177, "pos/cte": 0.8716354, "pilot/angle": 0.0, "pilot/throttle": 0.0, "milliseconds": 79161}