{"cam/image_array": "2125_cam-image_array_.jpg", "user/angle": 1.0129210948944092, "user/throttle": -0.004796862602233887, "user/mode": "local", "pos/pos_x": 89.44846, "pos/pos_y": 0.5533866, "pos/pos_z": 2.182402, "pos/speed": 10.92189, "pos/cte": -1.419775, "pilot/angle": 0.0, "pilot/throttle": 0.0, "milliseconds": 106346}