{"cam/image_array": "2065_cam-image_array_.jpg", "user/angle": -0.008930489420890808, "user/throttle": 0.6128602027893066, "user/mode": "local", "pos/pos_x": 78.2534, "pos/pos_y": 0.5547513, "pos/pos_z": 39.19386, "pos/speed": 12.66038, "pos/cte": -5.12262, "pilot/angle": 0.0, "pilot/throttle": 0.0, "milliseconds": 103342}