{"cam/image_array": "2045_cam-image_array_.jpg", "user/angle": -0.11940167844295502, "user/throttle": 0.9470884799957275, "user/mode": "local", "pos/pos_x": 78.11843, "pos/pos_y": 0.5589215, "pos/pos_z": 51.74518, "pos/speed": 11.30827, "pos/cte": 0.2464996, "pilot/angle": 0.0, "pilot/throttle": 0.0, "milliseconds": 102340}