{"cam/image_array": "672_cam-image_array_.jpg", "user/angle": 0.09169283509254456, "user/throttle": 0.6307413578033447, "user/mode": "local", "pos/pos_x": 72.81797, "pos/pos_y": 0.5556372, "pos/pos_z": -9.675252, "pos/speed": 9.700376, "pos/cte": -5.950743, "pilot/angle": 0.0, "pilot/throttle": 0.0, "milliseconds": 33602}