{"cam/image_array": "1228_cam-image_array_.jpg", "user/angle": 0.8042037487030029, "user/throttle": 0.44255346059799194, "user/mode": "local", "pos/pos_x": 58.55466, "pos/pos_y": 0.5527574, "pos/pos_z": 75.54507, "pos/speed": 10.9859, "pos/cte": 2.679695, "pilot/angle": 0.0, "pilot/throttle": 0.0, "milliseconds": 61439}