{"cam/image_array": "3619_cam-image_array_.jpg", "user/angle": 0.16316105425357819, "user/throttle": 0.09842732548713684, "user/mode": "local", "pos/pos_x": 85.13974, "pos/pos_y": 0.5543696, "pos/pos_z": 13.4424, "pos/speed": 13.21426, "pos/cte": -2.370545, "pilot/angle": 0.0, "pilot/throttle": 0.0, "milliseconds": 181142}