{"cam/image_array": "1846_cam-image_array_.jpg", "user/angle": 0.07769107818603516, "user/throttle": 0.7096226215362549, "user/mode": "local", "pos/pos_x": 53.22408, "pos/pos_y": 0.5579109, "pos/pos_z": 4.071942, "pos/speed": 10.71023, "pos/cte": 2.673921, "pilot/angle": 0.0, "pilot/throttle": 0.0, "milliseconds": 92378}