{"cam/image_array": "2134_cam-image_array_.jpg", "user/angle": 0.8564645648002625, "user/throttle": 0.12291087210178375, "user/mode": "local", "pos/pos_x": 89.2028, "pos/pos_y": 0.5551862, "pos/pos_z": -1.954886, "pos/speed": 9.797561, "pos/cte": -2.802371, "pilot/angle": 0.0, "pilot/throttle": 0.0, "milliseconds": 106797}