{"cam/image_array": "2895_cam-image_array_.jpg", "user/angle": 0.8544722199440002, "user/throttle": 0.222978875041008, "user/mode": "local", "pos/pos_x": 84.99358, "pos/pos_y": 0.5521715, "pos/pos_z": -3.855128, "pos/speed": 9.371219, "pos/cte": -1.355004, "pilot/angle": 0.0, "pilot/throttle": 0.0, "milliseconds": 144895}