{"cam/image_array": "4144_cam-image_array_.jpg", "user/angle": 0.030623476952314377, "user/throttle": 0.9200363159179688, "user/mode": "local", "pos/pos_x": 45.5716, "pos/pos_y": 0.5555856, "pos/pos_z": 28.42496, "pos/speed": 12.87243, "pos/cte": -3.715637, "pilot/angle": 0.0, "pilot/throttle": 0.0, "milliseconds": 207426}