{"cam/image_array": "4475_cam-image_array_.jpg", "user/angle": 0.07199816405773163, "user/throttle": 0.7197816371917725, "user/mode": "local", "pos/pos_x": 53.18298, "pos/pos_y": 0.5604036, "pos/pos_z": 3.672333, "pos/speed": 10.35247, "pos/cte": 2.470807, "pilot/angle": 0.0, "pilot/throttle": 0.0, "milliseconds": 223998}