{"cam/image_array": "2533_cam-image_array_.jpg", "user/angle": 0.603659451007843, "user/throttle": 0.8482375144958496, "user/mode": "local", "pos/pos_x": 80.41625, "pos/pos_y": 0.5549333, "pos/pos_z": -7.404341, "pos/speed": 8.968836, "pos/cte": -3.746226, "pilot/angle": 0.0, "pilot/throttle": 0.0, "milliseconds": 126772}