{"cam/image_array": "3703_cam-image_array_.jpg", "user/angle": 0.37786614894866943, "user/throttle": 0.5725005865097046, "user/mode": "local", "pos/pos_x": 62.40134, "pos/pos_y": 0.557811, "pos/pos_z": -5.040644, "pos/speed": 10.57753, "pos/cte": -1.22541, "pilot/angle": 0.0, "pilot/throttle": 0.0, "milliseconds": 185348}