{"cam/image_array": "5341_cam-image_array_.jpg", "user/angle": 0.20830567181110382, "user/throttle": 0.3984498083591461, "user/mode": "local", "pos/pos_x": 52.71393, "pos/pos_y": 0.5535288, "pos/pos_z": 71.26899, "pos/speed": 12.00398, "pos/cte": 3.023933, "pilot/angle": 0.0, "pilot/throttle": 0.0, "milliseconds": 267354}