{"cam/image_array": "5052_cam-image_array_.jpg", "user/angle": 0.27057260274887085, "user/throttle": 1.0547645092010498, "user/mode": "local", "pos/pos_x": 78.10768, "pos/pos_y": 0.5543421, "pos/pos_z": 56.40372, "pos/speed": 10.71391, "pos/cte": -0.2068493, "pilot/angle": 0.0, "pilot/throttle": 0.0, "milliseconds": 252886}