{"cam/image_array": "352_cam-image_array_.jpg", "user/angle": 0.1700277477502823, "user/throttle": 0.7390308380126953, "user/mode": "local", "pos/pos_x": 52.39283, "pos/pos_y": 0.555218, "pos/pos_z": 5.746099, "pos/speed": 10.94805, "pos/cte": 2.248172, "pilot/angle": 0.0, "pilot/throttle": 0.0, "milliseconds": 17582}