{"cam/image_array": "426_cam-image_array_.jpg", "user/angle": 0.4435111880302429, "user/throttle": 0.2446219027042389, "user/mode": "local", "pos/pos_x": 43.86166, "pos/pos_y": 0.5639905, "pos/pos_z": 51.12078, "pos/speed": 14.16993, "pos/cte": -5.828335, "pilot/angle": 0.0, "pilot/throttle": 0.0, "milliseconds": 21287}