{"cam/image_array": "3022_cam-image_array_.jpg", "user/angle": -0.05688341334462166, "user/throttle": 0.9799371957778931, "user/mode": "local", "pos/pos_x": 45.55466, "pos/pos_y": 0.5557441, "pos/pos_z": 30.33338, "pos/speed": 12.8352, "pos/cte": -3.749227, "pilot/angle": 0.0, "pilot/throttle": 0.0, "milliseconds": 151253}