{"cam/image_array": "800_cam-image_array_.jpg", "user/angle": 0.5263110399246216, "user/throttle": 0.38277244567871094, "user/mode": "local", "pos/pos_x": 43.44316, "pos/pos_y": 0.5531142, "pos/pos_z": 53.32925, "pos/speed": 13.79974, "pos/cte": -6.246834, "pilot/angle": 0.0, "pilot/throttle": 0.0, "milliseconds": 40010}