{"cam/image_array": "3645_cam-image_array_.jpg", "user/angle": 1.0900120735168457, "user/throttle": 0.16073161363601685, "user/mode": "local", "pos/pos_x": 86.79497, "pos/pos_y": 0.5496036, "pos/pos_z": -1.32573, "pos/speed": 10.55895, "pos/cte": -0.5199153, "pilot/angle": 0.0, "pilot/throttle": 0.0, "milliseconds": 182444}