{"cam/image_array": "953_cam-image_array_.jpg", "user/angle": -0.12219953536987305, "user/throttle": 0.5214988589286804, "user/mode": "local", "pos/pos_x": 78.90082, "pos/pos_y": 0.5547643, "pos/pos_z": 33.56422, "pos/speed": 12.87927, "pos/cte": -6.950433, "pilot/angle": 0.0, "pilot/throttle": 0.0, "milliseconds": 47670}