{"cam/image_array": "2328_cam-image_array_.jpg", "user/angle": 0.2783612906932831, "user/throttle": 0.5368838310241699, "user/mode": "local", "pos/pos_x": 48.69816, "pos/pos_y": 0.5559654, "pos/pos_z": 67.47602, "pos/speed": 12.38238, "pos/cte": -0.9918404, "pilot/angle": 0.0, "pilot/throttle": 0.0, "milliseconds": 116509}