{"cam/image_array": "3361_cam-image_array_.jpg", "user/angle": 0.05421210452914238, "user/throttle": 0.8469939231872559, "user/mode": "local", "pos/pos_x": 51.0125, "pos/pos_y": 0.5571244, "pos/pos_z": 8.192106, "pos/speed": 10.42712, "pos/cte": 0.9112422, "pilot/angle": 0.0, "pilot/throttle": 0.0, "milliseconds": 168226}