{"cam/image_array": "1282_cam-image_array_.jpg", "user/angle": 0.14756609499454498, "user/throttle": 0.6901489496231079, "user/mode": "local", "pos/pos_x": 76.81286, "pos/pos_y": 0.5556141, "pos/pos_z": 61.81617, "pos/speed": 10.11102, "pos/cte": -1.757224, "pilot/angle": 0.0, "pilot/throttle": 0.0, "milliseconds": 64142}