{"cam/image_array": "4616_cam-image_array_.jpg", "user/angle": 0.8766237497329712, "user/throttle": 0.3607955574989319, "user/mode": "local", "pos/pos_x": 59.76176, "pos/pos_y": 0.5529208, "pos/pos_z": 80.70367, "pos/speed": 8.353361, "pos/cte": -2.766097, "pilot/angle": 0.0, "pilot/throttle": 0.0, "milliseconds": 231057}