{"cam/image_array": "4918_cam-image_array_.jpg", "user/angle": -0.012423176318407059, "user/throttle": 0.7850239276885986, "user/mode": "local", "pos/pos_x": 45.11375, "pos/pos_y": 0.5559095, "pos/pos_z": 37.17687, "pos/speed": 13.60455, "pos/cte": -4.249845, "pilot/angle": 0.0, "pilot/throttle": 0.0, "milliseconds": 246176}