{"cam/image_array": "1246_cam-image_array_.jpg", "user/angle": 0.8352611064910889, "user/throttle": 0.8695242404937744, "user/mode": "local", "pos/pos_x": 67.54814, "pos/pos_y": 0.5541878, "pos/pos_z": 75.6037, "pos/speed": 9.458229, "pos/cte": -3.666561, "pilot/angle": 0.0, "pilot/throttle": 0.0, "milliseconds": 62340}