{"cam/image_array": "4331_cam-image_array_.jpg", "user/angle": -0.24463343620300293, "user/throttle": 0.44549545645713806, "user/mode": "local", "pos/pos_x": 79.02391, "pos/pos_y": 0.5554277, "pos/pos_z": 32.12015, "pos/speed": 12.87625, "pos/cte": -7.087533, "pilot/angle": 0.0, "pilot/throttle": 0.0, "milliseconds": 216788}