{"cam/image_array": "2663_cam-image_array_.jpg", "user/angle": -0.030635841190814972, "user/throttle": 0.6409388780593872, "user/mode": "local", "pos/pos_x": 45.38394, "pos/pos_y": 0.5557145, "pos/pos_z": 43.2629, "pos/speed": 13.63154, "pos/cte": -4.032772, "pilot/angle": 0.0, "pilot/throttle": 0.0, "milliseconds": 133280}