{"cam/image_array": "2850_cam-image_array_.jpg", "user/angle": -0.12152409553527832, "user/throttle": 0.3367631733417511, "user/mode": "local", "pos/pos_x": 81.99716, "pos/pos_y": 0.5554823, "pos/pos_z": 20.91477, "pos/speed": 12.413, "pos/cte": -5.485782, "pilot/angle": 0.0, "pilot/throttle": 0.0, "milliseconds": 142643}