{"cam/image_array": "2316_cam-image_array_.jpg", "user/angle": 0.3235568404197693, "user/throttle": 0.2905767560005188, "user/mode": "local", "pos/pos_x": 45.01674, "pos/pos_y": 0.5509053, "pos/pos_z": 60.83579, "pos/speed": 13.23896, "pos/cte": -4.673256, "pilot/angle": 0.0, "pilot/throttle": 0.0, "milliseconds": 115909}