{"cam/image_array": "2297_cam-image_array_.jpg", "user/angle": 0.3659679591655731, "user/throttle": 0.3143264949321747, "user/mode": "local", "pos/pos_x": 44.0342, "pos/pos_y": 0.5556514, "pos/pos_z": 48.54357, "pos/speed": 14.3287, "pos/cte": 0.0, "pilot/angle": 0.0, "pilot/throttle": 0.0, "milliseconds": 114957}