{"cam/image_array": "367_cam-image_array_.jpg", "user/angle": 0.08304791152477264, "user/throttle": 0.7497864961624146, "user/mode": "local", "pos/pos_x": 48.72125, "pos/pos_y": 0.5560977, "pos/pos_z": 13.54494, "pos/speed": 11.72426, "pos/cte": -1.144336, "pilot/angle": 0.0, "pilot/throttle": 0.0, "milliseconds": 18333}