{"cam/image_array": "2596_cam-image_array_.jpg", "user/angle": 0.08251799643039703, "user/throttle": 0.7075294256210327, "user/mode": "local", "pos/pos_x": 53.13809, "pos/pos_y": 0.5584278, "pos/pos_z": 4.461791, "pos/speed": 10.60299, "pos/cte": 2.757348, "pilot/angle": 0.0, "pilot/throttle": 0.0, "milliseconds": 129926}