{"cam/image_array": "3164_cam-image_array_.jpg", "user/angle": 0.3018571734428406, "user/throttle": 0.7761017084121704, "user/mode": "local", "pos/pos_x": 77.63467, "pos/pos_y": 0.5553605, "pos/pos_z": 56.5409, "pos/speed": 9.964341, "pos/cte": 0.1881616, "pilot/angle": 0.0, "pilot/throttle": 0.0, "milliseconds": 158362}