{"cam/image_array": "1659_cam-image_array_.jpg", "user/angle": 0.40942496061325073, "user/throttle": 0.9323127269744873, "user/mode": "local", "pos/pos_x": 77.52665, "pos/pos_y": 0.5561432, "pos/pos_z": 58.11675, "pos/speed": 10.39743, "pos/cte": -0.2575336, "pilot/angle": 0.0, "pilot/throttle": 0.0, "milliseconds": 83016}