{"cam/image_array": "1569_cam-image_array_.jpg", "user/angle": -0.009977977722883224, "user/throttle": 0.17696155607700348, "user/mode": "local", "pos/pos_x": 46.32574, "pos/pos_y": 0.5524228, "pos/pos_z": 64.37605, "pos/speed": 11.82312, "pos/cte": -3.364258, "pilot/angle": 0.0, "pilot/throttle": 0.0, "milliseconds": 78511}