{"cam/image_array": "4766_cam-image_array_.jpg", "user/angle": 0.14835916459560394, "user/throttle": 0.11670053005218506, "user/mode": "local", "pos/pos_x": 84.98693, "pos/pos_y": 0.5571971, "pos/pos_z": 9.317831, "pos/speed": 11.70151, "pos/cte": 0.6784092, "pilot/angle": 0.0, "pilot/throttle": 0.0, "milliseconds": 238566}