{"cam/image_array": "5126_cam-image_array_.jpg", "user/angle": 0.7434126138687134, "user/throttle": 0.08158370852470398, "user/mode": "local", "pos/pos_x": 86.31221, "pos/pos_y": 0.5570571, "pos/pos_z": 10.28807, "pos/speed": 12.65393, "pos/cte": -0.9425154, "pilot/angle": 0.0, "pilot/throttle": 0.0, "milliseconds": 256590}