{"cam/image_array": "1665_cam-image_array_.jpg", "user/angle": 0.21953405439853668, "user/throttle": 0.9357767105102539, "user/mode": "local", "pos/pos_x": 78.34937, "pos/pos_y": 0.5545306, "pos/pos_z": 55.0228, "pos/speed": 10.94056, "pos/cte": -0.1573733, "pilot/angle": 0.0, "pilot/throttle": 0.0, "milliseconds": 83316}