{"cam/image_array": "3911_cam-image_array_.jpg", "user/angle": 0.27484625577926636, "user/throttle": 0.8518004417419434, "user/mode": "local", "pos/pos_x": 76.62665, "pos/pos_y": 0.5563245, "pos/pos_z": 60.59711, "pos/speed": 10.33954, "pos/cte": -0.8239108, "pilot/angle": 0.0, "pilot/throttle": 0.0, "milliseconds": 195761}