{"cam/image_array": "3640_cam-image_array_.jpg", "user/angle": 0.9811026453971863, "user/throttle": 0.7903878688812256, "user/mode": "local", "pos/pos_x": 87.56863, "pos/pos_y": 0.5511704, "pos/pos_z": 1.77389, "pos/speed": 10.86093, "pos/cte": 0.2979004, "pilot/angle": 0.0, "pilot/throttle": 0.0, "milliseconds": 182193}