{"cam/image_array": "1195_cam-image_array_.jpg", "user/angle": 0.3648891746997833, "user/throttle": 0.23079319298267365, "user/mode": "local", "pos/pos_x": 45.30595, "pos/pos_y": 0.5516989, "pos/pos_z": 61.70952, "pos/speed": 12.88237, "pos/cte": -4.384045, "pilot/angle": 0.0, "pilot/throttle": 0.0, "milliseconds": 59786}