{"cam/image_array": "3227_cam-image_array_.jpg", "user/angle": -0.12184777855873108, "user/throttle": 0.29351556301116943, "user/mode": "local", "pos/pos_x": 81.86613, "pos/pos_y": 0.5561809, "pos/pos_z": 19.68904, "pos/speed": 12.68398, "pos/cte": -4.590096, "pilot/angle": 0.0, "pilot/throttle": 0.0, "milliseconds": 161517}