{"cam/image_array": "965_cam-image_array_.jpg", "user/angle": -0.11012411117553711, "user/throttle": 0.5849958658218384, "user/mode": "local", "pos/pos_x": 80.07477, "pos/pos_y": 0.5527032, "pos/pos_z": 25.88115, "pos/speed": 12.8993, "pos/cte": -6.688765, "pilot/angle": 0.0, "pilot/throttle": 0.0, "milliseconds": 48271}