{"cam/image_array": "519_cam-image_array_.jpg", "user/angle": 0.017747264355421066, "user/throttle": 0.7260290384292603, "user/mode": "local", "pos/pos_x": 75.42547, "pos/pos_y": 0.5544571, "pos/pos_z": 63.82827, "pos/speed": 9.831285, "pos/cte": -2.009001, "pilot/angle": 0.0, "pilot/throttle": 0.0, "milliseconds": 25942}