{"cam/image_array": "82_cam-image_array_.jpg", "user/angle": 0.8734681606292725, "user/throttle": 0.010619495064020157, "user/mode": "local", "pos/pos_x": 49.91905, "pos/pos_y": 0.5537432, "pos/pos_z": 76.78754, "pos/speed": 10.81833, "pos/cte": -1.760704, "pilot/angle": 0.0, "pilot/throttle": 0.0, "milliseconds": 4065}