{"cam/image_array": "3478_cam-image_array_.jpg", "user/angle": 0.7284291982650757, "user/throttle": 0.11082927882671356, "user/mode": "local", "pos/pos_x": 56.86261, "pos/pos_y": 0.5520627, "pos/pos_z": 74.82262, "pos/speed": 10.78763, "pos/cte": 3.529094, "pilot/angle": 0.0, "pilot/throttle": 0.0, "milliseconds": 174083}