{"cam/image_array": "122_cam-image_array_.jpg", "user/angle": 0.5494394302368164, "user/throttle": 0.770600438117981, "user/mode": "local", "pos/pos_x": 65.07251, "pos/pos_y": 0.5533847, "pos/pos_z": 81.42016, "pos/speed": 8.380973, "pos/cte": -5.82522, "pilot/angle": 0.0, "pilot/throttle": 0.0, "milliseconds": 6067}