{"cam/image_array": "1239_cam-image_array_.jpg", "user/angle": 0.788053572177887, "user/throttle": 0.29099154472351074, "user/mode": "local", "pos/pos_x": 63.70854, "pos/pos_y": 0.5545737, "pos/pos_z": 76.33479, "pos/speed": 10.10143, "pos/cte": -1.221711, "pilot/angle": 0.0, "pilot/throttle": 0.0, "milliseconds": 61990}