{"cam/image_array": "1353_cam-image_array_.jpg", "user/angle": 0.1285831183195114, "user/throttle": 0.18588963150978088, "user/mode": "local", "pos/pos_x": 82.54026, "pos/pos_y": 0.5563192, "pos/pos_z": 20.23935, "pos/speed": 12.46058, "pos/cte": -5.460109, "pilot/angle": 0.0, "pilot/throttle": 0.0, "milliseconds": 67696}