{"cam/image_array": "2028_cam-image_array_.jpg", "user/angle": 0.3334541618824005, "user/throttle": 0.8669012784957886, "user/mode": "local", "pos/pos_x": 76.68378, "pos/pos_y": 0.5564351, "pos/pos_z": 60.22192, "pos/speed": 10.27285, "pos/cte": -0.6236909, "pilot/angle": 0.0, "pilot/throttle": 0.0, "milliseconds": 101489}