{"cam/image_array": "2694_cam-image_array_.jpg", "user/angle": 0.01575765758752823, "user/throttle": 0.22360125184059143, "user/mode": "local", "pos/pos_x": 46.96338, "pos/pos_y": 0.551073, "pos/pos_z": 63.96018, "pos/speed": 12.15019, "pos/cte": -2.726616, "pilot/angle": 0.0, "pilot/throttle": 0.0, "milliseconds": 134833}