{"cam/image_array": "4297_cam-image_array_.jpg", "user/angle": 0.07062937319278717, "user/throttle": 0.9769854545593262, "user/mode": "local", "pos/pos_x": 78.75111, "pos/pos_y": 0.5550353, "pos/pos_z": 53.22935, "pos/speed": 10.93695, "pos/cte": -0.3991053, "pilot/angle": 0.0, "pilot/throttle": 0.0, "milliseconds": 215086}