{"cam/image_array": "3230_cam-image_array_.jpg", "user/angle": 0.3383055031299591, "user/throttle": 0.09121176600456238, "user/mode": "local", "pos/pos_x": 82.94058, "pos/pos_y": 0.5559746, "pos/pos_z": 17.38728, "pos/speed": 12.66174, "pos/cte": -3.642818, "pilot/angle": 0.0, "pilot/throttle": 0.0, "milliseconds": 161667}