{"cam/image_array": "642_cam-image_array_.jpg", "user/angle": 0.7233613729476929, "user/throttle": 0.9323970079421997, "user/mode": "local", "pos/pos_x": 85.76363, "pos/pos_y": 0.5531539, "pos/pos_z": -6.362944, "pos/speed": 9.228533, "pos/cte": -3.906641, "pilot/angle": 0.0, "pilot/throttle": 0.0, "milliseconds": 32100}