{"cam/image_array": "2441_cam-image_array_.jpg", "user/angle": -0.054630931466817856, "user/throttle": 0.7527711391448975, "user/mode": "local", "pos/pos_x": 78.64604, "pos/pos_y": 0.5553673, "pos/pos_z": 41.35235, "pos/speed": 12.51667, "pos/cte": -4.553648, "pilot/angle": 0.0, "pilot/throttle": 0.0, "milliseconds": 122172}