{"cam/image_array": "3957_cam-image_array_.jpg", "user/angle": -0.12666736543178558, "user/throttle": 0.54520583152771, "user/mode": "local", "pos/pos_x": 78.56664, "pos/pos_y": 0.5522321, "pos/pos_z": 34.62154, "pos/speed": 12.79334, "pos/cte": -6.541135, "pilot/angle": 0.0, "pilot/throttle": 0.0, "milliseconds": 198064}