{"cam/image_array": "216_cam-image_array_.jpg", "user/angle": 0.009543029591441154, "user/throttle": 0.5263800621032715, "user/mode": "local", "pos/pos_x": 78.57763, "pos/pos_y": 0.556093, "pos/pos_z": 33.34933, "pos/speed": 12.92476, "pos/cte": -6.645101, "pilot/angle": 0.0, "pilot/throttle": 0.0, "milliseconds": 10773}