{"cam/image_array": "2032_cam-image_array_.jpg", "user/angle": 0.276891827583313, "user/throttle": 0.7607225179672241, "user/mode": "local", "pos/pos_x": 77.29368, "pos/pos_y": 0.5551721, "pos/pos_z": 58.23052, "pos/speed": 10.46983, "pos/cte": -0.1145411, "pilot/angle": 0.0, "pilot/throttle": 0.0, "milliseconds": 101690}