{"cam/image_array": "155_cam-image_array_.jpg", "user/angle": -0.05455125495791435, "user/throttle": 0.8092151880264282, "user/mode": "local", "pos/pos_x": 72.45043, "pos/pos_y": 0.5557273, "pos/pos_z": 67.83024, "pos/speed": 10.06826, "pos/cte": -2.345834, "pilot/angle": 0.0, "pilot/throttle": 0.0, "milliseconds": 7719}