{"cam/image_array": "4693_cam-image_array_.jpg", "user/angle": 0.02178117260336876, "user/throttle": 0.9851623773574829, "user/mode": "local", "pos/pos_x": 78.52159, "pos/pos_y": 0.5567277, "pos/pos_z": 53.36596, "pos/speed": 11.20754, "pos/cte": -0.1707913, "pilot/angle": 0.0, "pilot/throttle": 0.0, "milliseconds": 234912}