{"cam/image_array": "1806_cam-image_array_.jpg", "user/angle": 0.07845394313335419, "user/throttle": 0.4261850416660309, "user/mode": "local", "pos/pos_x": 70.16995, "pos/pos_y": 0.5560871, "pos/pos_z": -8.151353, "pos/speed": 10.12091, "pos/cte": -4.403794, "pilot/angle": 0.0, "pilot/throttle": 0.0, "milliseconds": 90375}