{"cam/image_array": "4302_cam-image_array_.jpg", "user/angle": 0.024934183806180954, "user/throttle": 0.7753400802612305, "user/mode": "local", "pos/pos_x": 78.80978, "pos/pos_y": 0.5545043, "pos/pos_z": 51.01702, "pos/speed": 11.1635, "pos/cte": -0.636243, "pilot/angle": 0.0, "pilot/throttle": 0.0, "milliseconds": 215337}