{"cam/image_array": "1311_cam-image_array_.jpg", "user/angle": -0.3199790120124817, "user/throttle": 0.9764038324356079, "user/mode": "local", "pos/pos_x": 78.5193, "pos/pos_y": 0.557616, "pos/pos_z": 45.88934, "pos/speed": 11.84489, "pos/cte": -2.209215, "pilot/angle": 0.0, "pilot/throttle": 0.0, "milliseconds": 65594}