{"cam/image_array": "4484_cam-image_array_.jpg", "user/angle": 0.08719499409198761, "user/throttle": 0.8006126880645752, "user/mode": "local", "pos/pos_x": 51.35582, "pos/pos_y": 0.5532361, "pos/pos_z": 7.461097, "pos/speed": 10.74823, "pos/cte": 1.222352, "pilot/angle": 0.0, "pilot/throttle": 0.0, "milliseconds": 224448}