{"cam/image_array": "5204_cam-image_array_.jpg", "user/angle": 0.3318098485469818, "user/throttle": 0.5730828046798706, "user/mode": "local", "pos/pos_x": 62.72463, "pos/pos_y": 0.5566651, "pos/pos_z": -5.633548, "pos/speed": 10.59798, "pos/cte": -1.821113, "pilot/angle": 0.0, "pilot/throttle": 0.0, "milliseconds": 260495}