{"cam/image_array": "788_cam-image_array_.jpg", "user/angle": 0.34102389216423035, "user/throttle": 0.30553072690963745, "user/mode": "local", "pos/pos_x": 44.28807, "pos/pos_y": 0.5556414, "pos/pos_z": 44.83143, "pos/speed": 14.37463, "pos/cte": -5.142288, "pilot/angle": 0.0, "pilot/throttle": 0.0, "milliseconds": 39410}