{"cam/image_array": "2401_cam-image_array_.jpg", "user/angle": 0.05225670710206032, "user/throttle": 0.7103664875030518, "user/mode": "local", "pos/pos_x": 77.04919, "pos/pos_y": 0.55351, "pos/pos_z": 63.95926, "pos/speed": 9.768692, "pos/cte": -3.328758, "pilot/angle": 0.0, "pilot/throttle": 0.0, "milliseconds": 120163}