{"cam/image_array": "418_cam-image_array_.jpg", "user/angle": 0.10983827710151672, "user/throttle": 0.47737953066825867, "user/mode": "local", "pos/pos_x": 44.31944, "pos/pos_y": 0.5560447, "pos/pos_z": 46.85962, "pos/speed": 14.32984, "pos/cte": -5.128619, "pilot/angle": 0.0, "pilot/throttle": 0.0, "milliseconds": 20886}