{"cam/image_array": "4157_cam-image_array_.jpg", "user/angle": -0.0462372712790966, "user/throttle": 0.7874736785888672, "user/mode": "local", "pos/pos_x": 45.03591, "pos/pos_y": 0.5555255, "pos/pos_z": 38.53168, "pos/speed": 13.86083, "pos/cte": -4.339499, "pilot/angle": 0.0, "pilot/throttle": 0.0, "milliseconds": 208077}