{"cam/image_array": "5157_cam-image_array_.jpg", "user/angle": 0.9668764472007751, "user/throttle": 0.5638728141784668, "user/mode": "local", "pos/pos_x": 84.14307, "pos/pos_y": 0.5553842, "pos/pos_z": -5.480673, "pos/speed": 9.776328, "pos/cte": -2.431215, "pilot/angle": 0.0, "pilot/throttle": 0.0, "milliseconds": 258142}