{"cam/image_array": "3043_cam-image_array_.jpg", "user/angle": -0.027316998690366745, "user/throttle": 0.7424726486206055, "user/mode": "local", "pos/pos_x": 45.08883, "pos/pos_y": 0.555364, "pos/pos_z": 43.70393, "pos/speed": 13.8493, "pos/cte": -4.331717, "pilot/angle": 0.0, "pilot/throttle": 0.0, "milliseconds": 152305}