{"cam/image_array": "3878_cam-image_array_.jpg", "user/angle": 0.7553802132606506, "user/throttle": 0.8166674375534058, "user/mode": "local", "pos/pos_x": 69.51233, "pos/pos_y": 0.5526467, "pos/pos_z": 74.75619, "pos/speed": 8.917048, "pos/cte": -4.609726, "pilot/angle": 0.0, "pilot/throttle": 0.0, "milliseconds": 194109}