{"cam/image_array": "594_cam-image_array_.jpg", "user/angle": -0.03585692122578621, "user/throttle": 0.26424461603164673, "user/mode": "local", "pos/pos_x": 82.24276, "pos/pos_y": 0.5573223, "pos/pos_z": 19.67424, "pos/speed": 13.08449, "pos/cte": -4.866878, "pilot/angle": 0.0, "pilot/throttle": 0.0, "milliseconds": 29697}