{"cam/image_array": "1182_cam-image_array_.jpg", "user/angle": 0.6188040375709534, "user/throttle": 0.34015506505966187, "user/mode": "local", "pos/pos_x": 43.57867, "pos/pos_y": 0.5614777, "pos/pos_z": 52.59108, "pos/speed": 13.98617, "pos/cte": -6.111332, "pilot/angle": 0.0, "pilot/throttle": 0.0, "milliseconds": 59135}