{"cam/image_array": "5434_cam-image_array_.jpg", "user/angle": -0.010571517050266266, "user/throttle": 0.8279913663864136, "user/mode": "local", "pos/pos_x": 78.98521, "pos/pos_y": 0.5552941, "pos/pos_z": 50.59772, "pos/speed": 11.24588, "pos/cte": -0.8784714, "pilot/angle": 0.0, "pilot/throttle": 0.0, "milliseconds": 272010}