{"cam/image_array": "4444_cam-image_array_.jpg", "user/angle": 0.2512868046760559, "user/throttle": 0.4166069030761719, "user/mode": "local", "pos/pos_x": 64.64619, "pos/pos_y": 0.5570194, "pos/pos_z": -6.351268, "pos/speed": 10.27837, "pos/cte": -2.555574, "pilot/angle": 0.0, "pilot/throttle": 0.0, "milliseconds": 222446}