{"cam/image_array": "2077_cam-image_array_.jpg", "user/angle": -0.2453460991382599, "user/throttle": 0.635648250579834, "user/mode": "local", "pos/pos_x": 79.10715, "pos/pos_y": 0.5557445, "pos/pos_z": 31.54127, "pos/speed": 13.06604, "pos/cte": -7.165713, "pilot/angle": 0.0, "pilot/throttle": 0.0, "milliseconds": 103943}