{"cam/image_array": "239_cam-image_array_.jpg", "user/angle": 0.09805919229984283, "user/throttle": 0.16797640919685364, "user/mode": "local", "pos/pos_x": 82.42925, "pos/pos_y": 0.5556358, "pos/pos_z": 19.71103, "pos/speed": 12.72554, "pos/cte": -4.941841, "pilot/angle": 0.0, "pilot/throttle": 0.0, "milliseconds": 11925}