{"cam/image_array": "963_cam-image_array_.jpg", "user/angle": -0.13567815721035004, "user/throttle": 0.47777679562568665, "user/mode": "local", "pos/pos_x": 79.79172, "pos/pos_y": 0.5532937, "pos/pos_z": 27.1436, "pos/speed": 12.97036, "pos/cte": -6.921414, "pilot/angle": 0.0, "pilot/throttle": 0.0, "milliseconds": 48172}