{"cam/image_array": "5542_cam-image_array_.jpg", "user/angle": 0.38918960094451904, "user/throttle": 0.8111307621002197, "user/mode": "local", "pos/pos_x": 80.11491, "pos/pos_y": 0.5522969, "pos/pos_z": -6.795597, "pos/speed": 9.031679, "pos/cte": -3.134875, "pilot/angle": 0.0, "pilot/throttle": 0.0, "milliseconds": 277417}