{"cam/image_array": "677_cam-image_array_.jpg", "user/angle": 0.10493986308574677, "user/throttle": 0.36965644359588623, "user/mode": "local", "pos/pos_x": 69.99919, "pos/pos_y": 0.5577968, "pos/pos_z": -8.667856, "pos/speed": 10.12881, "pos/cte": -4.918788, "pilot/angle": 0.0, "pilot/throttle": 0.0, "milliseconds": 33858}