{"cam/image_array": "5652_cam-image_array_.jpg", "user/angle": -0.00016220659017562866, "user/throttle": 0.7890598773956299, "user/mode": "local", "pos/pos_x": 45.43192, "pos/pos_y": 0.5554621, "pos/pos_z": 32.41796, "pos/speed": 13.09916, "pos/cte": -3.890154, "pilot/angle": 0.0, "pilot/throttle": 0.0, "milliseconds": 282924}