{"cam/image_array": "272_cam-image_array_.jpg", "user/angle": 0.7639918923377991, "user/throttle": 0.15155145525932312, "user/mode": "local", "pos/pos_x": 84.03242, "pos/pos_y": 0.5533749, "pos/pos_z": 1.115666, "pos/speed": 10.82183, "pos/cte": 3.209711, "pilot/angle": 0.0, "pilot/throttle": 0.0, "milliseconds": 13577}