{"cam/image_array": "4033_cam-image_array_.jpg", "user/angle": 0.8435473442077637, "user/throttle": 0.8797954320907593, "user/mode": "local", "pos/pos_x": 82.33865, "pos/pos_y": 0.5521036, "pos/pos_z": -7.072751, "pos/speed": 9.431531, "pos/cte": -3.483179, "pilot/angle": 0.0, "pilot/throttle": 0.0, "milliseconds": 201868}