{"cam/image_array": "4777_cam-image_array_.jpg", "user/angle": 0.6273254156112671, "user/throttle": 0.12649643421173096, "user/mode": "local", "pos/pos_x": 84.93676, "pos/pos_y": 0.5537031, "pos/pos_z": 3.623393, "pos/speed": 11.05515, "pos/cte": 3.252681, "pilot/angle": 0.0, "pilot/throttle": 0.0, "milliseconds": 239117}