{"cam/image_array": "2521_cam-image_array_.jpg", "user/angle": 0.8369069695472717, "user/throttle": 0.33945024013519287, "user/mode": "local", "pos/pos_x": 84.78944, "pos/pos_y": 0.5552325, "pos/pos_z": -4.133529, "pos/speed": 9.76026, "pos/cte": -1.491274, "pilot/angle": 0.0, "pilot/throttle": 0.0, "milliseconds": 126171}