{"cam/image_array": "2526_cam-image_array_.jpg", "user/angle": 0.7896836400032043, "user/throttle": 0.5812736749649048, "user/mode": "local", "pos/pos_x": 82.77628, "pos/pos_y": 0.5523373, "pos/pos_z": -6.103739, "pos/speed": 9.138555, "pos/cte": -2.666361, "pilot/angle": 0.0, "pilot/throttle": 0.0, "milliseconds": 126422}