{"cam/image_array": "2509_cam-image_array_.jpg", "user/angle": 0.9543383717536926, "user/throttle": 0.8674157857894897, "user/mode": "local", "pos/pos_x": 87.44192, "pos/pos_y": 0.5552979, "pos/pos_z": 1.72001, "pos/speed": 10.38656, "pos/cte": 0.4070829, "pilot/angle": 0.0, "pilot/throttle": 0.0, "milliseconds": 125570}