{"cam/image_array": "783_cam-image_array_.jpg", "user/angle": 0.01753317192196846, "user/throttle": 0.6336474418640137, "user/mode": "local", "pos/pos_x": 44.63136, "pos/pos_y": 0.5547438, "pos/pos_z": 41.99766, "pos/speed": 14.21043, "pos/cte": -4.774281, "pilot/angle": 0.0, "pilot/throttle": 0.0, "milliseconds": 39159}