{"cam/image_array": "313_cam-image_array_.jpg", "user/angle": 0.24372515082359314, "user/throttle": 0.5862941741943359, "user/mode": "local", "pos/pos_x": 67.16538, "pos/pos_y": 0.558319, "pos/pos_z": -6.792105, "pos/speed": 9.819892, "pos/cte": -3.018378, "pilot/angle": 0.0, "pilot/throttle": 0.0, "milliseconds": 15629}