{"cam/image_array": "4723_cam-image_array_.jpg", "user/angle": -0.07485486567020416, "user/throttle": 0.5287777185440063, "user/mode": "local", "pos/pos_x": 78.63412, "pos/pos_y": 0.5555279, "pos/pos_z": 34.78739, "pos/speed": 12.81507, "pos/cte": -6.580318, "pilot/angle": 0.0, "pilot/throttle": 0.0, "milliseconds": 236413}