{"cam/image_array": "880_cam-image_array_.jpg", "user/angle": 0.27837488055229187, "user/throttle": 0.5074013471603394, "user/mode": "local", "pos/pos_x": 74.45021, "pos/pos_y": 0.5524747, "pos/pos_z": 71.91497, "pos/speed": 8.880535, "pos/cte": -6.519299, "pilot/angle": 0.0, "pilot/throttle": 0.0, "milliseconds": 44016}