{"cam/image_array": "5519_cam-image_array_.jpg", "user/angle": 1.0846518278121948, "user/throttle": 0.7311820983886719, "user/mode": "local", "pos/pos_x": 87.00661, "pos/pos_y": 0.5545365, "pos/pos_z": 0.8868744, "pos/speed": 10.03864, "pos/cte": 0.6199185, "pilot/angle": 0.0, "pilot/throttle": 0.0, "milliseconds": 276266}