{"cam/image_array": "726_cam-image_array_.jpg", "user/angle": 0.07703964412212372, "user/throttle": 0.716386079788208, "user/mode": "local", "pos/pos_x": 51.36235, "pos/pos_y": 0.5554017, "pos/pos_z": 7.231433, "pos/speed": 11.19384, "pos/cte": 1.218863, "pilot/angle": 0.0, "pilot/throttle": 0.0, "milliseconds": 36306}