{"cam/image_array": "1878_cam-image_array_.jpg", "user/angle": 0.19173109531402588, "user/throttle": 0.6770718097686768, "user/mode": "local", "pos/pos_x": 47.04187, "pos/pos_y": 0.5560854, "pos/pos_z": 20.14874, "pos/speed": 12.19291, "pos/cte": -2.534063, "pilot/angle": 0.0, "pilot/throttle": 0.0, "milliseconds": 93980}