{"cam/image_array": "4324_cam-image_array_.jpg", "user/angle": -0.10230226814746857, "user/throttle": 0.6512718200683594, "user/mode": "local", "pos/pos_x": 78.51922, "pos/pos_y": 0.5542073, "pos/pos_z": 37.17231, "pos/speed": 12.59412, "pos/cte": -6.031151, "pilot/angle": 0.0, "pilot/throttle": 0.0, "milliseconds": 216437}