{"cam/image_array": "3046_cam-image_array_.jpg", "user/angle": 0.06883297860622406, "user/throttle": 0.2576831579208374, "user/mode": "local", "pos/pos_x": 44.96985, "pos/pos_y": 0.5557409, "pos/pos_z": 46.47071, "pos/speed": 13.99036, "pos/cte": -4.474837, "pilot/angle": 0.0, "pilot/throttle": 0.0, "milliseconds": 152455}