{"cam/image_array": "5438_cam-image_array_.jpg", "user/angle": 0.0766264945268631, "user/throttle": 0.758729100227356, "user/mode": "local", "pos/pos_x": 79.00926, "pos/pos_y": 0.5556518, "pos/pos_z": 48.3201, "pos/speed": 11.51885, "pos/cte": -1.555685, "pilot/angle": 0.0, "pilot/throttle": 0.0, "milliseconds": 272210}