{"cam/image_array": "1902_cam-image_array_.jpg", "user/angle": -0.040841031819581985, "user/throttle": 0.7788609266281128, "user/mode": "local", "pos/pos_x": 45.23457, "pos/pos_y": 0.5552089, "pos/pos_z": 35.79173, "pos/speed": 13.48953, "pos/cte": -4.116944, "pilot/angle": 0.0, "pilot/throttle": 0.0, "milliseconds": 95182}