{"cam/image_array": "5780_cam-image_array_.jpg", "user/angle": -0.02475431188941002, "user/throttle": 0.7188723087310791, "user/mode": "local", "pos/pos_x": 75.92147, "pos/pos_y": 0.5536338, "pos/pos_z": 63.21102, "pos/speed": 9.744856, "pos/cte": -1.985289, "pilot/angle": 0.0, "pilot/throttle": 0.0, "milliseconds": 289332}