{"cam/image_array": "175_cam-image_array_.jpg", "user/angle": 0.5140677094459534, "user/throttle": 0.8666481971740723, "user/mode": "local", "pos/pos_x": 76.62655, "pos/pos_y": 0.5551178, "pos/pos_z": 59.12926, "pos/speed": 11.27016, "pos/cte": 0.004129501, "pilot/angle": 0.0, "pilot/throttle": 0.0, "milliseconds": 8721}