{"cam/image_array": "2422_cam-image_array_.jpg", "user/angle": 0.053202759474515915, "user/throttle": 0.992737889289856, "user/mode": "local", "pos/pos_x": 78.96826, "pos/pos_y": 0.5555396, "pos/pos_z": 53.83199, "pos/speed": 10.88301, "pos/cte": -0.6215123, "pilot/angle": 0.0, "pilot/throttle": 0.0, "milliseconds": 121215}