{"cam/image_array": "1899_cam-image_array_.jpg", "user/angle": -0.029455523937940598, "user/throttle": 0.7709090709686279, "user/mode": "local", "pos/pos_x": 45.27569, "pos/pos_y": 0.5553162, "pos/pos_z": 34.45226, "pos/speed": 13.27896, "pos/cte": -4.064135, "pilot/angle": 0.0, "pilot/throttle": 0.0, "milliseconds": 95031}