{"cam/image_array": "4589_cam-image_array_.jpg", "user/angle": 0.7356505990028381, "user/throttle": 0.00428386777639389, "user/mode": "local", "pos/pos_x": 51.15887, "pos/pos_y": 0.5583088, "pos/pos_z": 71.68552, "pos/speed": 11.89629, "pos/cte": 1.468872, "pilot/angle": 0.0, "pilot/throttle": 0.0, "milliseconds": 229705}