{"cam/image_array": "4866_cam-image_array_.jpg", "user/angle": 0.17452146112918854, "user/throttle": 0.7291760444641113, "user/mode": "local", "pos/pos_x": 51.8131, "pos/pos_y": 0.5562102, "pos/pos_z": 6.415825, "pos/speed": 10.98886, "pos/cte": 1.633602, "pilot/angle": 0.0, "pilot/throttle": 0.0, "milliseconds": 243573}