{"cam/image_array": "1025_cam-image_array_.jpg", "user/angle": 0.7030021548271179, "user/throttle": 0.9372663497924805, "user/mode": "local", "pos/pos_x": 85.61594, "pos/pos_y": 0.5522022, "pos/pos_z": -6.756004, "pos/speed": 8.758654, "pos/cte": -4.170355, "pilot/angle": 0.0, "pilot/throttle": 0.0, "milliseconds": 51275}