{"cam/image_array": "2109_cam-image_array_.jpg", "user/angle": 0.5097332000732422, "user/throttle": 0.04290987178683281, "user/mode": "local", "pos/pos_x": 85.93239, "pos/pos_y": 0.5533108, "pos/pos_z": 11.87303, "pos/speed": 12.93143, "pos/cte": -1.80677, "pilot/angle": 0.0, "pilot/throttle": 0.0, "milliseconds": 105545}