{"cam/image_array": "536_cam-image_array_.jpg", "user/angle": 0.30030176043510437, "user/throttle": 1.0044584274291992, "user/mode": "local", "pos/pos_x": 78.01022, "pos/pos_y": 0.5545858, "pos/pos_z": 56.02434, "pos/speed": 10.80284, "pos/cte": 0.0172985, "pilot/angle": 0.0, "pilot/throttle": 0.0, "milliseconds": 26793}