{"cam/image_array": "4736_cam-image_array_.jpg", "user/angle": -0.06664702296257019, "user/throttle": 0.3813498020172119, "user/mode": "local", "pos/pos_x": 80.23866, "pos/pos_y": 0.5554898, "pos/pos_z": 27.21195, "pos/speed": 12.86017, "pos/cte": -7.370363, "pilot/angle": 0.0, "pilot/throttle": 0.0, "milliseconds": 237065}