{"cam/image_array": "4232_cam-image_array_.jpg", "user/angle": 1.3325549364089966, "user/throttle": 0.24195902049541473, "user/mode": "local", "pos/pos_x": 61.47919, "pos/pos_y": 0.5524531, "pos/pos_z": 76.32633, "pos/speed": 10.21954, "pos/cte": 0.4071124, "pilot/angle": 0.0, "pilot/throttle": 0.0, "milliseconds": 211832}