{"cam/image_array": "2491_cam-image_array_.jpg", "user/angle": 0.8012423515319824, "user/throttle": 0.06466000527143478, "user/mode": "local", "pos/pos_x": 86.02157, "pos/pos_y": 0.5559825, "pos/pos_z": 11.83307, "pos/speed": 12.58351, "pos/cte": -1.840769, "pilot/angle": 0.0, "pilot/throttle": 0.0, "milliseconds": 124669}