{"cam/image_array": "5302_cam-image_array_.jpg", "user/angle": 0.5213068127632141, "user/throttle": 0.25222522020339966, "user/mode": "local", "pos/pos_x": 43.71262, "pos/pos_y": 0.5575117, "pos/pos_z": 49.06796, "pos/speed": 14.26473, "pos/cte": -5.977375, "pilot/angle": 0.0, "pilot/throttle": 0.0, "milliseconds": 265402}