{"cam/image_array": "2294_cam-image_array_.jpg", "user/angle": 0.4198533892631531, "user/throttle": 0.18053866922855377, "user/mode": "local", "pos/pos_x": 44.36243, "pos/pos_y": 0.5558615, "pos/pos_z": 45.67583, "pos/speed": 14.34003, "pos/cte": -5.075299, "pilot/angle": 0.0, "pilot/throttle": 0.0, "milliseconds": 114807}