{"cam/image_array": "3379_cam-image_array_.jpg", "user/angle": 0.27269381284713745, "user/throttle": 0.7072029113769531, "user/mode": "local", "pos/pos_x": 47.37501, "pos/pos_y": 0.5555508, "pos/pos_z": 18.09039, "pos/speed": 11.45545, "pos/cte": -2.291026, "pilot/angle": 0.0, "pilot/throttle": 0.0, "milliseconds": 169127}