{"cam/image_array": "4881_cam-image_array_.jpg", "user/angle": 0.13898947834968567, "user/throttle": 0.6181726455688477, "user/mode": "local", "pos/pos_x": 48.14765, "pos/pos_y": 0.5561903, "pos/pos_z": 14.76587, "pos/speed": 11.79197, "pos/cte": -1.664138, "pilot/angle": 0.0, "pilot/throttle": 0.0, "milliseconds": 244324}