{"cam/image_array": "1347_cam-image_array_.jpg", "user/angle": 0.003640027716755867, "user/throttle": 0.40895694494247437, "user/mode": "local", "pos/pos_x": 81.41219, "pos/pos_y": 0.5544099, "pos/pos_z": 23.81999, "pos/speed": 12.57925, "pos/cte": -6.829507, "pilot/angle": 0.0, "pilot/throttle": 0.0, "milliseconds": 67396}