{"cam/image_array": "50_cam-image_array_.jpg", "user/angle": 0.06310003995895386, "user/throttle": 0.7299951314926147, "user/mode": "local", "pos/pos_x": 48.58385, "pos/pos_y": 0.5549281, "pos/pos_z": 59.66445, "pos/speed": 9.942377, "pos/cte": -1.106148, "pilot/angle": 0.0, "pilot/throttle": 0.0, "milliseconds": 2463}