{"cam/image_array": "4428_cam-image_array_.jpg", "user/angle": 0.1358892023563385, "user/throttle": 0.6399949789047241, "user/mode": "local", "pos/pos_x": 72.53526, "pos/pos_y": 0.5588901, "pos/pos_z": -8.330631, "pos/speed": 9.87953, "pos/cte": -4.603707, "pilot/angle": 0.0, "pilot/throttle": 0.0, "milliseconds": 221645}