{"cam/image_array": "3324_cam-image_array_.jpg", "user/angle": 0.7971202731132507, "user/throttle": 0.566635251045227, "user/mode": "local", "pos/pos_x": 61.91408, "pos/pos_y": 0.5562543, "pos/pos_z": -4.791363, "pos/speed": 9.626006, "pos/cte": -0.9718866, "pilot/angle": 0.0, "pilot/throttle": 0.0, "milliseconds": 166374}