{"cam/image_array": "3916_cam-image_array_.jpg", "user/angle": 0.3789604604244232, "user/throttle": 0.9517930746078491, "user/mode": "local", "pos/pos_x": 77.39251, "pos/pos_y": 0.5558079, "pos/pos_z": 58.64688, "pos/speed": 10.56091, "pos/cte": -0.4110169, "pilot/angle": 0.0, "pilot/throttle": 0.0, "milliseconds": 196012}