{"cam/image_array": "5220_cam-image_array_.jpg", "user/angle": 0.1642867624759674, "user/throttle": 0.6872676610946655, "user/mode": "local", "pos/pos_x": 56.16488, "pos/pos_y": 0.5522733, "pos/pos_z": -0.4432913, "pos/speed": 10.45999, "pos/cte": 2.118086, "pilot/angle": 0.0, "pilot/throttle": 0.0, "milliseconds": 261296}