{"cam/image_array": "5120_cam-image_array_.jpg", "user/angle": 0.09441284835338593, "user/throttle": 0.12983177602291107, "user/mode": "local", "pos/pos_x": 84.88291, "pos/pos_y": 0.5548994, "pos/pos_z": 13.88254, "pos/speed": 13.20143, "pos/cte": -2.504462, "pilot/angle": 0.0, "pilot/throttle": 0.0, "milliseconds": 256289}