{"cam/image_array": "94_cam-image_array_.jpg", "user/angle": 0.7377679347991943, "user/throttle": 0.10959669947624207, "user/mode": "local", "pos/pos_x": 53.78964, "pos/pos_y": 0.5541385, "pos/pos_z": 81.35668, "pos/speed": 9.315044, "pos/cte": -3.365645, "pilot/angle": 0.0, "pilot/throttle": 0.0, "milliseconds": 4665}