{"cam/image_array": "3472_cam-image_array_.jpg", "user/angle": 0.8009483218193054, "user/throttle": 0.46320998668670654, "user/mode": "local", "pos/pos_x": 54.1856, "pos/pos_y": 0.5534736, "pos/pos_z": 72.91893, "pos/speed": 11.06372, "pos/cte": 4.073162, "pilot/angle": 0.0, "pilot/throttle": 0.0, "milliseconds": 173783}