{"cam/image_array": "3090_cam-image_array_.jpg", "user/angle": 0.3997185528278351, "user/throttle": 0.4677105247974396, "user/mode": "local", "pos/pos_x": 51.88307, "pos/pos_y": 0.5529092, "pos/pos_z": 71.77708, "pos/speed": 11.04499, "pos/cte": 2.193069, "pilot/angle": 0.0, "pilot/throttle": 0.0, "milliseconds": 154658}