{"cam/image_array": "4668_cam-image_array_.jpg", "user/angle": -0.2135591357946396, "user/throttle": 0.8801045417785645, "user/mode": "local", "pos/pos_x": 73.89169, "pos/pos_y": 0.5563158, "pos/pos_z": 66.33929, "pos/speed": 9.845789, "pos/cte": -2.473487, "pilot/angle": 0.0, "pilot/throttle": 0.0, "milliseconds": 233660}