{"cam/image_array": "3729_cam-image_array_.jpg", "user/angle": 0.0842520147562027, "user/throttle": 0.7177423238754272, "user/mode": "local", "pos/pos_x": 52.77155, "pos/pos_y": 0.5568968, "pos/pos_z": 4.778718, "pos/speed": 11.02249, "pos/cte": 2.390593, "pilot/angle": 0.0, "pilot/throttle": 0.0, "milliseconds": 186650}