{"cam/image_array": "5369_cam-image_array_.jpg", "user/angle": 0.7595322728157043, "user/throttle": 0.4889146685600281, "user/mode": "local", "pos/pos_x": 66.74624, "pos/pos_y": 0.5523204, "pos/pos_z": 76.60992, "pos/speed": 9.909161, "pos/cte": -3.710275, "pilot/angle": 0.0, "pilot/throttle": 0.0, "milliseconds": 268756}