{"cam/image_array": "1728_cam-image_array_.jpg", "user/angle": 0.17862704396247864, "user/throttle": 0.15889248251914978, "user/mode": "local", "pos/pos_x": 83.79937, "pos/pos_y": 0.5552413, "pos/pos_z": 16.73781, "pos/speed": 12.81367, "pos/cte": -3.781518, "pilot/angle": 0.0, "pilot/throttle": 0.0, "milliseconds": 86470}