{"cam/image_array": "4544_cam-image_array_.jpg", "user/angle": 0.043139804154634476, "user/throttle": 0.6178548336029053, "user/mode": "local", "pos/pos_x": 45.40503, "pos/pos_y": 0.5551608, "pos/pos_z": 43.12099, "pos/speed": 13.48825, "pos/cte": -4.010446, "pilot/angle": 0.0, "pilot/throttle": 0.0, "milliseconds": 227452}