{"cam/image_array": "2700_cam-image_array_.jpg", "user/angle": 0.27988728880882263, "user/throttle": 0.2724565267562866, "user/mode": "local", "pos/pos_x": 48.67387, "pos/pos_y": 0.5568135, "pos/pos_z": 67.11389, "pos/speed": 11.85818, "pos/cte": -1.016129, "pilot/angle": 0.0, "pilot/throttle": 0.0, "milliseconds": 135133}