{"cam/image_array": "2497_cam-image_array_.jpg", "user/angle": 0.7479357719421387, "user/throttle": 0.0810539722442627, "user/mode": "local", "pos/pos_x": 87.18277, "pos/pos_y": 0.5553949, "pos/pos_z": 8.354105, "pos/speed": 11.85731, "pos/cte": -0.1732983, "pilot/angle": 0.0, "pilot/throttle": 0.0, "milliseconds": 124969}