{"cam/image_array": "4944_cam-image_array_.jpg", "user/angle": 0.6103957295417786, "user/throttle": 0.22880272567272186, "user/mode": "local", "pos/pos_x": 44.13619, "pos/pos_y": 0.5507293, "pos/pos_z": 56.2284, "pos/speed": 13.65117, "pos/cte": -5.55381, "pilot/angle": 0.0, "pilot/throttle": 0.0, "milliseconds": 247478}