{"cam/image_array": "2409_cam-image_array_.jpg", "user/angle": 0.21814888715744019, "user/throttle": 0.8560541868209839, "user/mode": "local", "pos/pos_x": 78.00877, "pos/pos_y": 0.5574462, "pos/pos_z": 60.0837, "pos/speed": 10.21324, "pos/cte": -1.671241, "pilot/angle": 0.0, "pilot/throttle": 0.0, "milliseconds": 120564}