{"cam/image_array": "4844_cam-image_array_.jpg", "user/angle": 0.2749394178390503, "user/throttle": 0.623978853225708, "user/mode": "local", "pos/pos_x": 59.55533, "pos/pos_y": 0.5542331, "pos/pos_z": -2.776321, "pos/speed": 10.39102, "pos/cte": 1.063662, "pilot/angle": 0.0, "pilot/throttle": 0.0, "milliseconds": 242472}