{"cam/image_array": "4933_cam-image_array_.jpg", "user/angle": 0.1401975452899933, "user/throttle": 0.5844082832336426, "user/mode": "local", "pos/pos_x": 44.44812, "pos/pos_y": 0.5559517, "pos/pos_z": 46.9495, "pos/speed": 14.31887, "pos/cte": -5.000727, "pilot/angle": 0.0, "pilot/throttle": 0.0, "milliseconds": 246927}