{"cam/image_array": "2987_cam-image_array_.jpg", "user/angle": 0.03303106501698494, "user/throttle": 0.8091045618057251, "user/mode": "local", "pos/pos_x": 50.80733, "pos/pos_y": 0.5562127, "pos/pos_z": 9.610745, "pos/speed": 11.14916, "pos/cte": 0.7681476, "pilot/angle": 0.0, "pilot/throttle": 0.0, "milliseconds": 149501}