{"cam/image_array": "5005_cam-image_array_.jpg", "user/angle": 0.8074527978897095, "user/throttle": 0.7022750377655029, "user/mode": "local", "pos/pos_x": 67.8423, "pos/pos_y": 0.5550355, "pos/pos_z": 75.35962, "pos/speed": 9.258949, "pos/cte": -3.731724, "pilot/angle": 0.0, "pilot/throttle": 0.0, "milliseconds": 250532}