{"cam/image_array": "5567_cam-image_array_.jpg", "user/angle": 0.14459770917892456, "user/throttle": 0.5878151655197144, "user/mode": "local", "pos/pos_x": 67.94256, "pos/pos_y": 0.5581948, "pos/pos_z": -6.345877, "pos/speed": 9.991784, "pos/cte": -2.578949, "pilot/angle": 0.0, "pilot/throttle": 0.0, "milliseconds": 278668}