{"cam/image_array": "4613_cam-image_array_.jpg", "user/angle": 0.8152089715003967, "user/throttle": 0.2290453016757965, "user/mode": "local", "pos/pos_x": 58.95066, "pos/pos_y": 0.5539201, "pos/pos_z": 80.45637, "pos/speed": 8.655792, "pos/cte": -2.2456, "pilot/angle": 0.0, "pilot/throttle": 0.0, "milliseconds": 230907}