{"cam/image_array": "2541_cam-image_array_.jpg", "user/angle": 0.3587525188922882, "user/throttle": 0.7941673994064331, "user/mode": "local", "pos/pos_x": 76.90836, "pos/pos_y": 0.553991, "pos/pos_z": -8.127096, "pos/speed": 9.189524, "pos/cte": -4.438342, "pilot/angle": 0.0, "pilot/throttle": 0.0, "milliseconds": 127178}