{"cam/image_array": "3490_cam-image_array_.jpg", "user/angle": 0.7612899541854858, "user/throttle": 0.41235411167144775, "user/mode": "local", "pos/pos_x": 62.65044, "pos/pos_y": 0.554478, "pos/pos_z": 76.57499, "pos/speed": 9.63459, "pos/cte": -0.5731248, "pilot/angle": 0.0, "pilot/throttle": 0.0, "milliseconds": 174684}