{"cam/image_array": "1549_cam-image_array_.jpg", "user/angle": 0.5909349322319031, "user/throttle": 0.16846910119056702, "user/mode": "local", "pos/pos_x": 43.92353, "pos/pos_y": 0.564215, "pos/pos_z": 51.96859, "pos/speed": 13.93604, "pos/cte": -5.766468, "pilot/angle": 0.0, "pilot/throttle": 0.0, "milliseconds": 77509}