{"cam/image_array": "801_cam-image_array_.jpg", "user/angle": 0.5622987747192383, "user/throttle": 0.3327251970767975, "user/mode": "local", "pos/pos_x": 43.49474, "pos/pos_y": 0.5508593, "pos/pos_z": 54.70454, "pos/speed": 13.69644, "pos/cte": -6.195259, "pilot/angle": 0.0, "pilot/throttle": 0.0, "milliseconds": 40061}