{"cam/image_array": "5115_cam-image_array_.jpg", "user/angle": 0.11489987373352051, "user/throttle": 0.20706981420516968, "user/mode": "local", "pos/pos_x": 83.23203, "pos/pos_y": 0.5545532, "pos/pos_z": 17.49079, "pos/speed": 13.24824, "pos/cte": -3.920926, "pilot/angle": 0.0, "pilot/throttle": 0.0, "milliseconds": 256039}