{"cam/image_array": "210_cam-image_array_.jpg", "user/angle": 0.0993736982345581, "user/throttle": 0.5439977645874023, "user/mode": "local", "pos/pos_x": 77.58421, "pos/pos_y": 0.5531955, "pos/pos_z": 37.07465, "pos/speed": 12.75765, "pos/cte": -5.182371, "pilot/angle": 0.0, "pilot/throttle": 0.0, "milliseconds": 10473}