{"cam/image_array": "1049_cam-image_array_.jpg", "user/angle": 0.1322764754295349, "user/throttle": 0.8099480867385864, "user/mode": "local", "pos/pos_x": 76.50106, "pos/pos_y": 0.5544928, "pos/pos_z": -9.838028, "pos/speed": 9.23125, "pos/cte": -6.145654, "pilot/angle": 0.0, "pilot/throttle": 0.0, "milliseconds": 52476}