{"cam/image_array": "5381_cam-image_array_.jpg", "user/angle": 0.8063480854034424, "user/throttle": 0.5833339691162109, "user/mode": "local", "pos/pos_x": 71.97537, "pos/pos_y": 0.5547497, "pos/pos_z": 74.40866, "pos/speed": 9.183086, "pos/cte": -6.256938, "pilot/angle": 0.0, "pilot/throttle": 0.0, "milliseconds": 269357}