{"cam/image_array": "192_cam-image_array_.jpg", "user/angle": -0.31228652596473694, "user/throttle": 0.8551137447357178, "user/mode": "local", "pos/pos_x": 77.66965, "pos/pos_y": 0.5549014, "pos/pos_z": 48.92269, "pos/speed": 11.86266, "pos/cte": -0.09176544, "pilot/angle": 0.0, "pilot/throttle": 0.0, "milliseconds": 9572}