{"cam/image_array": "1702_cam-image_array_.jpg", "user/angle": -0.22077247500419617, "user/throttle": 0.395808607339859, "user/mode": "local", "pos/pos_x": 79.21967, "pos/pos_y": 0.5555484, "pos/pos_z": 31.44182, "pos/speed": 12.88363, "pos/cte": -7.277359, "pilot/angle": 0.0, "pilot/throttle": 0.0, "milliseconds": 85169}