{"cam/image_array": "2551_cam-image_array_.jpg", "user/angle": 0.06856784224510193, "user/throttle": 0.43047788739204407, "user/mode": "local", "pos/pos_x": 72.23647, "pos/pos_y": 0.5565705, "pos/pos_z": -7.638321, "pos/speed": 9.701963, "pos/cte": -3.908815, "pilot/angle": 0.0, "pilot/throttle": 0.0, "milliseconds": 127673}