{"cam/image_array": "604_cam-image_array_.jpg", "user/angle": 0.42394009232521057, "user/throttle": 0.05346789211034775, "user/mode": "local", "pos/pos_x": 85.00362, "pos/pos_y": 0.5535701, "pos/pos_z": 13.71509, "pos/speed": 13.11782, "pos/cte": -2.469633, "pilot/angle": 0.0, "pilot/throttle": 0.0, "milliseconds": 30198}