{"cam/image_array": "3713_cam-image_array_.jpg", "user/angle": 0.3368745744228363, "user/throttle": 0.5462386608123779, "user/mode": "local", "pos/pos_x": 57.93188, "pos/pos_y": 0.5565716, "pos/pos_z": -2.114136, "pos/speed": 10.8306, "pos/cte": 1.381578, "pilot/angle": 0.0, "pilot/throttle": 0.0, "milliseconds": 185848}