{"cam/image_array": "2022_cam-image_array_.jpg", "user/angle": 0.23115578293800354, "user/throttle": 0.7263233661651611, "user/mode": "local", "pos/pos_x": 75.55914, "pos/pos_y": 0.554532, "pos/pos_z": 63.04388, "pos/speed": 9.930822, "pos/cte": -1.601226, "pilot/angle": 0.0, "pilot/throttle": 0.0, "milliseconds": 101189}