{"cam/image_array": "3667_cam-image_array_.jpg", "user/angle": 0.7403626441955566, "user/throttle": 0.939918041229248, "user/mode": "local", "pos/pos_x": 79.57105, "pos/pos_y": 0.5523406, "pos/pos_z": -8.750588, "pos/speed": 9.346778, "pos/cte": -5.085046, "pilot/angle": 0.0, "pilot/throttle": 0.0, "milliseconds": 183546}