{"cam/image_array": "1758_cam-image_array_.jpg", "user/angle": 0.9447716474533081, "user/throttle": 0.03461148589849472, "user/mode": "local", "pos/pos_x": 88.18799, "pos/pos_y": 0.5508385, "pos/pos_z": -0.6779413, "pos/speed": 10.57471, "pos/cte": -1.290321, "pilot/angle": 0.0, "pilot/throttle": 0.0, "milliseconds": 87972}