{"cam/image_array": "4165_cam-image_array_.jpg", "user/angle": -0.028097130358219147, "user/throttle": 0.6669209003448486, "user/mode": "local", "pos/pos_x": 44.74865, "pos/pos_y": 0.5551835, "pos/pos_z": 43.278, "pos/speed": 14.07408, "pos/cte": -4.668164, "pilot/angle": 0.0, "pilot/throttle": 0.0, "milliseconds": 208477}