{"cam/image_array": "2756_cam-image_array_.jpg", "user/angle": 0.1334078013896942, "user/throttle": 0.4525756239891052, "user/mode": "local", "pos/pos_x": 71.69345, "pos/pos_y": 0.5504916, "pos/pos_z": 70.87451, "pos/speed": 8.919048, "pos/cte": -3.747318, "pilot/angle": 0.0, "pilot/throttle": 0.0, "milliseconds": 137936}