{"cam/image_array": "4344_cam-image_array_.jpg", "user/angle": -0.024483997374773026, "user/throttle": 0.5829739570617676, "user/mode": "local", "pos/pos_x": 80.67159, "pos/pos_y": 0.5519713, "pos/pos_z": 24.6367, "pos/speed": 12.77463, "pos/cte": -6.647074, "pilot/angle": 0.0, "pilot/throttle": 0.0, "milliseconds": 217438}