{"cam/image_array": "2142_cam-image_array_.jpg", "user/angle": 0.8267689347267151, "user/throttle": 0.8269717693328857, "user/mode": "local", "pos/pos_x": 87.88414, "pos/pos_y": 0.5537232, "pos/pos_z": -5.460571, "pos/speed": 9.022749, "pos/cte": -4.205373, "pilot/angle": 0.0, "pilot/throttle": 0.0, "milliseconds": 107197}