{"cam/image_array": "3114_cam-image_array_.jpg", "user/angle": 0.9195013046264648, "user/throttle": 0.3651507794857025, "user/mode": "local", "pos/pos_x": 63.55395, "pos/pos_y": 0.552699, "pos/pos_z": 75.05267, "pos/speed": 9.964954, "pos/cte": -0.2714891, "pilot/angle": 0.0, "pilot/throttle": 0.0, "milliseconds": 155860}