{"cam/image_array": "1978_cam-image_array_.jpg", "user/angle": 0.9938192963600159, "user/throttle": 0.7807314395904541, "user/mode": "local", "pos/pos_x": 60.83565, "pos/pos_y": 0.5525368, "pos/pos_z": 75.74083, "pos/speed": 10.32709, "pos/cte": 1.252379, "pilot/angle": 0.0, "pilot/throttle": 0.0, "milliseconds": 98986}