{"cam/image_array": "4394_cam-image_array_.jpg", "user/angle": 0.8454837799072266, "user/throttle": 0.23975087702274323, "user/mode": "local", "pos/pos_x": 86.43439, "pos/pos_y": 0.5518713, "pos/pos_z": -3.348398, "pos/speed": 10.04387, "pos/cte": -1.680437, "pilot/angle": 0.0, "pilot/throttle": 0.0, "milliseconds": 219942}