{"cam/image_array": "1288_cam-image_array_.jpg", "user/angle": 0.26397421956062317, "user/throttle": 0.9260004758834839, "user/mode": "local", "pos/pos_x": 77.40922, "pos/pos_y": 0.5556938, "pos/pos_z": 59.84196, "pos/speed": 10.33458, "pos/cte": -1.031963, "pilot/angle": 0.0, "pilot/throttle": 0.0, "milliseconds": 64442}