{"cam/image_array": "4131_cam-image_array_.jpg", "user/angle": 0.16526223719120026, "user/throttle": 0.7342311143875122, "user/mode": "local", "pos/pos_x": 46.77238, "pos/pos_y": 0.5564102, "pos/pos_z": 21.00621, "pos/speed": 12.36874, "pos/cte": -2.765902, "pilot/angle": 0.0, "pilot/throttle": 0.0, "milliseconds": 206775}