{"cam/image_array": "5392_cam-image_array_.jpg", "user/angle": 0.1705154925584793, "user/throttle": 0.6077766418457031, "user/mode": "local", "pos/pos_x": 74.79966, "pos/pos_y": 0.5504887, "pos/pos_z": 71.01714, "pos/speed": 8.806869, "pos/cte": -6.20193, "pilot/angle": 0.0, "pilot/throttle": 0.0, "milliseconds": 269907}