{"cam/image_array": "5143_cam-image_array_.jpg", "user/angle": 0.9673141837120056, "user/throttle": 0.7693737745285034, "user/mode": "local", "pos/pos_x": 87.22283, "pos/pos_y": 0.5512465, "pos/pos_z": 1.029287, "pos/speed": 10.79124, "pos/cte": 0.4462459, "pilot/angle": 0.0, "pilot/throttle": 0.0, "milliseconds": 257441}