{"cam/image_array": "2289_cam-image_array_.jpg", "user/angle": -0.03322402387857437, "user/throttle": 0.6754066944122314, "user/mode": "local", "pos/pos_x": 44.64432, "pos/pos_y": 0.5550674, "pos/pos_z": 42.82028, "pos/speed": 14.19101, "pos/cte": -4.768501, "pilot/angle": 0.0, "pilot/throttle": 0.0, "milliseconds": 114557}