{"cam/image_array": "3470_cam-image_array_.jpg", "user/angle": 0.6568415760993958, "user/throttle": 0.13789409399032593, "user/mode": "local", "pos/pos_x": 53.35749, "pos/pos_y": 0.5512421, "pos/pos_z": 72.1679, "pos/speed": 11.33237, "pos/cte": 3.667496, "pilot/angle": 0.0, "pilot/throttle": 0.0, "milliseconds": 173683}