{"cam/image_array": "2319_cam-image_array_.jpg", "user/angle": 0.39435261487960815, "user/throttle": 0.14776241779327393, "user/mode": "local", "pos/pos_x": 45.48703, "pos/pos_y": 0.5535017, "pos/pos_z": 62.05648, "pos/speed": 12.97288, "pos/cte": -4.202972, "pilot/angle": 0.0, "pilot/throttle": 0.0, "milliseconds": 116058}