{"cam/image_array": "1083_cam-image_array_.jpg", "user/angle": 0.323343962430954, "user/throttle": 0.5611915588378906, "user/mode": "local", "pos/pos_x": 59.65722, "pos/pos_y": 0.5544761, "pos/pos_z": -3.460939, "pos/speed": 10.36099, "pos/cte": 0.3781813, "pilot/angle": 0.0, "pilot/throttle": 0.0, "milliseconds": 54179}