{"cam/image_array": "5478_cam-image_array_.jpg", "user/angle": -0.010679110884666443, "user/throttle": 0.5210127830505371, "user/mode": "local", "pos/pos_x": 80.43224, "pos/pos_y": 0.5497563, "pos/pos_z": 23.67757, "pos/speed": 12.67688, "pos/cte": -5.912864, "pilot/angle": 0.0, "pilot/throttle": 0.0, "milliseconds": 274213}