{"cam/image_array": "4899_cam-image_array_.jpg", "user/angle": 0.02313907817006111, "user/throttle": 0.7920845746994019, "user/mode": "local", "pos/pos_x": 45.75552, "pos/pos_y": 0.5558897, "pos/pos_z": 25.40509, "pos/speed": 12.56139, "pos/cte": -3.589916, "pilot/angle": 0.0, "pilot/throttle": 0.0, "milliseconds": 245225}