{"cam/image_array": "3163_cam-image_array_.jpg", "user/angle": 0.2281724363565445, "user/throttle": 0.8050655126571655, "user/mode": "local", "pos/pos_x": 77.42585, "pos/pos_y": 0.5540684, "pos/pos_z": 57.51934, "pos/speed": 10.07413, "pos/cte": 0.04110383, "pilot/angle": 0.0, "pilot/throttle": 0.0, "milliseconds": 158312}