{"cam/image_array": "3415_cam-image_array_.jpg", "user/angle": -0.04494212195277214, "user/throttle": 0.6894474029541016, "user/mode": "local", "pos/pos_x": 44.7933, "pos/pos_y": 0.5545971, "pos/pos_z": 40.1837, "pos/speed": 13.53077, "pos/cte": -4.596517, "pilot/angle": 0.0, "pilot/throttle": 0.0, "milliseconds": 170929}