{"cam/image_array": "3820_cam-image_array_.jpg", "user/angle": 0.023924335837364197, "user/throttle": 0.2869272828102112, "user/mode": "local", "pos/pos_x": 45.64505, "pos/pos_y": 0.551821, "pos/pos_z": 62.1948, "pos/speed": 12.77696, "pos/cte": -4.044952, "pilot/angle": 0.0, "pilot/throttle": 0.0, "milliseconds": 191205}