{"cam/image_array": "4685_cam-image_array_.jpg", "user/angle": 0.3492099344730377, "user/throttle": 0.8172926902770996, "user/mode": "local", "pos/pos_x": 77.66741, "pos/pos_y": 0.552735, "pos/pos_z": 57.68585, "pos/speed": 10.87077, "pos/cte": -0.1601222, "pilot/angle": 0.0, "pilot/throttle": 0.0, "milliseconds": 234511}