{"cam/image_array": "2499_cam-image_array_.jpg", "user/angle": 0.7706921696662903, "user/throttle": 0.15181206166744232, "user/mode": "local", "pos/pos_x": 87.42761, "pos/pos_y": 0.552197, "pos/pos_z": 7.200587, "pos/speed": 11.72256, "pos/cte": 0.0498438, "pilot/angle": 0.0, "pilot/throttle": 0.0, "milliseconds": 125070}