{"cam/image_array": "5059_cam-image_array_.jpg", "user/angle": 0.018328238278627396, "user/throttle": 0.9727760553359985, "user/mode": "local", "pos/pos_x": 78.64939, "pos/pos_y": 0.5530311, "pos/pos_z": 52.01603, "pos/speed": 11.42414, "pos/cte": -0.2868042, "pilot/angle": 0.0, "pilot/throttle": 0.0, "milliseconds": 253235}