{"cam/image_array": "3964_cam-image_array_.jpg", "user/angle": -0.13275879621505737, "user/throttle": 0.35494178533554077, "user/mode": "local", "pos/pos_x": 79.48679, "pos/pos_y": 0.5557759, "pos/pos_z": 29.50631, "pos/speed": 12.95591, "pos/cte": -7.319214, "pilot/angle": 0.0, "pilot/throttle": 0.0, "milliseconds": 198415}