{"cam/image_array": "4690_cam-image_array_.jpg", "user/angle": 0.40595871210098267, "user/throttle": 0.7831205129623413, "user/mode": "local", "pos/pos_x": 78.23062, "pos/pos_y": 0.5542588, "pos/pos_z": 55.56645, "pos/speed": 10.98632, "pos/cte": -0.02878681, "pilot/angle": 0.0, "pilot/throttle": 0.0, "milliseconds": 234761}