{"cam/image_array": "5069_cam-image_array_.jpg", "user/angle": 0.01788865402340889, "user/throttle": 0.8595722913742065, "user/mode": "local", "pos/pos_x": 78.66587, "pos/pos_y": 0.5562859, "pos/pos_z": 46.096, "pos/speed": 12.13073, "pos/cte": -2.23502, "pilot/angle": 0.0, "pilot/throttle": 0.0, "milliseconds": 253736}