{"cam/image_array": "5329_cam-image_array_.jpg", "user/angle": 0.15577752888202667, "user/throttle": 0.380245566368103, "user/mode": "local", "pos/pos_x": 47.96251, "pos/pos_y": 0.5542916, "pos/pos_z": 65.74098, "pos/speed": 12.13885, "pos/cte": -1.727486, "pilot/angle": 0.0, "pilot/throttle": 0.0, "milliseconds": 266753}