{"cam/image_array": "1765_cam-image_array_.jpg", "user/angle": 0.8576492071151733, "user/throttle": 0.6089041233062744, "user/mode": "local", "pos/pos_x": 86.79993, "pos/pos_y": 0.5538322, "pos/pos_z": -4.423459, "pos/speed": 9.546597, "pos/cte": -2.761487, "pilot/angle": 0.0, "pilot/throttle": 0.0, "milliseconds": 88323}