{"cam/image_array": "1681_cam-image_array_.jpg", "user/angle": -0.29573455452919006, "user/throttle": 0.7960649728775024, "user/mode": "local", "pos/pos_x": 78.37738, "pos/pos_y": 0.5564748, "pos/pos_z": 45.18494, "pos/speed": 12.09548, "pos/cte": -2.432555, "pilot/angle": 0.0, "pilot/throttle": 0.0, "milliseconds": 84118}