{"cam/image_array": "1450_cam-image_array_.jpg", "user/angle": 0.47649654746055603, "user/throttle": 0.6585725545883179, "user/mode": "local", "pos/pos_x": 60.28914, "pos/pos_y": 0.5559129, "pos/pos_z": -3.38002, "pos/speed": 10.27642, "pos/cte": 0.4535835, "pilot/angle": 0.0, "pilot/throttle": 0.0, "milliseconds": 72552}