{"cam/image_array": "428_cam-image_array_.jpg", "user/angle": 0.614317774772644, "user/throttle": 0.16468097269535065, "user/mode": "local", "pos/pos_x": 43.75138, "pos/pos_y": 0.5623527, "pos/pos_z": 52.53587, "pos/speed": 14.21246, "pos/cte": -5.938618, "pilot/angle": 0.0, "pilot/throttle": 0.0, "milliseconds": 21387}