{"cam/image_array": "5352_cam-image_array_.jpg", "user/angle": 0.5676097273826599, "user/throttle": 0.21572433412075043, "user/mode": "local", "pos/pos_x": 57.43583, "pos/pos_y": 0.5514737, "pos/pos_z": 74.83931, "pos/speed": 11.56243, "pos/cte": 3.636872, "pilot/angle": 0.0, "pilot/throttle": 0.0, "milliseconds": 267905}