{"cam/image_array": "9_cam-image_array_.jpg", "user/angle": -0.05528242513537407, "user/throttle": 0.7884020805358887, "user/mode": "local", "pos/pos_x": 49.69008, "pos/pos_y": 0.5528626, "pos/pos_z": 47.87188, "pos/speed": 0.5701725, "pos/cte": 8.010864e-05, "pilot/angle": 0.0, "pilot/throttle": 0.0, "milliseconds": 410}