{"cam/image_array": "2307_cam-image_array_.jpg", "user/angle": 0.4790746569633484, "user/throttle": 0.3837360441684723, "user/mode": "local", "pos/pos_x": 43.84208, "pos/pos_y": 0.5534234, "pos/pos_z": 55.60187, "pos/speed": 13.81671, "pos/cte": -5.847916, "pilot/angle": 0.0, "pilot/throttle": 0.0, "milliseconds": 115457}