{"cam/image_array": "2677_cam-image_array_.jpg", "user/angle": 0.49827101826667786, "user/throttle": 0.10487121343612671, "user/mode": "local", "pos/pos_x": 45.21381, "pos/pos_y": 0.5587658, "pos/pos_z": 53.7554, "pos/speed": 13.76228, "pos/cte": -4.476192, "pilot/angle": 0.0, "pilot/throttle": 0.0, "milliseconds": 133981}