{"cam/image_array": "5262_cam-image_array_.jpg", "user/angle": 0.1687864065170288, "user/throttle": 0.7161686420440674, "user/mode": "local", "pos/pos_x": 46.74955, "pos/pos_y": 0.5554186, "pos/pos_z": 22.32582, "pos/speed": 12.43581, "pos/cte": -2.731143, "pilot/angle": 0.0, "pilot/throttle": 0.0, "milliseconds": 263399}