{"cam/image_array": "1883_cam-image_array_.jpg", "user/angle": 0.12091779708862305, "user/throttle": 0.8140561580657959, "user/mode": "local", "pos/pos_x": 46.2223, "pos/pos_y": 0.5550743, "pos/pos_z": 23.73892, "pos/speed": 12.34927, "pos/cte": -3.196255, "pilot/angle": 0.0, "pilot/throttle": 0.0, "milliseconds": 94230}