{"cam/image_array": "1928_cam-image_array_.jpg", "user/angle": 0.36851221323013306, "user/throttle": 0.13856150209903717, "user/mode": "local", "pos/pos_x": 44.5065, "pos/pos_y": 0.5571612, "pos/pos_z": 53.85187, "pos/speed": 13.91941, "pos/cte": -5.183495, "pilot/angle": 0.0, "pilot/throttle": 0.0, "milliseconds": 96483}