{"cam/image_array": "1002_cam-image_array_.jpg", "user/angle": 1.0267175436019897, "user/throttle": 0.30055367946624756, "user/mode": "local", "pos/pos_x": 88.43015, "pos/pos_y": 0.5526193, "pos/pos_z": 4.251471, "pos/speed": 11.28302, "pos/cte": -0.2460536, "pilot/angle": 0.0, "pilot/throttle": 0.0, "milliseconds": 50123}