{"cam/image_array": "1295_cam-image_array_.jpg", "user/angle": 0.21969151496887207, "user/throttle": 0.9925570487976074, "user/mode": "local", "pos/pos_x": 78.57999, "pos/pos_y": 0.5543487, "pos/pos_z": 55.06292, "pos/speed": 10.97784, "pos/cte": -0.3914358, "pilot/angle": 0.0, "pilot/throttle": 0.0, "milliseconds": 64792}