{"cam/image_array": "1946_cam-image_array_.jpg", "user/angle": 0.2677292227745056, "user/throttle": 0.12747597694396973, "user/mode": "local", "pos/pos_x": 46.53022, "pos/pos_y": 0.5527427, "pos/pos_z": 65.44254, "pos/speed": 12.18378, "pos/cte": -3.159782, "pilot/angle": 0.0, "pilot/throttle": 0.0, "milliseconds": 97385}