{"cam/image_array": "255_cam-image_array_.jpg", "user/angle": 0.26559317111968994, "user/throttle": 0.07445299625396729, "user/mode": "local", "pos/pos_x": 84.70424, "pos/pos_y": 0.555081, "pos/pos_z": 10.10968, "pos/speed": 11.83908, "pos/cte": 0.3117616, "pilot/angle": 0.0, "pilot/throttle": 0.0, "milliseconds": 12725}