{"cam/image_array": "3727_cam-image_array_.jpg", "user/angle": 0.10885979235172272, "user/throttle": 0.7265244722366333, "user/mode": "local", "pos/pos_x": 53.28311, "pos/pos_y": 0.557361, "pos/pos_z": 3.807515, "pos/speed": 10.88055, "pos/cte": 2.617986, "pilot/angle": 0.0, "pilot/throttle": 0.0, "milliseconds": 186549}