{"cam/image_array": "889_cam-image_array_.jpg", "user/angle": 0.16122090816497803, "user/throttle": 0.608322024345398, "user/mode": "local", "pos/pos_x": 75.93285, "pos/pos_y": 0.556554, "pos/pos_z": 68.7233, "pos/speed": 8.855732, "pos/cte": -5.573884, "pilot/angle": 0.0, "pilot/throttle": 0.0, "milliseconds": 44466}