{"cam/image_array": "1779_cam-image_array_.jpg", "user/angle": 0.648898720741272, "user/throttle": 0.6811772584915161, "user/mode": "local", "pos/pos_x": 82.18707, "pos/pos_y": 0.5521635, "pos/pos_z": -8.725839, "pos/speed": 9.173549, "pos/cte": -5.083127, "pilot/angle": 0.0, "pilot/throttle": 0.0, "milliseconds": 89024}