{"cam/image_array": "5211_cam-image_array_.jpg", "user/angle": 0.4109962284564972, "user/throttle": 0.4847082495689392, "user/mode": "local", "pos/pos_x": 59.1044, "pos/pos_y": 0.5539288, "pos/pos_z": -3.424816, "pos/speed": 10.62726, "pos/cte": 0.3065183, "pilot/angle": 0.0, "pilot/throttle": 0.0, "milliseconds": 260845}