{"cam/image_array": "675_cam-image_array_.jpg", "user/angle": 0.040219198912382126, "user/throttle": 0.5640068054199219, "user/mode": "local", "pos/pos_x": 70.94198, "pos/pos_y": 0.5582809, "pos/pos_z": -9.026904, "pos/speed": 10.03267, "pos/cte": -5.286049, "pilot/angle": 0.0, "pilot/throttle": 0.0, "milliseconds": 33753}