{"cam/image_array": "4246_cam-image_array_.jpg", "user/angle": 0.7437379360198975, "user/throttle": 0.7574864625930786, "user/mode": "local", "pos/pos_x": 68.82386, "pos/pos_y": 0.5515755, "pos/pos_z": 74.78857, "pos/speed": 9.077283, "pos/cte": -4.107239, "pilot/angle": 0.0, "pilot/throttle": 0.0, "milliseconds": 212532}