{"cam/image_array": "4771_cam-image_array_.jpg", "user/angle": 0.39948570728302, "user/throttle": 0.09292711317539215, "user/mode": "local", "pos/pos_x": 85.07885, "pos/pos_y": 0.5572402, "pos/pos_z": 7.004379, "pos/speed": 11.50014, "pos/cte": 2.264051, "pilot/angle": 0.0, "pilot/throttle": 0.0, "milliseconds": 238817}