{"cam/image_array": "4731_cam-image_array_.jpg", "user/angle": -0.115852490067482, "user/throttle": 0.27626508474349976, "user/mode": "local", "pos/pos_x": 79.62337, "pos/pos_y": 0.5554519, "pos/pos_z": 29.72061, "pos/speed": 12.90788, "pos/cte": -7.475707, "pilot/angle": 0.0, "pilot/throttle": 0.0, "milliseconds": 236814}