{"cam/image_array": "884_cam-image_array_.jpg", "user/angle": 0.18568477034568787, "user/throttle": 0.607608437538147, "user/mode": "local", "pos/pos_x": 75.28983, "pos/pos_y": 0.552871, "pos/pos_z": 70.36874, "pos/speed": 8.854388, "pos/cte": -6.153559, "pilot/angle": 0.0, "pilot/throttle": 0.0, "milliseconds": 44216}