{"cam/image_array": "639_cam-image_array_.jpg", "user/angle": 0.9264897704124451, "user/throttle": 0.6128830909729004, "user/mode": "local", "pos/pos_x": 86.83745, "pos/pos_y": 0.5543109, "pos/pos_z": -4.819979, "pos/speed": 9.5534, "pos/cte": -3.122184, "pilot/angle": 0.0, "pilot/throttle": 0.0, "milliseconds": 31950}