{"cam/image_array": "5349_cam-image_array_.jpg", "user/angle": 0.9260401129722595, "user/throttle": 0.1444474160671234, "user/mode": "local", "pos/pos_x": 56.43496, "pos/pos_y": 0.5545539, "pos/pos_z": 74.24455, "pos/speed": 11.70527, "pos/cte": 4.155896, "pilot/angle": 0.0, "pilot/throttle": 0.0, "milliseconds": 267754}