{"cam/image_array": "3322_cam-image_array_.jpg", "user/angle": 0.42839768528938293, "user/throttle": 0.34494122862815857, "user/mode": "local", "pos/pos_x": 62.82899, "pos/pos_y": 0.5556974, "pos/pos_z": -5.118129, "pos/speed": 9.838721, "pos/cte": -1.306624, "pilot/angle": 0.0, "pilot/throttle": 0.0, "milliseconds": 166273}