{"cam/image_array": "1646_cam-image_array_.jpg", "user/angle": 0.11811156570911407, "user/throttle": 0.833968997001648, "user/mode": "local", "pos/pos_x": 75.40572, "pos/pos_y": 0.5538091, "pos/pos_z": 63.78252, "pos/speed": 9.655538, "pos/cte": -1.964275, "pilot/angle": 0.0, "pilot/throttle": 0.0, "milliseconds": 82366}