{"cam/image_array": "2389_cam-image_array_.jpg", "user/angle": 0.20328576862812042, "user/throttle": 0.559409499168396, "user/mode": "local", "pos/pos_x": 75.1951, "pos/pos_y": 0.5541229, "pos/pos_z": 69.37141, "pos/speed": 9.271385, "pos/cte": -5.433808, "pilot/angle": 0.0, "pilot/throttle": 0.0, "milliseconds": 119563}