{"cam/image_array": "3698_cam-image_array_.jpg", "user/angle": 0.20136219263076782, "user/throttle": 0.5289698839187622, "user/mode": "local", "pos/pos_x": 65.24986, "pos/pos_y": 0.5545271, "pos/pos_z": -6.395505, "pos/speed": 10.38908, "pos/cte": -2.605078, "pilot/angle": 0.0, "pilot/throttle": 0.0, "milliseconds": 185097}