{"cam/image_array": "2671_cam-image_array_.jpg", "user/angle": 0.10246261954307556, "user/throttle": 0.32000860571861267, "user/mode": "local", "pos/pos_x": 45.2579, "pos/pos_y": 0.5582925, "pos/pos_z": 49.5989, "pos/speed": 13.86465, "pos/cte": -4.432102, "pilot/angle": 0.0, "pilot/throttle": 0.0, "milliseconds": 133682}