{"cam/image_array": "3648_cam-image_array_.jpg", "user/angle": 0.933686375617981, "user/throttle": 0.0835568830370903, "user/mode": "local", "pos/pos_x": 86.3962, "pos/pos_y": 0.5555802, "pos/pos_z": -2.301433, "pos/speed": 10.53591, "pos/cte": -0.9193745, "pilot/angle": 0.0, "pilot/throttle": 0.0, "milliseconds": 182594}