{"cam/image_array": "1022_cam-image_array_.jpg", "user/angle": 0.7965909838676453, "user/throttle": 0.8638104200363159, "user/mode": "local", "pos/pos_x": 86.71407, "pos/pos_y": 0.5525262, "pos/pos_z": -5.394117, "pos/speed": 8.925856, "pos/cte": -3.313786, "pilot/angle": 0.0, "pilot/throttle": 0.0, "milliseconds": 51125}