{"cam/image_array": "1125_cam-image_array_.jpg", "user/angle": 0.12197603285312653, "user/throttle": 0.7047723531723022, "user/mode": "local", "pos/pos_x": 48.29602, "pos/pos_y": 0.5556869, "pos/pos_z": 14.71111, "pos/speed": 11.77193, "pos/cte": -1.518291, "pilot/angle": 0.0, "pilot/throttle": 0.0, "milliseconds": 56282}