{"cam/image_array": "2755_cam-image_array_.jpg", "user/angle": 0.2232358157634735, "user/throttle": 0.48028281331062317, "user/mode": "local", "pos/pos_x": 71.22643, "pos/pos_y": 0.550543, "pos/pos_z": 71.62887, "pos/speed": 8.81735, "pos/cte": -3.88211, "pilot/angle": 0.0, "pilot/throttle": 0.0, "milliseconds": 137886}