{"cam/image_array": "702_cam-image_array_.jpg", "user/angle": 0.3439500629901886, "user/throttle": 0.5782703161239624, "user/mode": "local", "pos/pos_x": 58.84082, "pos/pos_y": 0.554449, "pos/pos_z": -3.109097, "pos/speed": 10.71129, "pos/cte": 0.5689182, "pilot/angle": 0.0, "pilot/throttle": 0.0, "milliseconds": 35105}