{"cam/image_array": "3772_cam-image_array_.jpg", "user/angle": 0.0035724304616451263, "user/throttle": 0.9576281309127808, "user/mode": "local", "pos/pos_x": 45.56693, "pos/pos_y": 0.55608, "pos/pos_z": 29.57284, "pos/speed": 12.99767, "pos/cte": -3.730323, "pilot/angle": 0.0, "pilot/throttle": 0.0, "milliseconds": 188802}