{"cam/image_array": "3028_cam-image_array_.jpg", "user/angle": 0.0026102904230356216, "user/throttle": 0.6702455282211304, "user/mode": "local", "pos/pos_x": 45.43262, "pos/pos_y": 0.5554593, "pos/pos_z": 34.23114, "pos/speed": 13.15652, "pos/cte": -3.905282, "pilot/angle": 0.0, "pilot/throttle": 0.0, "milliseconds": 151554}