{"cam/image_array": "1364_cam-image_array_.jpg", "user/angle": 0.31826916337013245, "user/throttle": 0.06247244030237198, "user/mode": "local", "pos/pos_x": 84.54031, "pos/pos_y": 0.5549455, "pos/pos_z": 13.85325, "pos/speed": 12.24363, "pos/cte": -2.243433, "pilot/angle": 0.0, "pilot/throttle": 0.0, "milliseconds": 68247}