{"cam/image_array": "2702_cam-image_array_.jpg", "user/angle": 0.423434853553772, "user/throttle": 0.14539289474487305, "user/mode": "local", "pos/pos_x": 49.29908, "pos/pos_y": 0.5588059, "pos/pos_z": 68.1161, "pos/speed": 11.77716, "pos/cte": -0.3909225, "pilot/angle": 0.0, "pilot/throttle": 0.0, "milliseconds": 135233}