{"cam/image_array": "2093_cam-image_array_.jpg", "user/angle": -0.1872078776359558, "user/throttle": 0.628961443901062, "user/mode": "local", "pos/pos_x": 81.57292, "pos/pos_y": 0.5536562, "pos/pos_z": 21.40235, "pos/speed": 13.1032, "pos/cte": -5.544341, "pilot/angle": 0.0, "pilot/throttle": 0.0, "milliseconds": 104744}