{"cam/image_array": "2096_cam-image_array_.jpg", "user/angle": -0.1457882821559906, "user/throttle": 0.38821688294410706, "user/mode": "local", "pos/pos_x": 82.04225, "pos/pos_y": 0.5553924, "pos/pos_z": 20.17961, "pos/speed": 13.10054, "pos/cte": -5.042619, "pilot/angle": 0.0, "pilot/throttle": 0.0, "milliseconds": 104894}