{"cam/image_array": "1874_cam-image_array_.jpg", "user/angle": 0.18752625584602356, "user/throttle": 0.6178765296936035, "user/mode": "local", "pos/pos_x": 47.70499, "pos/pos_y": 0.5551192, "pos/pos_z": 17.81468, "pos/speed": 12.05268, "pos/cte": -1.973388, "pilot/angle": 0.0, "pilot/throttle": 0.0, "milliseconds": 93780}