{"cam/image_array": "5403_cam-image_array_.jpg", "user/angle": 0.03863060474395752, "user/throttle": 0.6092307567596436, "user/mode": "local", "pos/pos_x": 76.61972, "pos/pos_y": 0.5560726, "pos/pos_z": 65.99411, "pos/speed": 9.101377, "pos/cte": -4.323716, "pilot/angle": 0.0, "pilot/throttle": 0.0, "milliseconds": 270458}