{"cam/image_array": "4457_cam-image_array_.jpg", "user/angle": 0.41892728209495544, "user/throttle": 0.3067999482154846, "user/mode": "local", "pos/pos_x": 59.10099, "pos/pos_y": 0.5520114, "pos/pos_z": -3.784671, "pos/speed": 10.13124, "pos/cte": -0.04793116, "pilot/angle": 0.0, "pilot/throttle": 0.0, "milliseconds": 223097}