{"cam/image_array": "2213_cam-image_array_.jpg", "user/angle": 0.21003016829490662, "user/throttle": 0.5748162269592285, "user/mode": "local", "pos/pos_x": 57.03839, "pos/pos_y": 0.5531965, "pos/pos_z": -1.517404, "pos/speed": 10.68883, "pos/cte": 1.58176, "pilot/angle": 0.0, "pilot/throttle": 0.0, "milliseconds": 110751}