{"cam/image_array": "2684_cam-image_array_.jpg", "user/angle": 0.4794670343399048, "user/throttle": 0.21128788590431213, "user/mode": "local", "pos/pos_x": 45.36451, "pos/pos_y": 0.5536072, "pos/pos_z": 57.83717, "pos/speed": 13.36206, "pos/cte": -4.325485, "pilot/angle": 0.0, "pilot/throttle": 0.0, "milliseconds": 134332}