{"cam/image_array": "3119_cam-image_array_.jpg", "user/angle": 0.5025445222854614, "user/throttle": 0.37221285700798035, "user/mode": "local", "pos/pos_x": 66.34628, "pos/pos_y": 0.5542628, "pos/pos_z": 74.1342, "pos/speed": 9.641219, "pos/cte": -1.798292, "pilot/angle": 0.0, "pilot/throttle": 0.0, "milliseconds": 156110}