{"cam/image_array": "5631_cam-image_array_.jpg", "user/angle": 0.1502532660961151, "user/throttle": 0.6785192489624023, "user/mode": "local", "pos/pos_x": 47.30654, "pos/pos_y": 0.5557113, "pos/pos_z": 19.25816, "pos/speed": 12.17821, "pos/cte": -2.308498, "pilot/angle": 0.0, "pilot/throttle": 0.0, "milliseconds": 281872}