{"cam/image_array": "5415_cam-image_array_.jpg", "user/angle": 0.18710631132125854, "user/throttle": 0.8362435102462769, "user/mode": "local", "pos/pos_x": 78.0032, "pos/pos_y": 0.5569732, "pos/pos_z": 59.9296, "pos/speed": 9.661417, "pos/cte": -1.588236, "pilot/angle": 0.0, "pilot/throttle": 0.0, "milliseconds": 271059}