{"cam/image_array": "955_cam-image_array_.jpg", "user/angle": -0.2559029161930084, "user/throttle": 0.5607303380966187, "user/mode": "local", "pos/pos_x": 79.02864, "pos/pos_y": 0.5552998, "pos/pos_z": 32.27763, "pos/speed": 12.96805, "pos/cte": -7.093637, "pilot/angle": 0.0, "pilot/throttle": 0.0, "milliseconds": 47771}