{"cam/image_array": "1731_cam-image_array_.jpg", "user/angle": 0.27213743329048157, "user/throttle": 0.08910318464040756, "user/mode": "local", "pos/pos_x": 84.83907, "pos/pos_y": 0.5546361, "pos/pos_z": 14.39787, "pos/speed": 12.70425, "pos/cte": -2.841287, "pilot/angle": 0.0, "pilot/throttle": 0.0, "milliseconds": 86620}