{"cam/image_array": "3855_cam-image_array_.jpg", "user/angle": 0.992684006690979, "user/throttle": 0.43689918518066406, "user/mode": "local", "pos/pos_x": 59.37669, "pos/pos_y": 0.5533412, "pos/pos_z": 76.41053, "pos/speed": 10.34684, "pos/cte": 1.427379, "pilot/angle": 0.0, "pilot/throttle": 0.0, "milliseconds": 192957}