{"cam/image_array": "5756_cam-image_array_.jpg", "user/angle": 0.44104376435279846, "user/throttle": 0.525151252746582, "user/mode": "local", "pos/pos_x": 71.62012, "pos/pos_y": 0.552345, "pos/pos_z": 72.55917, "pos/speed": 9.272948, "pos/cte": -4.78565, "pilot/angle": 0.0, "pilot/throttle": 0.0, "milliseconds": 288131}