{"cam/image_array": "4562_cam-image_array_.jpg", "user/angle": 0.019617417827248573, "user/throttle": 0.3547722101211548, "user/mode": "local", "pos/pos_x": 45.88073, "pos/pos_y": 0.5535278, "pos/pos_z": 55.16558, "pos/speed": 12.92326, "pos/cte": -3.809269, "pilot/angle": 0.0, "pilot/throttle": 0.0, "milliseconds": 228354}