{"cam/image_array": "2171_cam-image_array_.jpg", "user/angle": 0.0937274694442749, "user/throttle": 0.7179288864135742, "user/mode": "local", "pos/pos_x": 76.81008, "pos/pos_y": 0.5522927, "pos/pos_z": -10.54626, "pos/speed": 9.382403, "pos/cte": -6.856552, "pilot/angle": 0.0, "pilot/throttle": 0.0, "milliseconds": 108648}