{"cam/image_array": "874_cam-image_array_.jpg", "user/angle": 0.6144332885742188, "user/throttle": 0.534077525138855, "user/mode": "local", "pos/pos_x": 72.71506, "pos/pos_y": 0.5525048, "pos/pos_z": 73.95589, "pos/speed": 9.106665, "pos/cte": -6.525347, "pilot/angle": 0.0, "pilot/throttle": 0.0, "milliseconds": 43715}