{"cam/image_array": "778_cam-image_array_.jpg", "user/angle": -0.04206790402531624, "user/throttle": 0.7739022970199585, "user/mode": "local", "pos/pos_x": 45.03966, "pos/pos_y": 0.5553285, "pos/pos_z": 37.8054, "pos/speed": 13.8203, "pos/cte": -4.329412, "pilot/angle": 0.0, "pilot/throttle": 0.0, "milliseconds": 38909}