{"cam/image_array": "5723_cam-image_array_.jpg", "user/angle": 0.6692809462547302, "user/throttle": 0.19725069403648376, "user/mode": "local", "pos/pos_x": 55.89351, "pos/pos_y": 0.5553524, "pos/pos_z": 74.25988, "pos/speed": 11.28432, "pos/cte": 3.888167, "pilot/angle": 0.0, "pilot/throttle": 0.0, "milliseconds": 286479}