{"cam/image_array": "2285_cam-image_array_.jpg", "user/angle": -0.08635114133358002, "user/throttle": 0.7894449234008789, "user/mode": "local", "pos/pos_x": 44.8744, "pos/pos_y": 0.5550746, "pos/pos_z": 39.99782, "pos/speed": 13.9642, "pos/cte": -4.513793, "pilot/angle": 0.0, "pilot/throttle": 0.0, "milliseconds": 114356}