{"cam/image_array": "3184_cam-image_array_.jpg", "user/angle": -0.0632248967885971, "user/throttle": 0.7388879060745239, "user/mode": "local", "pos/pos_x": 77.91263, "pos/pos_y": 0.5559738, "pos/pos_z": 45.89553, "pos/speed": 11.30156, "pos/cte": -1.678144, "pilot/angle": 0.0, "pilot/throttle": 0.0, "milliseconds": 159364}