{"cam/image_array": "540_cam-image_array_.jpg", "user/angle": 0.04127134755253792, "user/throttle": 0.9897578954696655, "user/mode": "local", "pos/pos_x": 78.37241, "pos/pos_y": 0.5549051, "pos/pos_z": 53.85487, "pos/speed": 11.10189, "pos/cte": 0.03281848, "pilot/angle": 0.0, "pilot/throttle": 0.0, "milliseconds": 26994}