{"cam/image_array": "4812_cam-image_array_.jpg", "user/angle": 0.11753784120082855, "user/throttle": 0.8793729543685913, "user/mode": "local", "pos/pos_x": 73.11441, "pos/pos_y": 0.5538139, "pos/pos_z": -8.228968, "pos/speed": 9.315001, "pos/cte": -4.507101, "pilot/angle": 0.0, "pilot/throttle": 0.0, "milliseconds": 240869}