{"cam/image_array": "2655_cam-image_array_.jpg", "user/angle": 0.02832489088177681, "user/throttle": 0.6472541093826294, "user/mode": "local", "pos/pos_x": 45.50354, "pos/pos_y": 0.5554795, "pos/pos_z": 37.84972, "pos/speed": 13.32263, "pos/cte": -3.865934, "pilot/angle": 0.0, "pilot/throttle": 0.0, "milliseconds": 132880}