{"cam/image_array": "4313_cam-image_array_.jpg", "user/angle": -0.22429172694683075, "user/throttle": 0.717535138130188, "user/mode": "local", "pos/pos_x": 78.464, "pos/pos_y": 0.5542123, "pos/pos_z": 43.32767, "pos/speed": 12.02427, "pos/cte": -3.42251, "pilot/angle": 0.0, "pilot/throttle": 0.0, "milliseconds": 215887}