{"cam/image_array": "1023_cam-image_array_.jpg", "user/angle": 0.7189575433731079, "user/throttle": 0.9179668426513672, "user/mode": "local", "pos/pos_x": 86.19379, "pos/pos_y": 0.554029, "pos/pos_z": -6.101836, "pos/speed": 8.666309, "pos/cte": -3.899986, "pilot/angle": 0.0, "pilot/throttle": 0.0, "milliseconds": 51175}