{"cam/image_array": "2657_cam-image_array_.jpg", "user/angle": -0.00020263716578483582, "user/throttle": 0.7078303098678589, "user/mode": "local", "pos/pos_x": 45.47795, "pos/pos_y": 0.5553085, "pos/pos_z": 39.19191, "pos/speed": 13.49239, "pos/cte": -3.903234, "pilot/angle": 0.0, "pilot/throttle": 0.0, "milliseconds": 132980}