{"cam/image_array": "3564_cam-image_array_.jpg", "user/angle": 0.008744172751903534, "user/throttle": 0.8168493509292603, "user/mode": "local", "pos/pos_x": 78.67377, "pos/pos_y": 0.5555834, "pos/pos_z": 47.59172, "pos/speed": 11.71862, "pos/cte": -1.482575, "pilot/angle": 0.0, "pilot/throttle": 0.0, "milliseconds": 178389}