{"cam/image_array": "2419_cam-image_array_.jpg", "user/angle": 0.1437942534685135, "user/throttle": 0.9390789270401001, "user/mode": "local", "pos/pos_x": 78.89606, "pos/pos_y": 0.5552941, "pos/pos_z": 54.91867, "pos/speed": 10.75779, "pos/cte": -0.6759346, "pilot/angle": 0.0, "pilot/throttle": 0.0, "milliseconds": 121065}