{"cam/image_array": "3285_cam-image_array_.jpg", "user/angle": 0.4666682779788971, "user/throttle": 0.7637172937393188, "user/mode": "local", "pos/pos_x": 79.90222, "pos/pos_y": 0.5542879, "pos/pos_z": -7.187718, "pos/speed": 8.725714, "pos/cte": -3.525126, "pilot/angle": 0.0, "pilot/throttle": 0.0, "milliseconds": 164420}