{"cam/image_array": "497_cam-image_array_.jpg", "user/angle": 0.5997374653816223, "user/throttle": 0.6741098165512085, "user/mode": "local", "pos/pos_x": 70.01937, "pos/pos_y": 0.5531139, "pos/pos_z": 72.7006, "pos/speed": 9.5736, "pos/cte": -3.660286, "pilot/angle": 0.0, "pilot/throttle": 0.0, "milliseconds": 24841}