{"cam/image_array": "3008_cam-image_array_.jpg", "user/angle": 0.1130930483341217, "user/throttle": 0.7766168117523193, "user/mode": "local", "pos/pos_x": 46.51304, "pos/pos_y": 0.5556306, "pos/pos_z": 21.69943, "pos/speed": 12.1107, "pos/cte": -2.994752, "pilot/angle": 0.0, "pilot/throttle": 0.0, "milliseconds": 150553}