{"cam/image_array": "3949_cam-image_array_.jpg", "user/angle": -0.12354491651058197, "user/throttle": 0.7161240577697754, "user/mode": "local", "pos/pos_x": 78.26842, "pos/pos_y": 0.5541906, "pos/pos_z": 38.43552, "pos/speed": 12.64594, "pos/cte": -5.450767, "pilot/angle": 0.0, "pilot/throttle": 0.0, "milliseconds": 197663}