{"cam/image_array": "2855_cam-image_array_.jpg", "user/angle": 0.08868430554866791, "user/throttle": 0.1325705498456955, "user/mode": "local", "pos/pos_x": 83.18236, "pos/pos_y": 0.5563502, "pos/pos_z": 17.40354, "pos/speed": 12.27512, "pos/cte": -3.823877, "pilot/angle": 0.0, "pilot/throttle": 0.0, "milliseconds": 142893}