{"cam/image_array": "2603_cam-image_array_.jpg", "user/angle": 0.11309212446212769, "user/throttle": 0.7380107641220093, "user/mode": "local", "pos/pos_x": 51.73452, "pos/pos_y": 0.5552757, "pos/pos_z": 7.361079, "pos/speed": 10.83636, "pos/cte": 1.596333, "pilot/angle": 0.0, "pilot/throttle": 0.0, "milliseconds": 130276}