{"cam/image_array": "5528_cam-image_array_.jpg", "user/angle": 0.9914789199829102, "user/throttle": 0.4918978214263916, "user/mode": "local", "pos/pos_x": 85.24777, "pos/pos_y": 0.5539673, "pos/pos_z": -2.698776, "pos/speed": 9.915316, "pos/cte": -0.4876715, "pilot/angle": 0.0, "pilot/throttle": 0.0, "milliseconds": 276716}