{"cam/image_array": "2865_cam-image_array_.jpg", "user/angle": 0.40334653854370117, "user/throttle": 0.03867906332015991, "user/mode": "local", "pos/pos_x": 85.32236, "pos/pos_y": 0.5565767, "pos/pos_z": 11.74461, "pos/speed": 11.94097, "pos/cte": -1.287598, "pilot/angle": 0.0, "pilot/throttle": 0.0, "milliseconds": 143393}