{"cam/image_array": "3229_cam-image_array_.jpg", "user/angle": -0.05505851283669472, "user/throttle": 0.26273971796035767, "user/mode": "local", "pos/pos_x": 82.39764, "pos/pos_y": 0.5560331, "pos/pos_z": 18.53474, "pos/speed": 12.69854, "pos/cte": -4.080691, "pilot/angle": 0.0, "pilot/throttle": 0.0, "milliseconds": 161617}