{"cam/image_array": "5466_cam-image_array_.jpg", "user/angle": -0.36949026584625244, "user/throttle": 0.5294801592826843, "user/mode": "local", "pos/pos_x": 78.82319, "pos/pos_y": 0.5542595, "pos/pos_z": 31.16455, "pos/speed": 12.86141, "pos/cte": -6.878478, "pilot/angle": 0.0, "pilot/throttle": 0.0, "milliseconds": 273612}