{"cam/image_array": "3002_cam-image_array_.jpg", "user/angle": 0.2758084535598755, "user/throttle": 0.6599538326263428, "user/mode": "local", "pos/pos_x": 47.47131, "pos/pos_y": 0.5551468, "pos/pos_z": 18.21134, "pos/speed": 11.97277, "pos/cte": -2.189548, "pilot/angle": 0.0, "pilot/throttle": 0.0, "milliseconds": 150252}