{"cam/image_array": "3271_cam-image_array_.jpg", "user/angle": 0.8842726945877075, "user/throttle": 0.08981627225875854, "user/mode": "local", "pos/pos_x": 84.96295, "pos/pos_y": 0.5532213, "pos/pos_z": -3.508672, "pos/speed": 9.599957, "pos/cte": -1.040945, "pilot/angle": 0.0, "pilot/throttle": 0.0, "milliseconds": 163720}