{"cam/image_array": "2770_cam-image_array_.jpg", "user/angle": -0.00583808496594429, "user/throttle": 0.8670328855514526, "user/mode": "local", "pos/pos_x": 74.29233, "pos/pos_y": 0.5531584, "pos/pos_z": 65.11689, "pos/speed": 9.257703, "pos/cte": -1.984244, "pilot/angle": 0.0, "pilot/throttle": 0.0, "milliseconds": 138637}