{"cam/image_array": "4531_cam-image_array_.jpg", "user/angle": -0.01762516424059868, "user/throttle": 0.7051043510437012, "user/mode": "local", "pos/pos_x": 45.51131, "pos/pos_y": 0.5548838, "pos/pos_z": 35.13752, "pos/speed": 13.09144, "pos/cte": -3.834504, "pilot/angle": 0.0, "pilot/throttle": 0.0, "milliseconds": 226802}