{"cam/image_array": "2625_cam-image_array_.jpg", "user/angle": 0.11992597579956055, "user/throttle": 0.6375619173049927, "user/mode": "local", "pos/pos_x": 47.55565, "pos/pos_y": 0.5551882, "pos/pos_z": 19.20038, "pos/speed": 11.96079, "pos/cte": -2.06214, "pilot/angle": 0.0, "pilot/throttle": 0.0, "milliseconds": 131378}