{"cam/image_array": "1224_cam-image_array_.jpg", "user/angle": 0.86337810754776, "user/throttle": 0.17363163828849792, "user/mode": "local", "pos/pos_x": 56.52285, "pos/pos_y": 0.553095, "pos/pos_z": 74.64609, "pos/speed": 11.33672, "pos/cte": 3.842622, "pilot/angle": 0.0, "pilot/throttle": 0.0, "milliseconds": 61238}