{"cam/image_array": "5500_cam-image_array_.jpg", "user/angle": 0.8786344528198242, "user/throttle": 0.09401223808526993, "user/mode": "local", "pos/pos_x": 86.60822, "pos/pos_y": 0.5557346, "pos/pos_z": 10.67088, "pos/speed": 12.22153, "pos/cte": -1.423035, "pilot/angle": 0.0, "pilot/throttle": 0.0, "milliseconds": 275314}