{"cam/image_array": "234_cam-image_array_.jpg", "user/angle": 0.0677100270986557, "user/throttle": 0.288743257522583, "user/mode": "local", "pos/pos_x": 81.69204, "pos/pos_y": 0.555987, "pos/pos_z": 22.15595, "pos/speed": 12.75929, "pos/cte": -6.078936, "pilot/angle": 0.0, "pilot/throttle": 0.0, "milliseconds": 11675}