{"cam/image_array": "5248_cam-image_array_.jpg", "user/angle": 0.10083456337451935, "user/throttle": 0.6993021965026855, "user/mode": "local", "pos/pos_x": 49.3201, "pos/pos_y": 0.5540735, "pos/pos_z": 13.47963, "pos/speed": 11.90945, "pos/cte": -0.5489078, "pilot/angle": 0.0, "pilot/throttle": 0.0, "milliseconds": 262698}