{"cam/image_array": "641_cam-image_array_.jpg", "user/angle": 0.8173822164535522, "user/throttle": 0.7932553291320801, "user/mode": "local", "pos/pos_x": 86.32845, "pos/pos_y": 0.5542556, "pos/pos_z": -5.623355, "pos/speed": 9.423236, "pos/cte": -3.556062, "pilot/angle": 0.0, "pilot/throttle": 0.0, "milliseconds": 32050}