{"cam/image_array": "1469_cam-image_array_.jpg", "user/angle": 0.13561198115348816, "user/throttle": 0.7519212961196899, "user/mode": "local", "pos/pos_x": 53.71583, "pos/pos_y": 0.5566766, "pos/pos_z": 3.06218, "pos/speed": 10.41434, "pos/cte": 2.779555, "pilot/angle": 0.0, "pilot/throttle": 0.0, "milliseconds": 73504}