{"cam/image_array": "5659_cam-image_array_.jpg", "user/angle": -0.006969630718231201, "user/throttle": 0.7294672727584839, "user/mode": "local", "pos/pos_x": 45.17313, "pos/pos_y": 0.5557367, "pos/pos_z": 37.77641, "pos/speed": 13.58182, "pos/cte": -4.195699, "pilot/angle": 0.0, "pilot/throttle": 0.0, "milliseconds": 283274}