{"cam/image_array": "3337_cam-image_array_.jpg", "user/angle": 0.1552145630121231, "user/throttle": 0.638216495513916, "user/mode": "local", "pos/pos_x": 56.38199, "pos/pos_y": 0.5522654, "pos/pos_z": -1.144236, "pos/speed": 9.447985, "pos/cte": 1.68839, "pilot/angle": 0.0, "pilot/throttle": 0.0, "milliseconds": 167024}