{"cam/image_array": "2215_cam-image_array_.jpg", "user/angle": 0.22270789742469788, "user/throttle": 0.5791628360748291, "user/mode": "local", "pos/pos_x": 56.28744, "pos/pos_y": 0.5529259, "pos/pos_z": -0.7569709, "pos/speed": 10.66081, "pos/cte": 2.014057, "pilot/angle": 0.0, "pilot/throttle": 0.0, "milliseconds": 110851}