{"cam/image_array": "706_cam-image_array_.jpg", "user/angle": 0.3000103831291199, "user/throttle": 0.62786865234375, "user/mode": "local", "pos/pos_x": 57.17837, "pos/pos_y": 0.5520908, "pos/pos_z": -1.766546, "pos/speed": 10.67321, "pos/cte": 1.401257, "pilot/angle": 0.0, "pilot/throttle": 0.0, "milliseconds": 35304}