{"cam/image_array": "779_cam-image_array_.jpg", "user/angle": -0.06094255670905113, "user/throttle": 0.8059008121490479, "user/mode": "local", "pos/pos_x": 44.91932, "pos/pos_y": 0.5548081, "pos/pos_z": 39.19394, "pos/speed": 14.01385, "pos/cte": -4.461863, "pilot/angle": 0.0, "pilot/throttle": 0.0, "milliseconds": 38959}