{"cam/image_array": "4909_cam-image_array_.jpg", "user/angle": -0.06725406646728516, "user/throttle": 0.9499636888504028, "user/mode": "local", "pos/pos_x": 45.39261, "pos/pos_y": 0.5552984, "pos/pos_z": 30.50385, "pos/speed": 13.03832, "pos/cte": -3.912764, "pilot/angle": 0.0, "pilot/throttle": 0.0, "milliseconds": 245726}