{"cam/image_array": "735_cam-image_array_.jpg", "user/angle": 0.17320029437541962, "user/throttle": 0.6792426109313965, "user/mode": "local", "pos/pos_x": 49.63088, "pos/pos_y": 0.5558355, "pos/pos_z": 11.43244, "pos/speed": 11.57414, "pos/cte": -0.3277168, "pilot/angle": 0.0, "pilot/throttle": 0.0, "milliseconds": 36757}