{"cam/image_array": "2008_cam-image_array_.jpg", "user/angle": 0.02608427405357361, "user/throttle": 0.536232590675354, "user/mode": "local", "pos/pos_x": 72.65419, "pos/pos_y": 0.5534674, "pos/pos_z": 69.08735, "pos/speed": 9.36475, "pos/cte": -3.317201, "pilot/angle": 0.0, "pilot/throttle": 0.0, "milliseconds": 100488}