{"cam/image_array": "26_cam-image_array_.jpg", "user/angle": -0.12206950783729553, "user/throttle": 0.6100715398788452, "user/mode": "local", "pos/pos_x": 49.63161, "pos/pos_y": 0.5529993, "pos/pos_z": 50.34974, "pos/speed": 4.778849, "pos/cte": -0.05838394, "pilot/angle": 0.0, "pilot/throttle": 0.0, "milliseconds": 1261}