{"cam/image_array": "4792_cam-image_array_.jpg", "user/angle": 0.849702000617981, "user/throttle": 0.3743734359741211, "user/mode": "local", "pos/pos_x": 81.43066, "pos/pos_y": 0.5514998, "pos/pos_z": -4.563454, "pos/speed": 10.00536, "pos/cte": -0.8224947, "pilot/angle": 0.0, "pilot/throttle": 0.0, "milliseconds": 239868}