{"cam/image_array": "120_cam-image_array_.jpg", "user/angle": 0.6444534063339233, "user/throttle": 0.7945466041564941, "user/mode": "local", "pos/pos_x": 64.39538, "pos/pos_y": 0.5534043, "pos/pos_z": 81.90109, "pos/speed": 8.299631, "pos/cte": -5.845285, "pilot/angle": 0.0, "pilot/throttle": 0.0, "milliseconds": 5967}