{"cam/image_array": "2682_cam-image_array_.jpg", "user/angle": 0.7533714771270752, "user/throttle": 0.11604516208171844, "user/mode": "local", "pos/pos_x": 45.26476, "pos/pos_y": 0.5504995, "pos/pos_z": 56.49364, "pos/speed": 13.56479, "pos/cte": -4.42524, "pilot/angle": 0.0, "pilot/throttle": 0.0, "milliseconds": 134231}