{"cam/image_array": "4537_cam-image_array_.jpg", "user/angle": 0.05822417885065079, "user/throttle": 0.51969313621521, "user/mode": "local", "pos/pos_x": 45.46955, "pos/pos_y": 0.5562326, "pos/pos_z": 39.10073, "pos/speed": 13.27818, "pos/cte": -3.910842, "pilot/angle": 0.0, "pilot/throttle": 0.0, "milliseconds": 227102}