{"cam/image_array": "3960_cam-image_array_.jpg", "user/angle": -0.16315703094005585, "user/throttle": 0.537144660949707, "user/mode": "local", "pos/pos_x": 78.95648, "pos/pos_y": 0.5560315, "pos/pos_z": 32.05785, "pos/speed": 12.95399, "pos/cte": -7.019563, "pilot/angle": 0.0, "pilot/throttle": 0.0, "milliseconds": 198214}