{"cam/image_array": "2795_cam-image_array_.jpg", "user/angle": 0.048906709998846054, "user/throttle": 0.9530985355377197, "user/mode": "local", "pos/pos_x": 78.22257, "pos/pos_y": 0.5563875, "pos/pos_z": 53.74391, "pos/speed": 10.57749, "pos/cte": 0.2003644, "pilot/angle": 0.0, "pilot/throttle": 0.0, "milliseconds": 139889}