{"cam/image_array": "4754_cam-image_array_.jpg", "user/angle": 0.13640831410884857, "user/throttle": 0.09757284820079803, "user/mode": "local", "pos/pos_x": 83.83305, "pos/pos_y": 0.5555859, "pos/pos_z": 16.38375, "pos/speed": 12.41669, "pos/cte": -3.552584, "pilot/angle": 0.0, "pilot/throttle": 0.0, "milliseconds": 237966}