{"cam/image_array": "204_cam-image_array_.jpg", "user/angle": -0.21742087602615356, "user/throttle": 0.8810815811157227, "user/mode": "local", "pos/pos_x": 77.03708, "pos/pos_y": 0.5511227, "pos/pos_z": 40.84045, "pos/speed": 12.65915, "pos/cte": -3.33299, "pilot/angle": 0.0, "pilot/throttle": 0.0, "milliseconds": 10172}