{"cam/image_array": "559_cam-image_array_.jpg", "user/angle": -0.13799719512462616, "user/throttle": 0.8105628490447998, "user/mode": "local", "pos/pos_x": 78.28831, "pos/pos_y": 0.5530547, "pos/pos_z": 42.03985, "pos/speed": 12.40363, "pos/cte": -3.903749, "pilot/angle": 0.0, "pilot/throttle": 0.0, "milliseconds": 27945}