{"cam/image_array": "1684_cam-image_array_.jpg", "user/angle": -0.16831085085868835, "user/throttle": 0.7921336889266968, "user/mode": "local", "pos/pos_x": 78.23608, "pos/pos_y": 0.5545088, "pos/pos_z": 42.75755, "pos/speed": 12.31845, "pos/cte": -3.504885, "pilot/angle": 0.0, "pilot/throttle": 0.0, "milliseconds": 84267}