{"cam/image_array": "5699_cam-image_array_.jpg", "user/angle": -0.07147182524204254, "user/throttle": 0.2285613715648651, "user/mode": "local", "pos/pos_x": 46.20219, "pos/pos_y": 0.5535554, "pos/pos_z": 63.37389, "pos/speed": 12.55897, "pos/cte": -3.487812, "pilot/angle": 0.0, "pilot/throttle": 0.0, "milliseconds": 285277}