{"cam/image_array": "2649_cam-image_array_.jpg", "user/angle": -0.02817656472325325, "user/throttle": 0.7505767345428467, "user/mode": "local", "pos/pos_x": 45.57003, "pos/pos_y": 0.5557652, "pos/pos_z": 33.88445, "pos/speed": 13.0574, "pos/cte": -3.764845, "pilot/angle": 0.0, "pilot/throttle": 0.0, "milliseconds": 132580}