{"cam/image_array": "646_cam-image_array_.jpg", "user/angle": 0.7747191786766052, "user/throttle": 0.8901708126068115, "user/mode": "local", "pos/pos_x": 84.45887, "pos/pos_y": 0.5538892, "pos/pos_z": -7.66772, "pos/speed": 9.221004, "pos/cte": -4.623115, "pilot/angle": 0.0, "pilot/throttle": 0.0, "milliseconds": 32300}