{"cam/image_array": "1148_cam-image_array_.jpg", "user/angle": 0.02400847151875496, "user/throttle": 0.8520013093948364, "user/mode": "local", "pos/pos_x": 45.51641, "pos/pos_y": 0.5558654, "pos/pos_z": 29.17099, "pos/speed": 12.84354, "pos/cte": -3.777336, "pilot/angle": 0.0, "pilot/throttle": 0.0, "milliseconds": 57433}