{"cam/image_array": "474_cam-image_array_.jpg", "user/angle": 0.5792858600616455, "user/throttle": 0.29103755950927734, "user/mode": "local", "pos/pos_x": 58.35907, "pos/pos_y": 0.5551015, "pos/pos_z": 74.77369, "pos/speed": 10.97011, "pos/cte": 3.460253, "pilot/angle": 0.0, "pilot/throttle": 0.0, "milliseconds": 23690}