{"cam/image_array": "3774_cam-image_array_.jpg", "user/angle": -0.05021750554442406, "user/throttle": 0.9847226142883301, "user/mode": "local", "pos/pos_x": 45.47268, "pos/pos_y": 0.5558341, "pos/pos_z": 30.87408, "pos/speed": 13.0762, "pos/cte": -3.835927, "pilot/angle": 0.0, "pilot/throttle": 0.0, "milliseconds": 188902}