{"cam/image_array": "5079_cam-image_array_.jpg", "user/angle": -0.12955079972743988, "user/throttle": 0.8711403608322144, "user/mode": "local", "pos/pos_x": 78.48576, "pos/pos_y": 0.5574521, "pos/pos_z": 39.89534, "pos/speed": 12.66608, "pos/cte": -5.043168, "pilot/angle": 0.0, "pilot/throttle": 0.0, "milliseconds": 254237}