{"cam/image_array": "3026_cam-image_array_.jpg", "user/angle": -0.053682927042245865, "user/throttle": 0.8024270534515381, "user/mode": "local", "pos/pos_x": 45.46675, "pos/pos_y": 0.555466, "pos/pos_z": 32.91869, "pos/speed": 13.07994, "pos/cte": -3.859697, "pilot/angle": 0.0, "pilot/throttle": 0.0, "milliseconds": 151454}