{"cam/image_array": "2962_cam-image_array_.jpg", "user/angle": 0.16647343337535858, "user/throttle": 0.6735166311264038, "user/mode": "local", "pos/pos_x": 57.65476, "pos/pos_y": 0.55292, "pos/pos_z": -1.195365, "pos/speed": 9.783077, "pos/cte": 2.234461, "pilot/angle": 0.0, "pilot/throttle": 0.0, "milliseconds": 148250}