{"cam/image_array": "222_cam-image_array_.jpg", "user/angle": -0.06277227401733398, "user/throttle": 0.3259926438331604, "user/mode": "local", "pos/pos_x": 79.61595, "pos/pos_y": 0.5560716, "pos/pos_z": 29.60524, "pos/speed": 12.92308, "pos/cte": -7.457268, "pilot/angle": 0.0, "pilot/throttle": 0.0, "milliseconds": 11073}