{"cam/image_array": "2811_cam-image_array_.jpg", "user/angle": -0.28005295991897583, "user/throttle": 0.7369258403778076, "user/mode": "local", "pos/pos_x": 77.90889, "pos/pos_y": 0.555474, "pos/pos_z": 44.76731, "pos/speed": 11.79543, "pos/cte": -2.230456, "pilot/angle": 0.0, "pilot/throttle": 0.0, "milliseconds": 140690}