{"cam/image_array": "5265_cam-image_array_.jpg", "user/angle": 0.14588089287281036, "user/throttle": 0.7843061685562134, "user/mode": "local", "pos/pos_x": 46.49221, "pos/pos_y": 0.5555397, "pos/pos_z": 23.53739, "pos/speed": 12.34416, "pos/cte": -2.93539, "pilot/angle": 0.0, "pilot/throttle": 0.0, "milliseconds": 263549}