{"cam/image_array": "1848_cam-image_array_.jpg", "user/angle": 0.0844946876168251, "user/throttle": 0.6702306270599365, "user/mode": "local", "pos/pos_x": 52.72882, "pos/pos_y": 0.5577608, "pos/pos_z": 5.032644, "pos/speed": 10.87908, "pos/cte": 2.408326, "pilot/angle": 0.0, "pilot/throttle": 0.0, "milliseconds": 92478}