{"cam/image_array": "4831_cam-image_array_.jpg", "user/angle": 0.16318082809448242, "user/throttle": 0.6275743246078491, "user/mode": "local", "pos/pos_x": 64.74271, "pos/pos_y": 0.5547588, "pos/pos_z": -5.979145, "pos/speed": 10.02628, "pos/cte": -2.184307, "pilot/angle": 0.0, "pilot/throttle": 0.0, "milliseconds": 241820}