{"cam/image_array": "5546_cam-image_array_.jpg", "user/angle": 0.25281649827957153, "user/throttle": 0.8823914527893066, "user/mode": "local", "pos/pos_x": 78.37315, "pos/pos_y": 0.5528477, "pos/pos_z": -7.315015, "pos/speed": 9.072814, "pos/cte": -3.639074, "pilot/angle": 0.0, "pilot/throttle": 0.0, "milliseconds": 277617}