{"cam/image_array": "4666_cam-image_array_.jpg", "user/angle": -0.2583070397377014, "user/throttle": 1.0027046203613281, "user/mode": "local", "pos/pos_x": 73.56561, "pos/pos_y": 0.5554807, "pos/pos_z": 67.2663, "pos/speed": 9.823982, "pos/cte": -2.827573, "pilot/angle": 0.0, "pilot/throttle": 0.0, "milliseconds": 233560}