{"cam/image_array": "2073_cam-image_array_.jpg", "user/angle": -0.12747755646705627, "user/throttle": 0.5987503528594971, "user/mode": "local", "pos/pos_x": 78.77805, "pos/pos_y": 0.556, "pos/pos_z": 34.11561, "pos/speed": 12.91031, "pos/cte": -6.833148, "pilot/angle": 0.0, "pilot/throttle": 0.0, "milliseconds": 103742}