{"cam/image_array": "3238_cam-image_array_.jpg", "user/angle": 0.3287736773490906, "user/throttle": 0.06663720309734344, "user/mode": "local", "pos/pos_x": 85.13702, "pos/pos_y": 0.5555225, "pos/pos_z": 12.89044, "pos/speed": 12.22944, "pos/cte": -1.974949, "pilot/angle": 0.0, "pilot/throttle": 0.0, "milliseconds": 162068}