{"cam/image_array": "2916_cam-image_array_.jpg", "user/angle": 0.45250847935676575, "user/throttle": 0.9747153520584106, "user/mode": "local", "pos/pos_x": 77.95789, "pos/pos_y": 0.5529292, "pos/pos_z": -8.059437, "pos/speed": 8.805234, "pos/cte": -4.379844, "pilot/angle": 0.0, "pilot/throttle": 0.0, "milliseconds": 145947}