{"cam/image_array": "5175_cam-image_array_.jpg", "user/angle": 0.4477432370185852, "user/throttle": 0.8258882761001587, "user/mode": "local", "pos/pos_x": 76.35471, "pos/pos_y": 0.5521549, "pos/pos_z": -9.304124, "pos/speed": 9.472068, "pos/cte": -5.610493, "pilot/angle": 0.0, "pilot/throttle": 0.0, "milliseconds": 259044}