{"cam/image_array": "3913_cam-image_array_.jpg", "user/angle": 0.34035083651542664, "user/throttle": 0.8677675724029541, "user/mode": "local", "pos/pos_x": 77.01339, "pos/pos_y": 0.5567567, "pos/pos_z": 59.63037, "pos/speed": 10.45538, "pos/cte": -0.5835143, "pilot/angle": 0.0, "pilot/throttle": 0.0, "milliseconds": 195861}