{"cam/image_array": "4752_cam-image_array_.jpg", "user/angle": 0.28913310170173645, "user/throttle": 0.06189841404557228, "user/mode": "local", "pos/pos_x": 83.45692, "pos/pos_y": 0.5569807, "pos/pos_z": 17.56933, "pos/speed": 12.45024, "pos/cte": -4.134578, "pilot/angle": 0.0, "pilot/throttle": 0.0, "milliseconds": 237866}