{"cam/image_array": "3060_cam-image_array_.jpg", "user/angle": 0.691118061542511, "user/throttle": 0.3401472568511963, "user/mode": "local", "pos/pos_x": 44.72727, "pos/pos_y": 0.5508407, "pos/pos_z": 56.9995, "pos/speed": 13.67833, "pos/cte": -4.962727, "pilot/angle": 0.0, "pilot/throttle": 0.0, "milliseconds": 153156}