{"cam/image_array": "230_cam-image_array_.jpg", "user/angle": -0.027022089809179306, "user/throttle": 0.2951768934726715, "user/mode": "local", "pos/pos_x": 80.98, "pos/pos_y": 0.5558495, "pos/pos_z": 24.61988, "pos/speed": 12.82864, "pos/cte": -6.918192, "pilot/angle": 0.0, "pilot/throttle": 0.0, "milliseconds": 11474}