{"cam/image_array": "482_cam-image_array_.jpg", "user/angle": 1.0958293676376343, "user/throttle": 0.49742886424064636, "user/mode": "local", "pos/pos_x": 62.59928, "pos/pos_y": 0.552156, "pos/pos_z": 75.29038, "pos/speed": 10.34723, "pos/cte": 0.300068, "pilot/angle": 0.0, "pilot/throttle": 0.0, "milliseconds": 24090}