{"cam/image_array": "1763_cam-image_array_.jpg", "user/angle": 0.7802618741989136, "user/throttle": 0.504246711730957, "user/mode": "local", "pos/pos_x": 87.23857, "pos/pos_y": 0.5542324, "pos/pos_z": -3.565798, "pos/speed": 9.726601, "pos/cte": -2.4064, "pilot/angle": 0.0, "pilot/throttle": 0.0, "milliseconds": 88222}