{"cam/image_array": "2255_cam-image_array_.jpg", "user/angle": 0.16422076523303986, "user/throttle": 0.682703971862793, "user/mode": "local", "pos/pos_x": 47.02073, "pos/pos_y": 0.5562328, "pos/pos_z": 19.8272, "pos/speed": 12.18343, "pos/cte": -2.56921, "pilot/angle": 0.0, "pilot/throttle": 0.0, "milliseconds": 112854}