{"cam/image_array": "3663_cam-image_array_.jpg", "user/angle": 0.7913201451301575, "user/throttle": 0.8638194799423218, "user/mode": "local", "pos/pos_x": 81.2819, "pos/pos_y": 0.5532914, "pos/pos_z": -8.003262, "pos/speed": 9.298432, "pos/cte": -4.352678, "pilot/angle": 0.0, "pilot/throttle": 0.0, "milliseconds": 183345}