{"cam/image_array": "4411_cam-image_array_.jpg", "user/angle": 0.6627183556556702, "user/throttle": 0.8061720132827759, "user/mode": "local", "pos/pos_x": 80.88094, "pos/pos_y": 0.5538735, "pos/pos_z": -8.12305, "pos/speed": 8.992407, "pos/cte": -4.468963, "pilot/angle": 0.0, "pilot/throttle": 0.0, "milliseconds": 220794}