{"cam/image_array": "4787_cam-image_array_.jpg", "user/angle": 0.7511654496192932, "user/throttle": 0.6214721202850342, "user/mode": "local", "pos/pos_x": 83.20301, "pos/pos_y": 0.552904, "pos/pos_z": -2.107454, "pos/speed": 10.22479, "pos/cte": 1.059623, "pilot/angle": 0.0, "pilot/throttle": 0.0, "milliseconds": 239617}