{"cam/image_array": "1293_cam-image_array_.jpg", "user/angle": 0.3492988049983978, "user/throttle": 0.9425064325332642, "user/mode": "local", "pos/pos_x": 78.37622, "pos/pos_y": 0.5549312, "pos/pos_z": 56.13788, "pos/speed": 10.92399, "pos/cte": -0.3652838, "pilot/angle": 0.0, "pilot/throttle": 0.0, "milliseconds": 64692}