{"cam/image_array": "3093_cam-image_array_.jpg", "user/angle": 0.5686562657356262, "user/throttle": 0.5157551765441895, "user/mode": "local", "pos/pos_x": 53.66353, "pos/pos_y": 0.5558304, "pos/pos_z": 73.03801, "pos/speed": 10.83888, "pos/cte": 3.538259, "pilot/angle": 0.0, "pilot/throttle": 0.0, "milliseconds": 154808}