{"cam/image_array": "4010_cam-image_array_.jpg", "user/angle": 1.02615487575531, "user/throttle": 0.7605859041213989, "user/mode": "local", "pos/pos_x": 87.9448, "pos/pos_y": 0.5525306, "pos/pos_z": 2.055756, "pos/speed": 10.72772, "pos/cte": 0.004281835, "pilot/angle": 0.0, "pilot/throttle": 0.0, "milliseconds": 200717}