{"cam/image_array": "55_cam-image_array_.jpg", "user/angle": 0.14081400632858276, "user/throttle": 0.6549530029296875, "user/mode": "local", "pos/pos_x": 48.31247, "pos/pos_y": 0.5536684, "pos/pos_z": 61.72931, "pos/speed": 10.82483, "pos/cte": -1.377529, "pilot/angle": 0.0, "pilot/throttle": 0.0, "milliseconds": 2713}