{"cam/image_array": "2892_cam-image_array_.jpg", "user/angle": 1.2228422164916992, "user/throttle": 0.25703009963035583, "user/mode": "local", "pos/pos_x": 86.13453, "pos/pos_y": 0.5548873, "pos/pos_z": -1.848515, "pos/speed": 9.746327, "pos/cte": -0.415282, "pilot/angle": 0.0, "pilot/throttle": 0.0, "milliseconds": 144745}