{"cam/image_array": "1819_cam-image_array_.jpg", "user/angle": 0.20725888013839722, "user/throttle": 0.5479286909103394, "user/mode": "local", "pos/pos_x": 63.88322, "pos/pos_y": 0.5565009, "pos/pos_z": -5.630058, "pos/speed": 10.46425, "pos/cte": -1.827733, "pilot/angle": 0.0, "pilot/throttle": 0.0, "milliseconds": 91026}