{"cam/image_array": "2200_cam-image_array_.jpg", "user/angle": 0.2587897777557373, "user/throttle": 0.529000997543335, "user/mode": "local", "pos/pos_x": 62.71604, "pos/pos_y": 0.555215, "pos/pos_z": -5.30171, "pos/speed": 10.59694, "pos/cte": -1.489212, "pilot/angle": 0.0, "pilot/throttle": 0.0, "milliseconds": 110100}