{"cam/image_array": "4237_cam-image_array_.jpg", "user/angle": 0.8709973692893982, "user/throttle": 0.3652350902557373, "user/mode": "local", "pos/pos_x": 64.46313, "pos/pos_y": 0.5526596, "pos/pos_z": 76.29387, "pos/speed": 9.65303, "pos/cte": -1.768933, "pilot/angle": 0.0, "pilot/throttle": 0.0, "milliseconds": 212082}