{"cam/image_array": "4146_cam-image_array_.jpg", "user/angle": 0.03501364216208458, "user/throttle": 0.9037399291992188, "user/mode": "local", "pos/pos_x": 45.46672, "pos/pos_y": 0.5564016, "pos/pos_z": 29.70749, "pos/speed": 12.85603, "pos/cte": -3.831706, "pilot/angle": 0.0, "pilot/throttle": 0.0, "milliseconds": 207526}