{"cam/image_array": "5113_cam-image_array_.jpg", "user/angle": -0.02199673280119896, "user/throttle": 0.268699049949646, "user/mode": "local", "pos/pos_x": 82.67243, "pos/pos_y": 0.5568009, "pos/pos_z": 18.70177, "pos/speed": 13.39743, "pos/cte": -4.392428, "pilot/angle": 0.0, "pilot/throttle": 0.0, "milliseconds": 255939}