{"cam/image_array": "944_cam-image_array_.jpg", "user/angle": -0.04973611608147621, "user/throttle": 0.6587417125701904, "user/mode": "local", "pos/pos_x": 78.58292, "pos/pos_y": 0.5556417, "pos/pos_z": 39.90019, "pos/speed": 12.47599, "pos/cte": -5.129564, "pilot/angle": 0.0, "pilot/throttle": 0.0, "milliseconds": 47220}