{"cam/image_array": "3675_cam-image_array_.jpg", "user/angle": 0.07242491841316223, "user/throttle": 0.871846079826355, "user/mode": "local", "pos/pos_x": 75.84496, "pos/pos_y": 0.5529726, "pos/pos_z": -9.352927, "pos/speed": 9.599691, "pos/cte": -5.654846, "pilot/angle": 0.0, "pilot/throttle": 0.0, "milliseconds": 183945}