{"cam/image_array": "4031_cam-image_array_.jpg", "user/angle": 0.9072825312614441, "user/throttle": 0.7901564836502075, "user/mode": "local", "pos/pos_x": 83.10705, "pos/pos_y": 0.5523653, "pos/pos_z": -6.536819, "pos/speed": 9.343419, "pos/cte": -3.172086, "pilot/angle": 0.0, "pilot/throttle": 0.0, "milliseconds": 201769}