{"cam/image_array": "5648_cam-image_array_.jpg", "user/angle": 0.0010354332625865936, "user/throttle": 0.9387965202331543, "user/mode": "local", "pos/pos_x": 45.58689, "pos/pos_y": 0.5558448, "pos/pos_z": 29.82044, "pos/speed": 12.84403, "pos/cte": -3.712526, "pilot/angle": 0.0, "pilot/throttle": 0.0, "milliseconds": 282724}