{"cam/image_array": "864_cam-image_array_.jpg", "user/angle": 0.7649714946746826, "user/throttle": 0.3940141499042511, "user/mode": "local", "pos/pos_x": 68.63851, "pos/pos_y": 0.5507987, "pos/pos_z": 76.31728, "pos/speed": 9.813802, "pos/cte": -4.959116, "pilot/angle": 0.0, "pilot/throttle": 0.0, "milliseconds": 43215}