{"cam/image_array": "4474_cam-image_array_.jpg", "user/angle": 0.07866685092449188, "user/throttle": 0.7880774736404419, "user/mode": "local", "pos/pos_x": 53.66584, "pos/pos_y": 0.5592479, "pos/pos_z": 2.768344, "pos/speed": 10.12953, "pos/cte": 2.568224, "pilot/angle": 0.0, "pilot/throttle": 0.0, "milliseconds": 223948}