{"cam/image_array": "5646_cam-image_array_.jpg", "user/angle": 0.04322290048003197, "user/throttle": 0.8465554714202881, "user/mode": "local", "pos/pos_x": 45.68674, "pos/pos_y": 0.5559421, "pos/pos_z": 28.54346, "pos/speed": 12.77353, "pos/cte": -3.601537, "pilot/angle": 0.0, "pilot/throttle": 0.0, "milliseconds": 282624}