{"cam/image_array": "2876_cam-image_array_.jpg", "user/angle": 0.751061201095581, "user/throttle": 0.07463165372610092, "user/mode": "local", "pos/pos_x": 87.02728, "pos/pos_y": 0.5529078, "pos/pos_z": 6.233691, "pos/speed": 11.10934, "pos/cte": 0.8855159, "pilot/angle": 0.0, "pilot/throttle": 0.0, "milliseconds": 143944}