{"cam/image_array": "1773_cam-image_array_.jpg", "user/angle": 0.905022919178009, "user/throttle": 0.9513742923736572, "user/mode": "local", "pos/pos_x": 84.47285, "pos/pos_y": 0.5525727, "pos/pos_z": -7.249126, "pos/speed": 8.997736, "pos/cte": -4.223483, "pilot/angle": 0.0, "pilot/throttle": 0.0, "milliseconds": 88723}