{"cam/image_array": "488_cam-image_array_.jpg", "user/angle": 0.8481797575950623, "user/throttle": 0.4604136347770691, "user/mode": "local", "pos/pos_x": 65.64756, "pos/pos_y": 0.5539448, "pos/pos_z": 74.83362, "pos/speed": 10.13691, "pos/cte": -1.72122, "pilot/angle": 0.0, "pilot/throttle": 0.0, "milliseconds": 24390}