{"cam/image_array": "3345_cam-image_array_.jpg", "user/angle": 0.13493989408016205, "user/throttle": 0.7431328296661377, "user/mode": "local", "pos/pos_x": 54.70651, "pos/pos_y": 0.5578457, "pos/pos_z": 1.134988, "pos/speed": 9.475204, "pos/cte": 2.419936, "pilot/angle": 0.0, "pilot/throttle": 0.0, "milliseconds": 167425}