{"cam/image_array": "548_cam-image_array_.jpg", "user/angle": -0.06546474993228912, "user/throttle": 0.726310133934021, "user/mode": "local", "pos/pos_x": 78.49165, "pos/pos_y": 0.5541548, "pos/pos_z": 49.29671, "pos/speed": 11.68791, "pos/cte": -0.7417604, "pilot/angle": 0.0, "pilot/throttle": 0.0, "milliseconds": 27395}