{"cam/image_array": "737_cam-image_array_.jpg", "user/angle": 0.20174171030521393, "user/throttle": 0.6915843486785889, "user/mode": "local", "pos/pos_x": 49.2303, "pos/pos_y": 0.5562149, "pos/pos_z": 12.52281, "pos/speed": 11.64375, "pos/cte": -0.6803521, "pilot/angle": 0.0, "pilot/throttle": 0.0, "milliseconds": 36856}