{"cam/image_array": "1816_cam-image_array_.jpg", "user/angle": 0.1816326379776001, "user/throttle": 0.5820372104644775, "user/mode": "local", "pos/pos_x": 64.83039, "pos/pos_y": 0.5575396, "pos/pos_z": -6.0621, "pos/speed": 10.3345, "pos/cte": -2.268025, "pilot/angle": 0.0, "pilot/throttle": 0.0, "milliseconds": 90876}