{"cam/image_array": "5619_cam-image_array_.jpg", "user/angle": 0.1174134612083435, "user/throttle": 0.7259814739227295, "user/mode": "local", "pos/pos_x": 49.49022, "pos/pos_y": 0.5553675, "pos/pos_z": 12.45449, "pos/speed": 11.71402, "pos/cte": -0.4236614, "pilot/angle": 0.0, "pilot/throttle": 0.0, "milliseconds": 281272}