{"cam/image_array": "1128_cam-image_array_.jpg", "user/angle": 0.12590175867080688, "user/throttle": 0.6913225650787354, "user/mode": "local", "pos/pos_x": 47.57132, "pos/pos_y": 0.554988, "pos/pos_z": 16.98016, "pos/speed": 11.94485, "pos/cte": -2.143328, "pilot/angle": 0.0, "pilot/throttle": 0.0, "milliseconds": 56432}