{"cam/image_array": "951_cam-image_array_.jpg", "user/angle": -0.14617511630058289, "user/throttle": 0.5439011454582214, "user/mode": "local", "pos/pos_x": 78.79173, "pos/pos_y": 0.5543727, "pos/pos_z": 34.84511, "pos/speed": 12.83152, "pos/cte": -6.726231, "pilot/angle": 0.0, "pilot/throttle": 0.0, "milliseconds": 47571}