{"cam/image_array": "3020_cam-image_array_.jpg", "user/angle": 0.026620294898748398, "user/throttle": 0.8272881507873535, "user/mode": "local", "pos/pos_x": 45.61339, "pos/pos_y": 0.5561509, "pos/pos_z": 29.06022, "pos/speed": 12.65081, "pos/cte": -3.679392, "pilot/angle": 0.0, "pilot/throttle": 0.0, "milliseconds": 151154}