{"cam/image_array": "2177_cam-image_array_.jpg", "user/angle": 0.08765541017055511, "user/throttle": 0.7019878625869751, "user/mode": "local", "pos/pos_x": 74.01134, "pos/pos_y": 0.5578516, "pos/pos_z": -9.890307, "pos/speed": 9.80637, "pos/cte": -6.176205, "pilot/angle": 0.0, "pilot/throttle": 0.0, "milliseconds": 108949}