{"cam/image_array": "5377_cam-image_array_.jpg", "user/angle": 1.0010788440704346, "user/throttle": 0.25814831256866455, "user/mode": "local", "pos/pos_x": 70.39996, "pos/pos_y": 0.5537859, "pos/pos_z": 75.41865, "pos/speed": 9.434325, "pos/cte": -5.714916, "pilot/angle": 0.0, "pilot/throttle": 0.0, "milliseconds": 269156}