{"cam/image_array": "4461_cam-image_array_.jpg", "user/angle": 0.20123858749866486, "user/throttle": 0.5871467590332031, "user/mode": "local", "pos/pos_x": 57.52171, "pos/pos_y": 0.550897, "pos/pos_z": -2.534937, "pos/speed": 10.06485, "pos/cte": 0.8930748, "pilot/angle": 0.0, "pilot/throttle": 0.0, "milliseconds": 223297}