{"cam/image_array": "1639_cam-image_array_.jpg", "user/angle": -0.07115162909030914, "user/throttle": 0.7291626930236816, "user/mode": "local", "pos/pos_x": 74.08086, "pos/pos_y": 0.5578124, "pos/pos_z": 67.33777, "pos/speed": 9.214705, "pos/cte": -3.265785, "pilot/angle": 0.0, "pilot/throttle": 0.0, "milliseconds": 82015}