{"cam/image_array": "3928_cam-image_array_.jpg", "user/angle": 0.36552584171295166, "user/throttle": 0.8024835586547852, "user/mode": "local", "pos/pos_x": 78.8914, "pos/pos_y": 0.5524691, "pos/pos_z": 51.57621, "pos/speed": 11.31032, "pos/cte": -0.5249681, "pilot/angle": 0.0, "pilot/throttle": 0.0, "milliseconds": 196612}