{"cam/image_array": "71_cam-image_array_.jpg", "user/angle": 0.8890783786773682, "user/throttle": 0.10911664366722107, "user/mode": "local", "pos/pos_x": 48.08818, "pos/pos_y": 0.5534683, "pos/pos_z": 71.32683, "pos/speed": 12.34845, "pos/cte": -1.601814, "pilot/angle": 0.0, "pilot/throttle": 0.0, "milliseconds": 3514}