{"cam/image_array": "823_cam-image_array_.jpg", "user/angle": 0.26268431544303894, "user/throttle": 0.4613288342952728, "user/mode": "local", "pos/pos_x": 49.22867, "pos/pos_y": 0.5566435, "pos/pos_z": 68.00532, "pos/speed": 12.11078, "pos/cte": -0.4613304, "pilot/angle": 0.0, "pilot/throttle": 0.0, "milliseconds": 41162}