{"cam/image_array": "288_cam-image_array_.jpg", "user/angle": 0.5695492625236511, "user/throttle": 0.5423334836959839, "user/mode": "local", "pos/pos_x": 79.06858, "pos/pos_y": 0.55383, "pos/pos_z": -5.779475, "pos/speed": 9.795939, "pos/cte": -2.109661, "pilot/angle": 0.0, "pilot/throttle": 0.0, "milliseconds": 14378}