{"cam/image_array": "3825_cam-image_array_.jpg", "user/angle": 0.11373737454414368, "user/throttle": 0.16508251428604126, "user/mode": "local", "pos/pos_x": 46.7878, "pos/pos_y": 0.5527673, "pos/pos_z": 64.43154, "pos/speed": 12.51849, "pos/cte": -2.902195, "pilot/angle": 0.0, "pilot/throttle": 0.0, "milliseconds": 191456}