{"cam/image_array": "4823_cam-image_array_.jpg", "user/angle": 0.30276820063591003, "user/throttle": 0.6574029922485352, "user/mode": "local", "pos/pos_x": 68.4048, "pos/pos_y": 0.5552481, "pos/pos_z": -7.421033, "pos/speed": 9.814517, "pos/cte": -3.658098, "pilot/angle": 0.0, "pilot/throttle": 0.0, "milliseconds": 241420}