{"cam/image_array": "4466_cam-image_array_.jpg", "user/angle": 0.16384559869766235, "user/throttle": 0.6823258399963379, "user/mode": "local", "pos/pos_x": 56.16072, "pos/pos_y": 0.5550299, "pos/pos_z": -1.087951, "pos/speed": 9.959318, "pos/cte": 1.659664, "pilot/angle": 0.0, "pilot/throttle": 0.0, "milliseconds": 223547}