{"cam/image_array": "5692_cam-image_array_.jpg", "user/angle": 0.3636757433414459, "user/throttle": 0.28519564867019653, "user/mode": "local", "pos/pos_x": 44.86355, "pos/pos_y": 0.5518935, "pos/pos_z": 59.78493, "pos/speed": 12.95647, "pos/cte": -4.82645, "pilot/angle": 0.0, "pilot/throttle": 0.0, "milliseconds": 284928}