{"cam/image_array": "143_cam-image_array_.jpg", "user/angle": -0.08024583756923676, "user/throttle": 0.7028951644897461, "user/mode": "local", "pos/pos_x": 70.15055, "pos/pos_y": 0.5549505, "pos/pos_z": 73.23224, "pos/speed": 9.426482, "pos/cte": -4.105309, "pilot/angle": 0.0, "pilot/throttle": 0.0, "milliseconds": 7119}