{"cam/image_array": "1999_cam-image_array_.jpg", "user/angle": 0.3322870135307312, "user/throttle": 0.5020180344581604, "user/mode": "local", "pos/pos_x": 69.84856, "pos/pos_y": 0.5538608, "pos/pos_z": 72.79704, "pos/speed": 9.375696, "pos/cte": -3.593028, "pilot/angle": 0.0, "pilot/throttle": 0.0, "milliseconds": 100038}