{"cam/image_array": "3166_cam-image_array_.jpg", "user/angle": 0.19077803194522858, "user/throttle": 0.7725242376327515, "user/mode": "local", "pos/pos_x": 77.79934, "pos/pos_y": 0.5556993, "pos/pos_z": 55.54577, "pos/speed": 10.15353, "pos/cte": 0.2881472, "pilot/angle": 0.0, "pilot/throttle": 0.0, "milliseconds": 158463}