{"cam/image_array": "3700_cam-image_array_.jpg", "user/angle": 0.20139679312705994, "user/throttle": 0.6153789758682251, "user/mode": "local", "pos/pos_x": 64.29477, "pos/pos_y": 0.5564122, "pos/pos_z": -5.970157, "pos/speed": 10.4741, "pos/cte": -2.171411, "pilot/angle": 0.0, "pilot/throttle": 0.0, "milliseconds": 185197}