{"cam/image_array": "3975_cam-image_array_.jpg", "user/angle": -0.1409010887145996, "user/throttle": 0.4509272873401642, "user/mode": "local", "pos/pos_x": 81.35689, "pos/pos_y": 0.554899, "pos/pos_z": 23.30472, "pos/speed": 12.98562, "pos/cte": -6.520335, "pilot/angle": 0.0, "pilot/throttle": 0.0, "milliseconds": 198965}