{"cam/image_array": "3221_cam-image_array_.jpg", "user/angle": -0.022935666143894196, "user/throttle": 0.58473801612854, "user/mode": "local", "pos/pos_x": 80.43391, "pos/pos_y": 0.5516157, "pos/pos_z": 23.20387, "pos/speed": 12.63358, "pos/cte": -5.673883, "pilot/angle": 0.0, "pilot/throttle": 0.0, "milliseconds": 161216}