{"cam/image_array": "680_cam-image_array_.jpg", "user/angle": 0.06929771602153778, "user/throttle": 0.46075114607810974, "user/mode": "local", "pos/pos_x": 69.0537, "pos/pos_y": 0.5557426, "pos/pos_z": -8.295296, "pos/speed": 10.18855, "pos/cte": -4.53799, "pilot/angle": 0.0, "pilot/throttle": 0.0, "milliseconds": 34002}