{"cam/image_array": "1017_cam-image_array_.jpg", "user/angle": 0.9330795407295227, "user/throttle": 0.36964151263237, "user/mode": "local", "pos/pos_x": 87.58334, "pos/pos_y": 0.5535551, "pos/pos_z": -3.807325, "pos/speed": 9.363573, "pos/cte": -2.821597, "pilot/angle": 0.0, "pilot/throttle": 0.0, "milliseconds": 50874}