{"cam/image_array": "3959_cam-image_array_.jpg", "user/angle": -0.13066366314888, "user/throttle": 0.45153865218162537, "user/mode": "local", "pos/pos_x": 78.74287, "pos/pos_y": 0.5543804, "pos/pos_z": 33.33965, "pos/speed": 13.00473, "pos/cte": -6.810596, "pilot/angle": 0.0, "pilot/throttle": 0.0, "milliseconds": 198164}