{"cam/image_array": "5333_cam-image_array_.jpg", "user/angle": 0.29258641600608826, "user/throttle": 0.3704172670841217, "user/mode": "local", "pos/pos_x": 49.46173, "pos/pos_y": 0.5568566, "pos/pos_z": 67.66218, "pos/speed": 12.13106, "pos/cte": -0.2282639, "pilot/angle": 0.0, "pilot/throttle": 0.0, "milliseconds": 266953}