{"cam/image_array": "5_cam-image_array_.jpg", "user/angle": 0.052526481449604034, "user/throttle": 0.2561807632446289, "user/mode": "local", "pos/pos_x": 49.69006, "pos/pos_y": 0.5549854, "pos/pos_z": 47.83852, "pos/speed": 0.005412314, "pos/cte": 6.103516e-05, "pilot/angle": 0.0, "pilot/throttle": 0.0, "milliseconds": 210}