{"cam/image_array": "1104_cam-image_array_.jpg", "user/angle": 0.09458364546298981, "user/throttle": 0.6869990825653076, "user/mode": "local", "pos/pos_x": 52.8279, "pos/pos_y": 0.5555073, "pos/pos_z": 4.374037, "pos/speed": 10.78662, "pos/cte": 2.438697, "pilot/angle": 0.0, "pilot/throttle": 0.0, "milliseconds": 55230}