{"cam/image_array": "883_cam-image_array_.jpg", "user/angle": 0.18124595284461975, "user/throttle": 0.607627272605896, "user/mode": "local", "pos/pos_x": 74.89799, "pos/pos_y": 0.5527251, "pos/pos_z": 71.15809, "pos/speed": 8.736903, "pos/cte": -6.368241, "pilot/angle": 0.0, "pilot/throttle": 0.0, "milliseconds": 44167}