{"cam/image_array": "2697_cam-image_array_.jpg", "user/angle": 0.3798166513442993, "user/throttle": 0.23870252072811127, "user/mode": "local", "pos/pos_x": 48.06797, "pos/pos_y": 0.5545528, "pos/pos_z": 66.09031, "pos/speed": 11.95313, "pos/cte": -1.622032, "pilot/angle": 0.0, "pilot/throttle": 0.0, "milliseconds": 134983}