{"cam/image_array": "2862_cam-image_array_.jpg", "user/angle": 0.051571253687143326, "user/throttle": 0.09413180500268936, "user/mode": "local", "pos/pos_x": 84.47114, "pos/pos_y": 0.5543998, "pos/pos_z": 13.98097, "pos/speed": 12.13051, "pos/cte": -2.286052, "pilot/angle": 0.0, "pilot/throttle": 0.0, "milliseconds": 143243}