{"cam/image_array": "3335_cam-image_array_.jpg", "user/angle": 0.16887888312339783, "user/throttle": 0.5759028196334839, "user/mode": "local", "pos/pos_x": 57.02958, "pos/pos_y": 0.5527897, "pos/pos_z": -1.828022, "pos/speed": 9.37832, "pos/cte": 1.289528, "pilot/angle": 0.0, "pilot/throttle": 0.0, "milliseconds": 166924}