{"cam/image_array": "3946_cam-image_array_.jpg", "user/angle": -0.1981721818447113, "user/throttle": 0.8850644826889038, "user/mode": "local", "pos/pos_x": 78.27964, "pos/pos_y": 0.5573137, "pos/pos_z": 40.93674, "pos/speed": 12.37979, "pos/cte": -4.439404, "pilot/angle": 0.0, "pilot/throttle": 0.0, "milliseconds": 197513}