{"cam/image_array": "2060_cam-image_array_.jpg", "user/angle": -0.10487690567970276, "user/throttle": 0.6826741695404053, "user/mode": "local", "pos/pos_x": 78.03813, "pos/pos_y": 0.555788, "pos/pos_z": 42.94725, "pos/speed": 12.38007, "pos/cte": -3.239181, "pilot/angle": 0.0, "pilot/throttle": 0.0, "milliseconds": 103092}