{"cam/image_array": "3418_cam-image_array_.jpg", "user/angle": -0.0005203001201152802, "user/throttle": 0.6183439493179321, "user/mode": "local", "pos/pos_x": 44.52304, "pos/pos_y": 0.5552608, "pos/pos_z": 42.88953, "pos/speed": 13.69828, "pos/cte": -4.890374, "pilot/angle": 0.0, "pilot/throttle": 0.0, "milliseconds": 171079}