{"cam/image_array": "1831_cam-image_array_.jpg", "user/angle": 0.4671998918056488, "user/throttle": 0.4785434603691101, "user/mode": "local", "pos/pos_x": 58.38118, "pos/pos_y": 0.554861, "pos/pos_z": -2.514601, "pos/speed": 10.53634, "pos/cte": 1.069695, "pilot/angle": 0.0, "pilot/throttle": 0.0, "milliseconds": 91627}