{"cam/image_array": "2051_cam-image_array_.jpg", "user/angle": -0.11688375473022461, "user/throttle": 0.8595707416534424, "user/mode": "local", "pos/pos_x": 78.04768, "pos/pos_y": 0.5531423, "pos/pos_z": 47.79882, "pos/speed": 11.91286, "pos/cte": -0.823258, "pilot/angle": 0.0, "pilot/throttle": 0.0, "milliseconds": 102641}