{"cam/image_array": "5668_cam-image_array_.jpg", "user/angle": -0.04490606114268303, "user/throttle": 0.6772531270980835, "user/mode": "local", "pos/pos_x": 44.82723, "pos/pos_y": 0.5553192, "pos/pos_z": 43.29105, "pos/speed": 13.95701, "pos/cte": -4.589701, "pilot/angle": 0.0, "pilot/throttle": 0.0, "milliseconds": 283725}