{"cam/image_array": "5774_cam-image_array_.jpg", "user/angle": -0.05671471729874611, "user/throttle": 0.6425681114196777, "user/mode": "local", "pos/pos_x": 75.02456, "pos/pos_y": 0.557397, "pos/pos_z": 65.95527, "pos/speed": 9.430704, "pos/cte": -3.08552, "pilot/angle": 0.0, "pilot/throttle": 0.0, "milliseconds": 289032}