{"cam/image_array": "177_cam-image_array_.jpg", "user/angle": 0.3952794671058655, "user/throttle": 0.7664650678634644, "user/mode": "local", "pos/pos_x": 77.07693, "pos/pos_y": 0.555953, "pos/pos_z": 57.84327, "pos/speed": 11.37394, "pos/cte": 0.2687569, "pilot/angle": 0.0, "pilot/throttle": 0.0, "milliseconds": 8820}