{"cam/image_array": "1557_cam-image_array_.jpg", "user/angle": 0.5307742953300476, "user/throttle": 0.20777270197868347, "user/mode": "local", "pos/pos_x": 43.99052, "pos/pos_y": 0.5555354, "pos/pos_z": 57.36365, "pos/speed": 13.06116, "pos/cte": -5.699478, "pilot/angle": 0.0, "pilot/throttle": 0.0, "milliseconds": 77910}