{"cam/image_array": "3073_cam-image_array_.jpg", "user/angle": 0.2862093150615692, "user/throttle": 0.04215342551469803, "user/mode": "local", "pos/pos_x": 46.33837, "pos/pos_y": 0.5524497, "pos/pos_z": 64.58197, "pos/speed": 12.33114, "pos/cte": -3.351627, "pilot/angle": 0.0, "pilot/throttle": 0.0, "milliseconds": 153807}