{"cam/image_array": "1891_cam-image_array_.jpg", "user/angle": 0.059558842331171036, "user/throttle": 0.7983049154281616, "user/mode": "local", "pos/pos_x": 45.57389, "pos/pos_y": 0.5561677, "pos/pos_z": 28.71828, "pos/speed": 12.72041, "pos/cte": -3.715912, "pilot/angle": 0.0, "pilot/throttle": 0.0, "milliseconds": 94631}