{"cam/image_array": "2843_cam-image_array_.jpg", "user/angle": -0.07787911593914032, "user/throttle": 0.42198190093040466, "user/mode": "local", "pos/pos_x": 80.92905, "pos/pos_y": 0.5545626, "pos/pos_z": 24.47075, "pos/speed": 12.38538, "pos/cte": -6.808009, "pilot/angle": 0.0, "pilot/throttle": 0.0, "milliseconds": 142292}