{"cam/image_array": "229_cam-image_array_.jpg", "user/angle": -0.044883739203214645, "user/throttle": 0.3640483021736145, "user/mode": "local", "pos/pos_x": 80.63284, "pos/pos_y": 0.5553045, "pos/pos_z": 25.85932, "pos/speed": 12.93084, "pos/cte": -7.203846, "pilot/angle": 0.0, "pilot/throttle": 0.0, "milliseconds": 11424}