{"cam/image_array": "3874_cam-image_array_.jpg", "user/angle": 0.7199574708938599, "user/throttle": 0.86199951171875, "user/mode": "local", "pos/pos_x": 67.98686, "pos/pos_y": 0.5536638, "pos/pos_z": 75.70673, "pos/speed": 9.150527, "pos/cte": -4.067082, "pilot/angle": 0.0, "pilot/throttle": 0.0, "milliseconds": 193908}