{"cam/image_array": "3852_cam-image_array_.jpg", "user/angle": 0.8156958818435669, "user/throttle": 0.691114068031311, "user/mode": "local", "pos/pos_x": 58.37945, "pos/pos_y": 0.5544389, "pos/pos_z": 76.09763, "pos/speed": 10.61695, "pos/cte": 2.137057, "pilot/angle": 0.0, "pilot/throttle": 0.0, "milliseconds": 192807}