{"cam/image_array": "5001_cam-image_array_.jpg", "user/angle": 1.014331579208374, "user/throttle": 0.4875345230102539, "user/mode": "local", "pos/pos_x": 66.0299, "pos/pos_y": 0.5503359, "pos/pos_z": 75.92806, "pos/speed": 9.669589, "pos/cte": -2.722738, "pilot/angle": 0.0, "pilot/throttle": 0.0, "milliseconds": 250331}