{"cam/image_array": "3483_cam-image_array_.jpg", "user/angle": 0.9540326595306396, "user/throttle": 0.3283589780330658, "user/mode": "local", "pos/pos_x": 59.73165, "pos/pos_y": 0.5524485, "pos/pos_z": 76.07237, "pos/speed": 10.1136, "pos/cte": 1.635433, "pilot/angle": 0.0, "pilot/throttle": 0.0, "milliseconds": 174333}