{"cam/image_array": "4016_cam-image_array_.jpg", "user/angle": 1.1392827033996582, "user/throttle": 0.23325759172439575, "user/mode": "local", "pos/pos_x": 87.15323, "pos/pos_y": 0.5533818, "pos/pos_z": -1.005614, "pos/speed": 10.45037, "pos/cte": -0.5510663, "pilot/angle": 0.0, "pilot/throttle": 0.0, "milliseconds": 201017}