{"cam/image_array": "4574_cam-image_array_.jpg", "user/angle": -0.14842645823955536, "user/throttle": 0.38232752680778503, "user/mode": "local", "pos/pos_x": 48.33881, "pos/pos_y": 0.5572684, "pos/pos_z": 62.29979, "pos/speed": 12.56328, "pos/cte": -1.351189, "pilot/angle": 0.0, "pilot/throttle": 0.0, "milliseconds": 228954}