{"cam/image_array": "5004_cam-image_array_.jpg", "user/angle": 0.988429069519043, "user/throttle": 0.6685326099395752, "user/mode": "local", "pos/pos_x": 66.95731, "pos/pos_y": 0.5541063, "pos/pos_z": 75.6769, "pos/speed": 9.557378, "pos/cte": -3.264834, "pilot/angle": 0.0, "pilot/throttle": 0.0, "milliseconds": 250482}