{"cam/image_array": "2234_cam-image_array_.jpg", "user/angle": 0.09618833661079407, "user/throttle": 0.7656481266021729, "user/mode": "local", "pos/pos_x": 51.25912, "pos/pos_y": 0.5549481, "pos/pos_z": 7.59379, "pos/speed": 11.25528, "pos/cte": 1.13153, "pilot/angle": 0.0, "pilot/throttle": 0.0, "milliseconds": 111803}