{"cam/image_array": "4449_cam-image_array_.jpg", "user/angle": 0.44173407554626465, "user/throttle": 0.4853893220424652, "user/mode": "local", "pos/pos_x": 62.72813, "pos/pos_y": 0.5561185, "pos/pos_z": -5.644056, "pos/speed": 10.23399, "pos/cte": -1.831651, "pilot/angle": 0.0, "pilot/throttle": 0.0, "milliseconds": 222696}