{"cam/image_array": "614_cam-image_array_.jpg", "user/angle": 1.0132700204849243, "user/throttle": 0.21526002883911133, "user/mode": "local", "pos/pos_x": 87.61243, "pos/pos_y": 0.5554187, "pos/pos_z": 7.926663, "pos/speed": 12.2608, "pos/cte": -0.4779159, "pilot/angle": 0.0, "pilot/throttle": 0.0, "milliseconds": 30698}