{"cam/image_array": "3205_cam-image_array_.jpg", "user/angle": -0.15099282562732697, "user/throttle": 0.6077452898025513, "user/mode": "local", "pos/pos_x": 78.50064, "pos/pos_y": 0.5546995, "pos/pos_z": 33.92258, "pos/speed": 12.57024, "pos/cte": -6.523374, "pilot/angle": 0.0, "pilot/throttle": 0.0, "milliseconds": 160415}