{"cam/image_array": "4703_cam-image_array_.jpg", "user/angle": -0.19093716144561768, "user/throttle": 0.9809244871139526, "user/mode": "local", "pos/pos_x": 78.3114, "pos/pos_y": 0.5570903, "pos/pos_z": 47.64309, "pos/speed": 11.865, "pos/cte": -1.123842, "pilot/angle": 0.0, "pilot/throttle": 0.0, "milliseconds": 235412}