{"cam/image_array": "1564_cam-image_array_.jpg", "user/angle": 0.45364317297935486, "user/throttle": 0.14615650475025177, "user/mode": "local", "pos/pos_x": 44.85263, "pos/pos_y": 0.5531616, "pos/pos_z": 61.06853, "pos/speed": 12.37193, "pos/cte": -4.837364, "pilot/angle": 0.0, "pilot/throttle": 0.0, "milliseconds": 78260}