{"cam/image_array": "4872_cam-image_array_.jpg", "user/angle": 0.032156672328710556, "user/throttle": 0.7227399349212646, "user/mode": "local", "pos/pos_x": 50.32268, "pos/pos_y": 0.5551821, "pos/pos_z": 9.410172, "pos/speed": 11.32093, "pos/cte": 0.2752104, "pilot/angle": 0.0, "pilot/throttle": 0.0, "milliseconds": 243873}