{"cam/image_array": "3288_cam-image_array_.jpg", "user/angle": 0.274989515542984, "user/throttle": 0.9201054573059082, "user/mode": "local", "pos/pos_x": 79.05808, "pos/pos_y": 0.5527307, "pos/pos_z": -7.422653, "pos/speed": 8.73778, "pos/cte": -3.752685, "pilot/angle": 0.0, "pilot/throttle": 0.0, "milliseconds": 164571}