{"cam/image_array": "2449_cam-image_array_.jpg", "user/angle": -0.12609755992889404, "user/throttle": 0.7403309345245361, "user/mode": "local", "pos/pos_x": 78.77197, "pos/pos_y": 0.5538965, "pos/pos_z": 36.29429, "pos/speed": 12.86772, "pos/cte": -6.452424, "pilot/angle": 0.0, "pilot/throttle": 0.0, "milliseconds": 122567}