{"cam/image_array": "334_cam-image_array_.jpg", "user/angle": 0.23985984921455383, "user/throttle": 0.6294103860855103, "user/mode": "local", "pos/pos_x": 58.39143, "pos/pos_y": 0.5565243, "pos/pos_z": -1.703671, "pos/speed": 10.4176, "pos/cte": 1.868914, "pilot/angle": 0.0, "pilot/throttle": 0.0, "milliseconds": 16680}