{"cam/image_array": "3629_cam-image_array_.jpg", "user/angle": 0.7084134817123413, "user/throttle": 0.0910959243774414, "user/mode": "local", "pos/pos_x": 87.29317, "pos/pos_y": 0.5523086, "pos/pos_z": 7.477604, "pos/speed": 12.12127, "pos/cte": 0.02508219, "pilot/angle": 0.0, "pilot/throttle": 0.0, "milliseconds": 181643}