{"cam/image_array": "1174_cam-image_array_.jpg", "user/angle": 0.21538765728473663, "user/throttle": 0.49455469846725464, "user/mode": "local", "pos/pos_x": 44.07502, "pos/pos_y": 0.5554727, "pos/pos_z": 46.9333, "pos/speed": 14.34928, "pos/cte": -5.373664, "pilot/angle": 0.0, "pilot/throttle": 0.0, "milliseconds": 58734}