{"cam/image_array": "2739_cam-image_array_.jpg", "user/angle": 0.8384666442871094, "user/throttle": 0.6170936822891235, "user/mode": "local", "pos/pos_x": 65.24851, "pos/pos_y": 0.5540388, "pos/pos_z": 75.93394, "pos/speed": 9.418258, "pos/cte": -2.132386, "pilot/angle": 0.0, "pilot/throttle": 0.0, "milliseconds": 137085}