{"cam/image_array": "664_cam-image_array_.jpg", "user/angle": 0.13993237912654877, "user/throttle": 0.7056286334991455, "user/mode": "local", "pos/pos_x": 76.59333, "pos/pos_y": 0.5527721, "pos/pos_z": -10.38236, "pos/speed": 9.55481, "pos/cte": -6.690768, "pilot/angle": 0.0, "pilot/throttle": 0.0, "milliseconds": 33202}