{"cam/image_array": "2666_cam-image_array_.jpg", "user/angle": 0.010497063398361206, "user/throttle": 0.5132086277008057, "user/mode": "local", "pos/pos_x": 45.35225, "pos/pos_y": 0.5558804, "pos/pos_z": 44.63405, "pos/speed": 13.76996, "pos/cte": -4.07642, "pilot/angle": 0.0, "pilot/throttle": 0.0, "milliseconds": 133431}