{"cam/image_array": "3182_cam-image_array_.jpg", "user/angle": -0.08710816502571106, "user/throttle": 0.7914663553237915, "user/mode": "local", "pos/pos_x": 77.92811, "pos/pos_y": 0.5563002, "pos/pos_z": 47.02897, "pos/speed": 11.21369, "pos/cte": -1.133485, "pilot/angle": 0.0, "pilot/throttle": 0.0, "milliseconds": 159264}