{"cam/image_array": "1337_cam-image_array_.jpg", "user/angle": -0.03729505464434624, "user/throttle": 0.287553995847702, "user/mode": "local", "pos/pos_x": 79.65931, "pos/pos_y": 0.5568687, "pos/pos_z": 29.88758, "pos/speed": 12.67689, "pos/cte": -7.527487, "pilot/angle": 0.0, "pilot/throttle": 0.0, "milliseconds": 66895}