{"cam/image_array": "3012_cam-image_array_.jpg", "user/angle": 0.07340537011623383, "user/throttle": 0.8169434070587158, "user/mode": "local", "pos/pos_x": 46.0609, "pos/pos_y": 0.5545911, "pos/pos_z": 24.09811, "pos/speed": 12.30742, "pos/cte": -3.341834, "pilot/angle": 0.0, "pilot/throttle": 0.0, "milliseconds": 150753}