{"cam/image_array": "4346_cam-image_array_.jpg", "user/angle": -0.12609316408634186, "user/throttle": 0.6048054695129395, "user/mode": "local", "pos/pos_x": 81.08623, "pos/pos_y": 0.5528244, "pos/pos_z": 23.43712, "pos/speed": 12.64729, "pos/cte": -6.354323, "pilot/angle": 0.0, "pilot/throttle": 0.0, "milliseconds": 217538}