{"cam/image_array": "4135_cam-image_array_.jpg", "user/angle": 0.06689922511577606, "user/throttle": 0.7958385944366455, "user/mode": "local", "pos/pos_x": 46.24271, "pos/pos_y": 0.5555229, "pos/pos_z": 23.42601, "pos/speed": 12.51002, "pos/cte": -3.189515, "pilot/angle": 0.0, "pilot/throttle": 0.0, "milliseconds": 206976}