{"cam/image_array": "3779_cam-image_array_.jpg", "user/angle": -0.06561647355556488, "user/throttle": 0.8109817504882812, "user/mode": "local", "pos/pos_x": 45.32233, "pos/pos_y": 0.555195, "pos/pos_z": 33.52108, "pos/speed": 13.38676, "pos/cte": -4.009372, "pilot/angle": 0.0, "pilot/throttle": 0.0, "milliseconds": 189152}