{"cam/image_array": "3523_cam-image_array_.jpg", "user/angle": -0.044754695147275925, "user/throttle": 0.5680403709411621, "user/mode": "local", "pos/pos_x": 73.52068, "pos/pos_y": 0.558473, "pos/pos_z": 68.90972, "pos/speed": 9.052105, "pos/cte": -3.860722, "pilot/angle": 0.0, "pilot/throttle": 0.0, "milliseconds": 176336}