{"cam/image_array": "1850_cam-image_array_.jpg", "user/angle": 0.09498612582683563, "user/throttle": 0.702593207359314, "user/mode": "local", "pos/pos_x": 52.24702, "pos/pos_y": 0.5559082, "pos/pos_z": 6.009907, "pos/speed": 10.92807, "pos/cte": 2.16798, "pilot/angle": 0.0, "pilot/throttle": 0.0, "milliseconds": 92579}