{"cam/image_array": "591_cam-image_array_.jpg", "user/angle": -0.13518822193145752, "user/throttle": 0.46246644854545593, "user/mode": "local", "pos/pos_x": 81.7373, "pos/pos_y": 0.5555143, "pos/pos_z": 20.88479, "pos/speed": 13.16733, "pos/cte": -5.26871, "pilot/angle": 0.0, "pilot/throttle": 0.0, "milliseconds": 29547}