{"cam/image_array": "5569_cam-image_array_.jpg", "user/angle": 0.18393546342849731, "user/throttle": 0.609879732131958, "user/mode": "local", "pos/pos_x": 66.98076, "pos/pos_y": 0.5550135, "pos/pos_z": -6.047189, "pos/speed": 10.14898, "pos/cte": -2.27188, "pilot/angle": 0.0, "pilot/throttle": 0.0, "milliseconds": 278769}