{"cam/image_array": "2834_cam-image_array_.jpg", "user/angle": -0.10200195014476776, "user/throttle": 0.27974098920822144, "user/mode": "local", "pos/pos_x": 79.45257, "pos/pos_y": 0.5556147, "pos/pos_z": 30.58361, "pos/speed": 12.7182, "pos/cte": -7.388407, "pilot/angle": 0.0, "pilot/throttle": 0.0, "milliseconds": 141841}