{"cam/image_array": "3314_cam-image_array_.jpg", "user/angle": 0.16566719114780426, "user/throttle": 0.4467232823371887, "user/mode": "local", "pos/pos_x": 66.59511, "pos/pos_y": 0.5564196, "pos/pos_z": -6.208073, "pos/speed": 9.87987, "pos/cte": -2.429391, "pilot/angle": 0.0, "pilot/throttle": 0.0, "milliseconds": 165872}