{"cam/image_array": "4759_cam-image_array_.jpg", "user/angle": 0.027277283370494843, "user/throttle": 0.275997519493103, "user/mode": "local", "pos/pos_x": 84.43018, "pos/pos_y": 0.5534037, "pos/pos_z": 14.01557, "pos/speed": 12.11602, "pos/cte": -2.282017, "pilot/angle": 0.0, "pilot/throttle": 0.0, "milliseconds": 238216}