{"cam/image_array": "1405_cam-image_array_.jpg", "user/angle": 0.6131284832954407, "user/throttle": 0.5273965001106262, "user/mode": "local", "pos/pos_x": 80.73594, "pos/pos_y": 0.5545325, "pos/pos_z": -6.184497, "pos/speed": 9.135492, "pos/cte": -2.529218, "pilot/angle": 0.0, "pilot/throttle": 0.0, "milliseconds": 70300}