{"cam/image_array": "3259_cam-image_array_.jpg", "user/angle": 1.083603858947754, "user/throttle": 0.6055309772491455, "user/mode": "local", "pos/pos_x": 87.26186, "pos/pos_y": 0.555107, "pos/pos_z": 1.899804, "pos/speed": 10.13229, "pos/cte": 0.626426, "pilot/angle": 0.0, "pilot/throttle": 0.0, "milliseconds": 163119}