{"cam/image_array": "1630_cam-image_array_.jpg", "user/angle": 0.3062552213668823, "user/throttle": 0.3650560677051544, "user/mode": "local", "pos/pos_x": 72.36533, "pos/pos_y": 0.5522244, "pos/pos_z": 70.62257, "pos/speed": 9.204743, "pos/cte": -4.094596, "pilot/angle": 0.0, "pilot/throttle": 0.0, "milliseconds": 81565}