{"cam/image_array": "4529_cam-image_array_.jpg", "user/angle": -0.029452398419380188, "user/throttle": 0.735702395439148, "user/mode": "local", "pos/pos_x": 45.5202, "pos/pos_y": 0.5544534, "pos/pos_z": 33.83623, "pos/speed": 12.90196, "pos/cte": -3.814257, "pilot/angle": 0.0, "pilot/throttle": 0.0, "milliseconds": 226701}