{"cam/image_array": "4960_cam-image_array_.jpg", "user/angle": 0.1951906532049179, "user/throttle": 0.3507746458053589, "user/mode": "local", "pos/pos_x": 47.5355, "pos/pos_y": 0.5522929, "pos/pos_z": 65.90173, "pos/speed": 12.29125, "pos/cte": -2.154495, "pilot/angle": 0.0, "pilot/throttle": 0.0, "milliseconds": 248280}