{"cam/image_array": "5227_cam-image_array_.jpg", "user/angle": 0.08807355165481567, "user/throttle": 0.7496587038040161, "user/mode": "local", "pos/pos_x": 53.88744, "pos/pos_y": 0.5581879, "pos/pos_z": 3.137797, "pos/speed": 10.83288, "pos/cte": 2.963178, "pilot/angle": 0.0, "pilot/throttle": 0.0, "milliseconds": 261647}