{"cam/image_array": "5463_cam-image_array_.jpg", "user/angle": -0.3349548578262329, "user/throttle": 0.682052493095398, "user/mode": "local", "pos/pos_x": 78.7379, "pos/pos_y": 0.5549368, "pos/pos_z": 33.7295, "pos/speed": 12.7734, "pos/cte": -6.857272, "pilot/angle": 0.0, "pilot/throttle": 0.0, "milliseconds": 273462}