{"cam/image_array": "4958_cam-image_array_.jpg", "user/angle": 0.17949716746807098, "user/throttle": 0.12883597612380981, "user/mode": "local", "pos/pos_x": 46.89436, "pos/pos_y": 0.5527639, "pos/pos_z": 64.84251, "pos/speed": 12.51485, "pos/cte": -2.795643, "pilot/angle": 0.0, "pilot/throttle": 0.0, "milliseconds": 248179}