{"cam/image_array": "1381_cam-image_array_.jpg", "user/angle": 0.7081239223480225, "user/throttle": 0.035370152443647385, "user/mode": "local", "pos/pos_x": 86.2088, "pos/pos_y": 0.552231, "pos/pos_z": 3.952278, "pos/speed": 10.96814, "pos/cte": 2.178648, "pilot/angle": 0.0, "pilot/throttle": 0.0, "milliseconds": 69099}