{"cam/image_array": "4151_cam-image_array_.jpg", "user/angle": -0.07293279469013214, "user/throttle": 0.8447182178497314, "user/mode": "local", "pos/pos_x": 45.24215, "pos/pos_y": 0.5550633, "pos/pos_z": 33.64355, "pos/speed": 13.4028, "pos/cte": -4.090615, "pilot/angle": 0.0, "pilot/throttle": 0.0, "milliseconds": 207776}