{"cam/image_array": "3984_cam-image_array_.jpg", "user/angle": 0.041518647223711014, "user/throttle": 0.23775716125965118, "user/mode": "local", "pos/pos_x": 83.76078, "pos/pos_y": 0.5544736, "pos/pos_z": 17.31157, "pos/speed": 12.83277, "pos/cte": -4.163705, "pilot/angle": 0.0, "pilot/throttle": 0.0, "milliseconds": 199415}