{"cam/image_array": "985_cam-image_array_.jpg", "user/angle": 0.18635131418704987, "user/throttle": 0.05875290185213089, "user/mode": "local", "pos/pos_x": 84.84588, "pos/pos_y": 0.5541247, "pos/pos_z": 13.16968, "pos/speed": 12.65166, "pos/cte": -1.97006, "pilot/angle": 0.0, "pilot/throttle": 0.0, "milliseconds": 49273}