{"cam/image_array": "5310_cam-image_array_.jpg", "user/angle": 0.284953773021698, "user/throttle": 0.48230069875717163, "user/mode": "local", "pos/pos_x": 43.64633, "pos/pos_y": 0.5524138, "pos/pos_z": 54.60924, "pos/speed": 13.5636, "pos/cte": -6.043667, "pilot/angle": 0.0, "pilot/throttle": 0.0, "milliseconds": 265802}