{"cam/image_array": "4618_cam-image_array_.jpg", "user/angle": 0.8519240021705627, "user/throttle": 0.654186487197876, "user/mode": "local", "pos/pos_x": 60.57352, "pos/pos_y": 0.5552946, "pos/pos_z": 80.87011, "pos/speed": 8.252876, "pos/cte": -3.181505, "pilot/angle": 0.0, "pilot/throttle": 0.0, "milliseconds": 231157}