{"cam/image_array": "2414_cam-image_array_.jpg", "user/angle": 0.32062652707099915, "user/throttle": 0.9285187721252441, "user/mode": "local", "pos/pos_x": 78.44476, "pos/pos_y": 0.5551232, "pos/pos_z": 58.07113, "pos/speed": 10.44266, "pos/cte": -1.106524, "pilot/angle": 0.0, "pilot/throttle": 0.0, "milliseconds": 120814}