{"cam/image_array": "1697_cam-image_array_.jpg", "user/angle": -0.077328622341156, "user/throttle": 0.604299783706665, "user/mode": "local", "pos/pos_x": 78.63148, "pos/pos_y": 0.5549164, "pos/pos_z": 35.25135, "pos/speed": 12.76332, "pos/cte": -6.577545, "pilot/angle": 0.0, "pilot/throttle": 0.0, "milliseconds": 84919}