{"cam/image_array": "2593_cam-image_array_.jpg", "user/angle": 0.12727771699428558, "user/throttle": 0.6981379985809326, "user/mode": "local", "pos/pos_x": 54.17981, "pos/pos_y": 0.5516216, "pos/pos_z": 2.631843, "pos/speed": 10.46303, "pos/cte": 2.907388, "pilot/angle": 0.0, "pilot/throttle": 0.0, "milliseconds": 129776}