{"cam/image_array": "3071_cam-image_array_.jpg", "user/angle": 0.5122471451759338, "user/throttle": 0.0627112090587616, "user/mode": "local", "pos/pos_x": 45.89462, "pos/pos_y": 0.5550479, "pos/pos_z": 63.42351, "pos/speed": 12.49352, "pos/cte": -3.79538, "pilot/angle": 0.0, "pilot/throttle": 0.0, "milliseconds": 153707}