{"cam/image_array": "3265_cam-image_array_.jpg", "user/angle": 0.9778322577476501, "user/throttle": 0.5519310235977173, "user/mode": "local", "pos/pos_x": 86.43282, "pos/pos_y": 0.5512875, "pos/pos_z": -0.9788188, "pos/speed": 9.895179, "pos/cte": 0.08913711, "pilot/angle": 0.0, "pilot/throttle": 0.0, "milliseconds": 163420}