{"cam/image_array": "1505_cam-image_array_.jpg", "user/angle": 0.2177220731973648, "user/throttle": 0.6720796823501587, "user/mode": "local", "pos/pos_x": 46.83973, "pos/pos_y": 0.5567243, "pos/pos_z": 22.19073, "pos/speed": 12.0186, "pos/cte": -2.646946, "pilot/angle": 0.0, "pilot/throttle": 0.0, "milliseconds": 75307}