{"cam/image_array": "5531_cam-image_array_.jpg", "user/angle": 0.9317121505737305, "user/throttle": 0.2562830448150635, "user/mode": "local", "pos/pos_x": 83.98611, "pos/pos_y": 0.5506649, "pos/pos_z": -4.209875, "pos/speed": 9.763638, "pos/cte": -1.149339, "pilot/angle": 0.0, "pilot/throttle": 0.0, "milliseconds": 276866}