{"cam/image_array": "4068_cam-image_array_.jpg", "user/angle": 0.1095355749130249, "user/throttle": 0.6249008178710938, "user/mode": "local", "pos/pos_x": 66.48568, "pos/pos_y": 0.5535742, "pos/pos_z": -6.45323, "pos/speed": 10.23007, "pos/cte": -2.673585, "pilot/angle": 0.0, "pilot/throttle": 0.0, "milliseconds": 203621}