{"cam/image_array": "236_cam-image_array_.jpg", "user/angle": 0.24071764945983887, "user/throttle": 0.13427965342998505, "user/mode": "local", "pos/pos_x": 82.05731, "pos/pos_y": 0.5558425, "pos/pos_z": 20.9311, "pos/speed": 12.80179, "pos/cte": -5.54213, "pilot/angle": 0.0, "pilot/throttle": 0.0, "milliseconds": 11774}