{"cam/image_array": "2737_cam-image_array_.jpg", "user/angle": 0.8020786643028259, "user/throttle": 0.3354991674423218, "user/mode": "local", "pos/pos_x": 64.32223, "pos/pos_y": 0.5527651, "pos/pos_z": 76.13998, "pos/speed": 9.520989, "pos/cte": -1.561846, "pilot/angle": 0.0, "pilot/throttle": 0.0, "milliseconds": 136985}