{"cam/image_array": "2445_cam-image_array_.jpg", "user/angle": -0.012331951409578323, "user/throttle": 0.5800501108169556, "user/mode": "local", "pos/pos_x": 78.66145, "pos/pos_y": 0.5551928, "pos/pos_z": 38.83937, "pos/speed": 12.68837, "pos/cte": -5.640941, "pilot/angle": 0.0, "pilot/throttle": 0.0, "milliseconds": 122366}