{"cam/image_array": "1876_cam-image_array_.jpg", "user/angle": 0.17149022221565247, "user/throttle": 0.6877385377883911, "user/mode": "local", "pos/pos_x": 47.36482, "pos/pos_y": 0.5554912, "pos/pos_z": 18.97537, "pos/speed": 12.11978, "pos/cte": -2.262608, "pilot/angle": 0.0, "pilot/throttle": 0.0, "milliseconds": 93880}