{"cam/image_array": "1586_cam-image_array_.jpg", "user/angle": 0.09837915003299713, "user/throttle": 0.4396266043186188, "user/mode": "local", "pos/pos_x": 52.23576, "pos/pos_y": 0.5562847, "pos/pos_z": 71.2841, "pos/speed": 11.22656, "pos/cte": 2.545757, "pilot/angle": 0.0, "pilot/throttle": 0.0, "milliseconds": 79361}