{"cam/image_array": "2196_cam-image_array_.jpg", "user/angle": 0.1695423424243927, "user/throttle": 0.5521031618118286, "user/mode": "local", "pos/pos_x": 64.59353, "pos/pos_y": 0.5547533, "pos/pos_z": -6.247065, "pos/speed": 10.40678, "pos/cte": -2.450915, "pilot/angle": 0.0, "pilot/throttle": 0.0, "milliseconds": 109901}