{"cam/image_array": "5634_cam-image_array_.jpg", "user/angle": 0.1380680799484253, "user/throttle": 0.7234115600585938, "user/mode": "local", "pos/pos_x": 47.00511, "pos/pos_y": 0.5563629, "pos/pos_z": 20.43898, "pos/speed": 12.17876, "pos/cte": -2.558134, "pilot/angle": 0.0, "pilot/throttle": 0.0, "milliseconds": 282023}