{"cam/image_array": "2169_cam-image_array_.jpg", "user/angle": 0.1280016303062439, "user/throttle": 0.7666525840759277, "user/mode": "local", "pos/pos_x": 77.74268, "pos/pos_y": 0.5536325, "pos/pos_z": -10.65399, "pos/speed": 9.321535, "pos/cte": -6.972423, "pilot/angle": 0.0, "pilot/throttle": 0.0, "milliseconds": 108549}