{"cam/image_array": "2495_cam-image_array_.jpg", "user/angle": 0.8960660099983215, "user/throttle": 0.11050858348608017, "user/mode": "local", "pos/pos_x": 86.86023, "pos/pos_y": 0.5558726, "pos/pos_z": 9.512934, "pos/speed": 12.23398, "pos/cte": -0.7737612, "pilot/angle": 0.0, "pilot/throttle": 0.0, "milliseconds": 124870}