{"cam/image_array": "5290_cam-image_array_.jpg", "user/angle": 0.0062843747437000275, "user/throttle": 0.6706321239471436, "user/mode": "local", "pos/pos_x": 44.68857, "pos/pos_y": 0.5545051, "pos/pos_z": 40.59297, "pos/speed": 14.10038, "pos/cte": -4.704817, "pilot/angle": 0.0, "pilot/throttle": 0.0, "milliseconds": 264801}