{"cam/image_array": "3666_cam-image_array_.jpg", "user/angle": 0.7164598703384399, "user/throttle": 0.8695935010910034, "user/mode": "local", "pos/pos_x": 80.4445, "pos/pos_y": 0.5525355, "pos/pos_z": -8.412226, "pos/speed": 9.313797, "pos/cte": -4.754319, "pilot/angle": 0.0, "pilot/throttle": 0.0, "milliseconds": 183495}