{"cam/image_array": "4054_cam-image_array_.jpg", "user/angle": 0.22711583971977234, "user/throttle": 0.5196850299835205, "user/mode": "local", "pos/pos_x": 73.23353, "pos/pos_y": 0.5543903, "pos/pos_z": -8.528921, "pos/speed": 9.833023, "pos/cte": -4.808083, "pilot/angle": 0.0, "pilot/throttle": 0.0, "milliseconds": 202920}