{"cam/image_array": "3258_cam-image_array_.jpg", "user/angle": 1.0289623737335205, "user/throttle": 0.5387914180755615, "user/mode": "local", "pos/pos_x": 87.39189, "pos/pos_y": 0.5531832, "pos/pos_z": 2.920048, "pos/speed": 10.47586, "pos/cte": 0.8037813, "pilot/angle": 0.0, "pilot/throttle": 0.0, "milliseconds": 163069}