{"cam/image_array": "1692_cam-image_array_.jpg", "user/angle": -0.11052705347537994, "user/throttle": 0.6468788385391235, "user/mode": "local", "pos/pos_x": 78.3555, "pos/pos_y": 0.5531319, "pos/pos_z": 37.77803, "pos/speed": 12.66951, "pos/cte": -5.674632, "pilot/angle": 0.0, "pilot/throttle": 0.0, "milliseconds": 84668}