{"cam/image_array": "2165_cam-image_array_.jpg", "user/angle": 0.591659665107727, "user/throttle": 0.7539279460906982, "user/mode": "local", "pos/pos_x": 79.60943, "pos/pos_y": 0.5513052, "pos/pos_z": -10.63842, "pos/speed": 9.362372, "pos/cte": -6.973145, "pilot/angle": 0.0, "pilot/throttle": 0.0, "milliseconds": 108349}