{"cam/image_array": "3030_cam-image_array_.jpg", "user/angle": -0.016473159193992615, "user/throttle": 0.7344081401824951, "user/mode": "local", "pos/pos_x": 45.39878, "pos/pos_y": 0.555132, "pos/pos_z": 35.5592, "pos/speed": 13.3828, "pos/cte": -3.95071, "pilot/angle": 0.0, "pilot/throttle": 0.0, "milliseconds": 151655}