{"cam/image_array": "1788_cam-image_array_.jpg", "user/angle": 0.5375270843505859, "user/throttle": 0.8033031225204468, "user/mode": "local", "pos/pos_x": 78.6357, "pos/pos_y": 0.5537312, "pos/pos_z": -9.736286, "pos/speed": 9.295291, "pos/cte": -6.062544, "pilot/angle": 0.0, "pilot/throttle": 0.0, "milliseconds": 89474}