{"cam/image_array": "5591_cam-image_array_.jpg", "user/angle": 0.24986852705478668, "user/throttle": 0.6885576248168945, "user/mode": "local", "pos/pos_x": 57.03244, "pos/pos_y": 0.5556469, "pos/pos_z": -0.7265012, "pos/speed": 10.50534, "pos/cte": 2.31545, "pilot/angle": 0.0, "pilot/throttle": 0.0, "milliseconds": 279870}