{"cam/image_array": "4904_cam-image_array_.jpg", "user/angle": 0.04797929897904396, "user/throttle": 0.9130377769470215, "user/mode": "local", "pos/pos_x": 45.54791, "pos/pos_y": 0.5556294, "pos/pos_z": 27.93044, "pos/speed": 12.80824, "pos/cte": -3.735014, "pilot/angle": 0.0, "pilot/throttle": 0.0, "milliseconds": 245475}