{"cam/image_array": "5388_cam-image_array_.jpg", "user/angle": 0.2576741874217987, "user/throttle": 0.5471997261047363, "user/mode": "local", "pos/pos_x": 73.86823, "pos/pos_y": 0.5554284, "pos/pos_z": 72.50623, "pos/speed": 8.829754, "pos/cte": -6.460753, "pilot/angle": 0.0, "pilot/throttle": 0.0, "milliseconds": 269707}