{"cam/image_array": "152_cam-image_array_.jpg", "user/angle": -0.11947458982467651, "user/throttle": 0.8632360696792603, "user/mode": "local", "pos/pos_x": 71.63686, "pos/pos_y": 0.5553397, "pos/pos_z": 69.65551, "pos/speed": 9.826015, "pos/cte": -2.91261, "pilot/angle": 0.0, "pilot/throttle": 0.0, "milliseconds": 7569}