{"cam/image_array": "2955_cam-image_array_.jpg", "user/angle": 0.25587502121925354, "user/throttle": 0.5633653402328491, "user/mode": "local", "pos/pos_x": 59.85064, "pos/pos_y": 0.5508651, "pos/pos_z": -3.101365, "pos/speed": 9.592961, "pos/cte": 0.7360545, "pilot/angle": 0.0, "pilot/throttle": 0.0, "milliseconds": 147899}