{"cam/image_array": "1370_cam-image_array_.jpg", "user/angle": 0.4122518301010132, "user/throttle": 0.035413339734077454, "user/mode": "local", "pos/pos_x": 85.59567, "pos/pos_y": 0.5572209, "pos/pos_z": 9.650379, "pos/speed": 11.92005, "pos/cte": 0.01454619, "pilot/angle": 0.0, "pilot/throttle": 0.0, "milliseconds": 68547}