{"cam/image_array": "2903_cam-image_array_.jpg", "user/angle": 0.8430429100990295, "user/throttle": 0.6276239156723022, "user/mode": "local", "pos/pos_x": 82.74637, "pos/pos_y": 0.5531588, "pos/pos_z": -6.20072, "pos/speed": 8.674824, "pos/cte": -2.751823, "pilot/angle": 0.0, "pilot/throttle": 0.0, "milliseconds": 145296}