{"cam/image_array": "381_cam-image_array_.jpg", "user/angle": 0.13558466732501984, "user/throttle": 0.7922821044921875, "user/mode": "local", "pos/pos_x": 46.28633, "pos/pos_y": 0.5553465, "pos/pos_z": 21.61494, "pos/speed": 12.25662, "pos/cte": -3.224929, "pilot/angle": 0.0, "pilot/throttle": 0.0, "milliseconds": 19033}