{"cam/image_array": "5624_cam-image_array_.jpg", "user/angle": 0.13027846813201904, "user/throttle": 0.7208304405212402, "user/mode": "local", "pos/pos_x": 48.71123, "pos/pos_y": 0.5557534, "pos/pos_z": 14.66809, "pos/speed": 11.84229, "pos/cte": -1.10536, "pilot/angle": 0.0, "pilot/throttle": 0.0, "milliseconds": 281522}