{"cam/image_array": "2652_cam-image_array_.jpg", "user/angle": -0.0008465945720672607, "user/throttle": 0.7410322427749634, "user/mode": "local", "pos/pos_x": 45.54653, "pos/pos_y": 0.555676, "pos/pos_z": 35.19431, "pos/speed": 13.12421, "pos/cte": -3.79978, "pilot/angle": 0.0, "pilot/throttle": 0.0, "milliseconds": 132730}