{"cam/image_array": "562_cam-image_array_.jpg", "user/angle": -0.11014637351036072, "user/throttle": 0.8906021118164062, "user/mode": "local", "pos/pos_x": 78.28183, "pos/pos_y": 0.5546085, "pos/pos_z": 40.78762, "pos/speed": 12.5836, "pos/cte": -4.51474, "pilot/angle": 0.0, "pilot/throttle": 0.0, "milliseconds": 28095}