{"cam/image_array": "587_cam-image_array_.jpg", "user/angle": 0.021892838180065155, "user/throttle": 0.5700914859771729, "user/mode": "local", "pos/pos_x": 80.53139, "pos/pos_y": 0.5514848, "pos/pos_z": 24.06626, "pos/speed": 13.00461, "pos/cte": -6.19557, "pilot/angle": 0.0, "pilot/throttle": 0.0, "milliseconds": 29347}