{"cam/image_array": "5128_cam-image_array_.jpg", "user/angle": 0.8655439019203186, "user/throttle": 0.06669405102729797, "user/mode": "local", "pos/pos_x": 86.69914, "pos/pos_y": 0.555985, "pos/pos_z": 9.084278, "pos/speed": 12.60582, "pos/cte": -0.3551151, "pilot/angle": 0.0, "pilot/throttle": 0.0, "milliseconds": 256690}