{"cam/image_array": "4228_cam-image_array_.jpg", "user/angle": 1.0531044006347656, "user/throttle": 0.47394007444381714, "user/mode": "local", "pos/pos_x": 59.46016, "pos/pos_y": 0.553229, "pos/pos_z": 75.95484, "pos/speed": 10.41998, "pos/cte": 1.833037, "pilot/angle": 0.0, "pilot/throttle": 0.0, "milliseconds": 211631}