{"cam/image_array": "2056_cam-image_array_.jpg", "user/angle": -0.1620689183473587, "user/throttle": 0.8715240955352783, "user/mode": "local", "pos/pos_x": 78.00952, "pos/pos_y": 0.5548418, "pos/pos_z": 45.39752, "pos/speed": 12.1491, "pos/cte": -2.007711, "pilot/angle": 0.0, "pilot/throttle": 0.0, "milliseconds": 102892}