{"cam/image_array": "5100_cam-image_array_.jpg", "user/angle": -0.02177458256483078, "user/throttle": 0.528092622756958, "user/mode": "local", "pos/pos_x": 79.73019, "pos/pos_y": 0.5472606, "pos/pos_z": 26.06002, "pos/speed": 13.28445, "pos/cte": -6.428645, "pilot/angle": 0.0, "pilot/throttle": 0.0, "milliseconds": 255288}