{"cam/image_array": "508_cam-image_array_.jpg", "user/angle": 0.14178098738193512, "user/throttle": 0.46285563707351685, "user/mode": "local", "pos/pos_x": 73.10797, "pos/pos_y": 0.5523323, "pos/pos_z": 69.09043, "pos/speed": 9.573561, "pos/cte": -3.66426, "pilot/angle": 0.0, "pilot/throttle": 0.0, "milliseconds": 25392}