{"cam/image_array": "3148_cam-image_array_.jpg", "user/angle": 0.26186585426330566, "user/throttle": 0.47202861309051514, "user/mode": "local", "pos/pos_x": 74.93192, "pos/pos_y": 0.5545336, "pos/pos_z": 63.93145, "pos/speed": 9.59149, "pos/cte": -1.700711, "pilot/angle": 0.0, "pilot/throttle": 0.0, "milliseconds": 157561}