{"cam/image_array": "993_cam-image_array_.jpg", "user/angle": 0.9061175584793091, "user/throttle": 0.12814082205295563, "user/mode": "local", "pos/pos_x": 87.01052, "pos/pos_y": 0.55703, "pos/pos_z": 8.705524, "pos/speed": 12.21624, "pos/cte": -0.3032173, "pilot/angle": 0.0, "pilot/throttle": 0.0, "milliseconds": 49673}