{"cam/image_array": "4509_cam-image_array_.jpg", "user/angle": 0.10021713376045227, "user/throttle": 0.7552579641342163, "user/mode": "local", "pos/pos_x": 46.44211, "pos/pos_y": 0.5555549, "pos/pos_z": 21.48726, "pos/speed": 11.97172, "pos/cte": -3.074873, "pilot/angle": 0.0, "pilot/throttle": 0.0, "milliseconds": 225700}