{"cam/image_array": "1534_cam-image_array_.jpg", "user/angle": -0.03837747126817703, "user/throttle": 0.6859774589538574, "user/mode": "local", "pos/pos_x": 44.91108, "pos/pos_y": 0.5549659, "pos/pos_z": 42.2066, "pos/speed": 13.80182, "pos/cte": -4.496395, "pilot/angle": 0.0, "pilot/throttle": 0.0, "milliseconds": 76758}