{"cam/image_array": "2601_cam-image_array_.jpg", "user/angle": 0.11288104951381683, "user/throttle": 0.7054306268692017, "user/mode": "local", "pos/pos_x": 52.18784, "pos/pos_y": 0.5578508, "pos/pos_z": 6.376925, "pos/speed": 10.82404, "pos/cte": 2.006286, "pilot/angle": 0.0, "pilot/throttle": 0.0, "milliseconds": 130177}