{"cam/image_array": "688_cam-image_array_.jpg", "user/angle": 0.053032804280519485, "user/throttle": 0.5751971006393433, "user/mode": "local", "pos/pos_x": 65.28181, "pos/pos_y": 0.5561921, "pos/pos_z": -6.687524, "pos/speed": 10.29508, "pos/cte": -2.897364, "pilot/angle": 0.0, "pilot/throttle": 0.0, "milliseconds": 34403}