{"cam/image_array": "4879_cam-image_array_.jpg", "user/angle": 0.13131466507911682, "user/throttle": 0.6440111398696899, "user/mode": "local", "pos/pos_x": 48.55524, "pos/pos_y": 0.5566411, "pos/pos_z": 13.66251, "pos/speed": 11.70097, "pos/cte": -1.305065, "pilot/angle": 0.0, "pilot/throttle": 0.0, "milliseconds": 244224}