{"cam/image_array": "3752_cam-image_array_.jpg", "user/angle": 0.11341629922389984, "user/throttle": 0.6330236196517944, "user/mode": "local", "pos/pos_x": 48.12886, "pos/pos_y": 0.5554991, "pos/pos_z": 16.61022, "pos/speed": 12.04192, "pos/cte": -1.602463, "pilot/angle": 0.0, "pilot/throttle": 0.0, "milliseconds": 187800}