{"cam/image_array": "5099_cam-image_array_.jpg", "user/angle": -0.12407706677913666, "user/throttle": 0.5597132444381714, "user/mode": "local", "pos/pos_x": 79.40192, "pos/pos_y": 0.5507096, "pos/pos_z": 27.34427, "pos/speed": 13.19345, "pos/cte": -6.599418, "pilot/angle": 0.0, "pilot/throttle": 0.0, "milliseconds": 255238}