{"cam/image_array": "1087_cam-image_array_.jpg", "user/angle": 0.20594805479049683, "user/throttle": 0.5633127689361572, "user/mode": "local", "pos/pos_x": 57.96627, "pos/pos_y": 0.5520478, "pos/pos_z": -2.234754, "pos/speed": 10.41322, "pos/cte": 1.269246, "pilot/angle": 0.0, "pilot/throttle": 0.0, "milliseconds": 54379}