{"cam/image_array": "4817_cam-image_array_.jpg", "user/angle": 0.4370103180408478, "user/throttle": 0.48749712109565735, "user/mode": "local", "pos/pos_x": 71.2364, "pos/pos_y": 0.5547506, "pos/pos_z": -8.071301, "pos/speed": 9.506903, "pos/cte": -4.333051, "pilot/angle": 0.0, "pilot/throttle": 0.0, "milliseconds": 241119}