{"cam/image_array": "3481_cam-image_array_.jpg", "user/angle": 0.7833317518234253, "user/throttle": 0.42109212279319763, "user/mode": "local", "pos/pos_x": 58.7681, "pos/pos_y": 0.5551043, "pos/pos_z": 75.73403, "pos/speed": 10.33337, "pos/cte": 2.262026, "pilot/angle": 0.0, "pilot/throttle": 0.0, "milliseconds": 174233}