{"cam/image_array": "182_cam-image_array_.jpg", "user/angle": 0.20294463634490967, "user/throttle": 0.8119293451309204, "user/mode": "local", "pos/pos_x": 77.8035, "pos/pos_y": 0.552014, "pos/pos_z": 54.48658, "pos/speed": 11.4853, "pos/cte": 0.4770725, "pilot/angle": 0.0, "pilot/throttle": 0.0, "milliseconds": 9071}