{"cam/image_array": "4639_cam-image_array_.jpg", "user/angle": 0.3724183440208435, "user/throttle": 0.7576543092727661, "user/mode": "local", "pos/pos_x": 68.56243, "pos/pos_y": 0.5533934, "pos/pos_z": 77.86473, "pos/speed": 8.402324, "pos/cte": -5.906255, "pilot/angle": 0.0, "pilot/throttle": 0.0, "milliseconds": 232209}