{"cam/image_array": "2839_cam-image_array_.jpg", "user/angle": 0.009013432078063488, "user/throttle": 0.19827985763549805, "user/mode": "local", "pos/pos_x": 80.28871, "pos/pos_y": 0.5557826, "pos/pos_z": 26.8861, "pos/speed": 12.52473, "pos/cte": -7.331521, "pilot/angle": 0.0, "pilot/throttle": 0.0, "milliseconds": 142092}