{"cam/image_array": "5301_cam-image_array_.jpg", "user/angle": 0.271439790725708, "user/throttle": 0.23652735352516174, "user/mode": "local", "pos/pos_x": 43.86578, "pos/pos_y": 0.556293, "pos/pos_z": 47.65199, "pos/speed": 14.20824, "pos/cte": -5.589168, "pilot/angle": 0.0, "pilot/throttle": 0.0, "milliseconds": 265351}