{"cam/image_array": "4513_cam-image_array_.jpg", "user/angle": 0.10663574934005737, "user/throttle": 0.7461248636245728, "user/mode": "local", "pos/pos_x": 46.02384, "pos/pos_y": 0.5538968, "pos/pos_z": 23.85971, "pos/speed": 12.0834, "pos/cte": -3.389257, "pilot/angle": 0.0, "pilot/throttle": 0.0, "milliseconds": 225900}