{"cam/image_array": "1099_cam-image_array_.jpg", "user/angle": 0.10988280177116394, "user/throttle": 0.7463817596435547, "user/mode": "local", "pos/pos_x": 53.91745, "pos/pos_y": 0.5574046, "pos/pos_z": 2.537363, "pos/speed": 10.59836, "pos/cte": 2.638929, "pilot/angle": 0.0, "pilot/throttle": 0.0, "milliseconds": 54980}