{"cam/image_array": "3122_cam-image_array_.jpg", "user/angle": 0.47307726740837097, "user/throttle": 0.49023061990737915, "user/mode": "local", "pos/pos_x": 67.19736, "pos/pos_y": 0.5524545, "pos/pos_z": 73.69564, "pos/speed": 9.493839, "pos/cte": -2.160644, "pilot/angle": 0.0, "pilot/throttle": 0.0, "milliseconds": 156260}