{"cam/image_array": "5063_cam-image_array_.jpg", "user/angle": -0.024861011654138565, "user/throttle": 0.6982958316802979, "user/mode": "local", "pos/pos_x": 78.71026, "pos/pos_y": 0.5564137, "pos/pos_z": 49.69497, "pos/speed": 11.72348, "pos/cte": -0.7562896, "pilot/angle": 0.0, "pilot/throttle": 0.0, "milliseconds": 253436}