{"cam/image_array": "87_cam-image_array_.jpg", "user/angle": 0.7784481644630432, "user/throttle": 0.09813284873962402, "user/mode": "local", "pos/pos_x": 51.67318, "pos/pos_y": 0.5536389, "pos/pos_z": 79.37637, "pos/speed": 10.12418, "pos/cte": -2.610755, "pilot/angle": 0.0, "pilot/throttle": 0.0, "milliseconds": 4315}