{"cam/image_array": "3835_cam-image_array_.jpg", "user/angle": 0.3751101493835449, "user/throttle": 0.14058485627174377, "user/mode": "local", "pos/pos_x": 50.15573, "pos/pos_y": 0.557311, "pos/pos_z": 69.56153, "pos/speed": 11.97177, "pos/cte": 0.4657326, "pilot/angle": 0.0, "pilot/throttle": 0.0, "milliseconds": 191956}