{"cam/image_array": "5374_cam-image_array_.jpg", "user/angle": 0.7830145955085754, "user/throttle": 0.311358779668808, "user/mode": "local", "pos/pos_x": 68.64184, "pos/pos_y": 0.5526339, "pos/pos_z": 76.16426, "pos/speed": 9.668779, "pos/cte": -4.86227, "pilot/angle": 0.0, "pilot/throttle": 0.0, "milliseconds": 269006}