{"cam/image_array": "3862_cam-image_array_.jpg", "user/angle": 0.7357199788093567, "user/throttle": 0.4660394489765167, "user/mode": "local", "pos/pos_x": 62.41879, "pos/pos_y": 0.5522408, "pos/pos_z": 76.85793, "pos/speed": 10.13383, "pos/cte": -0.5590231, "pilot/angle": 0.0, "pilot/throttle": 0.0, "milliseconds": 193308}