{"cam/image_array": "532_cam-image_array_.jpg", "user/angle": 0.4296407699584961, "user/throttle": 1.0279659032821655, "user/mode": "local", "pos/pos_x": 77.45415, "pos/pos_y": 0.5560267, "pos/pos_z": 58.08937, "pos/speed": 10.54187, "pos/cte": -0.1811682, "pilot/angle": 0.0, "pilot/throttle": 0.0, "milliseconds": 26594}