{"cam/image_array": "1078_cam-image_array_.jpg", "user/angle": 0.44118455052375793, "user/throttle": 0.49091818928718567, "user/mode": "local", "pos/pos_x": 62.40646, "pos/pos_y": 0.5569072, "pos/pos_z": -4.959288, "pos/speed": 10.40525, "pos/cte": -1.144101, "pilot/angle": 0.0, "pilot/throttle": 0.0, "milliseconds": 53929}