{"cam/image_array": "115_cam-image_array_.jpg", "user/angle": 0.7134434580802917, "user/throttle": 0.8582891225814819, "user/mode": "local", "pos/pos_x": 62.9472, "pos/pos_y": 0.5532961, "pos/pos_z": 82.66343, "pos/speed": 8.148936, "pos/cte": -5.63533, "pilot/angle": 0.0, "pilot/throttle": 0.0, "milliseconds": 5717}