{"cam/image_array": "908_cam-image_array_.jpg", "user/angle": 0.27958473563194275, "user/throttle": 0.8601983785629272, "user/mode": "local", "pos/pos_x": 78.17763, "pos/pos_y": 0.5559644, "pos/pos_z": 59.18015, "pos/speed": 10.04084, "pos/cte": -1.358153, "pilot/angle": 0.0, "pilot/throttle": 0.0, "milliseconds": 45418}