{"cam/image_array": "2851_cam-image_array_.jpg", "user/angle": -0.025291595607995987, "user/throttle": 0.19179320335388184, "user/mode": "local", "pos/pos_x": 82.3793, "pos/pos_y": 0.5564109, "pos/pos_z": 19.73867, "pos/speed": 12.32235, "pos/cte": -4.926541, "pilot/angle": 0.0, "pilot/throttle": 0.0, "milliseconds": 142693}