{"cam/image_array": "456_cam-image_array_.jpg", "user/angle": 0.34162572026252747, "user/throttle": 0.3270258605480194, "user/mode": "local", "pos/pos_x": 49.71324, "pos/pos_y": 0.5528408, "pos/pos_z": 69.42982, "pos/speed": 11.84541, "pos/cte": 0.02323914, "pilot/angle": 0.0, "pilot/throttle": 0.0, "milliseconds": 22788}