{"cam/image_array": "2674_cam-image_array_.jpg", "user/angle": 0.09902320802211761, "user/throttle": 0.3111839294433594, "user/mode": "local", "pos/pos_x": 45.23708, "pos/pos_y": 0.5624669, "pos/pos_z": 50.98637, "pos/speed": 13.85886, "pos/cte": -4.452915, "pilot/angle": 0.0, "pilot/throttle": 0.0, "milliseconds": 133831}