{"cam/image_array": "5075_cam-image_array_.jpg", "user/angle": -0.1525609791278839, "user/throttle": 0.8154798746109009, "user/mode": "local", "pos/pos_x": 78.56041, "pos/pos_y": 0.5535291, "pos/pos_z": 42.40991, "pos/speed": 12.48392, "pos/cte": -3.958348, "pilot/angle": 0.0, "pilot/throttle": 0.0, "milliseconds": 254036}