{"cam/image_array": "5589_cam-image_array_.jpg", "user/angle": 0.28520745038986206, "user/throttle": 0.5892248153686523, "user/mode": "local", "pos/pos_x": 57.80154, "pos/pos_y": 0.5547349, "pos/pos_z": -1.43381, "pos/speed": 10.3708, "pos/cte": 2.026759, "pilot/angle": 0.0, "pilot/throttle": 0.0, "milliseconds": 279770}