{"cam/image_array": "2187_cam-image_array_.jpg", "user/angle": 0.073481485247612, "user/throttle": 0.5226672887802124, "user/mode": "local", "pos/pos_x": 69.30133, "pos/pos_y": 0.5526998, "pos/pos_z": -8.290756, "pos/speed": 10.16811, "pos/cte": -4.535612, "pilot/angle": 0.0, "pilot/throttle": 0.0, "milliseconds": 109450}