{"cam/image_array": "2780_cam-image_array_.jpg", "user/angle": 0.45830124616622925, "user/throttle": 0.7207233905792236, "user/mode": "local", "pos/pos_x": 76.31624, "pos/pos_y": 0.5574436, "pos/pos_z": 60.70306, "pos/speed": 10.03496, "pos/cte": -0.6566871, "pilot/angle": 0.0, "pilot/throttle": 0.0, "milliseconds": 139138}