{"cam/image_array": "5111_cam-image_array_.jpg", "user/angle": 0.10812486708164215, "user/throttle": 0.20829540491104126, "user/mode": "local", "pos/pos_x": 82.11917, "pos/pos_y": 0.5593634, "pos/pos_z": 19.91477, "pos/speed": 13.22136, "pos/cte": -4.929114, "pilot/angle": 0.0, "pilot/throttle": 0.0, "milliseconds": 255839}