{"cam/image_array": "1675_cam-image_array_.jpg", "user/angle": -0.1576859951019287, "user/throttle": 0.765934944152832, "user/mode": "local", "pos/pos_x": 78.64728, "pos/pos_y": 0.5532801, "pos/pos_z": 48.73971, "pos/speed": 11.67385, "pos/cte": -1.074394, "pilot/angle": 0.0, "pilot/throttle": 0.0, "milliseconds": 83817}