{"cam/image_array": "1137_cam-image_array_.jpg", "user/angle": 0.059531908482313156, "user/throttle": 0.7833918333053589, "user/mode": "local", "pos/pos_x": 46.30392, "pos/pos_y": 0.5550739, "pos/pos_z": 22.42163, "pos/speed": 12.34932, "pos/cte": -3.172169, "pilot/angle": 0.0, "pilot/throttle": 0.0, "milliseconds": 56883}