{"cam/image_array": "3642_cam-image_array_.jpg", "user/angle": 0.9555912613868713, "user/throttle": 0.6541208028793335, "user/mode": "local", "pos/pos_x": 87.383, "pos/pos_y": 0.5550326, "pos/pos_z": 0.7153944, "pos/speed": 10.69259, "pos/cte": 0.2125835, "pilot/angle": 0.0, "pilot/throttle": 0.0, "milliseconds": 182293}