{"cam/image_array": "3453_cam-image_array_.jpg", "user/angle": 0.11399979889392853, "user/throttle": 0.33485129475593567, "user/mode": "local", "pos/pos_x": 47.84346, "pos/pos_y": 0.5567135, "pos/pos_z": 64.60332, "pos/speed": 12.12078, "pos/cte": -1.846535, "pilot/angle": 0.0, "pilot/throttle": 0.0, "milliseconds": 172831}