{"cam/image_array": "2635_cam-image_array_.jpg", "user/angle": 0.07336296141147614, "user/throttle": 0.8650054931640625, "user/mode": "local", "pos/pos_x": 46.2823, "pos/pos_y": 0.555223, "pos/pos_z": 25.10073, "pos/speed": 12.20781, "pos/cte": -3.076918, "pilot/angle": 0.0, "pilot/throttle": 0.0, "milliseconds": 131880}