{"cam/image_array": "602_cam-image_array_.jpg", "user/angle": 0.1675937920808792, "user/throttle": 0.10473736375570297, "user/mode": "local", "pos/pos_x": 84.41719, "pos/pos_y": 0.5540312, "pos/pos_z": 14.88333, "pos/speed": 13.00992, "pos/cte": -2.891845, "pilot/angle": 0.0, "pilot/throttle": 0.0, "milliseconds": 30098}