{"cam/image_array": "3970_cam-image_array_.jpg", "user/angle": -0.012182720005512238, "user/throttle": 0.535865306854248, "user/mode": "local", "pos/pos_x": 80.52197, "pos/pos_y": 0.5529799, "pos/pos_z": 25.74748, "pos/speed": 13.00513, "pos/cte": -7.060836, "pilot/angle": 0.0, "pilot/throttle": 0.0, "milliseconds": 198715}