{"cam/image_array": "5038_cam-image_array_.jpg", "user/angle": 0.15299320220947266, "user/throttle": 0.7809292078018188, "user/mode": "local", "pos/pos_x": 76.06657, "pos/pos_y": 0.5548971, "pos/pos_z": 63.24635, "pos/speed": 9.728159, "pos/cte": -2.118569, "pilot/angle": 0.0, "pilot/throttle": 0.0, "milliseconds": 252184}