{"cam/image_array": "1325_cam-image_array_.jpg", "user/angle": -0.06496679782867432, "user/throttle": 0.5597774982452393, "user/mode": "local", "pos/pos_x": 77.99899, "pos/pos_y": 0.5493521, "pos/pos_z": 37.31593, "pos/speed": 12.64485, "pos/cte": -5.492824, "pilot/angle": 0.0, "pilot/throttle": 0.0, "milliseconds": 66294}