{"cam/image_array": "3390_cam-image_array_.jpg", "user/angle": 0.03674941137433052, "user/throttle": 0.8600982427597046, "user/mode": "local", "pos/pos_x": 45.93067, "pos/pos_y": 0.5554161, "pos/pos_z": 24.9361, "pos/speed": 11.96608, "pos/cte": -3.435388, "pilot/angle": 0.0, "pilot/throttle": 0.0, "milliseconds": 169678}