{"cam/image_array": "3065_cam-image_array_.jpg", "user/angle": 0.5297644734382629, "user/throttle": 0.14777085185050964, "user/mode": "local", "pos/pos_x": 44.97366, "pos/pos_y": 0.5555918, "pos/pos_z": 59.67278, "pos/speed": 13.29689, "pos/cte": -4.716339, "pilot/angle": 0.0, "pilot/throttle": 0.0, "milliseconds": 153406}