{"cam/image_array": "4006_cam-image_array_.jpg", "user/angle": 1.0653554201126099, "user/throttle": 0.6435397863388062, "user/mode": "local", "pos/pos_x": 88.09554, "pos/pos_y": 0.552467, "pos/pos_z": 4.207956, "pos/speed": 11.04394, "pos/cte": 0.0889158, "pilot/angle": 0.0, "pilot/throttle": 0.0, "milliseconds": 200517}