{"cam/image_array": "4014_cam-image_array_.jpg", "user/angle": 1.1173797845840454, "user/throttle": 0.44577130675315857, "user/mode": "local", "pos/pos_x": 87.49199, "pos/pos_y": 0.5521278, "pos/pos_z": -0.01082146, "pos/speed": 10.52031, "pos/cte": -0.3560488, "pilot/angle": 0.0, "pilot/throttle": 0.0, "milliseconds": 200917}