{"cam/image_array": "764_cam-image_array_.jpg", "user/angle": -0.05627461150288582, "user/throttle": 1.03565514087677, "user/mode": "local", "pos/pos_x": 45.59246, "pos/pos_y": 0.5553965, "pos/pos_z": 29.75219, "pos/speed": 12.99472, "pos/cte": -3.706364, "pilot/angle": 0.0, "pilot/throttle": 0.0, "milliseconds": 38208}