{"cam/image_array": "2356_cam-image_array_.jpg", "user/angle": 1.1760367155075073, "user/throttle": 0.14857113361358643, "user/mode": "local", "pos/pos_x": 62.14856, "pos/pos_y": 0.5520318, "pos/pos_z": 76.25084, "pos/speed": 10.85913, "pos/cte": 0.09539306, "pilot/angle": 0.0, "pilot/throttle": 0.0, "milliseconds": 117911}