{"cam/image_array": "3237_cam-image_array_.jpg", "user/angle": 0.1604773849248886, "user/throttle": 0.11477774381637573, "user/mode": "local", "pos/pos_x": 84.60912, "pos/pos_y": 0.5547426, "pos/pos_z": 14.00622, "pos/speed": 12.49644, "pos/cte": -2.400767, "pilot/angle": 0.0, "pilot/throttle": 0.0, "milliseconds": 162017}