{"cam/image_array": "3363_cam-image_array_.jpg", "user/angle": 0.025163672864437103, "user/throttle": 0.7905653715133667, "user/mode": "local", "pos/pos_x": 50.59201, "pos/pos_y": 0.5570513, "pos/pos_z": 9.154503, "pos/speed": 10.58707, "pos/cte": 0.5331387, "pilot/angle": 0.0, "pilot/throttle": 0.0, "milliseconds": 168326}