{"cam/image_array": "2098_cam-image_array_.jpg", "user/angle": -0.16713951528072357, "user/throttle": 0.3107369840145111, "user/mode": "local", "pos/pos_x": 82.53045, "pos/pos_y": 0.55661, "pos/pos_z": 18.95932, "pos/speed": 13.15389, "pos/cte": -4.476612, "pilot/angle": 0.0, "pilot/throttle": 0.0, "milliseconds": 104995}