{"cam/image_array": "1524_cam-image_array_.jpg", "user/angle": -0.0500674806535244, "user/throttle": 0.8455088138580322, "user/mode": "local", "pos/pos_x": 45.33022, "pos/pos_y": 0.5548345, "pos/pos_z": 35.42813, "pos/speed": 13.31061, "pos/cte": -4.018121, "pilot/angle": 0.0, "pilot/throttle": 0.0, "milliseconds": 76258}