{"cam/image_array": "3632_cam-image_array_.jpg", "user/angle": 0.7582689523696899, "user/throttle": 0.13646070659160614, "user/mode": "local", "pos/pos_x": 87.5089, "pos/pos_y": 0.5547702, "pos/pos_z": 6.293261, "pos/speed": 11.96366, "pos/cte": 0.3002372, "pilot/angle": 0.0, "pilot/throttle": 0.0, "milliseconds": 181793}