{"cam/image_array": "4870_cam-image_array_.jpg", "user/angle": 0.01968500018119812, "user/throttle": 0.7999956607818604, "user/mode": "local", "pos/pos_x": 50.80132, "pos/pos_y": 0.5557441, "pos/pos_z": 8.392451, "pos/speed": 11.13339, "pos/cte": 0.7090042, "pilot/angle": 0.0, "pilot/throttle": 0.0, "milliseconds": 243773}