{"cam/image_array": "5518_cam-image_array_.jpg", "user/angle": 1.0856736898422241, "user/throttle": 0.8376991748809814, "user/mode": "local", "pos/pos_x": 87.26987, "pos/pos_y": 0.5527161, "pos/pos_z": 1.867754, "pos/speed": 10.30469, "pos/cte": 0.610638, "pilot/angle": 0.0, "pilot/throttle": 0.0, "milliseconds": 276215}