{"cam/image_array": "4895_cam-image_array_.jpg", "user/angle": 0.08122065663337708, "user/throttle": 0.8228793144226074, "user/mode": "local", "pos/pos_x": 46.04739, "pos/pos_y": 0.5550255, "pos/pos_z": 22.93201, "pos/speed": 12.31201, "pos/cte": -3.406201, "pilot/angle": 0.0, "pilot/throttle": 0.0, "milliseconds": 245025}