{"cam/image_array": "3106_cam-image_array_.jpg", "user/angle": 0.894515335559845, "user/throttle": 0.7077052593231201, "user/mode": "local", "pos/pos_x": 59.57014, "pos/pos_y": 0.5550116, "pos/pos_z": 75.19173, "pos/speed": 10.32729, "pos/cte": 2.521811, "pilot/angle": 0.0, "pilot/throttle": 0.0, "milliseconds": 155459}