{"cam/image_array": "3948_cam-image_array_.jpg", "user/angle": -0.18302318453788757, "user/throttle": 0.8443446159362793, "user/mode": "local", "pos/pos_x": 78.25378, "pos/pos_y": 0.557055, "pos/pos_z": 39.69274, "pos/speed": 12.45886, "pos/cte": -4.916088, "pilot/angle": 0.0, "pilot/throttle": 0.0, "milliseconds": 197614}