{"cam/image_array": "682_cam-image_array_.jpg", "user/angle": 0.15019433200359344, "user/throttle": 0.45996302366256714, "user/mode": "local", "pos/pos_x": 68.10506, "pos/pos_y": 0.5535851, "pos/pos_z": -7.910768, "pos/speed": 10.28686, "pos/cte": -4.145198, "pilot/angle": 0.0, "pilot/throttle": 0.0, "milliseconds": 34103}