{"cam/image_array": "850_cam-image_array_.jpg", "user/angle": 1.219730019569397, "user/throttle": 0.1647270768880844, "user/mode": "local", "pos/pos_x": 61.52732, "pos/pos_y": 0.5520964, "pos/pos_z": 76.60178, "pos/speed": 10.8909, "pos/cte": 0.151847, "pilot/angle": 0.0, "pilot/throttle": 0.0, "milliseconds": 42514}