{"cam/image_array": "3972_cam-image_array_.jpg", "user/angle": -0.01575401797890663, "user/throttle": 0.447604775428772, "user/mode": "local", "pos/pos_x": 80.92657, "pos/pos_y": 0.5540974, "pos/pos_z": 24.52194, "pos/speed": 12.84109, "pos/cte": -6.827805, "pilot/angle": 0.0, "pilot/throttle": 0.0, "milliseconds": 198815}