{"cam/image_array": "370_cam-image_array_.jpg", "user/angle": 0.17111557722091675, "user/throttle": 0.6688748598098755, "user/mode": "local", "pos/pos_x": 47.90557, "pos/pos_y": 0.5553711, "pos/pos_z": 15.77106, "pos/speed": 11.93019, "pos/cte": -1.862143, "pilot/angle": 0.0, "pilot/throttle": 0.0, "milliseconds": 18483}