{"cam/image_array": "2423_cam-image_array_.jpg", "user/angle": 0.029447879642248154, "user/throttle": 0.9182558059692383, "user/mode": "local", "pos/pos_x": 79.00246, "pos/pos_y": 0.5551671, "pos/pos_z": 52.72583, "pos/speed": 11.15596, "pos/cte": -0.6460514, "pilot/angle": 0.0, "pilot/throttle": 0.0, "milliseconds": 121265}