{"cam/image_array": "988_cam-image_array_.jpg", "user/angle": 0.5108507871627808, "user/throttle": -0.003307212144136429, "user/mode": "local", "pos/pos_x": 85.38559, "pos/pos_y": 0.5546885, "pos/pos_z": 12.03552, "pos/speed": 12.49398, "pos/cte": -1.539407, "pilot/angle": 0.0, "pilot/throttle": 0.0, "milliseconds": 49423}