{"cam/image_array": "1400_cam-image_array_.jpg", "user/angle": 0.9220986366271973, "user/throttle": 0.43893054127693176, "user/mode": "local", "pos/pos_x": 82.87756, "pos/pos_y": 0.5540313, "pos/pos_z": -4.371217, "pos/speed": 9.655923, "pos/cte": -1.023918, "pilot/angle": 0.0, "pilot/throttle": 0.0, "milliseconds": 70049}