{"cam/image_array": "933_cam-image_array_.jpg", "user/angle": 0.030396435438093204, "user/throttle": 0.0, "user/mode": "local", "pilot/angle": 0.8307167887687683, "pilot/throttle": 0.6253292560577393, "milliseconds": 218522}