{"cam/image_array": "410_cam-image_array_.jpg", "user/angle": 0.030396435438093204, "user/throttle": 0.0, "user/mode": "local", "pilot/angle": 0.09654133021831512, "pilot/throttle": 0.6478332281112671, "milliseconds": 101270}