{"cam/image_array": "1946_cam-image_array_.jpg", "user/angle": 0.030396435438093204, "user/throttle": 0.0, "user/mode": "local", "pilot/angle": 0.120418980717659, "pilot/throttle": 0.7102057337760925, "milliseconds": 445679}