{"cam/image_array": "3074_cam-image_array_.jpg", "user/angle": 0.030396435438093204, "user/throttle": 0.0, "user/mode": "local", "pilot/angle": -0.3955021798610687, "pilot/throttle": 0.703011155128479, "milliseconds": 698608}