{"cam/image_array": "2786_cam-image_array_.jpg", "user/angle": 0.030396435438093204, "user/throttle": 0.0, "user/mode": "local", "pilot/angle": 0.05451193451881409, "pilot/throttle": 0.6682212948799133, "milliseconds": 634022}