{"cam/image_array": "2993_cam-image_array_.jpg", "user/angle": 0.030396435438093204, "user/throttle": 0.0, "user/mode": "local", "pilot/angle": 0.6531827449798584, "pilot/throttle": 0.32550403475761414, "milliseconds": 680442}