{"cam/image_array": "4226_cam-image_array_.jpg", "user/angle": 0.030396435438093204, "user/throttle": 0.0, "user/mode": "local", "pilot/angle": -0.056139446794986725, "pilot/throttle": 0.739415168762207, "milliseconds": 956915}