{"cam/image_array": "493_cam-image_array_.jpg", "user/angle": 0.030396435438093204, "user/throttle": 0.0, "user/mode": "local", "pilot/angle": -0.05511610954999924, "pilot/throttle": 0.579403281211853, "milliseconds": 119877}