{"cam/image_array": "1950_cam-image_array_.jpg", "user/angle": 0.030396435438093204, "user/throttle": 0.0, "user/mode": "local", "pilot/angle": -0.5699172019958496, "pilot/throttle": 0.7059469819068909, "milliseconds": 446577}