{"cam/image_array": "2823_cam-image_array_.jpg", "user/angle": 0.030396435438093204, "user/throttle": 0.0, "user/mode": "local", "pilot/angle": 0.922877311706543, "pilot/throttle": 0.732697069644928, "milliseconds": 642319}