{"cam/image_array": "3605_cam-image_array_.jpg", "user/angle": 0.030396435438093204, "user/throttle": 0.0, "user/mode": "local", "pilot/angle": 0.5826950073242188, "pilot/throttle": 0.37265169620513916, "milliseconds": 817662}