{"cam/image_array": "3159_cam-image_array_.jpg", "user/angle": 0.030396435438093204, "user/throttle": 0.0, "user/mode": "local", "pilot/angle": 0.6435587406158447, "pilot/throttle": 0.6248155832290649, "milliseconds": 717665}