{"cam/image_array": "1101_cam-image_array_.jpg", "user/angle": 0.030396435438093204, "user/throttle": 0.0, "user/mode": "local", "pilot/angle": 0.7064617872238159, "pilot/throttle": 0.5779292583465576, "milliseconds": 256194}