{"cam/image_array": "3070_cam-image_array_.jpg", "user/angle": 0.030396435438093204, "user/throttle": 0.0, "user/mode": "local", "pilot/angle": -0.5543332695960999, "pilot/throttle": 0.8390148878097534, "milliseconds": 697711}