{"cam/image_array": "3362_cam-image_array_.jpg", "user/angle": 0.030396435438093204, "user/throttle": 0.0, "user/mode": "local", "pilot/angle": 0.613174557685852, "pilot/throttle": 0.7362893223762512, "milliseconds": 763183}