{"cam/image_array": "3104_cam-image_array_.jpg", "user/angle": 0.030396435438093204, "user/throttle": 0.0, "user/mode": "local", "pilot/angle": 0.9836986660957336, "pilot/throttle": 0.5492408871650696, "milliseconds": 705336}