{"cam/image_array": "423_cam-image_array_.jpg", "user/angle": 0.030396435438093204, "user/throttle": 0.0, "user/mode": "local", "pilot/angle": 0.7888520359992981, "pilot/throttle": 0.42226675152778625, "milliseconds": 104184}