{"cam/image_array": "1067_cam-image_array_.jpg", "user/angle": 0.030396435438093204, "user/throttle": 0.0, "user/mode": "local", "pilot/angle": 0.12941649556159973, "pilot/throttle": 0.5601134896278381, "milliseconds": 248568}