{"cam/image_array": "905_cam-image_array_.jpg", "user/angle": 0.030396435438093204, "user/throttle": 0.0, "user/mode": "local", "pilot/angle": -0.18440604209899902, "pilot/throttle": 0.5067300796508789, "milliseconds": 212242}