{"cam/image_array": "2354_cam-image_array_.jpg", "user/angle": 0.030396435438093204, "user/throttle": 0.0, "user/mode": "local", "pilot/angle": 0.901246190071106, "pilot/throttle": 0.7176642417907715, "milliseconds": 537166}