{"cam/image_array": "4541_cam-image_array_.jpg", "user/angle": 0.030396435438093204, "user/throttle": 0.0, "user/mode": "local", "pilot/angle": 0.06096852570772171, "pilot/throttle": 0.6274694800376892, "milliseconds": 1027532}