{"cam/image_array": "949_cam-image_array_.jpg", "user/angle": 0.030396435438093204, "user/throttle": 0.0, "user/mode": "local", "pilot/angle": -0.03498939424753189, "pilot/throttle": 0.8220250606536865, "milliseconds": 222108}