{"cam/image_array": "761_cam-image_array_.jpg", "user/angle": 0.030396435438093204, "user/throttle": 0.0, "user/mode": "local", "pilot/angle": 0.025824766606092453, "pilot/throttle": 0.6078695058822632, "milliseconds": 179953}