{"cam/image_array": "2330_cam-image_array_.jpg", "user/angle": 0.030396435438093204, "user/throttle": 0.0, "user/mode": "local", "pilot/angle": 0.8381990194320679, "pilot/throttle": 0.6430455446243286, "milliseconds": 531785}