{"cam/image_array": "532_cam-image_array_.jpg", "user/angle": 0.030396435438093204, "user/throttle": 0.0, "user/mode": "local", "pilot/angle": -0.046323321759700775, "pilot/throttle": 0.6920885443687439, "milliseconds": 128621}