{"cam/image_array": "2138_cam-image_array_.jpg", "user/angle": 0.030396435438093204, "user/throttle": 0.0, "user/mode": "local", "pilot/angle": -0.42356204986572266, "pilot/throttle": 0.714789628982544, "milliseconds": 488733}