{"cam/image_array": "4583_cam-image_array_.jpg", "user/angle": 0.030396435438093204, "user/throttle": 0.0, "user/mode": "local", "pilot/angle": -0.3816159963607788, "pilot/throttle": 0.7392361760139465, "milliseconds": 1036952}