{"cam/image_array": "685_cam-image_array_.jpg", "user/angle": 0.030396435438093204, "user/throttle": 0.0, "user/mode": "local", "pilot/angle": -0.0641535297036171, "pilot/throttle": 0.6944863796234131, "milliseconds": 162915}