{"cam/image_array": "3777_cam-image_array_.jpg", "user/angle": 0.030396435438093204, "user/throttle": 0.0, "user/mode": "local", "pilot/angle": -0.07211682945489883, "pilot/throttle": 0.6375033259391785, "milliseconds": 856232}