{"cam/image_array": "1853_cam-image_array_.jpg", "user/angle": 0.030396435438093204, "user/throttle": 0.0, "user/mode": "local", "pilot/angle": 0.22686290740966797, "pilot/throttle": 0.7232747673988342, "milliseconds": 424822}