{"cam/image_array": "1060_cam-image_array_.jpg", "user/angle": 0.030396435438093204, "user/throttle": 0.0, "user/mode": "local", "pilot/angle": -0.09116033464670181, "pilot/throttle": 0.6880658268928528, "milliseconds": 246999}