{"cam/image_array": "1592_cam-image_array_.jpg", "user/angle": 0.030396435438093204, "user/throttle": 0.0, "user/mode": "local", "pilot/angle": 0.8055407404899597, "pilot/throttle": 0.33738142251968384, "milliseconds": 366282}