{"cam/image_array": "1272_cam-image_array_.jpg", "user/angle": 0.030396435438093204, "user/throttle": 0.0, "user/mode": "local", "pilot/angle": 0.6849939823150635, "pilot/throttle": 0.48122671246528625, "milliseconds": 294537}