{"cam/image_array": "2837_cam-image_array_.jpg", "user/angle": 0.030396435438093204, "user/throttle": 0.0, "user/mode": "local", "pilot/angle": -0.016523167490959167, "pilot/throttle": 0.7065504193305969, "milliseconds": 645458}