{"cam/image_array": "2284_cam-image_array_.jpg", "user/angle": 0.030396435438093204, "user/throttle": 0.0, "user/mode": "local", "pilot/angle": 0.33035916090011597, "pilot/throttle": 0.4911908805370331, "milliseconds": 521470}