{"cam/image_array": "1342_cam-image_array_.jpg", "user/angle": 0.030396435438093204, "user/throttle": 0.0, "user/mode": "local", "pilot/angle": 0.058932073414325714, "pilot/throttle": 0.6167146563529968, "milliseconds": 310231}