{"cam/image_array": "1465_cam-image_array_.jpg", "user/angle": 0.030396435438093204, "user/throttle": 0.0, "user/mode": "local", "pilot/angle": 0.007742151618003845, "pilot/throttle": 0.6348921060562134, "milliseconds": 337807}