{"cam/image_array": "2703_cam-image_array_.jpg", "user/angle": 0.030396435438093204, "user/throttle": 0.0, "user/mode": "local", "pilot/angle": 0.16537605226039886, "pilot/throttle": 0.7231122255325317, "milliseconds": 615415}