{"cam/image_array": "3002_cam-image_array_.jpg", "user/angle": 0.030396435438093204, "user/throttle": 0.0, "user/mode": "local", "pilot/angle": 0.012667965143918991, "pilot/throttle": 0.6920850872993469, "milliseconds": 682462}