{"cam/image_array": "2976_cam-image_array_.jpg", "user/angle": 0.030396435438093204, "user/throttle": 0.0, "user/mode": "local", "pilot/angle": -0.4550486207008362, "pilot/throttle": 0.7887378334999084, "milliseconds": 676628}