{"cam/image_array": "3306_cam-image_array_.jpg", "user/angle": 0.030396435438093204, "user/throttle": 0.0, "user/mode": "local", "pilot/angle": -0.10863212496042252, "pilot/throttle": 0.7524234652519226, "milliseconds": 750625}