{"cam/image_array": "2630_cam-image_array_.jpg", "user/angle": 0.030396435438093204, "user/throttle": 0.0, "user/mode": "local", "pilot/angle": 0.2480786144733429, "pilot/throttle": 0.6505071520805359, "milliseconds": 599053}