{"cam/image_array": "4283_cam-image_array_.jpg", "user/angle": 0.030396435438093204, "user/throttle": 0.0, "user/mode": "local", "pilot/angle": 0.2403295338153839, "pilot/throttle": 0.7694094181060791, "milliseconds": 969691}