{"cam/image_array": "2701_cam-image_array_.jpg", "user/angle": 0.030396435438093204, "user/throttle": 0.0, "user/mode": "local", "pilot/angle": -0.05762646347284317, "pilot/throttle": 0.7238729596138, "milliseconds": 614967}