{"cam/image_array": "1212_cam-image_array_.jpg", "user/angle": 0.030396435438093204, "user/throttle": 0.0, "user/mode": "local", "pilot/angle": 0.8863874673843384, "pilot/throttle": 0.7309496402740479, "milliseconds": 281079}