{"cam/image_array": "3435_cam-image_array_.jpg", "user/angle": 0.030396435438093204, "user/throttle": 0.0, "user/mode": "local", "pilot/angle": -0.05868110805749893, "pilot/throttle": 0.6871122121810913, "milliseconds": 779547}