{"cam/image_array": "4508_cam-image_array_.jpg", "user/angle": 0.030396435438093204, "user/throttle": 0.0, "user/mode": "local", "pilot/angle": -0.053788356482982635, "pilot/throttle": 0.6707043647766113, "milliseconds": 1020133}