{"cam/image_array": "1146_cam-image_array_.jpg", "user/angle": 0.030396435438093204, "user/throttle": 0.0, "user/mode": "local", "pilot/angle": 0.07654736936092377, "pilot/throttle": 0.6696922779083252, "milliseconds": 266284}