{"cam/image_array": "1137_cam-image_array_.jpg", "user/angle": 0.030396435438093204, "user/throttle": 0.0, "user/mode": "local", "pilot/angle": 0.18199461698532104, "pilot/throttle": 0.5846071243286133, "milliseconds": 264267}