{"cam/image_array": "4417_cam-image_array_.jpg", "user/angle": 0.030396435438093204, "user/throttle": 0.0, "user/mode": "local", "pilot/angle": 0.01725774258375168, "pilot/throttle": 0.7163811326026917, "milliseconds": 999733}