{"cam/image_array": "1052_cam-image_array_.jpg", "user/angle": 0.030396435438093204, "user/throttle": 0.0, "user/mode": "local", "pilot/angle": 0.8545194268226624, "pilot/throttle": 0.5959150791168213, "milliseconds": 245206}