{"cam/image_array": "510_cam-image_array_.jpg", "user/angle": 0.030396435438093204, "user/throttle": 0.0, "user/mode": "local", "pilot/angle": 0.016043387353420258, "pilot/throttle": 0.5988500714302063, "milliseconds": 123686}