{"cam/image_array": "545_cam-image_array_.jpg", "user/angle": 0.030396435438093204, "user/throttle": 0.0, "user/mode": "local", "pilot/angle": -0.429040789604187, "pilot/throttle": 0.6063602566719055, "milliseconds": 131535}