{"cam/image_array": "2322_cam-image_array_.jpg", "user/angle": 0.030396435438093204, "user/throttle": 0.0, "user/mode": "local", "pilot/angle": -0.4213998317718506, "pilot/throttle": 0.6940881609916687, "milliseconds": 529992}