{"cam/image_array": "591_cam-image_array_.jpg", "user/angle": 0.030396435438093204, "user/throttle": 0.0, "user/mode": "local", "pilot/angle": -0.0895233228802681, "pilot/throttle": 0.7258872389793396, "milliseconds": 141847}