{"cam/image_array": "4484_cam-image_array_.jpg", "user/angle": 0.030396435438093204, "user/throttle": 0.0, "user/mode": "local", "pilot/angle": -0.6655288934707642, "pilot/throttle": 0.7132155895233154, "milliseconds": 1014752}