{"cam/image_array": "4068_cam-image_array_.jpg", "user/angle": 0.030396435438093204, "user/throttle": 0.0, "user/mode": "local", "pilot/angle": 0.044955722987651825, "pilot/throttle": 0.8021010160446167, "milliseconds": 921480}