{"cam/image_array": "1064_cam-image_array_.jpg", "user/angle": 0.030396435438093204, "user/throttle": 0.0, "user/mode": "local", "pilot/angle": -0.061433933675289154, "pilot/throttle": 0.6735827922821045, "milliseconds": 247896}