{"cam/image_array": "1768_cam-image_array_.jpg", "user/angle": 0.030396435438093204, "user/throttle": 0.0, "user/mode": "local", "pilot/angle": -0.16021683812141418, "pilot/throttle": 0.6869560480117798, "milliseconds": 405754}