{"cam/image_array": "640_cam-image_array_.jpg", "user/angle": 0.030396435438093204, "user/throttle": 0.0, "user/mode": "local", "pilot/angle": -0.5042957067489624, "pilot/throttle": 0.7374266982078552, "milliseconds": 152828}