{"cam/image_array": "4199_cam-image_array_.jpg", "user/angle": 0.030396435438093204, "user/throttle": 0.0, "user/mode": "local", "pilot/angle": -0.5462468862533569, "pilot/throttle": 0.7849504351615906, "milliseconds": 950855}