{"cam/image_array": "2700_cam-image_array_.jpg", "user/angle": 0.030396435438093204, "user/throttle": 0.0, "user/mode": "local", "pilot/angle": -0.10265182703733444, "pilot/throttle": 0.715179979801178, "milliseconds": 614743}