{"cam/image_array": "4192_cam-image_array_.jpg", "user/angle": 0.030396435438093204, "user/throttle": 0.0, "user/mode": "local", "pilot/angle": 0.44496771693229675, "pilot/throttle": 0.4653773605823517, "milliseconds": 949286}