{"cam/image_array": "4458_cam-image_array_.jpg", "user/angle": 0.030396435438093204, "user/throttle": 0.0, "user/mode": "local", "pilot/angle": 0.8486868739128113, "pilot/throttle": 0.3476428985595703, "milliseconds": 1008924}