{"cam/image_array": "4088_cam-image_array_.jpg", "user/angle": 0.030396435438093204, "user/throttle": 0.0, "user/mode": "local", "pilot/angle": 0.14569298923015594, "pilot/throttle": 0.7279817461967468, "milliseconds": 925962}