{"cam/image_array": "709_cam-image_array_.jpg", "user/angle": 0.030396435438093204, "user/throttle": 0.0, "user/mode": "local", "pilot/angle": 0.838096022605896, "pilot/throttle": 0.4484350085258484, "milliseconds": 168295}