{"cam/image_array": "863_cam-image_array_.jpg", "user/angle": 0.030396435438093204, "user/throttle": 0.0, "user/mode": "local", "pilot/angle": 0.9775946140289307, "pilot/throttle": 0.8254827260971069, "milliseconds": 202827}