{"cam/image_array": "2045_cam-image_array_.jpg", "user/angle": 0.030396435438093204, "user/throttle": 0.0, "user/mode": "local", "pilot/angle": -0.7149702906608582, "pilot/throttle": 0.6487061381340027, "milliseconds": 467879}