{"cam/image_array": "3917_cam-image_array_.jpg", "user/angle": 0.030396435438093204, "user/throttle": 0.0, "user/mode": "local", "pilot/angle": -0.5685656666755676, "pilot/throttle": 0.7933862805366516, "milliseconds": 887624}