{"cam/image_array": "836_cam-image_array_.jpg", "user/angle": 0.030396435438093204, "user/throttle": 0.0, "user/mode": "local", "pilot/angle": -0.12826472520828247, "pilot/throttle": 0.6460870504379272, "milliseconds": 196774}