{"cam/image_array": "1083_cam-image_array_.jpg", "user/angle": 0.030396435438093204, "user/throttle": 0.0, "user/mode": "local", "pilot/angle": 0.8740538954734802, "pilot/throttle": 0.4009864330291748, "milliseconds": 252159}