{"cam/image_array": "2159_cam-image_array_.jpg", "user/angle": 0.030396435438093204, "user/throttle": 0.0, "user/mode": "local", "pilot/angle": -0.09021946042776108, "pilot/throttle": 0.798908531665802, "milliseconds": 493444}