{"cam/image_array": "4104_cam-image_array_.jpg", "user/angle": 0.030396435438093204, "user/throttle": 0.0, "user/mode": "local", "pilot/angle": 0.08350708335638046, "pilot/throttle": 0.6210866570472717, "milliseconds": 929550}