{"cam/image_array": "1098_cam-image_array_.jpg", "user/angle": 0.030396435438093204, "user/throttle": 0.0, "user/mode": "local", "pilot/angle": 0.02519094944000244, "pilot/throttle": 0.6272047758102417, "milliseconds": 255520}