{"cam/image_array": "942_cam-image_array_.jpg", "user/angle": 0.030396435438093204, "user/throttle": 0.0, "user/mode": "local", "pilot/angle": 0.6068056225776672, "pilot/throttle": 0.7226237058639526, "milliseconds": 220539}