{"cam/image_array": "4036_cam-image_array_.jpg", "user/angle": 0.030396435438093204, "user/throttle": 0.0, "user/mode": "local", "pilot/angle": 0.006866045296192169, "pilot/throttle": 0.5136034488677979, "milliseconds": 914308}