{"cam/image_array": "3949_cam-image_array_.jpg", "user/angle": 0.030396435438093204, "user/throttle": 0.0, "user/mode": "local", "pilot/angle": 0.9462728500366211, "pilot/throttle": 0.7076866030693054, "milliseconds": 894800}