{"cam/image_array": "3615_cam-image_array_.jpg", "user/angle": 0.030396435438093204, "user/throttle": 0.0, "user/mode": "local", "pilot/angle": 0.9680280685424805, "pilot/throttle": 0.5632525682449341, "milliseconds": 819903}