{"cam/image_array": "2350_cam-image_array_.jpg", "user/angle": 0.030396435438093204, "user/throttle": 0.0, "user/mode": "local", "pilot/angle": 0.9553085565567017, "pilot/throttle": 0.7812846899032593, "milliseconds": 536270}