{"cam/image_array": "2368_cam-image_array_.jpg", "user/angle": 0.030396435438093204, "user/throttle": 0.0, "user/mode": "local", "pilot/angle": 0.04544948786497116, "pilot/throttle": 0.7167516350746155, "milliseconds": 540304}