{"cam/image_array": "2219_cam-image_array_.jpg", "user/angle": 0.030396435438093204, "user/throttle": 0.0, "user/mode": "local", "pilot/angle": 0.3890511393547058, "pilot/throttle": 0.7040201425552368, "milliseconds": 506895}