{"cam/image_array": "4027_cam-image_array_.jpg", "user/angle": 0.030396435438093204, "user/throttle": 0.0, "user/mode": "local", "pilot/angle": 0.966802179813385, "pilot/throttle": 0.7026711702346802, "milliseconds": 912291}