{"cam/image_array": "1793_cam-image_array_.jpg", "user/angle": 0.030396435438093204, "user/throttle": 0.0, "user/mode": "local", "pilot/angle": 0.5233462452888489, "pilot/throttle": 0.6683061122894287, "milliseconds": 411370}