{"cam/image_array": "2916_cam-image_array_.jpg", "user/angle": 0.030396435438093204, "user/throttle": 0.0, "user/mode": "local", "pilot/angle": 0.2805734872817993, "pilot/throttle": 0.631740927696228, "milliseconds": 663173}