{"cam/image_array": "54_cam-image_array_.jpg", "user/angle": 0.030396435438093204, "user/throttle": 0.0, "user/mode": "local", "pilot/angle": 0.10985054075717926, "pilot/throttle": 0.5985091924667358, "milliseconds": 21409}