{"cam/image_array": "523_cam-image_array_.jpg", "user/angle": 0.030396435438093204, "user/throttle": 0.0, "user/mode": "local", "pilot/angle": 0.7222124338150024, "pilot/throttle": 0.5531659126281738, "milliseconds": 126603}