{"cam/image_array": "1734_cam-image_array_.jpg", "user/angle": 0.030396435438093204, "user/throttle": 0.0, "user/mode": "local", "pilot/angle": 0.7663634419441223, "pilot/throttle": 0.3560861051082611, "milliseconds": 398129}