{"cam/image_array": "3555_cam-image_array_.jpg", "user/angle": 0.030396435438093204, "user/throttle": 0.0, "user/mode": "local", "pilot/angle": 0.7045910358428955, "pilot/throttle": 0.7112957835197449, "milliseconds": 806452}