{"cam/image_array": "948_cam-image_array_.jpg", "user/angle": 0.030396435438093204, "user/throttle": 0.0, "user/mode": "local", "pilot/angle": -0.026001177728176117, "pilot/throttle": 0.7392947673797607, "milliseconds": 221884}