{"cam/image_array": "1998_cam-image_array_.jpg", "user/angle": 0.030396435438093204, "user/throttle": 0.0, "user/mode": "local", "pilot/angle": -0.04580485820770264, "pilot/throttle": 0.7240527272224426, "milliseconds": 457339}