{"cam/image_array": "208_cam-image_array_.jpg", "user/angle": 0.030396435438093204, "user/throttle": 0.0, "user/mode": "local", "pilot/angle": -0.0701182410120964, "pilot/throttle": 0.6392717361450195, "milliseconds": 55972}