{"cam/image_array": "2969_cam-image_array_.jpg", "user/angle": 0.030396435438093204, "user/throttle": 0.0, "user/mode": "local", "pilot/angle": 0.6255846619606018, "pilot/throttle": 0.772182285785675, "milliseconds": 675059}