{"cam/image_array": "631_cam-image_array_.jpg", "user/angle": 0.030396435438093204, "user/throttle": 0.0, "user/mode": "local", "pilot/angle": 0.6303359270095825, "pilot/throttle": 0.6111432909965515, "milliseconds": 150810}