{"cam/image_array": "496_cam-image_array_.jpg", "user/angle": 0.030396435438093204, "user/throttle": 0.0, "user/mode": "local", "pilot/angle": -0.054026372730731964, "pilot/throttle": 0.572558581829071, "milliseconds": 120549}