{"cam/image_array": "1911_cam-image_array_.jpg", "user/angle": 0.030396435438093204, "user/throttle": 0.0, "user/mode": "local", "pilot/angle": -0.005039617419242859, "pilot/throttle": 0.507631242275238, "milliseconds": 437829}