{"cam/image_array": "4520_cam-image_array_.jpg", "user/angle": 0.030396435438093204, "user/throttle": 0.0, "user/mode": "local", "pilot/angle": 0.8455736041069031, "pilot/throttle": 0.7087186574935913, "milliseconds": 1022823}