{"cam/image_array": "4369_cam-image_array_.jpg", "user/angle": 0.030396435438093204, "user/throttle": 0.0, "user/mode": "local", "pilot/angle": 0.2513657510280609, "pilot/throttle": 0.6356518864631653, "milliseconds": 988972}