{"cam/image_array": "3973_cam-image_array_.jpg", "user/angle": 0.030396435438093204, "user/throttle": 0.0, "user/mode": "local", "pilot/angle": 0.062229081988334656, "pilot/throttle": 0.7874099612236023, "milliseconds": 900181}