{"cam/image_array": "1511_cam-image_array_.jpg", "user/angle": 0.030396435438093204, "user/throttle": 0.0, "user/mode": "local", "pilot/angle": 0.1504860371351242, "pilot/throttle": 0.7186394333839417, "milliseconds": 348121}