{"cam/image_array": "2950_cam-image_array_.jpg", "user/angle": 0.030396435438093204, "user/throttle": 0.0, "user/mode": "local", "pilot/angle": 0.8660449981689453, "pilot/throttle": 0.407501757144928, "milliseconds": 670797}