{"cam/image_array": "3461_cam-image_array_.jpg", "user/angle": 0.030396435438093204, "user/throttle": 0.0, "user/mode": "local", "pilot/angle": 0.8854419589042664, "pilot/throttle": 0.6430771350860596, "milliseconds": 785381}