{"cam/image_array": "3836_cam-image_array_.jpg", "user/angle": 0.030396435438093204, "user/throttle": 0.0, "user/mode": "local", "pilot/angle": 0.823253333568573, "pilot/throttle": 0.5517630577087402, "milliseconds": 869458}