{"cam/image_array": "2026_cam-image_array_.jpg", "user/angle": 0.030396435438093204, "user/throttle": 0.0, "user/mode": "local", "pilot/angle": 0.007899560034275055, "pilot/throttle": 0.6819872856140137, "milliseconds": 463614}