{"cam/image_array": "745_cam-image_array_.jpg", "user/angle": 0.030396435438093204, "user/throttle": 0.0, "user/mode": "local", "pilot/angle": 0.6543970108032227, "pilot/throttle": 0.6665674448013306, "milliseconds": 176366}