{"cam/image_array": "4053_cam-image_array_.jpg", "user/angle": 0.030396435438093204, "user/throttle": 0.0, "user/mode": "local", "pilot/angle": -0.11113011091947556, "pilot/throttle": 0.8045705556869507, "milliseconds": 918117}