{"cam/image_array": "3883_cam-image_array_.jpg", "user/angle": 0.030396435438093204, "user/throttle": 0.0, "user/mode": "local", "pilot/angle": 0.524617612361908, "pilot/throttle": 0.5311019420623779, "milliseconds": 880004}