{"cam/image_array": "1421_cam-image_array_.jpg", "user/angle": 0.030396435438093204, "user/throttle": 0.0, "user/mode": "local", "pilot/angle": 0.9708305597305298, "pilot/throttle": 0.7615507245063782, "milliseconds": 327943}