{"cam/image_array": "1916_cam-image_array_.jpg", "user/angle": 0.030396435438093204, "user/throttle": 0.0, "user/mode": "local", "pilot/angle": 0.31612494587898254, "pilot/throttle": 0.38391703367233276, "milliseconds": 438949}