{"cam/image_array": "4292_cam-image_array_.jpg", "user/angle": 0.030396435438093204, "user/throttle": 0.0, "user/mode": "local", "pilot/angle": -0.6562633514404297, "pilot/throttle": 0.9052486419677734, "milliseconds": 971708}