{"cam/image_array": "1663_cam-image_array_.jpg", "user/angle": 0.030396435438093204, "user/throttle": 0.0, "user/mode": "local", "pilot/angle": 0.7739292979240417, "pilot/throttle": 0.6202262043952942, "milliseconds": 382204}