{"cam/image_array": "3399_cam-image_array_.jpg", "user/angle": 0.030396435438093204, "user/throttle": 0.0, "user/mode": "local", "pilot/angle": -0.06948993355035782, "pilot/throttle": 0.7237292528152466, "milliseconds": 771477}