{"cam/image_array": "4427_cam-image_array_.jpg", "user/angle": 0.030396435438093204, "user/throttle": 0.0, "user/mode": "local", "pilot/angle": 0.7275832295417786, "pilot/throttle": 0.5299012064933777, "milliseconds": 1001975}