{"cam/image_array": "49_cam-image_array_.jpg", "user/angle": 0.030396435438093204, "user/throttle": 0.0, "user/mode": "local", "pilot/angle": -0.04583773761987686, "pilot/throttle": 0.6650727987289429, "milliseconds": 20288}