{"cam/image_array": "1860_cam-image_array_.jpg", "user/angle": 0.030396435438093204, "user/throttle": 0.0, "user/mode": "local", "pilot/angle": -0.7720073461532593, "pilot/throttle": 0.7634658217430115, "milliseconds": 426392}