{"cam/image_array": "1008_cam-image_array_.jpg", "user/angle": 0.030396435438093204, "user/throttle": 0.0, "user/mode": "local", "pilot/angle": 0.6139414310455322, "pilot/throttle": 0.6457102298736572, "milliseconds": 235340}