{"cam/image_array": "1224_cam-image_array_.jpg", "user/angle": 0.030396435438093204, "user/throttle": 0.0, "user/mode": "local", "pilot/angle": -0.033663973212242126, "pilot/throttle": 0.7686043381690979, "milliseconds": 283770}