{"cam/image_array": "3825_cam-image_array_.jpg", "user/angle": 0.030396435438093204, "user/throttle": 0.0, "user/mode": "local", "pilot/angle": -0.6843780279159546, "pilot/throttle": 0.648960530757904, "milliseconds": 866992}