{"cam/image_array": "2942_cam-image_array_.jpg", "user/angle": 0.030396435438093204, "user/throttle": 0.0, "user/mode": "local", "pilot/angle": 0.14423739910125732, "pilot/throttle": 0.7913427948951721, "milliseconds": 669002}