{"cam/image_array": "1949_cam-image_array_.jpg", "user/angle": 0.030396435438093204, "user/throttle": 0.0, "user/mode": "local", "pilot/angle": -0.5107366442680359, "pilot/throttle": 0.6620163321495056, "milliseconds": 446353}