{"cam/image_array": "3514_cam-image_array_.jpg", "user/angle": 0.030396435438093204, "user/throttle": 0.0, "user/mode": "local", "pilot/angle": 0.7650529742240906, "pilot/throttle": 0.4782601594924927, "milliseconds": 797261}