{"cam/image_array": "4363_cam-image_array_.jpg", "user/angle": 0.030396435438093204, "user/throttle": 0.0, "user/mode": "local", "pilot/angle": 0.8633967041969299, "pilot/throttle": 0.3857243061065674, "milliseconds": 987627}