{"cam/image_array": "2295_cam-image_array_.jpg", "user/angle": 0.030396435438093204, "user/throttle": 0.0, "user/mode": "local", "pilot/angle": 0.8126283288002014, "pilot/throttle": 0.4263434410095215, "milliseconds": 523937}