{"cam/image_array": "296_cam-image_array_.jpg", "user/angle": 0.030396435438093204, "user/throttle": 0.0, "user/mode": "local", "pilot/angle": 0.8125931024551392, "pilot/throttle": 0.6750415563583374, "milliseconds": 75707}