{"cam/image_array": "3733_cam-image_array_.jpg", "user/angle": 0.030396435438093204, "user/throttle": 0.0, "user/mode": "local", "pilot/angle": -0.7948948740959167, "pilot/throttle": 0.6537036895751953, "milliseconds": 846367}