{"cam/image_array": "1900_cam-image_array_.jpg", "user/angle": 0.030396435438093204, "user/throttle": 0.0, "user/mode": "local", "pilot/angle": -0.07350104302167892, "pilot/throttle": 0.8165361881256104, "milliseconds": 435364}