{"cam/image_array": "4142_cam-image_array_.jpg", "user/angle": 0.030396435438093204, "user/throttle": 0.0, "user/mode": "local", "pilot/angle": 1.010701060295105, "pilot/throttle": 0.8183735013008118, "milliseconds": 938069}