{"cam/image_array": "2544_cam-image_array_.jpg", "user/angle": 0.030396435438093204, "user/throttle": 0.0, "user/mode": "local", "pilot/angle": 0.0856587141752243, "pilot/throttle": 0.6904573440551758, "milliseconds": 579768}