{"cam/image_array": "203_cam-image_array_.jpg", "user/angle": 0.030396435438093204, "user/throttle": 0.0, "user/mode": "local", "pilot/angle": -0.030551932752132416, "pilot/throttle": 0.7000732421875, "milliseconds": 54850}