{"cam/image_array": "2393_cam-image_array_.jpg", "user/angle": 0.030396435438093204, "user/throttle": 0.0, "user/mode": "local", "pilot/angle": -0.017373092472553253, "pilot/throttle": 0.6331424713134766, "milliseconds": 545907}