{"cam/image_array": "2287_cam-image_array_.jpg", "user/angle": 0.030396435438093204, "user/throttle": 0.0, "user/mode": "local", "pilot/angle": 0.8003531694412231, "pilot/throttle": 0.46262842416763306, "milliseconds": 522144}