{"cam/image_array": "2276_cam-image_array_.jpg", "user/angle": 0.030396435438093204, "user/throttle": 0.0, "user/mode": "local", "pilot/angle": -0.002137795090675354, "pilot/throttle": 0.7548941969871521, "milliseconds": 519677}