{"cam/image_array": "2275_cam-image_array_.jpg", "user/angle": 0.030396435438093204, "user/throttle": 0.0, "user/mode": "local", "pilot/angle": 0.10761775076389313, "pilot/throttle": 0.48038816452026367, "milliseconds": 519452}