{"cam/image_array": "1871_cam-image_array_.jpg", "user/angle": 0.030396435438093204, "user/throttle": 0.0, "user/mode": "local", "pilot/angle": 0.6716169118881226, "pilot/throttle": 0.3733501732349396, "milliseconds": 428861}