{"cam/image_array": "592_cam-image_array_.jpg", "user/angle": 0.030396435438093204, "user/throttle": 0.0, "user/mode": "local", "pilot/angle": -0.09416475147008896, "pilot/throttle": 0.6279983520507812, "milliseconds": 142072}