{"cam/image_array": "3009_cam-image_array_.jpg", "user/angle": 0.030396435438093204, "user/throttle": 0.0, "user/mode": "local", "pilot/angle": 0.39986759424209595, "pilot/throttle": 0.1876486986875534, "milliseconds": 684032}