{"cam/image_array": "1231_cam-image_array_.jpg", "user/angle": 0.030396435438093204, "user/throttle": 0.0, "user/mode": "local", "pilot/angle": 0.6359464526176453, "pilot/throttle": 0.28856462240219116, "milliseconds": 285339}