{"cam/image_array": "4232_cam-image_array_.jpg", "user/angle": 0.030396435438093204, "user/throttle": 0.0, "user/mode": "local", "pilot/angle": 0.507375180721283, "pilot/throttle": 0.6386884450912476, "milliseconds": 958260}