{"cam/image_array": "3258_cam-image_array_.jpg", "user/angle": 0.030396435438093204, "user/throttle": 0.0, "user/mode": "local", "pilot/angle": -0.3915453851222992, "pilot/throttle": 0.721745491027832, "milliseconds": 739864}