{"cam/image_array": "1799_cam-image_array_.jpg", "user/angle": 0.030396435438093204, "user/throttle": 0.0, "user/mode": "local", "pilot/angle": 0.8236086964607239, "pilot/throttle": 0.7050828337669373, "milliseconds": 412715}