{"cam/image_array": "3987_cam-image_array_.jpg", "user/angle": 0.030396435438093204, "user/throttle": 0.0, "user/mode": "local", "pilot/angle": 0.7970836162567139, "pilot/throttle": 0.49782657623291016, "milliseconds": 903320}