{"cam/image_array": "23_cam-image_array_.jpg", "user/angle": 0.030396435438093204, "user/throttle": 0.0, "user/mode": "local", "pilot/angle": -0.03978036344051361, "pilot/throttle": 0.7587064504623413, "milliseconds": 14457}