{"cam/image_array": "3541_cam-image_array_.jpg", "user/angle": 0.030396435438093204, "user/throttle": 0.0, "user/mode": "local", "pilot/angle": -0.5668997764587402, "pilot/throttle": 0.8741844892501831, "milliseconds": 803312}