{"cam/image_array": "1631_cam-image_array_.jpg", "user/angle": 0.030396435438093204, "user/throttle": 0.0, "user/mode": "local", "pilot/angle": 0.020105931907892227, "pilot/throttle": 0.660935640335083, "milliseconds": 375026}