{"cam/image_array": "346_cam-image_array_.jpg", "user/angle": 0.030396435438093204, "user/throttle": 0.0, "user/mode": "local", "pilot/angle": 0.7314021587371826, "pilot/throttle": 0.6139584183692932, "milliseconds": 86916}