{"cam/image_array": "2053_cam-image_array_.jpg", "user/angle": 0.030396435438093204, "user/throttle": 0.0, "user/mode": "local", "pilot/angle": 0.8474162220954895, "pilot/throttle": 0.5029532313346863, "milliseconds": 469675}