{"cam/image_array": "4022_cam-image_array_.jpg", "user/angle": 0.030396435438093204, "user/throttle": 0.0, "user/mode": "local", "pilot/angle": 0.9264437556266785, "pilot/throttle": 0.48972010612487793, "milliseconds": 911171}