{"cam/image_array": "3960_cam-image_array_.jpg", "user/angle": 0.030396435438093204, "user/throttle": 0.0, "user/mode": "local", "pilot/angle": -0.07444340735673904, "pilot/throttle": 0.7399593591690063, "milliseconds": 897266}