{"cam/image_array": "1400_cam-image_array_.jpg", "user/angle": 0.030396435438093204, "user/throttle": 0.0, "user/mode": "local", "pilot/angle": 0.829483151435852, "pilot/throttle": 0.5078372359275818, "milliseconds": 323233}