{"cam/image_array": "2869_cam-image_array_.jpg", "user/angle": 0.030396435438093204, "user/throttle": 0.0, "user/mode": "local", "pilot/angle": -0.03616864234209061, "pilot/throttle": 0.712995707988739, "milliseconds": 652632}