{"cam/image_array": "514_cam-image_array_.jpg", "user/angle": 0.030396435438093204, "user/throttle": 0.0, "user/mode": "local", "pilot/angle": 0.985059916973114, "pilot/throttle": 0.34976863861083984, "milliseconds": 124584}