{"cam/image_array": "214_cam-image_array_.jpg", "user/angle": 0.030396435438093204, "user/throttle": 0.0, "user/mode": "local", "pilot/angle": -0.011242642998695374, "pilot/throttle": 0.6282410025596619, "milliseconds": 57316}