{"cam/image_array": "2642_cam-image_array_.jpg", "user/angle": 0.030396435438093204, "user/throttle": 0.0, "user/mode": "local", "pilot/angle": -0.06300342828035355, "pilot/throttle": 0.7664013504981995, "milliseconds": 601743}