{"cam/image_array": "811_cam-image_array_.jpg", "user/angle": 0.030396435438093204, "user/throttle": 0.0, "user/mode": "local", "pilot/angle": 0.06293970346450806, "pilot/throttle": 0.7621852159500122, "milliseconds": 191170}