{"cam/image_array": "3732_cam-image_array_.jpg", "user/angle": 0.030396435438093204, "user/throttle": 0.0, "user/mode": "local", "pilot/angle": -0.5557775497436523, "pilot/throttle": 0.6534290313720703, "milliseconds": 846142}