{"cam/image_array": "1009_cam-image_array_.jpg", "user/angle": 0.030396435438093204, "user/throttle": 0.0, "user/mode": "local", "pilot/angle": 0.13982252776622772, "pilot/throttle": 0.7352626919746399, "milliseconds": 235564}