{"cam/image_array": "638_cam-image_array_.jpg", "user/angle": 0.030396435438093204, "user/throttle": 0.0, "user/mode": "local", "pilot/angle": -0.4246178865432739, "pilot/throttle": 0.740715742111206, "milliseconds": 152379}