{"cam/image_array": "3135_cam-image_array_.jpg", "user/angle": 0.030396435438093204, "user/throttle": 0.0, "user/mode": "local", "pilot/angle": 0.5866361260414124, "pilot/throttle": 0.5439792275428772, "milliseconds": 712283}