{"cam/image_array": "2592_cam-image_array_.jpg", "user/angle": 0.030396435438093204, "user/throttle": 0.0, "user/mode": "local", "pilot/angle": 0.35067084431648254, "pilot/throttle": 0.4839801788330078, "milliseconds": 590533}