{"cam/image_array": "1538_cam-image_array_.jpg", "user/angle": 0.030396435438093204, "user/throttle": 0.0, "user/mode": "local", "pilot/angle": 0.02722003310918808, "pilot/throttle": 0.7194309830665588, "milliseconds": 354175}