{"cam/image_array": "2050_cam-image_array_.jpg", "user/angle": 0.030396435438093204, "user/throttle": 0.0, "user/mode": "local", "pilot/angle": 0.18359172344207764, "pilot/throttle": 0.6600927114486694, "milliseconds": 469001}