{"cam/image_array": "1166_cam-image_array_.jpg", "user/angle": 0.030396435438093204, "user/throttle": 0.0, "user/mode": "local", "pilot/angle": 0.2995125949382782, "pilot/throttle": 0.7027810215950012, "milliseconds": 270767}