{"cam/image_array": "3241_cam-image_array_.jpg", "user/angle": 0.030396435438093204, "user/throttle": 0.0, "user/mode": "local", "pilot/angle": 0.048239920288324356, "pilot/throttle": 0.7340869307518005, "milliseconds": 736051}