{"cam/image_array": "844_cam-image_array_.jpg", "user/angle": 0.030396435438093204, "user/throttle": 0.0, "user/mode": "local", "pilot/angle": 0.5802377462387085, "pilot/throttle": 0.442565381526947, "milliseconds": 198567}