{"cam/image_array": "1204_cam-image_array_.jpg", "user/angle": 0.030396435438093204, "user/throttle": 0.0, "user/mode": "local", "pilot/angle": -0.19732388854026794, "pilot/throttle": 0.7339387536048889, "milliseconds": 279286}