{"cam/image_array": "3673_cam-image_array_.jpg", "user/angle": 0.030396435438093204, "user/throttle": 0.0, "user/mode": "local", "pilot/angle": 0.646770715713501, "pilot/throttle": 0.7899199724197388, "milliseconds": 832917}