{"cam/image_array": "3020_cam-image_array_.jpg", "user/angle": 0.030396435438093204, "user/throttle": 0.0, "user/mode": "local", "pilot/angle": -0.0724167451262474, "pilot/throttle": 0.6791393756866455, "milliseconds": 686501}