{"cam/image_array": "636_cam-image_array_.jpg", "user/angle": 0.030396435438093204, "user/throttle": 0.0, "user/mode": "local", "pilot/angle": -0.04417777806520462, "pilot/throttle": 0.6357421278953552, "milliseconds": 151931}