{"cam/image_array": "3656_cam-image_array_.jpg", "user/angle": 0.030396435438093204, "user/throttle": 0.0, "user/mode": "local", "pilot/angle": 0.806413471698761, "pilot/throttle": 0.6985463500022888, "milliseconds": 829104}