{"cam/image_array": "4564_cam-image_array_.jpg", "user/angle": 0.030396435438093204, "user/throttle": 0.0, "user/mode": "local", "pilot/angle": 0.05967133864760399, "pilot/throttle": 0.670089602470398, "milliseconds": 1032692}