{"cam/image_array": "2286_cam-image_array_.jpg", "user/angle": 0.030396435438093204, "user/throttle": 0.0, "user/mode": "local", "pilot/angle": 0.7821193933486938, "pilot/throttle": 0.41873523592948914, "milliseconds": 521920}