{"cam/image_array": "295_cam-image_array_.jpg", "user/angle": 0.030396435438093204, "user/throttle": 0.0, "user/mode": "local", "pilot/angle": 0.9759171009063721, "pilot/throttle": 0.705315113067627, "milliseconds": 75483}