{"cam/image_array": "1186_cam-image_array_.jpg", "user/angle": 0.030396435438093204, "user/throttle": 0.0, "user/mode": "local", "pilot/angle": -0.17623350024223328, "pilot/throttle": 0.5960989594459534, "milliseconds": 275251}