{"cam/image_array": "1545_cam-image_array_.jpg", "user/angle": 0.030396435438093204, "user/throttle": 0.0, "user/mode": "local", "pilot/angle": 0.6469468474388123, "pilot/throttle": 0.512856125831604, "milliseconds": 355743}