{"cam/image_array": "299_cam-image_array_.jpg", "user/angle": 0.030396435438093204, "user/throttle": 0.0, "user/mode": "local", "pilot/angle": 0.04101385921239853, "pilot/throttle": 0.7523747086524963, "milliseconds": 76379}