{"cam/image_array": "609_cam-image_array_.jpg", "user/angle": 0.030396435438093204, "user/throttle": 0.0, "user/mode": "local", "pilot/angle": 0.8878707885742188, "pilot/throttle": 0.47293227910995483, "milliseconds": 145880}