{"cam/image_array": "1983_cam-image_array_.jpg", "user/angle": 0.030396435438093204, "user/throttle": 0.0, "user/mode": "local", "pilot/angle": 0.6749953627586365, "pilot/throttle": 0.7060689330101013, "milliseconds": 453976}