{"cam/image_array": "2867_cam-image_array_.jpg", "user/angle": 0.030396435438093204, "user/throttle": 0.0, "user/mode": "local", "pilot/angle": 0.02443934604525566, "pilot/throttle": 0.6898490786552429, "milliseconds": 652184}