{"cam/image_array": "70_cam-image_array_.jpg", "user/angle": 0.030396435438093204, "user/throttle": 0.0, "user/mode": "local", "pilot/angle": -0.4494103193283081, "pilot/throttle": 0.7321942448616028, "milliseconds": 24998}