{"cam/image_array": "2009_cam-image_array_.jpg", "user/angle": 0.030396435438093204, "user/throttle": 0.0, "user/mode": "local", "pilot/angle": 0.29588502645492554, "pilot/throttle": 0.7437939643859863, "milliseconds": 459804}