{"cam/image_array": "569_cam-image_array_.jpg", "user/angle": 0.030396435438093204, "user/throttle": 0.0, "user/mode": "local", "pilot/angle": 0.030633002519607544, "pilot/throttle": 0.7747044563293457, "milliseconds": 136915}