{"cam/image_array": "3959_cam-image_array_.jpg", "user/angle": 0.030396435438093204, "user/throttle": 0.0, "user/mode": "local", "pilot/angle": -0.05647306889295578, "pilot/throttle": 0.6836467385292053, "milliseconds": 897042}