{"cam/image_array": "2783_cam-image_array_.jpg", "user/angle": 0.030396435438093204, "user/throttle": 0.0, "user/mode": "local", "pilot/angle": 0.6145529747009277, "pilot/throttle": 0.562407910823822, "milliseconds": 633349}