{"cam/image_array": "1153_cam-image_array_.jpg", "user/angle": 0.030396435438093204, "user/throttle": 0.0, "user/mode": "local", "pilot/angle": -0.10486479848623276, "pilot/throttle": 0.7215782999992371, "milliseconds": 267854}