{"cam/image_array": "706_cam-image_array_.jpg", "user/angle": 0.030396435438093204, "user/throttle": 0.0, "user/mode": "local", "pilot/angle": 0.950154721736908, "pilot/throttle": 0.3955846130847931, "milliseconds": 167623}