{"cam/image_array": "2785_cam-image_array_.jpg", "user/angle": 0.030396435438093204, "user/throttle": 0.0, "user/mode": "local", "pilot/angle": 0.0568864643573761, "pilot/throttle": 0.7081684470176697, "milliseconds": 633797}