{"cam/image_array": "3267_cam-image_array_.jpg", "user/angle": 0.030396435438093204, "user/throttle": 0.0, "user/mode": "local", "pilot/angle": -0.4593623876571655, "pilot/throttle": 0.6375686526298523, "milliseconds": 741883}