{"cam/image_array": "2378_cam-image_array_.jpg", "user/angle": 0.030396435438093204, "user/throttle": 0.0, "user/mode": "local", "pilot/angle": 0.5641218423843384, "pilot/throttle": 0.3848833441734314, "milliseconds": 542546}