{"cam/image_array": "2192_cam-image_array_.jpg", "user/angle": 0.030396435438093204, "user/throttle": 0.0, "user/mode": "local", "pilot/angle": 0.38684025406837463, "pilot/throttle": 0.6082330346107483, "milliseconds": 500843}