{"cam/image_array": "2760_cam-image_array_.jpg", "user/angle": 0.030396435438093204, "user/throttle": 0.0, "user/mode": "local", "pilot/angle": 0.7247520089149475, "pilot/throttle": 0.47043827176094055, "milliseconds": 628193}