{"cam/image_array": "3160_cam-image_array_.jpg", "user/angle": 0.030396435438093204, "user/throttle": 0.0, "user/mode": "local", "pilot/angle": 0.4577222466468811, "pilot/throttle": 0.7377358078956604, "milliseconds": 717889}