{"cam/image_array": "4498_cam-image_array_.jpg", "user/angle": 0.030396435438093204, "user/throttle": 0.0, "user/mode": "local", "pilot/angle": 1.0273171663284302, "pilot/throttle": 0.5181204676628113, "milliseconds": 1017893}