{"cam/image_array": "206_cam-image_array_.jpg", "user/angle": 0.030396435438093204, "user/throttle": 0.0, "user/mode": "local", "pilot/angle": -0.11253725737333298, "pilot/throttle": 0.7073445320129395, "milliseconds": 55523}