{"cam/image_array": "1341_cam-image_array_.jpg", "user/angle": 0.030396435438093204, "user/throttle": 0.0, "user/mode": "local", "pilot/angle": 0.0006260722875595093, "pilot/throttle": 0.7329615950584412, "milliseconds": 310007}