{"cam/image_array": "3550_cam-image_array_.jpg", "user/angle": 0.030396435438093204, "user/throttle": 0.0, "user/mode": "local", "pilot/angle": -0.06312861293554306, "pilot/throttle": 0.6712425947189331, "milliseconds": 805330}