{"cam/image_array": "4590_cam-image_array_.jpg", "user/angle": 0.030396435438093204, "user/throttle": 0.0, "user/mode": "local", "pilot/angle": 0.9546880722045898, "pilot/throttle": 0.6333486437797546, "milliseconds": 1038521}