{"cam/image_array": "1403_cam-image_array_.jpg", "user/angle": 0.030396435438093204, "user/throttle": 0.0, "user/mode": "local", "pilot/angle": 0.45072561502456665, "pilot/throttle": 0.47386398911476135, "milliseconds": 323906}