{"cam/image_array": "4560_cam-image_array_.jpg", "user/angle": 0.030396435438093204, "user/throttle": 0.0, "user/mode": "local", "pilot/angle": -0.03816131502389908, "pilot/throttle": 0.719122052192688, "milliseconds": 1031795}