{"cam/image_array": "252_cam-image_array_.jpg", "user/angle": 0.030396435438093204, "user/throttle": 0.0, "user/mode": "local", "pilot/angle": 0.6724407076835632, "pilot/throttle": 0.695278525352478, "milliseconds": 65841}