{"cam/image_array": "2193_cam-image_array_.jpg", "user/angle": 0.030396435438093204, "user/throttle": 0.0, "user/mode": "local", "pilot/angle": 0.2537824213504791, "pilot/throttle": 0.7848137617111206, "milliseconds": 501068}