{"cam/image_array": "4574_cam-image_array_.jpg", "user/angle": 0.030396435438093204, "user/throttle": 0.0, "user/mode": "local", "pilot/angle": -0.15980541706085205, "pilot/throttle": 0.834105372428894, "milliseconds": 1034935}