{"cam/image_array": "3201_cam-image_array_.jpg", "user/angle": 0.030396435438093204, "user/throttle": 0.0, "user/mode": "local", "pilot/angle": 0.9212803840637207, "pilot/throttle": 0.8007354736328125, "milliseconds": 727083}