{"cam/image_array": "4561_cam-image_array_.jpg", "user/angle": 0.030396435438093204, "user/throttle": 0.0, "user/mode": "local", "pilot/angle": -0.02779647707939148, "pilot/throttle": 0.6430306434631348, "milliseconds": 1032019}