{"cam/image_array": "630_cam-image_array_.jpg", "user/angle": 0.030396435438093204, "user/throttle": 0.0, "user/mode": "local", "pilot/angle": 0.6863239407539368, "pilot/throttle": 0.7255815267562866, "milliseconds": 150586}