{"cam/image_array": "599_cam-image_array_.jpg", "user/angle": 0.030396435438093204, "user/throttle": 0.0, "user/mode": "local", "pilot/angle": 0.02399066835641861, "pilot/throttle": 0.5436583161354065, "milliseconds": 143640}