{"cam/image_array": "3377_cam-image_array_.jpg", "user/angle": 0.030396435438093204, "user/throttle": 0.0, "user/mode": "local", "pilot/angle": -0.008388228714466095, "pilot/throttle": 0.7614009380340576, "milliseconds": 766546}