{"cam/image_array": "1761_cam-image_array_.jpg", "user/angle": 0.030396435438093204, "user/throttle": 0.0, "user/mode": "local", "pilot/angle": -0.5481559038162231, "pilot/throttle": 0.7003511190414429, "milliseconds": 404184}