{"cam/image_array": "452_cam-image_array_.jpg", "user/angle": 0.030396435438093204, "user/throttle": 0.0, "user/mode": "local", "pilot/angle": -0.36366134881973267, "pilot/throttle": 0.8005840182304382, "milliseconds": 110685}