{"cam/image_array": "1653_cam-image_array_.jpg", "user/angle": 0.030396435438093204, "user/throttle": 0.0, "user/mode": "local", "pilot/angle": -0.031258441507816315, "pilot/throttle": 0.5889173746109009, "milliseconds": 379962}