{"cam/image_array": "4493_cam-image_array_.jpg", "user/angle": 0.030396435438093204, "user/throttle": 0.0, "user/mode": "local", "pilot/angle": 0.7605130076408386, "pilot/throttle": 0.6339046955108643, "milliseconds": 1016770}