{"cam/image_array": "3069_cam-image_array_.jpg", "user/angle": 0.030396435438093204, "user/throttle": 0.0, "user/mode": "local", "pilot/angle": -0.40305206179618835, "pilot/throttle": 0.6122472882270813, "milliseconds": 697486}