{"cam/image_array": "3897_cam-image_array_.jpg", "user/angle": 0.030396435438093204, "user/throttle": 0.0, "user/mode": "local", "pilot/angle": 0.40471574664115906, "pilot/throttle": 0.6529310941696167, "milliseconds": 883141}