{"cam/image_array": "4315_cam-image_array_.jpg", "user/angle": 0.030396435438093204, "user/throttle": 0.0, "user/mode": "local", "pilot/angle": 0.1249505877494812, "pilot/throttle": 0.7524446845054626, "milliseconds": 976863}