{"cam/image_array": "3140_cam-image_array_.jpg", "user/angle": 0.030396435438093204, "user/throttle": 0.0, "user/mode": "local", "pilot/angle": 0.8741914629936218, "pilot/throttle": 0.41347140073776245, "milliseconds": 713403}