{"cam/image_array": "142_cam-image_array_.jpg", "user/angle": 0.030396435438093204, "user/throttle": 0.0, "user/mode": "local", "pilot/angle": 0.6797043681144714, "pilot/throttle": 0.4911499619483948, "milliseconds": 41168}