{"cam/image_array": "953_cam-image_array_.jpg", "user/angle": 0.030396435438093204, "user/throttle": 0.0, "user/mode": "local", "pilot/angle": 0.5393170118331909, "pilot/throttle": 0.7048047184944153, "milliseconds": 223005}