{"cam/image_array": "3174_cam-image_array_.jpg", "user/angle": 0.030396435438093204, "user/throttle": 0.0, "user/mode": "local", "pilot/angle": 0.20508751273155212, "pilot/throttle": 0.7038788795471191, "milliseconds": 721029}