{"cam/image_array": "4294_cam-image_array_.jpg", "user/angle": 0.030396435438093204, "user/throttle": 0.0, "user/mode": "local", "pilot/angle": -0.5320088863372803, "pilot/throttle": 0.6690624952316284, "milliseconds": 972157}