{"cam/image_array": "2261_cam-image_array_.jpg", "user/angle": 0.030396435438093204, "user/throttle": 0.0, "user/mode": "local", "pilot/angle": 0.9382506608963013, "pilot/throttle": 0.6304722428321838, "milliseconds": 516314}