{"cam/image_array": "2090_cam-image_array_.jpg", "user/angle": 0.030396435438093204, "user/throttle": 0.0, "user/mode": "local", "pilot/angle": -0.03873630613088608, "pilot/throttle": 0.6486678719520569, "milliseconds": 477971}