{"cam/image_array": "1130_cam-image_array_.jpg", "user/angle": 0.030396435438093204, "user/throttle": 0.0, "user/mode": "local", "pilot/angle": 0.5708358883857727, "pilot/throttle": 0.7678639888763428, "milliseconds": 262697}