{"cam/image_array": "2228_cam-image_array_.jpg", "user/angle": 0.030396435438093204, "user/throttle": 0.0, "user/mode": "local", "pilot/angle": -0.20289117097854614, "pilot/throttle": 0.7176395058631897, "milliseconds": 508914}