{"cam/image_array": "2709_cam-image_array_.jpg", "user/angle": 0.030396435438093204, "user/throttle": 0.0, "user/mode": "local", "pilot/angle": 0.7772422432899475, "pilot/throttle": 0.42679911851882935, "milliseconds": 616761}