{"cam/image_array": "2203_cam-image_array_.jpg", "user/angle": 0.030396435438093204, "user/throttle": 0.0, "user/mode": "local", "pilot/angle": 0.7621859908103943, "pilot/throttle": 0.3450419306755066, "milliseconds": 503309}