{"cam/image_array": "2124_cam-image_array_.jpg", "user/angle": 0.030396435438093204, "user/throttle": 0.0, "user/mode": "local", "pilot/angle": 0.6849535703659058, "pilot/throttle": 0.7121533155441284, "milliseconds": 485593}