{"cam/image_array": "4332_cam-image_array_.jpg", "user/angle": 0.030396435438093204, "user/throttle": 0.0, "user/mode": "local", "pilot/angle": 0.23164990544319153, "pilot/throttle": 0.7251825928688049, "milliseconds": 980674}