{"cam/image_array": "1088_cam-image_array_.jpg", "user/angle": 0.030396435438093204, "user/throttle": 0.0, "user/mode": "local", "pilot/angle": 0.8690720200538635, "pilot/throttle": 0.4407191574573517, "milliseconds": 253279}