{"cam/image_array": "3211_cam-image_array_.jpg", "user/angle": 0.030396435438093204, "user/throttle": 0.0, "user/mode": "local", "pilot/angle": -0.09031345695257187, "pilot/throttle": 0.7822374701499939, "milliseconds": 729324}