{"cam/image_array": "506_cam-image_array_.jpg", "user/angle": 0.030396435438093204, "user/throttle": 0.0, "user/mode": "local", "pilot/angle": -0.10922817140817642, "pilot/throttle": 0.6292932033538818, "milliseconds": 122790}