{"cam/image_array": "2103_cam-image_array_.jpg", "user/angle": 0.030396435438093204, "user/throttle": 0.0, "user/mode": "local", "pilot/angle": 0.69181227684021, "pilot/throttle": 0.47877371311187744, "milliseconds": 480885}