{"cam/image_array": "2164_cam-image_array_.jpg", "user/angle": 0.030396435438093204, "user/throttle": 0.0, "user/mode": "local", "pilot/angle": 0.655826210975647, "pilot/throttle": 0.6761795282363892, "milliseconds": 494565}