{"cam/image_array": "2902_cam-image_array_.jpg", "user/angle": 0.030396435438093204, "user/throttle": 0.0, "user/mode": "local", "pilot/angle": 0.9427252411842346, "pilot/throttle": 0.5658354163169861, "milliseconds": 660033}