{"cam/image_array": "3922_cam-image_array_.jpg", "user/angle": 0.030396435438093204, "user/throttle": 0.0, "user/mode": "local", "pilot/angle": 0.10411611199378967, "pilot/throttle": 0.7274250984191895, "milliseconds": 888745}