{"cam/image_array": "1789_cam-image_array_.jpg", "user/angle": 0.030396435438093204, "user/throttle": 0.0, "user/mode": "local", "pilot/angle": 0.01833968609571457, "pilot/throttle": 0.5747119784355164, "milliseconds": 410473}