{"cam/image_array": "1610_cam-image_array_.jpg", "user/angle": 0.030396435438093204, "user/throttle": 0.0, "user/mode": "local", "pilot/angle": 0.632095217704773, "pilot/throttle": 0.7895733118057251, "milliseconds": 370319}