{"cam/image_array": "2881_cam-image_array_.jpg", "user/angle": 0.030396435438093204, "user/throttle": 0.0, "user/mode": "local", "pilot/angle": 0.04839975759387016, "pilot/throttle": 0.7449437975883484, "milliseconds": 655324}