{"cam/image_array": "3501_cam-image_array_.jpg", "user/angle": 0.030396435438093204, "user/throttle": 0.0, "user/mode": "local", "pilot/angle": 0.0701649859547615, "pilot/throttle": 0.4865260422229767, "milliseconds": 794347}