{"cam/image_array": "3334_cam-image_array_.jpg", "user/angle": 0.030396435438093204, "user/throttle": 0.0, "user/mode": "local", "pilot/angle": 0.7023831605911255, "pilot/throttle": 0.4828072488307953, "milliseconds": 756904}