{"cam/image_array": "3288_cam-image_array_.jpg", "user/angle": 0.030396435438093204, "user/throttle": 0.0, "user/mode": "local", "pilot/angle": 0.028201919049024582, "pilot/throttle": 0.5722106099128723, "milliseconds": 746592}