{"cam/image_array": "2187_cam-image_array_.jpg", "user/angle": 0.030396435438093204, "user/throttle": 0.0, "user/mode": "local", "pilot/angle": 0.02814575284719467, "pilot/throttle": 0.6589372754096985, "milliseconds": 499721}