{"cam/image_array": "4597_cam-image_array_.jpg", "user/angle": 0.030396435438093204, "user/throttle": 0.0, "user/mode": "local", "pilot/angle": 0.9682484269142151, "pilot/throttle": 0.5028528571128845, "milliseconds": 1040093}