{"cam/image_array": "171_cam-image_array_.jpg", "user/angle": 0.030396435438093204, "user/throttle": 0.0, "user/mode": "local", "pilot/angle": -0.04025127738714218, "pilot/throttle": 0.6424045562744141, "milliseconds": 47669}