{"cam/image_array": "369_cam-image_array_.jpg", "user/angle": 0.030396435438093204, "user/throttle": 0.0, "user/mode": "local", "pilot/angle": 0.43440482020378113, "pilot/throttle": 0.4644542932510376, "milliseconds": 92073}