{"cam/image_array": "367_cam-image_array_.jpg", "user/angle": 0.030396435438093204, "user/throttle": 0.0, "user/mode": "local", "pilot/angle": 0.5038536787033081, "pilot/throttle": 0.5775204300880432, "milliseconds": 91624}