{"cam/image_array": "2600_cam-image_array_.jpg", "user/angle": 0.030396435438093204, "user/throttle": 0.0, "user/mode": "local", "pilot/angle": -0.2661762833595276, "pilot/throttle": 0.6422980427742004, "milliseconds": 592327}