{"cam/image_array": "316_cam-image_array_.jpg", "user/angle": 0.030396435438093204, "user/throttle": 0.0, "user/mode": "local", "pilot/angle": 0.012657705694437027, "pilot/throttle": 0.709306538105011, "milliseconds": 80188}