{"cam/image_array": "187_cam-image_array_.jpg", "user/angle": 0.030396435438093204, "user/throttle": 0.0, "user/mode": "local", "pilot/angle": 0.09343750774860382, "pilot/throttle": 0.7701508402824402, "milliseconds": 51263}