{"cam/image_array": "343_cam-image_array_.jpg", "user/angle": 0.030396435438093204, "user/throttle": 0.0, "user/mode": "local", "pilot/angle": 0.36206093430519104, "pilot/throttle": 0.529318630695343, "milliseconds": 86243}