{"cam/image_array": "4314_cam-image_array_.jpg", "user/angle": 0.030396435438093204, "user/throttle": 0.0, "user/mode": "local", "pilot/angle": 0.9363294243812561, "pilot/throttle": 0.6005593538284302, "milliseconds": 976639}