{"cam/image_array": "1050_cam-image_array_.jpg", "user/angle": 0.030396435438093204, "user/throttle": 0.0, "user/mode": "local", "pilot/angle": 0.9023991823196411, "pilot/throttle": 0.7248552441596985, "milliseconds": 244758}