{"cam/image_array": "2213_cam-image_array_.jpg", "user/angle": 0.030396435438093204, "user/throttle": 0.0, "user/mode": "local", "pilot/angle": 0.0679919496178627, "pilot/throttle": 0.7631433010101318, "milliseconds": 505550}