{"cam/image_array": "4492_cam-image_array_.jpg", "user/angle": 0.030396435438093204, "user/throttle": 0.0, "user/mode": "local", "pilot/angle": 0.6520053148269653, "pilot/throttle": 0.4865361154079437, "milliseconds": 1016546}