{"cam/image_array": "3627_cam-image_array_.jpg", "user/angle": 0.030396435438093204, "user/throttle": 0.0, "user/mode": "local", "pilot/angle": 0.22942444682121277, "pilot/throttle": 0.7258650064468384, "milliseconds": 822598}