{"cam/image_array": "2974_cam-image_array_.jpg", "user/angle": 0.030396435438093204, "user/throttle": 0.0, "user/mode": "local", "pilot/angle": 0.08785516023635864, "pilot/throttle": 0.6633508205413818, "milliseconds": 676180}