{"cam/image_array": "3911_cam-image_array_.jpg", "user/angle": 0.030396435438093204, "user/throttle": 0.0, "user/mode": "local", "pilot/angle": 0.1468288153409958, "pilot/throttle": 0.7428309917449951, "milliseconds": 886280}