{"cam/image_array": "1728_cam-image_array_.jpg", "user/angle": 0.030396435438093204, "user/throttle": 0.0, "user/mode": "local", "pilot/angle": 0.07073473185300827, "pilot/throttle": 0.786516547203064, "milliseconds": 396782}