{"cam/image_array": "1920_cam-image_array_.jpg", "user/angle": 0.030396435438093204, "user/throttle": 0.0, "user/mode": "local", "pilot/angle": 0.6999594569206238, "pilot/throttle": 0.375934362411499, "milliseconds": 439845}