{"cam/image_array": "4489_cam-image_array_.jpg", "user/angle": 0.030396435438093204, "user/throttle": 0.0, "user/mode": "local", "pilot/angle": 0.08912351727485657, "pilot/throttle": 0.7173935770988464, "milliseconds": 1015874}