{"cam/image_array": "137_cam-image_array_.jpg", "user/angle": 0.030396435438093204, "user/throttle": 0.0, "user/mode": "local", "pilot/angle": 0.9155836701393127, "pilot/throttle": 0.5226568579673767, "milliseconds": 40048}