{"cam/image_array": "4062_cam-image_array_.jpg", "user/angle": 0.030396435438093204, "user/throttle": 0.0, "user/mode": "local", "pilot/angle": 0.07032833248376846, "pilot/throttle": 0.6922633647918701, "milliseconds": 920134}