{"cam/image_array": "3686_cam-image_array_.jpg", "user/angle": 0.030396435438093204, "user/throttle": 0.0, "user/mode": "local", "pilot/angle": 0.0027943551540374756, "pilot/throttle": 0.6287807822227478, "milliseconds": 835831}