{"cam/image_array": "1813_cam-image_array_.jpg", "user/angle": 0.030396435438093204, "user/throttle": 0.0, "user/mode": "local", "pilot/angle": 0.051701869815588, "pilot/throttle": 0.6611382961273193, "milliseconds": 415855}