{"cam/image_array": "4540_cam-image_array_.jpg", "user/angle": 0.030396435438093204, "user/throttle": 0.0, "user/mode": "local", "pilot/angle": 0.11484287679195404, "pilot/throttle": 0.7501023411750793, "milliseconds": 1027308}