{"cam/image_array": "3631_cam-image_array_.jpg", "user/angle": 0.030396435438093204, "user/throttle": 0.0, "user/mode": "local", "pilot/angle": 0.8561522960662842, "pilot/throttle": 0.7006359100341797, "milliseconds": 823496}