{"cam/image_array": "2435_cam-image_array_.jpg", "user/angle": 0.030396435438093204, "user/throttle": 0.0, "user/mode": "local", "pilot/angle": -0.04389128088951111, "pilot/throttle": 0.6181498169898987, "milliseconds": 555328}