{"cam/image_array": "484_cam-image_array_.jpg", "user/angle": 0.030396435438093204, "user/throttle": 0.0, "user/mode": "local", "pilot/angle": 0.8731751441955566, "pilot/throttle": 0.7714778780937195, "milliseconds": 117859}