{"cam/image_array": "1959_cam-image_array_.jpg", "user/angle": 0.030396435438093204, "user/throttle": 0.0, "user/mode": "local", "pilot/angle": 0.6890260577201843, "pilot/throttle": 0.6114566326141357, "milliseconds": 448595}