{"cam/image_array": "1371_cam-image_array_.jpg", "user/angle": 0.030396435438093204, "user/throttle": 0.0, "user/mode": "local", "pilot/angle": -0.3449989855289459, "pilot/throttle": 0.6011195182800293, "milliseconds": 316732}