{"cam/image_array": "2958_cam-image_array_.jpg", "user/angle": 0.030396435438093204, "user/throttle": 0.0, "user/mode": "local", "pilot/angle": 0.5697792172431946, "pilot/throttle": 0.517325758934021, "milliseconds": 672591}