{"cam/image_array": "946_cam-image_array_.jpg", "user/angle": 0.030396435438093204, "user/throttle": 0.0, "user/mode": "local", "pilot/angle": -0.10686599463224411, "pilot/throttle": 0.782505452632904, "milliseconds": 221436}