{"cam/image_array": "1925_cam-image_array_.jpg", "user/angle": 0.030396435438093204, "user/throttle": 0.0, "user/mode": "local", "pilot/angle": 0.738167405128479, "pilot/throttle": 0.4075363278388977, "milliseconds": 440966}