{"cam/image_array": "3326_cam-image_array_.jpg", "user/angle": 0.030396435438093204, "user/throttle": 0.0, "user/mode": "local", "pilot/angle": 0.6488496661186218, "pilot/throttle": 0.3894205093383789, "milliseconds": 755110}