{"cam/image_array": "1507_cam-image_array_.jpg", "user/angle": 0.030396435438093204, "user/throttle": 0.0, "user/mode": "local", "pilot/angle": -0.045746512711048126, "pilot/throttle": 0.6644114255905151, "milliseconds": 347224}