{"cam/image_array": "973_cam-image_array_.jpg", "user/angle": 0.030396435438093204, "user/throttle": 0.0, "user/mode": "local", "pilot/angle": 0.11659350991249084, "pilot/throttle": 0.5859963893890381, "milliseconds": 227494}