{"cam/image_array": "1353_cam-image_array_.jpg", "user/angle": 0.030396435438093204, "user/throttle": 0.0, "user/mode": "local", "pilot/angle": 0.5666565895080566, "pilot/throttle": 0.5538428425788879, "milliseconds": 312696}