{"cam/image_array": "2136_cam-image_array_.jpg", "user/angle": 0.030396435438093204, "user/throttle": 0.0, "user/mode": "local", "pilot/angle": -0.5846940875053406, "pilot/throttle": 0.683042585849762, "milliseconds": 488284}