{"cam/image_array": "1198_cam-image_array_.jpg", "user/angle": 0.030396435438093204, "user/throttle": 0.0, "user/mode": "local", "pilot/angle": -0.19813385605812073, "pilot/throttle": 0.6135751008987427, "milliseconds": 277940}