{"cam/image_array": "2371_cam-image_array_.jpg", "user/angle": 0.030396435438093204, "user/throttle": 0.0, "user/mode": "local", "pilot/angle": 0.052981771528720856, "pilot/throttle": 0.7446203231811523, "milliseconds": 540977}