{"cam/image_array": "3740_cam-image_array_.jpg", "user/angle": 0.030396435438093204, "user/throttle": 0.0, "user/mode": "local", "pilot/angle": 0.9153174757957458, "pilot/throttle": 0.5967407822608948, "milliseconds": 847936}