{"cam/image_array": "2967_cam-image_array_.jpg", "user/angle": 0.030396435438093204, "user/throttle": 0.0, "user/mode": "local", "pilot/angle": 0.250794917345047, "pilot/throttle": 0.7064963579177856, "milliseconds": 674610}