{"cam/image_array": "888_cam-image_array_.jpg", "user/angle": 0.030396435438093204, "user/throttle": 0.0, "user/mode": "local", "pilot/angle": 0.3741501569747925, "pilot/throttle": 0.7441719174385071, "milliseconds": 208432}