{"cam/image_array": "3144_cam-image_array_.jpg", "user/angle": 0.030396435438093204, "user/throttle": 0.0, "user/mode": "local", "pilot/angle": 0.8695244789123535, "pilot/throttle": 0.5331137180328369, "milliseconds": 714300}