{"cam/image_array": "805_cam-image_array_.jpg", "user/angle": 0.030396435438093204, "user/throttle": 0.0, "user/mode": "local", "pilot/angle": 0.7019622325897217, "pilot/throttle": 0.3211527168750763, "milliseconds": 189825}