{"cam/image_array": "2039_cam-image_array_.jpg", "user/angle": 0.030396435438093204, "user/throttle": 0.0, "user/mode": "local", "pilot/angle": 0.0637950673699379, "pilot/throttle": 0.6849990487098694, "milliseconds": 466529}