{"cam/image_array": "2428_cam-image_array_.jpg", "user/angle": 0.030396435438093204, "user/throttle": 0.0, "user/mode": "local", "pilot/angle": 0.8511481881141663, "pilot/throttle": 0.6110844016075134, "milliseconds": 553759}