{"cam/image_array": "1921_cam-image_array_.jpg", "user/angle": 0.030396435438093204, "user/throttle": 0.0, "user/mode": "local", "pilot/angle": 0.7418121695518494, "pilot/throttle": 0.2701301574707031, "milliseconds": 440070}