{"cam/image_array": "71_cam-image_array_.jpg", "user/angle": 0.030396435438093204, "user/throttle": 0.0, "user/mode": "local", "pilot/angle": -0.612400233745575, "pilot/throttle": 0.6404901146888733, "milliseconds": 25222}