{"cam/image_array": "2596_cam-image_array_.jpg", "user/angle": 0.030396435438093204, "user/throttle": 0.0, "user/mode": "local", "pilot/angle": 0.15051880478858948, "pilot/throttle": 0.6687051653862, "milliseconds": 591429}