{"cam/image_array": "1360_cam-image_array_.jpg", "user/angle": 0.030396435438093204, "user/throttle": 0.0, "user/mode": "local", "pilot/angle": 0.8375727534294128, "pilot/throttle": 0.3627670705318451, "milliseconds": 314266}