{"cam/image_array": "3782_cam-image_array_.jpg", "user/angle": 0.030396435438093204, "user/throttle": 0.0, "user/mode": "local", "pilot/angle": 0.10296429693698883, "pilot/throttle": 0.6078505516052246, "milliseconds": 857352}