{"cam/image_array": "3516_cam-image_array_.jpg", "user/angle": 0.030396435438093204, "user/throttle": 0.0, "user/mode": "local", "pilot/angle": 0.8571024537086487, "pilot/throttle": 0.38900038599967957, "milliseconds": 797709}