{"cam/image_array": "1007_cam-image_array_.jpg", "user/angle": 0.030396435438093204, "user/throttle": 0.0, "user/mode": "local", "pilot/angle": 0.5441325902938843, "pilot/throttle": 0.6154496669769287, "milliseconds": 235116}