{"cam/image_array": "65_cam-image_array_.jpg", "user/angle": 0.030396435438093204, "user/throttle": 0.0, "user/mode": "local", "pilot/angle": 0.08391255885362625, "pilot/throttle": 0.6182733178138733, "milliseconds": 23876}