{"cam/image_array": "2269_cam-image_array_.jpg", "user/angle": 0.030396435438093204, "user/throttle": 0.0, "user/mode": "local", "pilot/angle": -0.057561375200748444, "pilot/throttle": 0.6488422751426697, "milliseconds": 518107}