{"cam/image_array": "3370_cam-image_array_.jpg", "user/angle": 0.030396435438093204, "user/throttle": 0.0, "user/mode": "local", "pilot/angle": 0.3931569755077362, "pilot/throttle": 0.613107442855835, "milliseconds": 764976}