{"cam/image_array": "8_cam-image_array_.jpg", "user/angle": 0.030396435438093204, "user/throttle": 0.0, "user/mode": "local", "pilot/angle": -0.05491582304239273, "pilot/throttle": 0.38354143500328064, "milliseconds": 11092}