{"cam/image_array": "2808_cam-image_array_.jpg", "user/angle": 0.030396435438093204, "user/throttle": 0.0, "user/mode": "local", "pilot/angle": 0.8435742855072021, "pilot/throttle": 0.7097780108451843, "milliseconds": 638956}