{"cam/image_array": "3269_cam-image_array_.jpg", "user/angle": 0.030396435438093204, "user/throttle": 0.0, "user/mode": "local", "pilot/angle": 0.9283974170684814, "pilot/throttle": 0.5050128698348999, "milliseconds": 742332}