{"cam/image_array": "2372_cam-image_array_.jpg", "user/angle": 0.030396435438093204, "user/throttle": 0.0, "user/mode": "local", "pilot/angle": 0.06808793544769287, "pilot/throttle": 0.6645705699920654, "milliseconds": 541201}