{"cam/image_array": "4086_cam-image_array_.jpg", "user/angle": 0.030396435438093204, "user/throttle": 0.0, "user/mode": "local", "pilot/angle": 0.759166419506073, "pilot/throttle": 0.6078253984451294, "milliseconds": 925514}