{"cam/image_array": "1795_cam-image_array_.jpg", "user/angle": 0.030396435438093204, "user/throttle": 0.0, "user/mode": "local", "pilot/angle": 0.4916311204433441, "pilot/throttle": 0.13172335922718048, "milliseconds": 411819}