{"cam/image_array": "1588_cam-image_array_.jpg", "user/angle": 0.030396435438093204, "user/throttle": 0.0, "user/mode": "local", "pilot/angle": 0.8315160870552063, "pilot/throttle": 0.7217950224876404, "milliseconds": 365385}