{"cam/image_array": "1017_cam-image_array_.jpg", "user/angle": 0.030396435438093204, "user/throttle": 0.0, "user/mode": "local", "pilot/angle": -0.3809874653816223, "pilot/throttle": 0.8136277198791504, "milliseconds": 237359}