{"cam/image_array": "3518_cam-image_array_.jpg", "user/angle": 0.030396435438093204, "user/throttle": 0.0, "user/mode": "local", "pilot/angle": 0.8412477970123291, "pilot/throttle": 0.31799930334091187, "milliseconds": 798158}