{"cam/image_array": "3266_cam-image_array_.jpg", "user/angle": 0.030396435438093204, "user/throttle": 0.0, "user/mode": "local", "pilot/angle": -0.7064388394355774, "pilot/throttle": 0.6641684770584106, "milliseconds": 741659}