{"cam/image_array": "956_cam-image_array_.jpg", "user/angle": 0.030396435438093204, "user/throttle": 0.0, "user/mode": "local", "pilot/angle": 1.045856237411499, "pilot/throttle": 0.6771337985992432, "milliseconds": 223682}