{"cam/image_array": "590_cam-image_array_.jpg", "user/angle": 0.030396435438093204, "user/throttle": 0.0, "user/mode": "local", "pilot/angle": -0.08369988948106766, "pilot/throttle": 0.7764186859130859, "milliseconds": 141624}