{"cam/image_array": "1057_cam-image_array_.jpg", "user/angle": 0.030396435438093204, "user/throttle": 0.0, "user/mode": "local", "pilot/angle": -0.10263708978891373, "pilot/throttle": 0.6711352467536926, "milliseconds": 246326}