{"cam/image_array": "108_cam-image_array_.jpg", "user/angle": 0.030396435438093204, "user/throttle": 0.0, "user/mode": "local", "pilot/angle": 0.044137243181467056, "pilot/throttle": 0.7191973924636841, "milliseconds": 33548}