{"cam/image_array": "2452_cam-image_array_.jpg", "user/angle": 0.030396435438093204, "user/throttle": 0.0, "user/mode": "local", "pilot/angle": -0.11723298579454422, "pilot/throttle": 0.6967140436172485, "milliseconds": 559140}