{"cam/image_array": "3149_cam-image_array_.jpg", "user/angle": 0.030396435438093204, "user/throttle": 0.0, "user/mode": "local", "pilot/angle": -0.04589392989873886, "pilot/throttle": 0.6091517210006714, "milliseconds": 715423}