{"cam/image_array": "3175_cam-image_array_.jpg", "user/angle": 0.030396435438093204, "user/throttle": 0.0, "user/mode": "local", "pilot/angle": 0.6808189749717712, "pilot/throttle": 0.6087899804115295, "milliseconds": 721253}