{"cam/image_array": "832_cam-image_array_.jpg", "user/angle": 0.030396435438093204, "user/throttle": 0.0, "user/mode": "local", "pilot/angle": -0.7269355654716492, "pilot/throttle": 0.7242700457572937, "milliseconds": 195877}