{"cam/image_array": "4579_cam-image_array_.jpg", "user/angle": 0.030396435438093204, "user/throttle": 0.0, "user/mode": "local", "pilot/angle": -0.2596948444843292, "pilot/throttle": 0.6295875906944275, "milliseconds": 1036056}