{"cam/image_array": "1433_cam-image_array_.jpg", "user/angle": 0.030396435438093204, "user/throttle": 0.0, "user/mode": "local", "pilot/angle": -0.048661500215530396, "pilot/throttle": 0.7008950114250183, "milliseconds": 330632}