{"cam/image_array": "378_cam-image_array_.jpg", "user/angle": 0.030396435438093204, "user/throttle": 0.0, "user/mode": "local", "pilot/angle": 0.013214793056249619, "pilot/throttle": 0.7010723352432251, "milliseconds": 94090}