{"cam/image_array": "4531_cam-image_array_.jpg", "user/angle": 0.030396435438093204, "user/throttle": 0.0, "user/mode": "local", "pilot/angle": 0.058434195816516876, "pilot/throttle": 0.590639054775238, "milliseconds": 1025289}