{"cam/image_array": "2603_cam-image_array_.jpg", "user/angle": 0.030396435438093204, "user/throttle": 0.0, "user/mode": "local", "pilot/angle": -0.6038413047790527, "pilot/throttle": 0.6871168613433838, "milliseconds": 593000}