{"cam/image_array": "2214_cam-image_array_.jpg", "user/angle": 0.030396435438093204, "user/throttle": 0.0, "user/mode": "local", "pilot/angle": 0.08483576029539108, "pilot/throttle": 0.649061918258667, "milliseconds": 505774}