{"cam/image_array": "3513_cam-image_array_.jpg", "user/angle": 0.030396435438093204, "user/throttle": 0.0, "user/mode": "local", "pilot/angle": 0.592888355255127, "pilot/throttle": 0.27591365575790405, "milliseconds": 797037}