{"cam/image_array": "2594_cam-image_array_.jpg", "user/angle": 0.030396435438093204, "user/throttle": 0.0, "user/mode": "local", "pilot/angle": 0.7865872979164124, "pilot/throttle": 0.6705790758132935, "milliseconds": 590981}