{"cam/image_array": "2482_cam-image_array_.jpg", "user/angle": 0.030396435438093204, "user/throttle": 0.0, "user/mode": "local", "pilot/angle": 0.8777841329574585, "pilot/throttle": 0.5592643618583679, "milliseconds": 565866}