{"cam/image_array": "2775_cam-image_array_.jpg", "user/angle": 0.030396435438093204, "user/throttle": 0.0, "user/mode": "local", "pilot/angle": -0.06138841062784195, "pilot/throttle": 0.5182701349258423, "milliseconds": 631556}