{"cam/image_array": "120_cam-image_array_.jpg", "user/angle": 0.030396435438093204, "user/throttle": 0.0, "user/mode": "local", "pilot/angle": 0.05021284893155098, "pilot/throttle": 0.6077062487602234, "milliseconds": 36237}