{"cam/image_array": "547_cam-image_array_.jpg", "user/angle": 0.030396435438093204, "user/throttle": 0.0, "user/mode": "local", "pilot/angle": -0.5627270340919495, "pilot/throttle": 0.7069410681724548, "milliseconds": 131984}