{"cam/image_array": "4065_cam-image_array_.jpg", "user/angle": 0.030396435438093204, "user/throttle": 0.0, "user/mode": "local", "pilot/angle": 0.032168276607990265, "pilot/throttle": 0.6815037727355957, "milliseconds": 920807}