{"cam/image_array": "3530_cam-image_array_.jpg", "user/angle": 0.030396435438093204, "user/throttle": 0.0, "user/mode": "local", "pilot/angle": -0.027740634977817535, "pilot/throttle": 0.7156276702880859, "milliseconds": 800848}