{"cam/image_array": "1257_cam-image_array_.jpg", "user/angle": 0.030396435438093204, "user/throttle": 0.0, "user/mode": "local", "pilot/angle": 0.03280393034219742, "pilot/throttle": 0.6823049783706665, "milliseconds": 291173}