{"cam/image_array": "951_cam-image_array_.jpg", "user/angle": 0.030396435438093204, "user/throttle": 0.0, "user/mode": "local", "pilot/angle": 0.30532604455947876, "pilot/throttle": 0.736849844455719, "milliseconds": 222557}