{"cam/image_array": "2688_cam-image_array_.jpg", "user/angle": 0.030396435438093204, "user/throttle": 0.0, "user/mode": "local", "pilot/angle": 0.6532577872276306, "pilot/throttle": 0.5975420475006104, "milliseconds": 612053}