{"cam/image_array": "3687_cam-image_array_.jpg", "user/angle": 0.030396435438093204, "user/throttle": 0.0, "user/mode": "local", "pilot/angle": 0.01702454686164856, "pilot/throttle": 0.622079074382782, "milliseconds": 836055}