{"cam/image_array": "457_cam-image_array_.jpg", "user/angle": 0.030396435438093204, "user/throttle": 0.0, "user/mode": "local", "pilot/angle": 0.8405598998069763, "pilot/throttle": 0.502225935459137, "milliseconds": 111807}