{"cam/image_array": "4152_cam-image_array_.jpg", "user/angle": 0.030396435438093204, "user/throttle": 0.0, "user/mode": "local", "pilot/angle": -0.0787854716181755, "pilot/throttle": 0.7695422172546387, "milliseconds": 940311}