{"cam/image_array": "3667_cam-image_array_.jpg", "user/angle": 0.030396435438093204, "user/throttle": 0.0, "user/mode": "local", "pilot/angle": 0.4110287129878998, "pilot/throttle": 0.728185772895813, "milliseconds": 831573}