{"cam/image_array": "2718_cam-image_array_.jpg", "user/angle": 0.030396435438093204, "user/throttle": 0.0, "user/mode": "local", "pilot/angle": 0.04655301570892334, "pilot/throttle": 0.743087649345398, "milliseconds": 618778}