{"cam/image_array": "3082_cam-image_array_.jpg", "user/angle": 0.030396435438093204, "user/throttle": 0.0, "user/mode": "local", "pilot/angle": 0.5377132892608643, "pilot/throttle": 0.6483941674232483, "milliseconds": 700403}