{"cam/image_array": "3805_cam-image_array_.jpg", "user/angle": 0.030396435438093204, "user/throttle": 0.0, "user/mode": "local", "pilot/angle": 0.49517205357551575, "pilot/throttle": 0.5631677508354187, "milliseconds": 862510}