{"cam/image_array": "2451_cam-image_array_.jpg", "user/angle": 0.030396435438093204, "user/throttle": 0.0, "user/mode": "local", "pilot/angle": -0.11972901970148087, "pilot/throttle": 0.7347612380981445, "milliseconds": 558916}