{"cam/image_array": "1587_cam-image_array_.jpg", "user/angle": 0.030396435438093204, "user/throttle": 0.0, "user/mode": "local", "pilot/angle": 0.6059394478797913, "pilot/throttle": 0.5307448506355286, "milliseconds": 365161}