{"cam/image_array": "2714_cam-image_array_.jpg", "user/angle": 0.030396435438093204, "user/throttle": 0.0, "user/mode": "local", "pilot/angle": 0.8051728010177612, "pilot/throttle": 0.57547527551651, "milliseconds": 617882}