{"cam/image_array": "2320_cam-image_array_.jpg", "user/angle": 0.030396435438093204, "user/throttle": 0.0, "user/mode": "local", "pilot/angle": -0.7044277191162109, "pilot/throttle": 0.707223117351532, "milliseconds": 529543}