{"cam/image_array": "3752_cam-image_array_.jpg", "user/angle": 0.030396435438093204, "user/throttle": 0.0, "user/mode": "local", "pilot/angle": 0.4289088249206543, "pilot/throttle": 0.8062970042228699, "milliseconds": 850627}