{"cam/image_array": "2436_cam-image_array_.jpg", "user/angle": 0.030396435438093204, "user/throttle": 0.0, "user/mode": "local", "pilot/angle": -0.01224285364151001, "pilot/throttle": 0.6308704018592834, "milliseconds": 555553}