{"cam/image_array": "1924_cam-image_array_.jpg", "user/angle": 0.030396435438093204, "user/throttle": 0.0, "user/mode": "local", "pilot/angle": 0.7598859667778015, "pilot/throttle": 0.4804207384586334, "milliseconds": 440742}