{"cam/image_array": "3264_cam-image_array_.jpg", "user/angle": 0.030396435438093204, "user/throttle": 0.0, "user/mode": "local", "pilot/angle": -0.7321165204048157, "pilot/throttle": 0.6395778656005859, "milliseconds": 741210}