{"cam/image_array": "1493_cam-image_array_.jpg", "user/angle": 0.030396435438093204, "user/throttle": 0.0, "user/mode": "local", "pilot/angle": 0.8872348666191101, "pilot/throttle": 0.6215651035308838, "milliseconds": 344085}