{"cam/image_array": "3095_cam-image_array_.jpg", "user/angle": 0.030396435438093204, "user/throttle": 0.0, "user/mode": "local", "pilot/angle": -0.027826599776744843, "pilot/throttle": 0.6838088631629944, "milliseconds": 703318}