{"cam/image_array": "1175_cam-image_array_.jpg", "user/angle": 0.030396435438093204, "user/throttle": 0.0, "user/mode": "local", "pilot/angle": 0.9424130916595459, "pilot/throttle": 0.2923407256603241, "milliseconds": 272785}