{"cam/image_array": "2895_cam-image_array_.jpg", "user/angle": 0.030396435438093204, "user/throttle": 0.0, "user/mode": "local", "pilot/angle": 0.5014876127243042, "pilot/throttle": 0.4713519513607025, "milliseconds": 658464}