{"cam/image_array": "2797_cam-image_array_.jpg", "user/angle": 0.030396435438093204, "user/throttle": 0.0, "user/mode": "local", "pilot/angle": 0.2338556945323944, "pilot/throttle": 0.7440384030342102, "milliseconds": 636489}