{"cam/image_array": "3328_cam-image_array_.jpg", "user/angle": 0.030396435438093204, "user/throttle": 0.0, "user/mode": "local", "pilot/angle": 0.6771551370620728, "pilot/throttle": 0.44724205136299133, "milliseconds": 755558}