{"cam/image_array": "3625_cam-image_array_.jpg", "user/angle": 0.030396435438093204, "user/throttle": 0.0, "user/mode": "local", "pilot/angle": -0.09093605726957321, "pilot/throttle": 0.6948376297950745, "milliseconds": 822149}