{"cam/image_array": "2064_cam-image_array_.jpg", "user/angle": 0.030396435438093204, "user/throttle": 0.0, "user/mode": "local", "pilot/angle": 0.12503598630428314, "pilot/throttle": 0.7561509013175964, "milliseconds": 472141}