{"cam/image_array": "4096_cam-image_array_.jpg", "user/angle": 0.030396435438093204, "user/throttle": 0.0, "user/mode": "local", "pilot/angle": -0.038937926292419434, "pilot/throttle": 0.7053502202033997, "milliseconds": 927756}