{"cam/image_array": "963_cam-image_array_.jpg", "user/angle": 0.030396435438093204, "user/throttle": 0.0, "user/mode": "local", "pilot/angle": -0.039344608783721924, "pilot/throttle": 0.7691443562507629, "milliseconds": 225252}