{"cam/image_array": "45_cam-image_array_.jpg", "user/angle": 0.030396435438093204, "user/throttle": 0.0, "user/mode": "local", "pilot/angle": 0.45683419704437256, "pilot/throttle": 0.37675413489341736, "milliseconds": 19391}