{"cam/image_array": "2891_cam-image_array_.jpg", "user/angle": 0.030396435438093204, "user/throttle": 0.0, "user/mode": "local", "pilot/angle": -0.19236603379249573, "pilot/throttle": 0.7444837093353271, "milliseconds": 657567}