{"cam/image_array": "3723_cam-image_array_.jpg", "user/angle": 0.030396435438093204, "user/throttle": 0.0, "user/mode": "local", "pilot/angle": 0.602860689163208, "pilot/throttle": 0.6253017783164978, "milliseconds": 844122}