{"cam/image_array": "2018_cam-image_array_.jpg", "user/angle": 0.030396435438093204, "user/throttle": 0.0, "user/mode": "local", "pilot/angle": 0.9223721027374268, "pilot/throttle": 0.3819589912891388, "milliseconds": 461821}