{"cam/image_array": "754_cam-image_array_.jpg", "user/angle": 0.030396435438093204, "user/throttle": 0.0, "user/mode": "local", "pilot/angle": 0.8711436986923218, "pilot/throttle": 0.65862637758255, "milliseconds": 178384}