{"cam/image_array": "3901_cam-image_array_.jpg", "user/angle": 0.030396435438093204, "user/throttle": 0.0, "user/mode": "local", "pilot/angle": -0.028642967343330383, "pilot/throttle": 0.7983828186988831, "milliseconds": 884038}