{"cam/image_array": "220_cam-image_array_.jpg", "user/angle": 0.030396435438093204, "user/throttle": 0.0, "user/mode": "local", "pilot/angle": 0.1538451611995697, "pilot/throttle": 0.6917449235916138, "milliseconds": 58662}