{"cam/image_array": "4467_cam-image_array_.jpg", "user/angle": 0.030396435438093204, "user/throttle": 0.0, "user/mode": "local", "pilot/angle": -0.057759322226047516, "pilot/throttle": 0.7363541722297668, "milliseconds": 1010941}