{"cam/image_array": "4114_cam-image_array_.jpg", "user/angle": 0.030396435438093204, "user/throttle": 0.0, "user/mode": "local", "pilot/angle": -0.34305307269096375, "pilot/throttle": 0.7298325896263123, "milliseconds": 931793}