{"cam/image_array": "3824_cam-image_array_.jpg", "user/angle": 0.030396435438093204, "user/throttle": 0.0, "user/mode": "local", "pilot/angle": -0.41780176758766174, "pilot/throttle": 0.5319643020629883, "milliseconds": 866768}