{"cam/image_array": "1904_cam-image_array_.jpg", "user/angle": 0.030396435438093204, "user/throttle": 0.0, "user/mode": "local", "pilot/angle": -0.11240419000387192, "pilot/throttle": 0.8387528657913208, "milliseconds": 436261}