{"cam/image_array": "3311_cam-image_array_.jpg", "user/angle": 0.030396435438093204, "user/throttle": 0.0, "user/mode": "local", "pilot/angle": 0.040356334298849106, "pilot/throttle": 0.5339629054069519, "milliseconds": 751746}