{"cam/image_array": "2255_cam-image_array_.jpg", "user/angle": 0.030396435438093204, "user/throttle": 0.0, "user/mode": "local", "pilot/angle": 0.05122269317507744, "pilot/throttle": 0.08650542795658112, "milliseconds": 514967}