{"cam/image_array": "3421_cam-image_array_.jpg", "user/angle": 0.030396435438093204, "user/throttle": 0.0, "user/mode": "local", "pilot/angle": 0.9437203407287598, "pilot/throttle": 0.3687810003757477, "milliseconds": 776409}