{"cam/image_array": "4379_cam-image_array_.jpg", "user/angle": 0.030396435438093204, "user/throttle": 0.0, "user/mode": "local", "pilot/angle": 0.5601611137390137, "pilot/throttle": 0.8009656667709351, "milliseconds": 991214}