{"cam/image_array": "1889_cam-image_array_.jpg", "user/angle": 0.030396435438093204, "user/throttle": 0.0, "user/mode": "local", "pilot/angle": 0.43286246061325073, "pilot/throttle": 0.763257622718811, "milliseconds": 432899}