{"cam/image_array": "3546_cam-image_array_.jpg", "user/angle": 0.030396435438093204, "user/throttle": 0.0, "user/mode": "local", "pilot/angle": -0.22963562607765198, "pilot/throttle": 0.8052305579185486, "milliseconds": 804433}