{"cam/image_array": "205_cam-image_array_.jpg", "user/angle": 0.030396435438093204, "user/throttle": 0.0, "user/mode": "local", "pilot/angle": -0.1473594605922699, "pilot/throttle": 0.6920537352561951, "milliseconds": 55299}