{"cam/image_array": "4529_cam-image_array_.jpg", "user/angle": 0.030396435438093204, "user/throttle": 0.0, "user/mode": "local", "pilot/angle": -0.0869823768734932, "pilot/throttle": 0.7548472881317139, "milliseconds": 1024841}