{"cam/image_array": "3588_cam-image_array_.jpg", "user/angle": 0.030396435438093204, "user/throttle": 0.0, "user/mode": "local", "pilot/angle": -0.07424356788396835, "pilot/throttle": 0.5735922455787659, "milliseconds": 813851}