{"cam/image_array": "3575_cam-image_array_.jpg", "user/angle": 0.030396435438093204, "user/throttle": 0.0, "user/mode": "local", "pilot/angle": 0.8887936472892761, "pilot/throttle": 0.6404909491539001, "milliseconds": 810938}