{"cam/image_array": "3227_cam-image_array_.jpg", "user/angle": 0.030396435438093204, "user/throttle": 0.0, "user/mode": "local", "pilot/angle": 0.6588648557662964, "pilot/throttle": 0.5837430953979492, "milliseconds": 732912}