{"cam/image_array": "1438_cam-image_array_.jpg", "user/angle": 0.030396435438093204, "user/throttle": 0.0, "user/mode": "local", "pilot/angle": -0.002357006072998047, "pilot/throttle": 0.7271493077278137, "milliseconds": 331755}