{"cam/image_array": "3416_cam-image_array_.jpg", "user/angle": 0.030396435438093204, "user/throttle": 0.0, "user/mode": "local", "pilot/angle": 0.8231492638587952, "pilot/throttle": 0.5209140181541443, "milliseconds": 775288}