{"cam/image_array": "2328_cam-image_array_.jpg", "user/angle": 0.030396435438093204, "user/throttle": 0.0, "user/mode": "local", "pilot/angle": 0.9947139620780945, "pilot/throttle": 0.671883225440979, "milliseconds": 531337}