{"cam/image_array": "3305_cam-image_array_.jpg", "user/angle": 0.030396435438093204, "user/throttle": 0.0, "user/mode": "local", "pilot/angle": -0.10524372011423111, "pilot/throttle": 0.7170534133911133, "milliseconds": 750402}