{"cam/image_array": "360_cam-image_array_.jpg", "user/angle": 0.030396435438093204, "user/throttle": 0.0, "user/mode": "local", "pilot/angle": 0.006151065230369568, "pilot/throttle": 0.6944128274917603, "milliseconds": 90055}