{"cam/image_array": "3895_cam-image_array_.jpg", "user/angle": 0.030396435438093204, "user/throttle": 0.0, "user/mode": "local", "pilot/angle": 0.83160799741745, "pilot/throttle": 0.6602569818496704, "milliseconds": 882693}