{"cam/image_array": "2936_cam-image_array_.jpg", "user/angle": 0.030396435438093204, "user/throttle": 0.0, "user/mode": "local", "pilot/angle": 0.05062926188111305, "pilot/throttle": 0.6181797981262207, "milliseconds": 667657}