{"cam/image_array": "1412_cam-image_array_.jpg", "user/angle": 0.030396435438093204, "user/throttle": 0.0, "user/mode": "local", "pilot/angle": 0.024271167814731598, "pilot/throttle": 0.6311658620834351, "milliseconds": 325925}