{"cam/image_array": "1842_cam-image_array_.jpg", "user/angle": 0.030396435438093204, "user/throttle": 0.0, "user/mode": "local", "pilot/angle": -0.014914825558662415, "pilot/throttle": 0.6233290433883667, "milliseconds": 422356}