{"cam/image_array": "4457_cam-image_array_.jpg", "user/angle": 0.030396435438093204, "user/throttle": 0.0, "user/mode": "local", "pilot/angle": 0.9277505874633789, "pilot/throttle": 0.4027664065361023, "milliseconds": 1008699}