{"cam/image_array": "1436_cam-image_array_.jpg", "user/angle": 0.030396435438093204, "user/throttle": 0.0, "user/mode": "local", "pilot/angle": 0.011311836540699005, "pilot/throttle": 0.6875400543212891, "milliseconds": 331306}