{"cam/image_array": "1817_cam-image_array_.jpg", "user/angle": 0.030396435438093204, "user/throttle": 0.0, "user/mode": "local", "pilot/angle": 0.03162911534309387, "pilot/throttle": 0.7191271185874939, "milliseconds": 416751}