{"cam/image_array": "3455_cam-image_array_.jpg", "user/angle": 0.030396435438093204, "user/throttle": 0.0, "user/mode": "local", "pilot/angle": 0.14006170630455017, "pilot/throttle": 0.7277316451072693, "milliseconds": 784036}