{"cam/image_array": "4286_cam-image_array_.jpg", "user/angle": 0.030396435438093204, "user/throttle": 0.0, "user/mode": "local", "pilot/angle": 0.5422992706298828, "pilot/throttle": 0.649459719657898, "milliseconds": 970364}