{"cam/image_array": "1883_cam-image_array_.jpg", "user/angle": 0.030396435438093204, "user/throttle": 0.0, "user/mode": "local", "pilot/angle": -0.21134915947914124, "pilot/throttle": 0.7948833107948303, "milliseconds": 431553}