{"cam/image_array": "847_cam-image_array_.jpg", "user/angle": 0.030396435438093204, "user/throttle": 0.0, "user/mode": "local", "pilot/angle": 0.7515988349914551, "pilot/throttle": 0.7066805362701416, "milliseconds": 199240}