{"cam/image_array": "2622_cam-image_array_.jpg", "user/angle": 0.030396435438093204, "user/throttle": 0.0, "user/mode": "local", "pilot/angle": 0.1386023908853531, "pilot/throttle": 0.647331953048706, "milliseconds": 597260}