{"cam/image_array": "639_cam-image_array_.jpg", "user/angle": 0.030396435438093204, "user/throttle": 0.0, "user/mode": "local", "pilot/angle": -0.5077360272407532, "pilot/throttle": 0.7362741231918335, "milliseconds": 152604}