{"cam/image_array": "283_cam-image_array_.jpg", "user/angle": 0.030396435438093204, "user/throttle": 0.0, "user/mode": "local", "pilot/angle": -0.08758644014596939, "pilot/throttle": 0.773980438709259, "milliseconds": 72791}