{"cam/image_array": "2497_cam-image_array_.jpg", "user/angle": 0.030396435438093204, "user/throttle": 0.0, "user/mode": "local", "pilot/angle": 0.5989145040512085, "pilot/throttle": 0.648371696472168, "milliseconds": 569228}