{"cam/image_array": "3413_cam-image_array_.jpg", "user/angle": 0.030396435438093204, "user/throttle": 0.0, "user/mode": "local", "pilot/angle": 0.37749528884887695, "pilot/throttle": 0.5568605661392212, "milliseconds": 774615}