{"cam/image_array": "4543_cam-image_array_.jpg", "user/angle": 0.030396435438093204, "user/throttle": 0.0, "user/mode": "local", "pilot/angle": 0.3130548596382141, "pilot/throttle": 0.7207809090614319, "milliseconds": 1027980}