{"cam/image_array": "344_cam-image_array_.jpg", "user/angle": 0.030396435438093204, "user/throttle": 0.0, "user/mode": "local", "pilot/angle": 0.5804356932640076, "pilot/throttle": 0.6832202672958374, "milliseconds": 86467}