{"cam/image_array": "3275_cam-image_array_.jpg", "user/angle": 0.030396435438093204, "user/throttle": 0.0, "user/mode": "local", "pilot/angle": 0.9894967079162598, "pilot/throttle": 0.5666869282722473, "milliseconds": 743678}