{"cam/image_array": "1536_cam-image_array_.jpg", "user/angle": 0.030396435438093204, "user/throttle": 0.0, "user/mode": "local", "pilot/angle": 0.009538836777210236, "pilot/throttle": 0.7516592741012573, "milliseconds": 353726}