{"cam/image_array": "1769_cam-image_array_.jpg", "user/angle": 0.030396435438093204, "user/throttle": 0.0, "user/mode": "local", "pilot/angle": -0.07682985812425613, "pilot/throttle": 0.6803532838821411, "milliseconds": 405978}