{"cam/image_array": "233_cam-image_array_.jpg", "user/angle": 0.030396435438093204, "user/throttle": 0.0, "user/mode": "local", "pilot/angle": 0.7673465013504028, "pilot/throttle": 0.3720472455024719, "milliseconds": 61582}