{"cam/image_array": "2023_cam-image_array_.jpg", "user/angle": 0.030396435438093204, "user/throttle": 0.0, "user/mode": "local", "pilot/angle": 0.7035437226295471, "pilot/throttle": 0.5300590991973877, "milliseconds": 462941}