{"cam/image_array": "606_cam-image_array_.jpg", "user/angle": 0.030396435438093204, "user/throttle": 0.0, "user/mode": "local", "pilot/angle": 0.27417513728141785, "pilot/throttle": 0.22384917736053467, "milliseconds": 145208}