{"cam/image_array": "897_cam-image_array_.jpg", "user/angle": 0.030396435438093204, "user/throttle": 0.0, "user/mode": "local", "pilot/angle": 0.8085095882415771, "pilot/throttle": 0.37536484003067017, "milliseconds": 210449}