{"cam/image_array": "3080_cam-image_array_.jpg", "user/angle": 0.030396435438093204, "user/throttle": 0.0, "user/mode": "local", "pilot/angle": 0.18920692801475525, "pilot/throttle": 0.7345763444900513, "milliseconds": 699954}