{"cam/image_array": "533_cam-image_array_.jpg", "user/angle": 0.030396435438093204, "user/throttle": 0.0, "user/mode": "local", "pilot/angle": -0.049582675099372864, "pilot/throttle": 0.6603082418441772, "milliseconds": 128845}