{"cam/image_array": "3804_cam-image_array_.jpg", "user/angle": 0.030396435438093204, "user/throttle": 0.0, "user/mode": "local", "pilot/angle": 0.5645932555198669, "pilot/throttle": 0.5512157082557678, "milliseconds": 862285}