{"cam/image_array": "627_cam-image_array_.jpg", "user/angle": 0.030396435438093204, "user/throttle": 0.0, "user/mode": "local", "pilot/angle": 0.09419167041778564, "pilot/throttle": 0.7601338624954224, "milliseconds": 149914}