{"cam/image_array": "1468_cam-image_array_.jpg", "user/angle": 0.030396435438093204, "user/throttle": 0.0, "user/mode": "local", "pilot/angle": -0.13313138484954834, "pilot/throttle": 0.685306966304779, "milliseconds": 338480}