{"cam/image_array": "4462_cam-image_array_.jpg", "user/angle": 0.030396435438093204, "user/throttle": 0.0, "user/mode": "local", "pilot/angle": 0.5701118111610413, "pilot/throttle": 0.600067675113678, "milliseconds": 1009820}