{"cam/image_array": "3414_cam-image_array_.jpg", "user/angle": 0.030396435438093204, "user/throttle": 0.0, "user/mode": "local", "pilot/angle": 0.47410109639167786, "pilot/throttle": 0.1458812654018402, "milliseconds": 774840}