{"cam/image_array": "3073_cam-image_array_.jpg", "user/angle": 0.030396435438093204, "user/throttle": 0.0, "user/mode": "local", "pilot/angle": -0.5882769823074341, "pilot/throttle": 0.7267096638679504, "milliseconds": 698383}