{"cam/image_array": "497_cam-image_array_.jpg", "user/angle": 0.030396435438093204, "user/throttle": 0.0, "user/mode": "local", "pilot/angle": -0.010006420314311981, "pilot/throttle": 0.6878942251205444, "milliseconds": 120773}