{"cam/image_array": "2690_cam-image_array_.jpg", "user/angle": 0.030396435438093204, "user/throttle": 0.0, "user/mode": "local", "pilot/angle": 0.11127875745296478, "pilot/throttle": 0.7297634482383728, "milliseconds": 612500}