{"cam/image_array": "4596_cam-image_array_.jpg", "user/angle": 0.030396435438093204, "user/throttle": 0.0, "user/mode": "local", "pilot/angle": 1.0658595561981201, "pilot/throttle": 0.4178503155708313, "milliseconds": 1039869}