{"cam/image_array": "1065_cam-image_array_.jpg", "user/angle": 0.030396435438093204, "user/throttle": 0.0, "user/mode": "local", "pilot/angle": -0.00929732620716095, "pilot/throttle": 0.6763383746147156, "milliseconds": 248120}