{"cam/image_array": "1108_cam-image_array_.jpg", "user/angle": 0.030396435438093204, "user/throttle": 0.0, "user/mode": "local", "pilot/angle": -0.4205411970615387, "pilot/throttle": 0.7925078868865967, "milliseconds": 257763}