{"cam/image_array": "2056_cam-image_array_.jpg", "user/angle": 0.030396435438093204, "user/throttle": 0.0, "user/mode": "local", "pilot/angle": 0.9042245149612427, "pilot/throttle": 0.5101181864738464, "milliseconds": 470347}