{"cam/image_array": "277_cam-image_array_.jpg", "user/angle": 0.030396435438093204, "user/throttle": 0.0, "user/mode": "local", "pilot/angle": 0.7779586315155029, "pilot/throttle": 0.6203163266181946, "milliseconds": 71445}