{"cam/image_array": "708_cam-image_array_.jpg", "user/angle": 0.030396435438093204, "user/throttle": 0.0, "user/mode": "local", "pilot/angle": 0.9440675973892212, "pilot/throttle": 0.4503363370895386, "milliseconds": 168071}