{"cam/image_array": "4418_cam-image_array_.jpg", "user/angle": 0.030396435438093204, "user/throttle": 0.0, "user/mode": "local", "pilot/angle": 0.1792774796485901, "pilot/throttle": 0.8127157092094421, "milliseconds": 999957}