{"cam/image_array": "2143_cam-image_array_.jpg", "user/angle": 0.030396435438093204, "user/throttle": 0.0, "user/mode": "local", "pilot/angle": 0.7137271761894226, "pilot/throttle": 0.4475637972354889, "milliseconds": 489855}