{"cam/image_array": "3221_cam-image_array_.jpg", "user/angle": 0.030396435438093204, "user/throttle": 0.0, "user/mode": "local", "pilot/angle": 0.039722517132759094, "pilot/throttle": 0.7535170912742615, "milliseconds": 731567}