{"cam/image_array": "2538_cam-image_array_.jpg", "user/angle": 0.030396435438093204, "user/throttle": 0.0, "user/mode": "local", "pilot/angle": 0.4949306845664978, "pilot/throttle": 0.17041318118572235, "milliseconds": 578423}