{"cam/image_array": "1500_cam-image_array_.jpg", "user/angle": 0.030396435438093204, "user/throttle": 0.0, "user/mode": "local", "pilot/angle": 0.8906292915344238, "pilot/throttle": 0.7326278686523438, "milliseconds": 345655}