{"cam/image_array": "1566_cam-image_array_.jpg", "user/angle": 0.030396435438093204, "user/throttle": 0.0, "user/mode": "local", "pilot/angle": 0.25183653831481934, "pilot/throttle": 0.6186876893043518, "milliseconds": 360451}