{"cam/image_array": "2691_cam-image_array_.jpg", "user/angle": 0.030396435438093204, "user/throttle": 0.0, "user/mode": "local", "pilot/angle": 0.049972932785749435, "pilot/throttle": 0.6072832345962524, "milliseconds": 612724}