{"cam/image_array": "491_cam-image_array_.jpg", "user/angle": 0.030396435438093204, "user/throttle": 0.0, "user/mode": "local", "pilot/angle": -0.12154986709356308, "pilot/throttle": 0.7631105184555054, "milliseconds": 119429}