{"cam/image_array": "1590_cam-image_array_.jpg", "user/angle": 0.030396435438093204, "user/throttle": 0.0, "user/mode": "local", "pilot/angle": 0.8015913963317871, "pilot/throttle": 0.49410662055015564, "milliseconds": 365834}