{"cam/image_array": "666_cam-image_array_.jpg", "user/angle": 0.030396435438093204, "user/throttle": 0.0, "user/mode": "local", "pilot/angle": -0.06846187263727188, "pilot/throttle": 0.7548203468322754, "milliseconds": 158656}