{"cam/image_array": "3981_cam-image_array_.jpg", "user/angle": 0.030396435438093204, "user/throttle": 0.0, "user/mode": "local", "pilot/angle": 0.9774554371833801, "pilot/throttle": 0.39672306180000305, "milliseconds": 901974}