{"cam/image_array": "2609_cam-image_array_.jpg", "user/angle": 0.030396435438093204, "user/throttle": 0.0, "user/mode": "local", "pilot/angle": 0.2409304976463318, "pilot/throttle": 0.5386465191841125, "milliseconds": 594346}