{"cam/image_array": "1858_cam-image_array_.jpg", "user/angle": 0.030396435438093204, "user/throttle": 0.0, "user/mode": "local", "pilot/angle": -0.3668982982635498, "pilot/throttle": 0.6273843050003052, "milliseconds": 425944}