{"cam/image_array": "68_cam-image_array_.jpg", "user/angle": 0.030396435438093204, "user/throttle": 0.0, "user/mode": "local", "pilot/angle": -0.38811972737312317, "pilot/throttle": 0.6745444536209106, "milliseconds": 24549}