{"cam/image_array": "2098_cam-image_array_.jpg", "user/angle": 0.030396435438093204, "user/throttle": 0.0, "user/mode": "local", "pilot/angle": 0.1588248312473297, "pilot/throttle": 0.5798420906066895, "milliseconds": 479764}