{"cam/image_array": "2201_cam-image_array_.jpg", "user/angle": 0.030396435438093204, "user/throttle": 0.0, "user/mode": "local", "pilot/angle": 0.8631701469421387, "pilot/throttle": 0.44202715158462524, "milliseconds": 502861}