{"cam/image_array": "4407_cam-image_array_.jpg", "user/angle": 0.030396435438093204, "user/throttle": 0.0, "user/mode": "local", "pilot/angle": 0.7512694001197815, "pilot/throttle": 0.6374378204345703, "milliseconds": 997492}