{"cam/image_array": "2453_cam-image_array_.jpg", "user/angle": 0.030396435438093204, "user/throttle": 0.0, "user/mode": "local", "pilot/angle": -0.04970867186784744, "pilot/throttle": 0.6084107160568237, "milliseconds": 559365}