{"cam/image_array": "1247_cam-image_array_.jpg", "user/angle": 0.030396435438093204, "user/throttle": 0.0, "user/mode": "local", "pilot/angle": -0.06945843249559402, "pilot/throttle": 0.5472463369369507, "milliseconds": 288925}