{"cam/image_array": "314_cam-image_array_.jpg", "user/angle": 0.030396435438093204, "user/throttle": 0.0, "user/mode": "local", "pilot/angle": 0.026618987321853638, "pilot/throttle": 0.6405054330825806, "milliseconds": 79740}