{"cam/image_array": "4357_cam-image_array_.jpg", "user/angle": 0.030396435438093204, "user/throttle": 0.0, "user/mode": "local", "pilot/angle": 0.5800054669380188, "pilot/throttle": 0.5105172991752625, "milliseconds": 986282}