{"cam/image_array": "1903_cam-image_array_.jpg", "user/angle": 0.030396435438093204, "user/throttle": 0.0, "user/mode": "local", "pilot/angle": -0.0992780402302742, "pilot/throttle": 0.7868569493293762, "milliseconds": 436036}