{"cam/image_array": "4082_cam-image_array_.jpg", "user/angle": 0.030396435438093204, "user/throttle": 0.0, "user/mode": "local", "pilot/angle": 0.8503561019897461, "pilot/throttle": 0.285703182220459, "milliseconds": 924618}