{"cam/image_array": "3700_cam-image_array_.jpg", "user/angle": 0.030396435438093204, "user/throttle": 0.0, "user/mode": "local", "pilot/angle": 1.0006040334701538, "pilot/throttle": 0.26248612999916077, "milliseconds": 838968}