{"cam/image_array": "4224_cam-image_array_.jpg", "user/angle": 0.030396435438093204, "user/throttle": 0.0, "user/mode": "local", "pilot/angle": 0.015086177736520767, "pilot/throttle": 0.7811923623085022, "milliseconds": 956467}