{"cam/image_array": "445_cam-image_array_.jpg", "user/angle": 0.030396435438093204, "user/throttle": 0.0, "user/mode": "local", "pilot/angle": -0.5069165229797363, "pilot/throttle": 0.8135939836502075, "milliseconds": 109115}