{"cam/image_array": "3307_cam-image_array_.jpg", "user/angle": 0.030396435438093204, "user/throttle": 0.0, "user/mode": "local", "pilot/angle": -0.09683557599782944, "pilot/throttle": 0.7367152571678162, "milliseconds": 750849}