{"cam/image_array": "2107_cam-image_array_.jpg", "user/angle": 0.030396435438093204, "user/throttle": 0.0, "user/mode": "local", "pilot/angle": 0.778270423412323, "pilot/throttle": 0.5387096405029297, "milliseconds": 481782}