{"cam/image_array": "1399_cam-image_array_.jpg", "user/angle": 0.030396435438093204, "user/throttle": 0.0, "user/mode": "local", "pilot/angle": 0.9348461627960205, "pilot/throttle": 0.6614697575569153, "milliseconds": 323009}