{"cam/image_array": "2552_cam-image_array_.jpg", "user/angle": 0.030396435438093204, "user/throttle": 0.0, "user/mode": "local", "pilot/angle": -0.06869567185640335, "pilot/throttle": 0.5259414911270142, "milliseconds": 581564}