{"cam/image_array": "4074_cam-image_array_.jpg", "user/angle": 0.030396435438093204, "user/throttle": 0.0, "user/mode": "local", "pilot/angle": 0.7237719893455505, "pilot/throttle": 0.5550557374954224, "milliseconds": 922825}