{"cam/image_array": "336_cam-image_array_.jpg", "user/angle": 0.030396435438093204, "user/throttle": 0.0, "user/mode": "local", "pilot/angle": 0.034833602607250214, "pilot/throttle": 0.7101309895515442, "milliseconds": 84671}