{"cam/image_array": "4014_cam-image_array_.jpg", "user/angle": 0.030396435438093204, "user/throttle": 0.0, "user/mode": "local", "pilot/angle": -0.213008850812912, "pilot/throttle": 0.6853359341621399, "milliseconds": 909371}