{"cam/image_array": "3848_cam-image_array_.jpg", "user/angle": 0.030396435438093204, "user/throttle": 0.0, "user/mode": "local", "pilot/angle": -0.03175827115774155, "pilot/throttle": 0.6852685809135437, "milliseconds": 872155}