{"cam/image_array": "3786_cam-image_array_.jpg", "user/angle": 0.030396435438093204, "user/throttle": 0.0, "user/mode": "local", "pilot/angle": 0.0005404725670814514, "pilot/throttle": 0.7070780396461487, "milliseconds": 858248}