{"cam/image_array": "2920_cam-image_array_.jpg", "user/angle": 0.030396435438093204, "user/throttle": 0.0, "user/mode": "local", "pilot/angle": 0.8831638097763062, "pilot/throttle": 0.846473753452301, "milliseconds": 664069}