{"cam/image_array": "266_cam-image_array_.jpg", "user/angle": 0.030396435438093204, "user/throttle": 0.0, "user/mode": "local", "pilot/angle": 0.1435144692659378, "pilot/throttle": 0.7393961548805237, "milliseconds": 68980}