{"cam/image_array": "246_cam-image_array_.jpg", "user/angle": 0.030396435438093204, "user/throttle": 0.0, "user/mode": "local", "pilot/angle": 0.08363710343837738, "pilot/throttle": 0.6816706657409668, "milliseconds": 64496}