{"cam/image_array": "1230_cam-image_array_.jpg", "user/angle": 0.030396435438093204, "user/throttle": 0.0, "user/mode": "local", "pilot/angle": 0.42114609479904175, "pilot/throttle": 0.7576724886894226, "milliseconds": 285115}