{"cam/image_array": "3470_cam-image_array_.jpg", "user/angle": 0.030396435438093204, "user/throttle": 0.0, "user/mode": "local", "pilot/angle": 0.03996291384100914, "pilot/throttle": 0.7345036864280701, "milliseconds": 787399}