{"cam/image_array": "446_cam-image_array_.jpg", "user/angle": 0.030396435438093204, "user/throttle": 0.0, "user/mode": "local", "pilot/angle": -0.5733535289764404, "pilot/throttle": 0.6391305923461914, "milliseconds": 109339}