{"cam/image_array": "3775_cam-image_array_.jpg", "user/angle": 0.030396435438093204, "user/throttle": 0.0, "user/mode": "local", "pilot/angle": -0.07039358466863632, "pilot/throttle": 0.679970920085907, "milliseconds": 855783}