{"cam/image_array": "1673_cam-image_array_.jpg", "user/angle": 0.030396435438093204, "user/throttle": 0.0, "user/mode": "local", "pilot/angle": -0.5987772941589355, "pilot/throttle": 0.7224969267845154, "milliseconds": 384448}