{"cam/image_array": "4120_cam-image_array_.jpg", "user/angle": 0.030396435438093204, "user/throttle": 0.0, "user/mode": "local", "pilot/angle": 1.0134730339050293, "pilot/throttle": 0.6311668753623962, "milliseconds": 933138}