{"cam/image_array": "572_cam-image_array_.jpg", "user/angle": 0.030396435438093204, "user/throttle": 0.0, "user/mode": "local", "pilot/angle": -0.08477810770273209, "pilot/throttle": 0.7990272045135498, "milliseconds": 137587}