{"cam/image_array": "968_cam-image_array_.jpg", "user/angle": 0.030396435438093204, "user/throttle": 0.0, "user/mode": "local", "pilot/angle": -0.10379823297262192, "pilot/throttle": 0.7004660367965698, "milliseconds": 226373}