{"cam/image_array": "2898_cam-image_array_.jpg", "user/angle": 0.030396435438093204, "user/throttle": 0.0, "user/mode": "local", "pilot/angle": 0.6551735997200012, "pilot/throttle": 0.3847256600856781, "milliseconds": 659137}