{"cam/image_array": "4275_cam-image_array_.jpg", "user/angle": 0.030396435438093204, "user/throttle": 0.0, "user/mode": "local", "pilot/angle": 0.14980366826057434, "pilot/throttle": 0.744964599609375, "milliseconds": 967898}