{"cam/image_array": "2338_cam-image_array_.jpg", "user/angle": 0.030396435438093204, "user/throttle": 0.0, "user/mode": "local", "pilot/angle": 0.21428126096725464, "pilot/throttle": 0.7655678391456604, "milliseconds": 533580}