{"cam/image_array": "2536_cam-image_array_.jpg", "user/angle": 0.030396435438093204, "user/throttle": 0.0, "user/mode": "local", "pilot/angle": 0.5574429035186768, "pilot/throttle": 0.7442774176597595, "milliseconds": 577973}