{"cam/image_array": "4265_cam-image_array_.jpg", "user/angle": 0.030396435438093204, "user/throttle": 0.0, "user/mode": "local", "pilot/angle": 0.8207529783248901, "pilot/throttle": 0.3686375021934509, "milliseconds": 965657}