{"cam/image_array": "4006_cam-image_array_.jpg", "user/angle": 0.030396435438093204, "user/throttle": 0.0, "user/mode": "local", "pilot/angle": -0.06174067407846451, "pilot/throttle": 0.7249436378479004, "milliseconds": 907578}