{"cam/image_array": "4249_cam-image_array_.jpg", "user/angle": 0.030396435438093204, "user/throttle": 0.0, "user/mode": "local", "pilot/angle": -0.04659068584442139, "pilot/throttle": 0.6685918569564819, "milliseconds": 962071}