{"cam/image_array": "4166_cam-image_array_.jpg", "user/angle": 0.030396435438093204, "user/throttle": 0.0, "user/mode": "local", "pilot/angle": 0.13647949695587158, "pilot/throttle": 0.8046464323997498, "milliseconds": 943455}