{"cam/image_array": "521_cam-image_array_.jpg", "user/angle": 0.030396435438093204, "user/throttle": 0.0, "user/mode": "local", "pilot/angle": 0.6314815878868103, "pilot/throttle": 0.3013260066509247, "milliseconds": 126154}