{"cam/image_array": "1032_cam-image_array_.jpg", "user/angle": 0.030396435438093204, "user/throttle": 0.0, "user/mode": "local", "pilot/angle": 0.9546831250190735, "pilot/throttle": 0.6418004631996155, "milliseconds": 240723}