{"cam/image_array": "3496_cam-image_array_.jpg", "user/angle": 0.030396435438093204, "user/throttle": 0.0, "user/mode": "local", "pilot/angle": -0.03127726912498474, "pilot/throttle": 0.5549553036689758, "milliseconds": 793226}