{"cam/image_array": "465_cam-image_array_.jpg", "user/angle": 0.030396435438093204, "user/throttle": 0.0, "user/mode": "local", "pilot/angle": 0.9614916443824768, "pilot/throttle": 0.6217716932296753, "milliseconds": 113600}