{"cam/image_array": "218_cam-image_array_.jpg", "user/angle": 0.030396435438093204, "user/throttle": 0.0, "user/mode": "local", "pilot/angle": -0.007511444389820099, "pilot/throttle": 0.6875909566879272, "milliseconds": 58213}