{"cam/image_array": "143_cam-image_array_.jpg", "user/angle": 0.030396435438093204, "user/throttle": 0.0, "user/mode": "local", "pilot/angle": 0.7085995078086853, "pilot/throttle": 0.6455157399177551, "milliseconds": 41392}