{"cam/image_array": "1584_cam-image_array_.jpg", "user/angle": 0.030396435438093204, "user/throttle": 0.0, "user/mode": "local", "pilot/angle": 0.03304845467209816, "pilot/throttle": 0.66475909948349, "milliseconds": 364489}