{"cam/image_array": "253_cam-image_array_.jpg", "user/angle": 0.030396435438093204, "user/throttle": 0.0, "user/mode": "local", "pilot/angle": 0.17166972160339355, "pilot/throttle": 0.7310008406639099, "milliseconds": 66065}