{"cam/image_array": "3881_cam-image_array_.jpg", "user/angle": 0.030396435438093204, "user/throttle": 0.0, "user/mode": "local", "pilot/angle": 0.16094490885734558, "pilot/throttle": 0.6736745238304138, "milliseconds": 879551}