{"cam/image_array": "700_cam-image_array_.jpg", "user/angle": 0.030396435438093204, "user/throttle": 0.0, "user/mode": "local", "pilot/angle": 0.14941754937171936, "pilot/throttle": 0.6821067333221436, "milliseconds": 166278}