{"cam/image_array": "216_cam-image_array_.jpg", "user/angle": 0.030396435438093204, "user/throttle": 0.0, "user/mode": "local", "pilot/angle": 0.023419491946697235, "pilot/throttle": 0.583436131477356, "milliseconds": 57765}