{"cam/image_array": "1348_cam-image_array_.jpg", "user/angle": 0.030396435438093204, "user/throttle": 0.0, "user/mode": "local", "pilot/angle": 0.17472034692764282, "pilot/throttle": 0.7741982936859131, "milliseconds": 311575}