{"cam/image_array": "4069_cam-image_array_.jpg", "user/angle": 0.030396435438093204, "user/throttle": 0.0, "user/mode": "local", "pilot/angle": 0.08521761745214462, "pilot/throttle": 0.6186274290084839, "milliseconds": 921705}