{"cam/image_array": "1271_cam-image_array_.jpg", "user/angle": 0.030396435438093204, "user/throttle": 0.0, "user/mode": "local", "pilot/angle": 0.8901506066322327, "pilot/throttle": 0.5871001482009888, "milliseconds": 294312}