{"cam/image_array": "4245_cam-image_array_.jpg", "user/angle": 0.030396435438093204, "user/throttle": 0.0, "user/mode": "local", "pilot/angle": -0.12353476136922836, "pilot/throttle": 0.7109191417694092, "milliseconds": 961175}