{"cam/image_array": "1901_cam-image_array_.jpg", "user/angle": 0.030396435438093204, "user/throttle": 0.0, "user/mode": "local", "pilot/angle": -0.21640262007713318, "pilot/throttle": 0.8729096055030823, "milliseconds": 435588}