{"cam/image_array": "1417_cam-image_array_.jpg", "user/angle": 0.030396435438093204, "user/throttle": 0.0, "user/mode": "local", "pilot/angle": 0.5048408508300781, "pilot/throttle": 0.6040675640106201, "milliseconds": 327046}