{"cam/image_array": "4391_cam-image_array_.jpg", "user/angle": 0.030396435438093204, "user/throttle": 0.0, "user/mode": "local", "pilot/angle": -0.6540056467056274, "pilot/throttle": 0.6539542078971863, "milliseconds": 993905}