{"cam/image_array": "3217_cam-image_array_.jpg", "user/angle": 0.030396435438093204, "user/throttle": 0.0, "user/mode": "local", "pilot/angle": 0.03488905727863312, "pilot/throttle": 0.6542429327964783, "milliseconds": 730670}