{"cam/image_array": "2828_cam-image_array_.jpg", "user/angle": 0.030396435438093204, "user/throttle": 0.0, "user/mode": "local", "pilot/angle": 0.045733172446489334, "pilot/throttle": 0.6812141537666321, "milliseconds": 643440}