{"cam/image_array": "2508_cam-image_array_.jpg", "user/angle": 0.030396435438093204, "user/throttle": 0.0, "user/mode": "local", "pilot/angle": -0.5471424460411072, "pilot/throttle": 0.6606300473213196, "milliseconds": 571695}