{"cam/image_array": "2836_cam-image_array_.jpg", "user/angle": 0.030396435438093204, "user/throttle": 0.0, "user/mode": "local", "pilot/angle": -0.07017842680215836, "pilot/throttle": 0.5937663316726685, "milliseconds": 645234}