{"cam/image_array": "3630_cam-image_array_.jpg", "user/angle": 0.030396435438093204, "user/throttle": 0.0, "user/mode": "local", "pilot/angle": 0.6197679042816162, "pilot/throttle": 0.7072110772132874, "milliseconds": 823272}