{"cam/image_array": "2211_cam-image_array_.jpg", "user/angle": 0.030396435438093204, "user/throttle": 0.0, "user/mode": "local", "pilot/angle": -0.038874417543411255, "pilot/throttle": 0.6476186513900757, "milliseconds": 505102}