{"cam/image_array": "1255_cam-image_array_.jpg", "user/angle": 0.030396435438093204, "user/throttle": 0.0, "user/mode": "local", "pilot/angle": 0.016835998743772507, "pilot/throttle": 0.6536521315574646, "milliseconds": 290725}