{"cam/image_array": "2041_cam-image_array_.jpg", "user/angle": 0.030396435438093204, "user/throttle": 0.0, "user/mode": "local", "pilot/angle": -0.6785045862197876, "pilot/throttle": 0.9617448449134827, "milliseconds": 466977}