{"cam/image_array": "1322_cam-image_array_.jpg", "user/angle": 0.030396435438093204, "user/throttle": 0.0, "user/mode": "local", "pilot/angle": 0.5942407250404358, "pilot/throttle": 0.768720805644989, "milliseconds": 305750}