{"cam/image_array": "444_cam-image_array_.jpg", "user/angle": 0.030396435438093204, "user/throttle": 0.0, "user/mode": "local", "pilot/angle": -0.02249658852815628, "pilot/throttle": 0.7097581624984741, "milliseconds": 108891}