{"cam/image_array": "1737_cam-image_array_.jpg", "user/angle": 0.030396435438093204, "user/throttle": 0.0, "user/mode": "local", "pilot/angle": 0.9542204141616821, "pilot/throttle": 0.45430129766464233, "milliseconds": 398801}