{"cam/image_array": "2093_cam-image_array_.jpg", "user/angle": 0.030396435438093204, "user/throttle": 0.0, "user/mode": "local", "pilot/angle": -0.014492116868495941, "pilot/throttle": 0.7247547507286072, "milliseconds": 478643}