{"cam/image_array": "3497_cam-image_array_.jpg", "user/angle": 0.030396435438093204, "user/throttle": 0.0, "user/mode": "local", "pilot/angle": -0.03940117359161377, "pilot/throttle": 0.7453111410140991, "milliseconds": 793451}