{"cam/image_array": "1823_cam-image_array_.jpg", "user/angle": 0.030396435438093204, "user/throttle": 0.0, "user/mode": "local", "pilot/angle": 0.2428881824016571, "pilot/throttle": 0.7152424454689026, "milliseconds": 418097}