{"cam/image_array": "1524_cam-image_array_.jpg", "user/angle": 0.030396435438093204, "user/throttle": 0.0, "user/mode": "local", "pilot/angle": -0.08919281512498856, "pilot/throttle": 0.7100895047187805, "milliseconds": 351035}