{"cam/image_array": "2726_cam-image_array_.jpg", "user/angle": 0.030396435438093204, "user/throttle": 0.0, "user/mode": "local", "pilot/angle": 0.2647703289985657, "pilot/throttle": 0.13119101524353027, "milliseconds": 620573}