{"cam/image_array": "1509_cam-image_array_.jpg", "user/angle": 0.030396435438093204, "user/throttle": 0.0, "user/mode": "local", "pilot/angle": 0.029518358409404755, "pilot/throttle": 0.5772318840026855, "milliseconds": 347673}