{"cam/image_array": "1655_cam-image_array_.jpg", "user/angle": 0.030396435438093204, "user/throttle": 0.0, "user/mode": "local", "pilot/angle": -0.09440254420042038, "pilot/throttle": 0.7818260192871094, "milliseconds": 380411}