{"cam/image_array": "4134_cam-image_array_.jpg", "user/angle": 0.030396435438093204, "user/throttle": 0.0, "user/mode": "local", "pilot/angle": -0.01748628169298172, "pilot/throttle": 0.7108811736106873, "milliseconds": 936275}