{"cam/image_array": "1066_cam-image_array_.jpg", "user/angle": 0.030396435438093204, "user/throttle": 0.0, "user/mode": "local", "pilot/angle": -0.0070145949721336365, "pilot/throttle": 0.710189700126648, "milliseconds": 248344}