{"cam/image_array": "588_cam-image_array_.jpg", "user/angle": 0.030396435438093204, "user/throttle": 0.0, "user/mode": "local", "pilot/angle": -0.12522578239440918, "pilot/throttle": 0.6583826541900635, "milliseconds": 141176}