{"cam/image_array": "3772_cam-image_array_.jpg", "user/angle": 0.030396435438093204, "user/throttle": 0.0, "user/mode": "local", "pilot/angle": -0.07118921726942062, "pilot/throttle": 0.749369204044342, "milliseconds": 855110}