{"cam/image_array": "3153_cam-image_array_.jpg", "user/angle": 0.030396435438093204, "user/throttle": 0.0, "user/mode": "local", "pilot/angle": -0.041800521314144135, "pilot/throttle": 0.7449829578399658, "milliseconds": 716320}