{"cam/image_array": "1563_cam-image_array_.jpg", "user/angle": 0.030396435438093204, "user/throttle": 0.0, "user/mode": "local", "pilot/angle": -0.047839321196079254, "pilot/throttle": 0.7042914628982544, "milliseconds": 359778}