{"cam/image_array": "2231_cam-image_array_.jpg", "user/angle": 0.030396435438093204, "user/throttle": 0.0, "user/mode": "local", "pilot/angle": -0.06882651895284653, "pilot/throttle": 0.7665606141090393, "milliseconds": 509587}