{"cam/image_array": "935_cam-image_array_.jpg", "user/angle": 0.030396435438093204, "user/throttle": 0.0, "user/mode": "local", "pilot/angle": 0.760540246963501, "pilot/throttle": 0.5203282237052917, "milliseconds": 218971}