{"cam/image_array": "58_cam-image_array_.jpg", "user/angle": 0.030396435438093204, "user/throttle": 0.0, "user/mode": "local", "pilot/angle": 0.5235238671302795, "pilot/throttle": 0.7779114842414856, "milliseconds": 22307}