{"cam/image_array": "2860_cam-image_array_.jpg", "user/angle": 0.030396435438093204, "user/throttle": 0.0, "user/mode": "local", "pilot/angle": 1.0055519342422485, "pilot/throttle": 0.4787772297859192, "milliseconds": 650615}