{"cam/image_array": "4312_cam-image_array_.jpg", "user/angle": 0.030396435438093204, "user/throttle": 0.0, "user/mode": "local", "pilot/angle": 0.8470290303230286, "pilot/throttle": 0.5639684796333313, "milliseconds": 976190}