{"cam/image_array": "3779_cam-image_array_.jpg", "user/angle": 0.030396435438093204, "user/throttle": 0.0, "user/mode": "local", "pilot/angle": -0.09365624934434891, "pilot/throttle": 0.5246365666389465, "milliseconds": 856680}