{"cam/image_array": "1324_cam-image_array_.jpg", "user/angle": 0.030396435438093204, "user/throttle": 0.0, "user/mode": "local", "pilot/angle": 0.9556813836097717, "pilot/throttle": 0.8054998517036438, "milliseconds": 306198}