{"cam/image_array": "3849_cam-image_array_.jpg", "user/angle": 0.030396435438093204, "user/throttle": 0.0, "user/mode": "local", "pilot/angle": -0.0634007528424263, "pilot/throttle": 0.7464823126792908, "milliseconds": 872379}