{"cam/image_array": "2931_cam-image_array_.jpg", "user/angle": 0.030396435438093204, "user/throttle": 0.0, "user/mode": "local", "pilot/angle": -0.08571211248636246, "pilot/throttle": 0.7445833683013916, "milliseconds": 666536}