{"cam/image_array": "3528_cam-image_array_.jpg", "user/angle": 0.030396435438093204, "user/throttle": 0.0, "user/mode": "local", "pilot/angle": -0.04270161688327789, "pilot/throttle": 0.7713820338249207, "milliseconds": 800399}