{"cam/image_array": "994_cam-image_array_.jpg", "user/angle": 0.030396435438093204, "user/throttle": 0.0, "user/mode": "local", "pilot/angle": 0.4983670115470886, "pilot/throttle": 0.562122642993927, "milliseconds": 232204}