{"cam/image_array": "3873_cam-image_array_.jpg", "user/angle": 0.030396435438093204, "user/throttle": 0.0, "user/mode": "local", "pilot/angle": -0.022960767149925232, "pilot/throttle": 0.6995292901992798, "milliseconds": 877757}