{"cam/image_array": "3259_cam-image_array_.jpg", "user/angle": 0.030396435438093204, "user/throttle": 0.0, "user/mode": "local", "pilot/angle": -0.5759927034378052, "pilot/throttle": 0.6038896441459656, "milliseconds": 740089}