{"cam/image_array": "2648_cam-image_array_.jpg", "user/angle": 0.030396435438093204, "user/throttle": 0.0, "user/mode": "local", "pilot/angle": -0.04535536468029022, "pilot/throttle": 0.607275128364563, "milliseconds": 603088}