{"cam/image_array": "643_cam-image_array_.jpg", "user/angle": 0.030396435438093204, "user/throttle": 0.0, "user/mode": "local", "pilot/angle": -0.31381022930145264, "pilot/throttle": 0.6709113717079163, "milliseconds": 153500}