{"cam/image_array": "1463_cam-image_array_.jpg", "user/angle": 0.030396435438093204, "user/throttle": 0.0, "user/mode": "local", "pilot/angle": 0.09815952181816101, "pilot/throttle": 0.7028236985206604, "milliseconds": 337359}