{"cam/image_array": "2238_cam-image_array_.jpg", "user/angle": 0.030396435438093204, "user/throttle": 0.0, "user/mode": "local", "pilot/angle": 0.9273320436477661, "pilot/throttle": 0.43720772862434387, "milliseconds": 511157}