{"cam/image_array": "2149_cam-image_array_.jpg", "user/angle": 0.030396435438093204, "user/throttle": 0.0, "user/mode": "local", "pilot/angle": 0.7499566674232483, "pilot/throttle": 0.5591862201690674, "milliseconds": 491201}