{"cam/image_array": "1934_cam-image_array_.jpg", "user/angle": 0.030396435438093204, "user/throttle": 0.0, "user/mode": "local", "pilot/angle": -0.017217963933944702, "pilot/throttle": 0.6369081139564514, "milliseconds": 442989}