{"cam/image_array": "2780_cam-image_array_.jpg", "user/angle": 0.030396435438093204, "user/throttle": 0.0, "user/mode": "local", "pilot/angle": 0.6310795545578003, "pilot/throttle": 0.6257210969924927, "milliseconds": 632677}