{"cam/image_array": "656_cam-image_array_.jpg", "user/angle": 0.030396435438093204, "user/throttle": 0.0, "user/mode": "local", "pilot/angle": 0.9396169781684875, "pilot/throttle": 0.6406233906745911, "milliseconds": 156414}