{"cam/image_array": "3738_cam-image_array_.jpg", "user/angle": 0.030396435438093204, "user/throttle": 0.0, "user/mode": "local", "pilot/angle": -0.00937546044588089, "pilot/throttle": 0.7397788166999817, "milliseconds": 847488}