{"cam/image_array": "1283_cam-image_array_.jpg", "user/angle": 0.030396435438093204, "user/throttle": 0.0, "user/mode": "local", "pilot/angle": 0.4623216986656189, "pilot/throttle": 0.7464098334312439, "milliseconds": 297002}