{"cam/image_array": "3717_cam-image_array_.jpg", "user/angle": 0.030396435438093204, "user/throttle": 0.0, "user/mode": "local", "pilot/angle": -0.04384288191795349, "pilot/throttle": 0.6878513693809509, "milliseconds": 842777}