{"cam/image_array": "2750_cam-image_array_.jpg", "user/angle": 0.030396435438093204, "user/throttle": 0.0, "user/mode": "local", "pilot/angle": 0.033873237669467926, "pilot/throttle": 0.6328458786010742, "milliseconds": 625952}