{"cam/image_array": "753_cam-image_array_.jpg", "user/angle": 0.030396435438093204, "user/throttle": 0.0, "user/mode": "local", "pilot/angle": 0.8641429543495178, "pilot/throttle": 0.7542007565498352, "milliseconds": 178161}