{"cam/image_array": "1366_cam-image_array_.jpg", "user/angle": 0.030396435438093204, "user/throttle": 0.0, "user/mode": "local", "pilot/angle": 0.3724645674228668, "pilot/throttle": 0.6814929246902466, "milliseconds": 315611}