{"cam/image_array": "3222_cam-image_array_.jpg", "user/angle": 0.030396435438093204, "user/throttle": 0.0, "user/mode": "local", "pilot/angle": 0.09307423233985901, "pilot/throttle": 0.8196164965629578, "milliseconds": 731792}