{"cam/image_array": "4323_cam-image_array_.jpg", "user/angle": 0.030396435438093204, "user/throttle": 0.0, "user/mode": "local", "pilot/angle": 0.30540165305137634, "pilot/throttle": 0.6656178832054138, "milliseconds": 978656}