{"cam/image_array": "1046_cam-image_array_.jpg", "user/angle": 0.030396435438093204, "user/throttle": 0.0, "user/mode": "local", "pilot/angle": 0.7696166634559631, "pilot/throttle": 0.5204113721847534, "milliseconds": 243862}