{"cam/image_array": "1619_cam-image_array_.jpg", "user/angle": 0.030396435438093204, "user/throttle": 0.0, "user/mode": "local", "pilot/angle": -0.040983714163303375, "pilot/throttle": 0.6116688847541809, "milliseconds": 372337}