{"cam/image_array": "2065_cam-image_array_.jpg", "user/angle": 0.030396435438093204, "user/throttle": 0.0, "user/mode": "local", "pilot/angle": 0.040103040635585785, "pilot/throttle": 0.7174261212348938, "milliseconds": 472365}