{"cam/image_array": "1623_cam-image_array_.jpg", "user/angle": 0.030396435438093204, "user/throttle": 0.0, "user/mode": "local", "pilot/angle": -0.09993105381727219, "pilot/throttle": 0.7399091720581055, "milliseconds": 373233}