{"cam/image_array": "53_cam-image_array_.jpg", "user/angle": 0.030396435438093204, "user/throttle": 0.0, "user/mode": "local", "pilot/angle": -0.02507617324590683, "pilot/throttle": 0.39433974027633667, "milliseconds": 21185}