{"cam/image_array": "4274_cam-image_array_.jpg", "user/angle": 0.030396435438093204, "user/throttle": 0.0, "user/mode": "local", "pilot/angle": 0.6060964465141296, "pilot/throttle": 0.5100807547569275, "milliseconds": 967674}