{"cam/image_array": "1887_cam-image_array_.jpg", "user/angle": 0.030396435438093204, "user/throttle": 0.0, "user/mode": "local", "pilot/angle": 0.041969478130340576, "pilot/throttle": 0.7054005861282349, "milliseconds": 432451}