{"cam/image_array": "3823_cam-image_array_.jpg", "user/angle": 0.030396435438093204, "user/throttle": 0.0, "user/mode": "local", "pilot/angle": -0.5373322367668152, "pilot/throttle": 0.7185137271881104, "milliseconds": 866543}