{"cam/image_array": "3980_cam-image_array_.jpg", "user/angle": 0.030396435438093204, "user/throttle": 0.0, "user/mode": "local", "pilot/angle": 0.8379203081130981, "pilot/throttle": 0.45178547501564026, "milliseconds": 901750}