{"cam/image_array": "1109_cam-image_array_.jpg", "user/angle": 0.030396435438093204, "user/throttle": 0.0, "user/mode": "local", "pilot/angle": -0.5261948704719543, "pilot/throttle": 0.7725033760070801, "milliseconds": 257987}