{"cam/image_array": "727_cam-image_array_.jpg", "user/angle": 0.030396435438093204, "user/throttle": 0.0, "user/mode": "local", "pilot/angle": 0.5825927257537842, "pilot/throttle": 0.6425566077232361, "milliseconds": 172330}