{"cam/image_array": "3647_cam-image_array_.jpg", "user/angle": 0.030396435438093204, "user/throttle": 0.0, "user/mode": "local", "pilot/angle": 0.8179165720939636, "pilot/throttle": 0.5073103308677673, "milliseconds": 827086}