{"cam/image_array": "2589_cam-image_array_.jpg", "user/angle": 0.030396435438093204, "user/throttle": 0.0, "user/mode": "local", "pilot/angle": 0.14149898290634155, "pilot/throttle": 0.6196029186248779, "milliseconds": 589859}