{"cam/image_array": "861_cam-image_array_.jpg", "user/angle": 0.030396435438093204, "user/throttle": 0.0, "user/mode": "local", "pilot/angle": 0.5457499623298645, "pilot/throttle": 0.7539276480674744, "milliseconds": 202379}