{"cam/image_array": "1785_cam-image_array_.jpg", "user/angle": 0.030396435438093204, "user/throttle": 0.0, "user/mode": "local", "pilot/angle": 0.06452567875385284, "pilot/throttle": 0.7657521963119507, "milliseconds": 409575}