{"cam/image_array": "999_cam-image_array_.jpg", "user/angle": 0.030396435438093204, "user/throttle": 0.0, "user/mode": "local", "pilot/angle": -0.006417945027351379, "pilot/throttle": 0.8214004039764404, "milliseconds": 233325}