{"cam/image_array": "3941_cam-image_array_.jpg", "user/angle": 0.030396435438093204, "user/throttle": 0.0, "user/mode": "local", "pilot/angle": -0.014907702803611755, "pilot/throttle": 0.6014543771743774, "milliseconds": 893007}