{"cam/image_array": "3612_cam-image_array_.jpg", "user/angle": 0.030396435438093204, "user/throttle": 0.0, "user/mode": "local", "pilot/angle": 0.8892116546630859, "pilot/throttle": 0.4132671058177948, "milliseconds": 819231}