{"cam/image_array": "1237_cam-image_array_.jpg", "user/angle": 0.030396435438093204, "user/throttle": 0.0, "user/mode": "local", "pilot/angle": 1.0049909353256226, "pilot/throttle": 0.615519106388092, "milliseconds": 286684}