{"cam/image_array": "1262_cam-image_array_.jpg", "user/angle": 0.030396435438093204, "user/throttle": 0.0, "user/mode": "local", "pilot/angle": 0.6132552623748779, "pilot/throttle": 0.3343157172203064, "milliseconds": 292295}