{"cam/image_array": "1815_cam-image_array_.jpg", "user/angle": 0.030396435438093204, "user/throttle": 0.0, "user/mode": "local", "pilot/angle": 0.0578632727265358, "pilot/throttle": 0.6646995544433594, "milliseconds": 416303}