{"cam/image_array": "2542_cam-image_array_.jpg", "user/angle": 0.030396435438093204, "user/throttle": 0.0, "user/mode": "local", "pilot/angle": 0.9470458030700684, "pilot/throttle": 0.6933122873306274, "milliseconds": 579320}