{"cam/image_array": "3669_cam-image_array_.jpg", "user/angle": 0.030396435438093204, "user/throttle": 0.0, "user/mode": "local", "pilot/angle": 0.313198983669281, "pilot/throttle": 0.11077067255973816, "milliseconds": 832021}