{"cam/image_array": "3591_cam-image_array_.jpg", "user/angle": 0.030396435438093204, "user/throttle": 0.0, "user/mode": "local", "pilot/angle": -0.029261954128742218, "pilot/throttle": 0.5607948899269104, "milliseconds": 814523}