{"cam/image_array": "3395_cam-image_array_.jpg", "user/angle": 0.030396435438093204, "user/throttle": 0.0, "user/mode": "local", "pilot/angle": -0.04985108971595764, "pilot/throttle": 0.654053807258606, "milliseconds": 770581}