{"cam/image_array": "4415_cam-image_array_.jpg", "user/angle": 0.030396435438093204, "user/throttle": 0.0, "user/mode": "local", "pilot/angle": -0.05418544262647629, "pilot/throttle": 0.7244129180908203, "milliseconds": 999285}