{"cam/image_array": "2462_cam-image_array_.jpg", "user/angle": 0.030396435438093204, "user/throttle": 0.0, "user/mode": "local", "pilot/angle": 0.018317271023988724, "pilot/throttle": 0.6945706009864807, "milliseconds": 561382}