{"cam/image_array": "2578_cam-image_array_.jpg", "user/angle": 0.030396435438093204, "user/throttle": 0.0, "user/mode": "local", "pilot/angle": 0.6636008620262146, "pilot/throttle": 0.5593311786651611, "milliseconds": 587393}