{"cam/image_array": "3276_cam-image_array_.jpg", "user/angle": 0.030396435438093204, "user/throttle": 0.0, "user/mode": "local", "pilot/angle": 0.9350308775901794, "pilot/throttle": 0.4995430111885071, "milliseconds": 743902}