{"cam/image_array": "4572_cam-image_array_.jpg", "user/angle": 0.030396435438093204, "user/throttle": 0.0, "user/mode": "local", "pilot/angle": -0.015495002269744873, "pilot/throttle": 0.7374204397201538, "milliseconds": 1034487}