{"cam/image_array": "4148_cam-image_array_.jpg", "user/angle": 0.030396435438093204, "user/throttle": 0.0, "user/mode": "local", "pilot/angle": -0.01787969470024109, "pilot/throttle": 0.6787790060043335, "milliseconds": 939414}