{"cam/image_array": "4455_cam-image_array_.jpg", "user/angle": 0.030396435438093204, "user/throttle": 0.0, "user/mode": "local", "pilot/angle": 1.0338801145553589, "pilot/throttle": 0.3477298319339752, "milliseconds": 1008251}