{"cam/image_array": "4094_cam-image_array_.jpg", "user/angle": 0.030396435438093204, "user/throttle": 0.0, "user/mode": "local", "pilot/angle": -0.11256546527147293, "pilot/throttle": 0.6824105381965637, "milliseconds": 927307}