{"cam/image_array": "816_cam-image_array_.jpg", "user/angle": 0.030396435438093204, "user/throttle": 0.0, "user/mode": "local", "pilot/angle": -0.0766393318772316, "pilot/throttle": 0.7814828157424927, "milliseconds": 192290}