{"cam/image_array": "4501_cam-image_array_.jpg", "user/angle": 0.030396435438093204, "user/throttle": 0.0, "user/mode": "local", "pilot/angle": 0.8851527571678162, "pilot/throttle": 0.6928053498268127, "milliseconds": 1018565}