{"cam/image_array": "2774_cam-image_array_.jpg", "user/angle": 0.030396435438093204, "user/throttle": 0.0, "user/mode": "local", "pilot/angle": -0.005340605974197388, "pilot/throttle": 0.7217423319816589, "milliseconds": 631331}