{"cam/image_array": "3005_cam-image_array_.jpg", "user/angle": 0.030396435438093204, "user/throttle": 0.0, "user/mode": "local", "pilot/angle": 0.06708573549985886, "pilot/throttle": 0.7311558723449707, "milliseconds": 683135}