{"cam/image_array": "2382_cam-image_array_.jpg", "user/angle": 0.030396435438093204, "user/throttle": 0.0, "user/mode": "local", "pilot/angle": 0.814480721950531, "pilot/throttle": 0.3429693281650543, "milliseconds": 543442}