{"cam/image_array": "89_cam-image_array_.jpg", "user/angle": 0.030396435438093204, "user/throttle": 0.0, "user/mode": "local", "pilot/angle": 0.7597408890724182, "pilot/throttle": 0.7158862948417664, "milliseconds": 29289}