{"cam/image_array": "683_cam-image_array_.jpg", "user/angle": 0.030396435438093204, "user/throttle": 0.0, "user/mode": "local", "pilot/angle": -0.09767024964094162, "pilot/throttle": 0.6391988396644592, "milliseconds": 162467}