{"cam/image_array": "1184_cam-image_array_.jpg", "user/angle": 0.030396435438093204, "user/throttle": 0.0, "user/mode": "local", "pilot/angle": -0.04327888786792755, "pilot/throttle": 0.5100361108779907, "milliseconds": 274803}