{"cam/image_array": "1971_cam-image_array_.jpg", "user/angle": 0.030396435438093204, "user/throttle": 0.0, "user/mode": "local", "pilot/angle": 0.7919541001319885, "pilot/throttle": 0.6714901328086853, "milliseconds": 451285}