{"cam/image_array": "2230_cam-image_array_.jpg", "user/angle": 0.030396435438093204, "user/throttle": 0.0, "user/mode": "local", "pilot/angle": -0.18173661828041077, "pilot/throttle": 0.6796793341636658, "milliseconds": 509362}