{"cam/image_array": "2851_cam-image_array_.jpg", "user/angle": 0.030396435438093204, "user/throttle": 0.0, "user/mode": "local", "pilot/angle": 0.6427093744277954, "pilot/throttle": 0.4721101224422455, "milliseconds": 648598}