{"cam/image_array": "1454_cam-image_array_.jpg", "user/angle": 0.030396435438093204, "user/throttle": 0.0, "user/mode": "local", "pilot/angle": 0.9560688138008118, "pilot/throttle": 0.4033249020576477, "milliseconds": 335340}