{"cam/image_array": "1248_cam-image_array_.jpg", "user/angle": 0.030396435438093204, "user/throttle": 0.0, "user/mode": "local", "pilot/angle": -0.07086021453142166, "pilot/throttle": 0.6073203682899475, "milliseconds": 289150}