{"cam/image_array": "1201_cam-image_array_.jpg", "user/angle": 0.030396435438093204, "user/throttle": 0.0, "user/mode": "local", "pilot/angle": -0.5209267735481262, "pilot/throttle": 0.4891677498817444, "milliseconds": 278613}