{"cam/image_array": "101_cam-image_array_.jpg", "user/angle": 0.030396435438093204, "user/throttle": 0.0, "user/mode": "local", "pilot/angle": 0.516043484210968, "pilot/throttle": 0.6838074922561646, "milliseconds": 31978}