{"cam/image_array": "41_cam-image_array_.jpg", "user/angle": 0.030396435438093204, "user/throttle": 0.0, "user/mode": "local", "pilot/angle": 0.6387187242507935, "pilot/throttle": 0.37247681617736816, "milliseconds": 18494}