{"cam/image_array": "4032_cam-image_array_.jpg", "user/angle": 0.030396435438093204, "user/throttle": 0.0, "user/mode": "local", "pilot/angle": 0.07398820668458939, "pilot/throttle": 0.6685286164283752, "milliseconds": 913412}