{"cam/image_array": "224_cam-image_array_.jpg", "user/angle": 0.030396435438093204, "user/throttle": 0.0, "user/mode": "local", "pilot/angle": 0.5341013073921204, "pilot/throttle": 0.6237189769744873, "milliseconds": 59559}