{"cam/image_array": "1373_cam-image_array_.jpg", "user/angle": 0.030396435438093204, "user/throttle": 0.0, "user/mode": "local", "pilot/angle": -0.31512054800987244, "pilot/throttle": 0.7942495346069336, "milliseconds": 317181}