{"cam/image_array": "4098_cam-image_array_.jpg", "user/angle": 0.030396435438093204, "user/throttle": 0.0, "user/mode": "local", "pilot/angle": 0.4840986430644989, "pilot/throttle": 0.6625540852546692, "milliseconds": 928204}