{"cam/image_array": "3999_cam-image_array_.jpg", "user/angle": 0.030396435438093204, "user/throttle": 0.0, "user/mode": "local", "pilot/angle": 0.435091108083725, "pilot/throttle": 0.5565540790557861, "milliseconds": 906010}