{"cam/image_array": "774_cam-image_array_.jpg", "user/angle": 0.030396435438093204, "user/throttle": 0.0, "user/mode": "local", "pilot/angle": -0.02696429193019867, "pilot/throttle": 0.7309514284133911, "milliseconds": 182873}