{"cam/image_array": "2040_cam-image_array_.jpg", "user/angle": 0.030396435438093204, "user/throttle": 0.0, "user/mode": "local", "pilot/angle": -0.011039718985557556, "pilot/throttle": 0.7151192426681519, "milliseconds": 466753}