{"cam/image_array": "469_cam-image_array_.jpg", "user/angle": 0.030396435438093204, "user/throttle": 0.0, "user/mode": "local", "pilot/angle": 0.05572144687175751, "pilot/throttle": 0.6931651830673218, "milliseconds": 114497}