{"cam/image_array": "3851_cam-image_array_.jpg", "user/angle": 0.030396435438093204, "user/throttle": 0.0, "user/mode": "local", "pilot/angle": 0.06447896361351013, "pilot/throttle": 0.633204460144043, "milliseconds": 872827}