{"cam/image_array": "315_cam-image_array_.jpg", "user/angle": 0.030396435438093204, "user/throttle": 0.0, "user/mode": "local", "pilot/angle": 0.06178100034594536, "pilot/throttle": 0.43280646204948425, "milliseconds": 79964}