{"cam/image_array": "1519_cam-image_array_.jpg", "user/angle": 0.030396435438093204, "user/throttle": 0.0, "user/mode": "local", "pilot/angle": 0.8667230606079102, "pilot/throttle": 0.7032474875450134, "milliseconds": 349914}