{"cam/image_array": "4413_cam-image_array_.jpg", "user/angle": 0.030396435438093204, "user/throttle": 0.0, "user/mode": "local", "pilot/angle": -0.18184292316436768, "pilot/throttle": 0.7910775542259216, "milliseconds": 998836}