{"cam/image_array": "2929_cam-image_array_.jpg", "user/angle": 0.030396435438093204, "user/throttle": 0.0, "user/mode": "local", "pilot/angle": -0.051561854779720306, "pilot/throttle": 0.6830930709838867, "milliseconds": 666088}