{"cam/image_array": "3203_cam-image_array_.jpg", "user/angle": 0.030396435438093204, "user/throttle": 0.0, "user/mode": "local", "pilot/angle": 0.7951629161834717, "pilot/throttle": 0.6143178343772888, "milliseconds": 727531}