{"cam/image_array": "916_cam-image_array_.jpg", "user/angle": 0.030396435438093204, "user/throttle": 0.0, "user/mode": "local", "pilot/angle": 0.42551007866859436, "pilot/throttle": 0.6568078398704529, "milliseconds": 214709}