{"cam/image_array": "2179_cam-image_array_.jpg", "user/angle": 0.030396435438093204, "user/throttle": 0.0, "user/mode": "local", "pilot/angle": -0.07048105448484421, "pilot/throttle": 0.6587716937065125, "milliseconds": 497927}