{"cam/image_array": "2834_cam-image_array_.jpg", "user/angle": 0.030396435438093204, "user/throttle": 0.0, "user/mode": "local", "pilot/angle": -0.06738986819982529, "pilot/throttle": 0.7192010879516602, "milliseconds": 644786}