{"cam/image_array": "4361_cam-image_array_.jpg", "user/angle": 0.030396435438093204, "user/throttle": 0.0, "user/mode": "local", "pilot/angle": 0.8112617135047913, "pilot/throttle": 0.45108652114868164, "milliseconds": 987178}