{"cam/image_array": "2756_cam-image_array_.jpg", "user/angle": 0.030396435438093204, "user/throttle": 0.0, "user/mode": "local", "pilot/angle": 0.30824634432792664, "pilot/throttle": 0.6456432938575745, "milliseconds": 627297}