{"cam/image_array": "737_cam-image_array_.jpg", "user/angle": 0.030396435438093204, "user/throttle": 0.0, "user/mode": "local", "pilot/angle": -0.2703944742679596, "pilot/throttle": 0.7820504307746887, "milliseconds": 174572}