{"cam/image_array": "3539_cam-image_array_.jpg", "user/angle": 0.030396435438093204, "user/throttle": 0.0, "user/mode": "local", "pilot/angle": 0.03723955154418945, "pilot/throttle": 0.6942145228385925, "milliseconds": 802864}