{"cam/image_array": "1990_cam-image_array_.jpg", "user/angle": 0.030396435438093204, "user/throttle": 0.0, "user/mode": "local", "pilot/angle": -0.0035482123494148254, "pilot/throttle": 0.7215372323989868, "milliseconds": 455545}