{"cam/image_array": "4320_cam-image_array_.jpg", "user/angle": 0.030396435438093204, "user/throttle": 0.0, "user/mode": "local", "pilot/angle": 0.0016527101397514343, "pilot/throttle": 0.7126342058181763, "milliseconds": 977983}