{"cam/image_array": "1682_cam-image_array_.jpg", "user/angle": 0.030396435438093204, "user/throttle": 0.0, "user/mode": "local", "pilot/angle": 0.9289233088493347, "pilot/throttle": 0.7144140005111694, "milliseconds": 386472}