{"cam/image_array": "3747_cam-image_array_.jpg", "user/angle": 0.030396435438093204, "user/throttle": 0.0, "user/mode": "local", "pilot/angle": 0.9668897390365601, "pilot/throttle": 0.4925648868083954, "milliseconds": 849505}