{"cam/image_array": "3088_cam-image_array_.jpg", "user/angle": 0.030396435438093204, "user/throttle": 0.0, "user/mode": "local", "pilot/angle": 0.7575790286064148, "pilot/throttle": 0.7014538645744324, "milliseconds": 701748}