{"cam/image_array": "2141_cam-image_array_.jpg", "user/angle": 0.030396435438093204, "user/throttle": 0.0, "user/mode": "local", "pilot/angle": 0.4960787296295166, "pilot/throttle": 0.7102665305137634, "milliseconds": 489405}