{"cam/image_array": "106_cam-image_array_.jpg", "user/angle": 0.030396435438093204, "user/throttle": 0.0, "user/mode": "local", "pilot/angle": 0.8408289551734924, "pilot/throttle": 0.5906082391738892, "milliseconds": 33100}