{"cam/image_array": "930_cam-image_array_.jpg", "user/angle": 0.030396435438093204, "user/throttle": 0.0, "user/mode": "local", "pilot/angle": 0.17186880111694336, "pilot/throttle": 0.6960046291351318, "milliseconds": 217849}