{"cam/image_array": "3706_cam-image_array_.jpg", "user/angle": 0.030396435438093204, "user/throttle": 0.0, "user/mode": "local", "pilot/angle": 0.829042911529541, "pilot/throttle": 0.3093324899673462, "milliseconds": 840313}