{"cam/image_array": "1457_cam-image_array_.jpg", "user/angle": 0.030396435438093204, "user/throttle": 0.0, "user/mode": "local", "pilot/angle": 0.8030955791473389, "pilot/throttle": 0.4185957610607147, "milliseconds": 336013}