{"cam/image_array": "3185_cam-image_array_.jpg", "user/angle": 0.030396435438093204, "user/throttle": 0.0, "user/mode": "local", "pilot/angle": 0.7356650829315186, "pilot/throttle": 0.7380558848381042, "milliseconds": 723496}