{"cam/image_array": "4188_cam-image_array_.jpg", "user/angle": 0.030396435438093204, "user/throttle": 0.0, "user/mode": "local", "pilot/angle": -0.24263790249824524, "pilot/throttle": 0.7642067074775696, "milliseconds": 948389}