{"cam/image_array": "1223_cam-image_array_.jpg", "user/angle": 0.030396435438093204, "user/throttle": 0.0, "user/mode": "local", "pilot/angle": 0.022853579372167587, "pilot/throttle": 0.7308353185653687, "milliseconds": 283546}