{"cam/image_array": "4_cam-image_array_.jpg", "user/angle": 0.02850428785058138, "user/throttle": 0.0, "user/mode": "local", "pilot/angle": -0.00870852917432785, "pilot/throttle": 0.19824358820915222, "milliseconds": 10195}