{"cam/image_array": "2099_cam-image_array_.jpg", "user/angle": 0.030396435438093204, "user/throttle": 0.0, "user/mode": "local", "pilot/angle": 0.20624583959579468, "pilot/throttle": 0.7618950605392456, "milliseconds": 479988}