{"cam/image_array": "4203_cam-image_array_.jpg", "user/angle": 0.030396435438093204, "user/throttle": 0.0, "user/mode": "local", "pilot/angle": -0.4311625361442566, "pilot/throttle": 0.7244467735290527, "milliseconds": 951752}