{"cam/image_array": "3134_cam-image_array_.jpg", "user/angle": 0.030396435438093204, "user/throttle": 0.0, "user/mode": "local", "pilot/angle": 0.48491623997688293, "pilot/throttle": 0.5492103695869446, "milliseconds": 712059}