{"cam/image_array": "2846_cam-image_array_.jpg", "user/angle": 0.030396435438093204, "user/throttle": 0.0, "user/mode": "local", "pilot/angle": -0.08109227567911148, "pilot/throttle": 0.7740384936332703, "milliseconds": 647478}