{"cam/image_array": "2165_cam-image_array_.jpg", "user/angle": 0.030396435438093204, "user/throttle": 0.0, "user/mode": "local", "pilot/angle": 0.5539031028747559, "pilot/throttle": 0.6455047130584717, "milliseconds": 494789}