{"cam/image_array": "2792_cam-image_array_.jpg", "user/angle": 0.030396435438093204, "user/throttle": 0.0, "user/mode": "local", "pilot/angle": -0.6854071617126465, "pilot/throttle": 0.6829784512519836, "milliseconds": 635368}