{"cam/image_array": "2759_cam-image_array_.jpg", "user/angle": 0.030396435438093204, "user/throttle": 0.0, "user/mode": "local", "pilot/angle": 0.7176834940910339, "pilot/throttle": 0.43173515796661377, "milliseconds": 627969}