{"cam/image_array": "3868_cam-image_array_.jpg", "user/angle": 0.030396435438093204, "user/throttle": 0.0, "user/mode": "local", "pilot/angle": -0.08061330765485764, "pilot/throttle": 0.7284229397773743, "milliseconds": 876637}