{"cam/image_array": "538_cam-image_array_.jpg", "user/angle": 0.030396435438093204, "user/throttle": 0.0, "user/mode": "local", "pilot/angle": 0.4395175576210022, "pilot/throttle": 0.6375334858894348, "milliseconds": 129966}