{"cam/image_array": "4229_cam-image_array_.jpg", "user/angle": 0.030396435438093204, "user/throttle": 0.0, "user/mode": "local", "pilot/angle": 0.1981804370880127, "pilot/throttle": 0.744649350643158, "milliseconds": 957588}