{"cam/image_array": "707_cam-image_array_.jpg", "user/angle": 0.030396435438093204, "user/throttle": 0.0, "user/mode": "local", "pilot/angle": 0.92851322889328, "pilot/throttle": 0.5403481125831604, "milliseconds": 167847}