{"cam/image_array": "866_cam-image_array_.jpg", "user/angle": 0.030396435438093204, "user/throttle": 0.0, "user/mode": "local", "pilot/angle": 0.594908595085144, "pilot/throttle": 0.6274010539054871, "milliseconds": 203501}