{"cam/image_array": "243_cam-image_array_.jpg", "user/angle": 0.030396435438093204, "user/throttle": 0.0, "user/mode": "local", "pilot/angle": -0.1642773449420929, "pilot/throttle": 0.7194718718528748, "milliseconds": 63824}