{"cam/image_array": "1018_cam-image_array_.jpg", "user/angle": 0.030396435438093204, "user/throttle": 0.0, "user/mode": "local", "pilot/angle": -0.21152979135513306, "pilot/throttle": 0.6719704866409302, "milliseconds": 237583}