{"cam/image_array": "4059_cam-image_array_.jpg", "user/angle": 0.030396435438093204, "user/throttle": 0.0, "user/mode": "local", "pilot/angle": 0.021787479519844055, "pilot/throttle": 0.6684645414352417, "milliseconds": 919462}