{"cam/image_array": "73_cam-image_array_.jpg", "user/angle": 0.030396435438093204, "user/throttle": 0.0, "user/mode": "local", "pilot/angle": -0.25033339858055115, "pilot/throttle": 0.6629323959350586, "milliseconds": 25670}