{"cam/image_array": "1284_cam-image_array_.jpg", "user/angle": 0.030396435438093204, "user/throttle": 0.0, "user/mode": "local", "pilot/angle": 0.5791052579879761, "pilot/throttle": 0.6432510018348694, "milliseconds": 297226}