{"cam/image_array": "2735_cam-image_array_.jpg", "user/angle": 0.030396435438093204, "user/throttle": 0.0, "user/mode": "local", "pilot/angle": -0.01699226349592209, "pilot/throttle": 0.7189515829086304, "milliseconds": 622591}