{"cam/image_array": "3376_cam-image_array_.jpg", "user/angle": 0.030396435438093204, "user/throttle": 0.0, "user/mode": "local", "pilot/angle": 0.024889998137950897, "pilot/throttle": 0.7279593348503113, "milliseconds": 766322}