{"cam/image_array": "522_cam-image_array_.jpg", "user/angle": 0.030396435438093204, "user/throttle": 0.0, "user/mode": "local", "pilot/angle": 0.8373631834983826, "pilot/throttle": 0.4086467921733856, "milliseconds": 126378}