{"cam/image_array": "2470_cam-image_array_.jpg", "user/angle": 0.030396435438093204, "user/throttle": 0.0, "user/mode": "local", "pilot/angle": 0.18085090816020966, "pilot/throttle": 0.7284667491912842, "milliseconds": 563175}