{"cam/image_array": "2115_cam-image_array_.jpg", "user/angle": 0.030396435438093204, "user/throttle": 0.0, "user/mode": "local", "pilot/angle": 0.22812420129776, "pilot/throttle": 0.6904877424240112, "milliseconds": 483576}