{"cam/image_array": "3314_cam-image_array_.jpg", "user/angle": 0.030396435438093204, "user/throttle": 0.0, "user/mode": "local", "pilot/angle": 0.026284359395503998, "pilot/throttle": 0.5622864961624146, "milliseconds": 752418}