{"cam/image_array": "2147_cam-image_array_.jpg", "user/angle": 0.030396435438093204, "user/throttle": 0.0, "user/mode": "local", "pilot/angle": 0.8816444873809814, "pilot/throttle": 0.4961985647678375, "milliseconds": 490752}