{"cam/image_array": "3602_cam-image_array_.jpg", "user/angle": 0.030396435438093204, "user/throttle": 0.0, "user/mode": "local", "pilot/angle": 0.13198702037334442, "pilot/throttle": 0.37136632204055786, "milliseconds": 816989}