{"cam/image_array": "744_cam-image_array_.jpg", "user/angle": 0.030396435438093204, "user/throttle": 0.0, "user/mode": "local", "pilot/angle": 0.13891969621181488, "pilot/throttle": 0.8114874362945557, "milliseconds": 176142}