{"cam/image_array": "138_cam-image_array_.jpg", "user/angle": 0.030396435438093204, "user/throttle": 0.0, "user/mode": "local", "pilot/angle": 0.825925350189209, "pilot/throttle": 0.5083543658256531, "milliseconds": 40272}