{"cam/image_array": "1079_cam-image_array_.jpg", "user/angle": 0.030396435438093204, "user/throttle": 0.0, "user/mode": "local", "pilot/angle": 0.6734413504600525, "pilot/throttle": 0.2793746292591095, "milliseconds": 251263}