{"cam/image_array": "1419_cam-image_array_.jpg", "user/angle": 0.030396435438093204, "user/throttle": 0.0, "user/mode": "local", "pilot/angle": 0.506756067276001, "pilot/throttle": 0.7301207780838013, "milliseconds": 327495}