{"cam/image_array": "1667_cam-image_array_.jpg", "user/angle": 0.030396435438093204, "user/throttle": 0.0, "user/mode": "local", "pilot/angle": -0.022806309163570404, "pilot/throttle": 0.6836857199668884, "milliseconds": 383102}