{"cam/image_array": "272_cam-image_array_.jpg", "user/angle": 0.030396435438093204, "user/throttle": 0.0, "user/mode": "local", "pilot/angle": 0.8910983204841614, "pilot/throttle": 0.6034935712814331, "milliseconds": 70325}