{"cam/image_array": "403_cam-image_array_.jpg", "user/angle": 0.030396435438093204, "user/throttle": 0.0, "user/mode": "local", "pilot/angle": 0.018641717731952667, "pilot/throttle": 0.6926892399787903, "milliseconds": 99701}