{"cam/image_array": "3397_cam-image_array_.jpg", "user/angle": 0.030396435438093204, "user/throttle": 0.0, "user/mode": "local", "pilot/angle": -0.10326718538999557, "pilot/throttle": 0.7392770648002625, "milliseconds": 771029}