{"cam/image_array": "742_cam-image_array_.jpg", "user/angle": 0.030396435438093204, "user/throttle": 0.0, "user/mode": "local", "pilot/angle": -0.01382051408290863, "pilot/throttle": 0.8382526636123657, "milliseconds": 175694}