{"cam/image_array": "3854_cam-image_array_.jpg", "user/angle": 0.030396435438093204, "user/throttle": 0.0, "user/mode": "local", "pilot/angle": 0.5612711310386658, "pilot/throttle": 0.6610062122344971, "milliseconds": 873500}