{"cam/image_array": "3767_cam-image_array_.jpg", "user/angle": 0.030396435438093204, "user/throttle": 0.0, "user/mode": "local", "pilot/angle": 0.9213877320289612, "pilot/throttle": 0.71075439453125, "milliseconds": 853989}