{"cam/image_array": "1796_cam-image_array_.jpg", "user/angle": 0.030396435438093204, "user/throttle": 0.0, "user/mode": "local", "pilot/angle": 0.8652915358543396, "pilot/throttle": 0.6978660225868225, "milliseconds": 412043}