{"cam/image_array": "2640_cam-image_array_.jpg", "user/angle": 0.030396435438093204, "user/throttle": 0.0, "user/mode": "local", "pilot/angle": 0.07899044454097748, "pilot/throttle": 0.7160570025444031, "milliseconds": 601295}