{"cam/image_array": "2129_cam-image_array_.jpg", "user/angle": 0.030396435438093204, "user/throttle": 0.0, "user/mode": "local", "pilot/angle": 0.1040879637002945, "pilot/throttle": 0.716061532497406, "milliseconds": 486714}