{"cam/image_array": "3762_cam-image_array_.jpg", "user/angle": 0.030396435438093204, "user/throttle": 0.0, "user/mode": "local", "pilot/angle": 0.6362063884735107, "pilot/throttle": 0.484436571598053, "milliseconds": 852869}