{"cam/image_array": "2845_cam-image_array_.jpg", "user/angle": 0.030396435438093204, "user/throttle": 0.0, "user/mode": "local", "pilot/angle": -0.05574839562177658, "pilot/throttle": 0.591742753982544, "milliseconds": 647253}