{"cam/image_array": "1295_cam-image_array_.jpg", "user/angle": 0.030396435438093204, "user/throttle": 0.0, "user/mode": "local", "pilot/angle": -0.6843644380569458, "pilot/throttle": 0.7262036800384521, "milliseconds": 299698}