{"cam/image_array": "943_cam-image_array_.jpg", "user/angle": 0.030396435438093204, "user/throttle": 0.0, "user/mode": "local", "pilot/angle": 0.7059949636459351, "pilot/throttle": 0.8067377805709839, "milliseconds": 220763}