{"cam/image_array": "3268_cam-image_array_.jpg", "user/angle": 0.030396435438093204, "user/throttle": 0.0, "user/mode": "local", "pilot/angle": 0.25117790699005127, "pilot/throttle": 0.4632577896118164, "milliseconds": 742108}