{"cam/image_array": "2587_cam-image_array_.jpg", "user/angle": 0.030396435438093204, "user/throttle": 0.0, "user/mode": "local", "pilot/angle": -0.07777702063322067, "pilot/throttle": 0.49492672085762024, "milliseconds": 589410}