{"cam/image_array": "3879_cam-image_array_.jpg", "user/angle": 0.030396435438093204, "user/throttle": 0.0, "user/mode": "local", "pilot/angle": 0.01898711919784546, "pilot/throttle": 0.7384613752365112, "milliseconds": 879102}