{"cam/image_array": "2833_cam-image_array_.jpg", "user/angle": 0.030396435438093204, "user/throttle": 0.0, "user/mode": "local", "pilot/angle": -0.08267407864332199, "pilot/throttle": 0.6706836819648743, "milliseconds": 644562}