{"cam/image_array": "1814_cam-image_array_.jpg", "user/angle": 0.030396435438093204, "user/throttle": 0.0, "user/mode": "local", "pilot/angle": 0.12822389602661133, "pilot/throttle": 0.6458261013031006, "milliseconds": 416079}