{"cam/image_array": "2917_cam-image_array_.jpg", "user/angle": 0.030396435438093204, "user/throttle": 0.0, "user/mode": "local", "pilot/angle": 0.6387864351272583, "pilot/throttle": 0.7034458518028259, "milliseconds": 663397}