{"cam/image_array": "1411_cam-image_array_.jpg", "user/angle": 0.030396435438093204, "user/throttle": 0.0, "user/mode": "local", "pilot/angle": 0.02999693900346756, "pilot/throttle": 0.7292537093162537, "milliseconds": 325700}