{"cam/image_array": "3716_cam-image_array_.jpg", "user/angle": 0.030396435438093204, "user/throttle": 0.0, "user/mode": "local", "pilot/angle": -0.05301880091428757, "pilot/throttle": 0.6620707511901855, "milliseconds": 842553}