{"cam/image_array": "3801_cam-image_array_.jpg", "user/angle": 0.030396435438093204, "user/throttle": 0.0, "user/mode": "local", "pilot/angle": 0.8474307060241699, "pilot/throttle": 0.4533725082874298, "milliseconds": 861612}