{"cam/image_array": "44_cam-image_array_.jpg", "user/angle": 0.030396435438093204, "user/throttle": 0.0, "user/mode": "local", "pilot/angle": 0.5042906403541565, "pilot/throttle": 0.22736462950706482, "milliseconds": 19167}