{"cam/image_array": "1870_cam-image_array_.jpg", "user/angle": 0.030396435438093204, "user/throttle": 0.0, "user/mode": "local", "pilot/angle": 0.9198627471923828, "pilot/throttle": 0.569963276386261, "milliseconds": 428636}