{"cam/image_array": "177_cam-image_array_.jpg", "user/angle": 0.030396435438093204, "user/throttle": 0.0, "user/mode": "local", "pilot/angle": 0.667631983757019, "pilot/throttle": 0.5325908660888672, "milliseconds": 49015}