{"cam/image_array": "874_cam-image_array_.jpg", "user/angle": 0.030396435438093204, "user/throttle": 0.0, "user/mode": "local", "pilot/angle": -0.1234799399971962, "pilot/throttle": 0.6973328590393066, "milliseconds": 205294}