{"cam/image_array": "3918_cam-image_array_.jpg", "user/angle": 0.030396435438093204, "user/throttle": 0.0, "user/mode": "local", "pilot/angle": -0.6387719511985779, "pilot/throttle": 0.7072333097457886, "milliseconds": 887849}