{"cam/image_array": "1058_cam-image_array_.jpg", "user/angle": 0.030396435438093204, "user/throttle": 0.0, "user/mode": "local", "pilot/angle": -0.09945865720510483, "pilot/throttle": 0.7114399075508118, "milliseconds": 246550}