{"cam/image_array": "2892_cam-image_array_.jpg", "user/angle": 0.030396435438093204, "user/throttle": 0.0, "user/mode": "local", "pilot/angle": -0.0002822801470756531, "pilot/throttle": 0.7197343111038208, "milliseconds": 657791}