{"cam/image_array": "2439_cam-image_array_.jpg", "user/angle": 0.030396435438093204, "user/throttle": 0.0, "user/mode": "local", "pilot/angle": 0.17903999984264374, "pilot/throttle": 0.6631077527999878, "milliseconds": 556225}