{"cam/image_array": "3067_cam-image_array_.jpg", "user/angle": 0.030396435438093204, "user/throttle": 0.0, "user/mode": "local", "pilot/angle": 0.05823887884616852, "pilot/throttle": 0.6958944797515869, "milliseconds": 697038}