{"cam/image_array": "1055_cam-image_array_.jpg", "user/angle": 0.030396435438093204, "user/throttle": 0.0, "user/mode": "local", "pilot/angle": -0.021029941737651825, "pilot/throttle": 0.6523849964141846, "milliseconds": 245878}