{"cam/image_array": "988_cam-image_array_.jpg", "user/angle": 0.030396435438093204, "user/throttle": 0.0, "user/mode": "local", "pilot/angle": 0.7876229882240295, "pilot/throttle": 0.45804980397224426, "milliseconds": 230858}