{"cam/image_array": "1121_cam-image_array_.jpg", "user/angle": 0.030396435438093204, "user/throttle": 0.0, "user/mode": "local", "pilot/angle": 0.6396212577819824, "pilot/throttle": 0.3989958167076111, "milliseconds": 260679}