{"cam/image_array": "1696_cam-image_array_.jpg", "user/angle": 0.030396435438093204, "user/throttle": 0.0, "user/mode": "local", "pilot/angle": 0.016949400305747986, "pilot/throttle": 0.6270164251327515, "milliseconds": 389610}