{"cam/image_array": "2524_cam-image_array_.jpg", "user/angle": 0.030396435438093204, "user/throttle": 0.0, "user/mode": "local", "pilot/angle": 0.7441142797470093, "pilot/throttle": 0.5856244564056396, "milliseconds": 575282}