{"cam/image_array": "3867_cam-image_array_.jpg", "user/angle": 0.030396435438093204, "user/throttle": 0.0, "user/mode": "local", "pilot/angle": -0.06477383524179459, "pilot/throttle": 0.6689552068710327, "milliseconds": 876412}