{"cam/image_array": "3790_cam-image_array_.jpg", "user/angle": 0.030396435438093204, "user/throttle": 0.0, "user/mode": "local", "pilot/angle": 0.326519638299942, "pilot/throttle": 0.5628002285957336, "milliseconds": 859145}