{"cam/image_array": "3302_cam-image_array_.jpg", "user/angle": 0.030396435438093204, "user/throttle": 0.0, "user/mode": "local", "pilot/angle": -0.13099727034568787, "pilot/throttle": 0.6601881980895996, "milliseconds": 749730}