{"cam/image_array": "3582_cam-image_array_.jpg", "user/angle": 0.030396435438093204, "user/throttle": 0.0, "user/mode": "local", "pilot/angle": 0.01473911851644516, "pilot/throttle": 0.7370973229408264, "milliseconds": 812506}