{"cam/image_array": "3161_cam-image_array_.jpg", "user/angle": 0.030396435438093204, "user/throttle": 0.0, "user/mode": "local", "pilot/angle": 0.15154609084129333, "pilot/throttle": 0.7317964434623718, "milliseconds": 718114}