{"cam/image_array": "3486_cam-image_array_.jpg", "user/angle": 0.030396435438093204, "user/throttle": 0.0, "user/mode": "local", "pilot/angle": 0.8553697466850281, "pilot/throttle": 0.6798095107078552, "milliseconds": 790986}