{"cam/image_array": "3234_cam-image_array_.jpg", "user/angle": 0.030396435438093204, "user/throttle": 0.0, "user/mode": "local", "pilot/angle": 0.8851481080055237, "pilot/throttle": 0.3653637766838074, "milliseconds": 734482}