{"cam/image_array": "608_cam-image_array_.jpg", "user/angle": 0.030396435438093204, "user/throttle": 0.0, "user/mode": "local", "pilot/angle": 0.8258851766586304, "pilot/throttle": 0.26691895723342896, "milliseconds": 145656}