{"cam/image_array": "1680_cam-image_array_.jpg", "user/angle": 0.030396435438093204, "user/throttle": 0.0, "user/mode": "local", "pilot/angle": 0.6306880116462708, "pilot/throttle": 0.5097107291221619, "milliseconds": 386019}