{"cam/image_array": "1558_cam-image_array_.jpg", "user/angle": 0.030396435438093204, "user/throttle": 0.0, "user/mode": "local", "pilot/angle": 0.03246866539120674, "pilot/throttle": 0.5988582372665405, "milliseconds": 358657}