{"cam/image_array": "380_cam-image_array_.jpg", "user/angle": 0.030396435438093204, "user/throttle": 0.0, "user/mode": "local", "pilot/angle": 0.05086909979581833, "pilot/throttle": 0.6784767508506775, "milliseconds": 94539}