{"cam/image_array": "2207_cam-image_array_.jpg", "user/angle": 0.030396435438093204, "user/throttle": 0.0, "user/mode": "local", "pilot/angle": 0.14428234100341797, "pilot/throttle": 0.7007811069488525, "milliseconds": 504205}