{"cam/image_array": "2345_cam-image_array_.jpg", "user/angle": 0.030396435438093204, "user/throttle": 0.0, "user/mode": "local", "pilot/angle": 0.03261736407876015, "pilot/throttle": 0.5833218693733215, "milliseconds": 535149}