{"cam/image_array": "1782_cam-image_array_.jpg", "user/angle": 0.030396435438093204, "user/throttle": 0.0, "user/mode": "local", "pilot/angle": 0.8241611123085022, "pilot/throttle": 0.6237334609031677, "milliseconds": 408902}