{"cam/image_array": "1232_cam-image_array_.jpg", "user/angle": 0.030396435438093204, "user/throttle": 0.0, "user/mode": "local", "pilot/angle": 0.5222311019897461, "pilot/throttle": 0.6525174379348755, "milliseconds": 285563}