{"cam/image_array": "4419_cam-image_array_.jpg", "user/angle": 0.030396435438093204, "user/throttle": 0.0, "user/mode": "local", "pilot/angle": 0.44909361004829407, "pilot/throttle": 0.7831587791442871, "milliseconds": 1000181}