{"cam/image_array": "1054_cam-image_array_.jpg", "user/angle": 0.030396435438093204, "user/throttle": 0.0, "user/mode": "local", "pilot/angle": 0.036127809435129166, "pilot/throttle": 0.7089356780052185, "milliseconds": 245654}