{"cam/image_array": "2325_cam-image_array_.jpg", "user/angle": 0.030396435438093204, "user/throttle": 0.0, "user/mode": "local", "pilot/angle": 0.6949548721313477, "pilot/throttle": 0.5959963202476501, "milliseconds": 530664}