{"cam/image_array": "4364_cam-image_array_.jpg", "user/angle": 0.030396435438093204, "user/throttle": 0.0, "user/mode": "local", "pilot/angle": 0.8356965184211731, "pilot/throttle": 0.36912572383880615, "milliseconds": 987852}