{"cam/image_array": "3261_cam-image_array_.jpg", "user/angle": 0.030396435438093204, "user/throttle": 0.0, "user/mode": "local", "pilot/angle": -0.5423705577850342, "pilot/throttle": 0.6513767838478088, "milliseconds": 740537}