{"cam/image_array": "2678_cam-image_array_.jpg", "user/angle": 0.030396435438093204, "user/throttle": 0.0, "user/mode": "local", "pilot/angle": -0.057831041514873505, "pilot/throttle": 0.5429428219795227, "milliseconds": 609811}