{"cam/image_array": "3878_cam-image_array_.jpg", "user/angle": 0.030396435438093204, "user/throttle": 0.0, "user/mode": "local", "pilot/angle": 0.10222761332988739, "pilot/throttle": 0.7371671795845032, "milliseconds": 878878}