{"cam/image_array": "2437_cam-image_array_.jpg", "user/angle": 0.030396435438093204, "user/throttle": 0.0, "user/mode": "local", "pilot/angle": 0.01773601397871971, "pilot/throttle": 0.6677320599555969, "milliseconds": 555777}