{"cam/image_array": "3763_cam-image_array_.jpg", "user/angle": 0.030396435438093204, "user/throttle": 0.0, "user/mode": "local", "pilot/angle": 0.6437121033668518, "pilot/throttle": 0.5504451990127563, "milliseconds": 853093}