{"cam/image_array": "587_cam-image_array_.jpg", "user/angle": 0.030396435438093204, "user/throttle": 0.0, "user/mode": "local", "pilot/angle": -0.03373303264379501, "pilot/throttle": 0.7840803861618042, "milliseconds": 140952}