{"cam/image_array": "3482_cam-image_array_.jpg", "user/angle": 0.030396435438093204, "user/throttle": 0.0, "user/mode": "local", "pilot/angle": 0.9693470597267151, "pilot/throttle": 0.32325199246406555, "milliseconds": 790089}