{"cam/image_array": "1669_cam-image_array_.jpg", "user/angle": 0.030396435438093204, "user/throttle": 0.0, "user/mode": "local", "pilot/angle": -0.44963526725769043, "pilot/throttle": 0.6999855637550354, "milliseconds": 383550}