{"cam/image_array": "669_cam-image_array_.jpg", "user/angle": 0.030396435438093204, "user/throttle": 0.0, "user/mode": "local", "pilot/angle": 0.40081697702407837, "pilot/throttle": 0.7995246052742004, "milliseconds": 159330}