{"cam/image_array": "4162_cam-image_array_.jpg", "user/angle": 0.030396435438093204, "user/throttle": 0.0, "user/mode": "local", "pilot/angle": 0.19694697856903076, "pilot/throttle": 0.6275095343589783, "milliseconds": 942558}