{"cam/image_array": "4160_cam-image_array_.jpg", "user/angle": 0.030396435438093204, "user/throttle": 0.0, "user/mode": "local", "pilot/angle": 0.053962983191013336, "pilot/throttle": 0.7560775279998779, "milliseconds": 942109}