{"cam/image_array": "3698_cam-image_array_.jpg", "user/angle": 0.030396435438093204, "user/throttle": 0.0, "user/mode": "local", "pilot/angle": 0.6889510750770569, "pilot/throttle": 0.3902628719806671, "milliseconds": 838520}