{"cam/image_array": "438_cam-image_array_.jpg", "user/angle": 0.030396435438093204, "user/throttle": 0.0, "user/mode": "local", "pilot/angle": 0.7199773788452148, "pilot/throttle": 0.6902641654014587, "milliseconds": 107546}