{"cam/image_array": "3525_cam-image_array_.jpg", "user/angle": 0.030396435438093204, "user/throttle": 0.0, "user/mode": "local", "pilot/angle": 0.03491362929344177, "pilot/throttle": 0.6858083009719849, "milliseconds": 799727}