{"cam/image_array": "3564_cam-image_array_.jpg", "user/angle": 0.030396435438093204, "user/throttle": 0.0, "user/mode": "local", "pilot/angle": 0.8858858942985535, "pilot/throttle": 0.6472182273864746, "milliseconds": 808470}