{"cam/image_array": "881_cam-image_array_.jpg", "user/angle": 0.030396435438093204, "user/throttle": 0.0, "user/mode": "local", "pilot/angle": 0.02400422841310501, "pilot/throttle": 0.6582922339439392, "milliseconds": 206864}