{"cam/image_array": "3344_cam-image_array_.jpg", "user/angle": 0.030396435438093204, "user/throttle": 0.0, "user/mode": "local", "pilot/angle": 0.7397857308387756, "pilot/throttle": 0.6954154968261719, "milliseconds": 759147}