{"cam/image_array": "1221_cam-image_array_.jpg", "user/angle": 0.030396435438093204, "user/throttle": 0.0, "user/mode": "local", "pilot/angle": 0.8471570611000061, "pilot/throttle": 0.6824095249176025, "milliseconds": 283097}