{"cam/image_array": "2467_cam-image_array_.jpg", "user/angle": 0.030396435438093204, "user/throttle": 0.0, "user/mode": "local", "pilot/angle": 0.03735113888978958, "pilot/throttle": 0.7636367082595825, "milliseconds": 562503}