{"cam/image_array": "3660_cam-image_array_.jpg", "user/angle": 0.030396435438093204, "user/throttle": 0.0, "user/mode": "local", "pilot/angle": 0.02144584059715271, "pilot/throttle": 0.7140423655509949, "milliseconds": 830002}