{"cam/image_array": "3674_cam-image_array_.jpg", "user/angle": 0.030396435438093204, "user/throttle": 0.0, "user/mode": "local", "pilot/angle": 0.623117208480835, "pilot/throttle": 0.7077303528785706, "milliseconds": 833141}