{"cam/image_array": "2553_cam-image_array_.jpg", "user/angle": 0.030396435438093204, "user/throttle": 0.0, "user/mode": "local", "pilot/angle": -0.028017930686473846, "pilot/throttle": 0.6758307814598083, "milliseconds": 581788}