{"cam/image_array": "3803_cam-image_array_.jpg", "user/angle": 0.030396435438093204, "user/throttle": 0.0, "user/mode": "local", "pilot/angle": 0.7967525124549866, "pilot/throttle": 0.522361695766449, "milliseconds": 862061}