{"cam/image_array": "251_cam-image_array_.jpg", "user/angle": 0.030396435438093204, "user/throttle": 0.0, "user/mode": "local", "pilot/angle": 0.8963503837585449, "pilot/throttle": 0.6530131101608276, "milliseconds": 65617}