{"cam/image_array": "1372_cam-image_array_.jpg", "user/angle": 0.030396435438093204, "user/throttle": 0.0, "user/mode": "local", "pilot/angle": -0.38064777851104736, "pilot/throttle": 0.71800696849823, "milliseconds": 316956}