{"cam/image_array": "698_cam-image_array_.jpg", "user/angle": 0.030396435438093204, "user/throttle": 0.0, "user/mode": "local", "pilot/angle": 0.025732271373271942, "pilot/throttle": 0.47807660698890686, "milliseconds": 165830}