{"cam/image_array": "1967_cam-image_array_.jpg", "user/angle": 0.030396435438093204, "user/throttle": 0.0, "user/mode": "local", "pilot/angle": 0.9183770418167114, "pilot/throttle": 0.6234535574913025, "milliseconds": 450389}