{"cam/image_array": "333_cam-image_array_.jpg", "user/angle": 0.030396435438093204, "user/throttle": 0.0, "user/mode": "local", "pilot/angle": 0.5840091109275818, "pilot/throttle": 0.5307044386863708, "milliseconds": 84000}