{"cam/image_array": "4091_cam-image_array_.jpg", "user/angle": 0.030396435438093204, "user/throttle": 0.0, "user/mode": "local", "pilot/angle": -0.029042981564998627, "pilot/throttle": 0.6117016077041626, "milliseconds": 926634}