{"cam/image_array": "2457_cam-image_array_.jpg", "user/angle": 0.030396435438093204, "user/throttle": 0.0, "user/mode": "local", "pilot/angle": -0.06239158660173416, "pilot/throttle": 0.6323385834693909, "milliseconds": 560261}