{"cam/image_array": "4223_cam-image_array_.jpg", "user/angle": 0.030396435438093204, "user/throttle": 0.0, "user/mode": "local", "pilot/angle": 0.05181330442428589, "pilot/throttle": 0.6981433033943176, "milliseconds": 956243}