{"cam/image_array": "1320_cam-image_array_.jpg", "user/angle": 0.030396435438093204, "user/throttle": 0.0, "user/mode": "local", "pilot/angle": 0.16114860773086548, "pilot/throttle": 0.6622434258460999, "milliseconds": 305301}