{"cam/image_array": "3233_cam-image_array_.jpg", "user/angle": 0.030396435438093204, "user/throttle": 0.0, "user/mode": "local", "pilot/angle": 0.8787718415260315, "pilot/throttle": 0.3305605351924896, "milliseconds": 734258}