{"cam/image_array": "3714_cam-image_array_.jpg", "user/angle": 0.030396435438093204, "user/throttle": 0.0, "user/mode": "local", "pilot/angle": 0.001582130789756775, "pilot/throttle": 0.6483862400054932, "milliseconds": 842105}