{"cam/image_array": "2571_cam-image_array_.jpg", "user/angle": 0.030396435438093204, "user/throttle": 0.0, "user/mode": "local", "pilot/angle": 0.9199240803718567, "pilot/throttle": 0.3749125599861145, "milliseconds": 585823}