{"cam/image_array": "1973_cam-image_array_.jpg", "user/angle": 0.030396435438093204, "user/throttle": 0.0, "user/mode": "local", "pilot/angle": 0.021519772708415985, "pilot/throttle": 0.7789140343666077, "milliseconds": 451734}