{"cam/image_array": "1607_cam-image_array_.jpg", "user/angle": 0.030396435438093204, "user/throttle": 0.0, "user/mode": "local", "pilot/angle": 0.38350147008895874, "pilot/throttle": 0.7630172967910767, "milliseconds": 369647}