{"cam/image_array": "4491_cam-image_array_.jpg", "user/angle": 0.030396435438093204, "user/throttle": 0.0, "user/mode": "local", "pilot/angle": 0.2133476436138153, "pilot/throttle": 0.7736027836799622, "milliseconds": 1016322}