{"cam/image_array": "3432_cam-image_array_.jpg", "user/angle": 0.030396435438093204, "user/throttle": 0.0, "user/mode": "local", "pilot/angle": -0.06368734687566757, "pilot/throttle": 0.6382501721382141, "milliseconds": 778875}