{"cam/image_array": "4587_cam-image_array_.jpg", "user/angle": 0.030396435438093204, "user/throttle": 0.0, "user/mode": "local", "pilot/angle": 0.6790650486946106, "pilot/throttle": 0.6273640394210815, "milliseconds": 1037848}