{"cam/image_array": "1701_cam-image_array_.jpg", "user/angle": 0.030396435438093204, "user/throttle": 0.0, "user/mode": "local", "pilot/angle": 0.4868053197860718, "pilot/throttle": 0.3035089075565338, "milliseconds": 390730}