{"cam/image_array": "2558_cam-image_array_.jpg", "user/angle": 0.030396435438093204, "user/throttle": 0.0, "user/mode": "local", "pilot/angle": -0.02219066023826599, "pilot/throttle": 0.714742124080658, "milliseconds": 582909}