{"cam/image_array": "4344_cam-image_array_.jpg", "user/angle": 0.030396435438093204, "user/throttle": 0.0, "user/mode": "local", "pilot/angle": 0.010100305080413818, "pilot/throttle": 0.5888686776161194, "milliseconds": 983368}