{"cam/image_array": "1234_cam-image_array_.jpg", "user/angle": 0.030396435438093204, "user/throttle": 0.0, "user/mode": "local", "pilot/angle": 1.032677412033081, "pilot/throttle": 0.7183992862701416, "milliseconds": 286011}