{"cam/image_array": "4362_cam-image_array_.jpg", "user/angle": 0.030396435438093204, "user/throttle": 0.0, "user/mode": "local", "pilot/angle": 0.8916999101638794, "pilot/throttle": 0.40533947944641113, "milliseconds": 987403}