{"cam/image_array": "2896_cam-image_array_.jpg", "user/angle": 0.030396435438093204, "user/throttle": 0.0, "user/mode": "local", "pilot/angle": 0.7331401109695435, "pilot/throttle": 0.48779937624931335, "milliseconds": 658688}