{"cam/image_array": "1565_cam-image_array_.jpg", "user/angle": 0.030396435438093204, "user/throttle": 0.0, "user/mode": "local", "pilot/angle": 0.015860076993703842, "pilot/throttle": 0.8267086744308472, "milliseconds": 360227}