{"cam/image_array": "2948_cam-image_array_.jpg", "user/angle": 0.030396435438093204, "user/throttle": 0.0, "user/mode": "local", "pilot/angle": 0.8019925355911255, "pilot/throttle": 0.36142995953559875, "milliseconds": 670349}