{"cam/image_array": "974_cam-image_array_.jpg", "user/angle": 0.030396435438093204, "user/throttle": 0.0, "user/mode": "local", "pilot/angle": 0.08158648014068604, "pilot/throttle": 0.5729896426200867, "milliseconds": 227718}