{"cam/image_array": "2119_cam-image_array_.jpg", "user/angle": 0.030396435438093204, "user/throttle": 0.0, "user/mode": "local", "pilot/angle": -0.015110410749912262, "pilot/throttle": 0.7670069932937622, "milliseconds": 484472}