{"cam/image_array": "1996_cam-image_array_.jpg", "user/angle": 0.030396435438093204, "user/throttle": 0.0, "user/mode": "local", "pilot/angle": -0.07091652601957321, "pilot/throttle": 0.646751880645752, "milliseconds": 456890}