{"cam/image_array": "453_cam-image_array_.jpg", "user/angle": 0.030396435438093204, "user/throttle": 0.0, "user/mode": "local", "pilot/angle": -0.050178252160549164, "pilot/throttle": 0.7259804606437683, "milliseconds": 110909}