{"cam/image_array": "1704_cam-image_array_.jpg", "user/angle": 0.030396435438093204, "user/throttle": 0.0, "user/mode": "local", "pilot/angle": 1.023102045059204, "pilot/throttle": 0.6380854845046997, "milliseconds": 391403}