{"cam/image_array": "1512_cam-image_array_.jpg", "user/angle": 0.030396435438093204, "user/throttle": 0.0, "user/mode": "local", "pilot/angle": 0.047531768679618835, "pilot/throttle": 0.23716449737548828, "milliseconds": 348346}