{"cam/image_array": "1381_cam-image_array_.jpg", "user/angle": 0.030396435438093204, "user/throttle": 0.0, "user/mode": "local", "pilot/angle": 0.49157625436782837, "pilot/throttle": 0.5892327427864075, "milliseconds": 318974}