{"cam/image_array": "276_cam-image_array_.jpg", "user/angle": 0.030396435438093204, "user/throttle": 0.0, "user/mode": "local", "pilot/angle": 0.8185274004936218, "pilot/throttle": 0.6151919960975647, "milliseconds": 71221}