{"cam/image_array": "2654_cam-image_array_.jpg", "user/angle": 0.030396435438093204, "user/throttle": 0.0, "user/mode": "local", "pilot/angle": 0.05634388327598572, "pilot/throttle": 0.43119436502456665, "milliseconds": 604432}