{"cam/image_array": "4328_cam-image_array_.jpg", "user/angle": 0.030396435438093204, "user/throttle": 0.0, "user/mode": "local", "pilot/angle": 0.9252736568450928, "pilot/throttle": 0.6494799256324768, "milliseconds": 979777}