{"cam/image_array": "3696_cam-image_array_.jpg", "user/angle": 0.030396435438093204, "user/throttle": 0.0, "user/mode": "local", "pilot/angle": 0.17314445972442627, "pilot/throttle": 0.8262920379638672, "milliseconds": 838072}