{"cam/image_array": "2631_cam-image_array_.jpg", "user/angle": 0.030396435438093204, "user/throttle": 0.0, "user/mode": "local", "pilot/angle": 0.226561039686203, "pilot/throttle": 0.463826447725296, "milliseconds": 599277}