{"cam/image_array": "4253_cam-image_array_.jpg", "user/angle": 0.030396435438093204, "user/throttle": 0.0, "user/mode": "local", "pilot/angle": 0.04561857134103775, "pilot/throttle": 0.688031792640686, "milliseconds": 962967}