{"cam/image_array": "3341_cam-image_array_.jpg", "user/angle": 0.030396435438093204, "user/throttle": 0.0, "user/mode": "local", "pilot/angle": -0.08832933753728867, "pilot/throttle": 0.8016423583030701, "milliseconds": 758474}