{"cam/image_array": "4593_cam-image_array_.jpg", "user/angle": 0.030396435438093204, "user/throttle": 0.0, "user/mode": "local", "pilot/angle": 0.8238126039505005, "pilot/throttle": 0.5118906497955322, "milliseconds": 1039195}