{"cam/image_array": "3394_cam-image_array_.jpg", "user/angle": 0.030396435438093204, "user/throttle": 0.0, "user/mode": "local", "pilot/angle": -0.1330631971359253, "pilot/throttle": 0.8263453841209412, "milliseconds": 770356}