{"cam/image_array": "1616_cam-image_array_.jpg", "user/angle": 0.030396435438093204, "user/throttle": 0.0, "user/mode": "local", "pilot/angle": 0.18164581060409546, "pilot/throttle": 0.6964045763015747, "milliseconds": 371665}