{"cam/image_array": "2380_cam-image_array_.jpg", "user/angle": 0.030396435438093204, "user/throttle": 0.0, "user/mode": "local", "pilot/angle": 0.7332705855369568, "pilot/throttle": 0.3344186842441559, "milliseconds": 542994}