{"cam/image_array": "1892_cam-image_array_.jpg", "user/angle": 0.030396435438093204, "user/throttle": 0.0, "user/mode": "local", "pilot/angle": 0.8644019961357117, "pilot/throttle": 0.8465270400047302, "milliseconds": 433571}