{"cam/image_array": "3086_cam-image_array_.jpg", "user/angle": 0.030396435438093204, "user/throttle": 0.0, "user/mode": "local", "pilot/angle": 0.38875043392181396, "pilot/throttle": 0.4903300702571869, "milliseconds": 701300}