{"cam/image_array": "4510_cam-image_array_.jpg", "user/angle": 0.030396435438093204, "user/throttle": 0.0, "user/mode": "local", "pilot/angle": 0.01847270131111145, "pilot/throttle": 0.8107161521911621, "milliseconds": 1020581}