{"cam/image_array": "2853_cam-image_array_.jpg", "user/angle": 0.030396435438093204, "user/throttle": 0.0, "user/mode": "local", "pilot/angle": 0.6591314673423767, "pilot/throttle": 0.2386329472064972, "milliseconds": 649046}