{"cam/image_array": "1739_cam-image_array_.jpg", "user/angle": 0.030396435438093204, "user/throttle": 0.0, "user/mode": "local", "pilot/angle": 0.851754903793335, "pilot/throttle": 0.42049533128738403, "milliseconds": 399249}