{"cam/image_array": "3601_cam-image_array_.jpg", "user/angle": 0.030396435438093204, "user/throttle": 0.0, "user/mode": "local", "pilot/angle": 0.11880126595497131, "pilot/throttle": 0.6385865807533264, "milliseconds": 816765}