{"cam/image_array": "3978_cam-image_array_.jpg", "user/angle": 0.030396435438093204, "user/throttle": 0.0, "user/mode": "local", "pilot/angle": 0.829181969165802, "pilot/throttle": 0.4620288014411926, "milliseconds": 901301}