{"cam/image_array": "3614_cam-image_array_.jpg", "user/angle": 0.030396435438093204, "user/throttle": 0.0, "user/mode": "local", "pilot/angle": 0.7945241928100586, "pilot/throttle": 0.41487157344818115, "milliseconds": 819679}