{"cam/image_array": "78_cam-image_array_.jpg", "user/angle": 0.030396435438093204, "user/throttle": 0.0, "user/mode": "local", "pilot/angle": 0.5106989145278931, "pilot/throttle": 0.6458434462547302, "milliseconds": 26824}