{"cam/image_array": "1719_cam-image_array_.jpg", "user/angle": 0.030396435438093204, "user/throttle": 0.0, "user/mode": "local", "pilot/angle": -0.027089275419712067, "pilot/throttle": 0.620293378829956, "milliseconds": 394764}