{"cam/image_array": "147_cam-image_array_.jpg", "user/angle": 0.030396435438093204, "user/throttle": 0.0, "user/mode": "local", "pilot/angle": -0.08775746077299118, "pilot/throttle": 0.6877288818359375, "milliseconds": 42288}