{"cam/image_array": "550_cam-image_array_.jpg", "user/angle": 0.030396435438093204, "user/throttle": 0.0, "user/mode": "local", "pilot/angle": -0.45294779539108276, "pilot/throttle": 0.6329121589660645, "milliseconds": 132656}