{"cam/image_array": "1453_cam-image_array_.jpg", "user/angle": 0.030396435438093204, "user/throttle": 0.0, "user/mode": "local", "pilot/angle": 0.8360397815704346, "pilot/throttle": 0.18624944984912872, "milliseconds": 335116}