{"cam/image_array": "728_cam-image_array_.jpg", "user/angle": 0.030396435438093204, "user/throttle": 0.0, "user/mode": "local", "pilot/angle": 0.42195719480514526, "pilot/throttle": 0.6468254923820496, "milliseconds": 172554}