{"cam/image_array": "1626_cam-image_array_.jpg", "user/angle": 0.030396435438093204, "user/throttle": 0.0, "user/mode": "local", "pilot/angle": -0.07908514887094498, "pilot/throttle": 0.6436864733695984, "milliseconds": 373905}