{"cam/image_array": "1351_cam-image_array_.jpg", "user/angle": 0.030396435438093204, "user/throttle": 0.0, "user/mode": "local", "pilot/angle": 0.2716372013092041, "pilot/throttle": 0.5220694541931152, "milliseconds": 312248}