{"cam/image_array": "3003_cam-image_array_.jpg", "user/angle": 0.030396435438093204, "user/throttle": 0.0, "user/mode": "local", "pilot/angle": 0.014961257576942444, "pilot/throttle": 0.6842806935310364, "milliseconds": 682687}