{"cam/image_array": "1603_cam-image_array_.jpg", "user/angle": 0.030396435438093204, "user/throttle": 0.0, "user/mode": "local", "pilot/angle": -0.031998880207538605, "pilot/throttle": 0.7778387069702148, "milliseconds": 368750}