{"cam/image_array": "857_cam-image_array_.jpg", "user/angle": 0.030396435438093204, "user/throttle": 0.0, "user/mode": "local", "pilot/angle": 0.08084505796432495, "pilot/throttle": 0.5678901076316833, "milliseconds": 201481}