{"cam/image_array": "3037_cam-image_array_.jpg", "user/angle": 0.030396435438093204, "user/throttle": 0.0, "user/mode": "local", "pilot/angle": 0.17707182466983795, "pilot/throttle": 0.7868513464927673, "milliseconds": 690311}