{"cam/image_array": "936_cam-image_array_.jpg", "user/angle": 0.030396435438093204, "user/throttle": 0.0, "user/mode": "local", "pilot/angle": 0.866588830947876, "pilot/throttle": 0.5688531994819641, "milliseconds": 219195}