{"cam/image_array": "2661_cam-image_array_.jpg", "user/angle": 0.030396435438093204, "user/throttle": 0.0, "user/mode": "local", "pilot/angle": 0.06452398002147675, "pilot/throttle": 0.8442685604095459, "milliseconds": 606000}