{"cam/image_array": "3125_cam-image_array_.jpg", "user/angle": 0.030396435438093204, "user/throttle": 0.0, "user/mode": "local", "pilot/angle": -0.002150818705558777, "pilot/throttle": 0.6974746584892273, "milliseconds": 710042}