{"cam/image_array": "3387_cam-image_array_.jpg", "user/angle": 0.030396435438093204, "user/throttle": 0.0, "user/mode": "local", "pilot/angle": 0.9551049470901489, "pilot/throttle": 0.689801812171936, "milliseconds": 768787}