{"cam/image_array": "1313_cam-image_array_.jpg", "user/angle": 0.030396435438093204, "user/throttle": 0.0, "user/mode": "local", "pilot/angle": 0.16192135214805603, "pilot/throttle": 0.6824489831924438, "milliseconds": 303732}