{"cam/image_array": "1548_cam-image_array_.jpg", "user/angle": 0.030396435438093204, "user/throttle": 0.0, "user/mode": "local", "pilot/angle": 1.0021806955337524, "pilot/throttle": 0.38889503479003906, "milliseconds": 356416}