{"cam/image_array": "2319_cam-image_array_.jpg", "user/angle": 0.030396435438093204, "user/throttle": 0.0, "user/mode": "local", "pilot/angle": -0.631943941116333, "pilot/throttle": 0.7209404110908508, "milliseconds": 529319}