{"cam/image_array": "3420_cam-image_array_.jpg", "user/angle": 0.030396435438093204, "user/throttle": 0.0, "user/mode": "local", "pilot/angle": 0.9141887426376343, "pilot/throttle": 0.4722300171852112, "milliseconds": 776185}