{"cam/image_array": "405_cam-image_array_.jpg", "user/angle": 0.030396435438093204, "user/throttle": 0.0, "user/mode": "local", "pilot/angle": 0.051054712384939194, "pilot/throttle": 0.7110461592674255, "milliseconds": 100149}