{"cam/image_array": "2236_cam-image_array_.jpg", "user/angle": 0.030396435438093204, "user/throttle": 0.0, "user/mode": "local", "pilot/angle": 0.8744704127311707, "pilot/throttle": 0.7496643662452698, "milliseconds": 510708}