{"cam/image_array": "2303_cam-image_array_.jpg", "user/angle": 0.030396435438093204, "user/throttle": 0.0, "user/mode": "local", "pilot/angle": -0.12675365805625916, "pilot/throttle": 0.819031298160553, "milliseconds": 525730}