{"cam/image_array": "3398_cam-image_array_.jpg", "user/angle": 0.030396435438093204, "user/throttle": 0.0, "user/mode": "local", "pilot/angle": -0.08124915510416031, "pilot/throttle": 0.5016498565673828, "milliseconds": 771253}