{"cam/image_array": "3697_cam-image_array_.jpg", "user/angle": 0.030396435438093204, "user/throttle": 0.0, "user/mode": "local", "pilot/angle": 0.47202521562576294, "pilot/throttle": 0.6673622131347656, "milliseconds": 838296}