{"cam/image_array": "4095_cam-image_array_.jpg", "user/angle": 0.030396435438093204, "user/throttle": 0.0, "user/mode": "local", "pilot/angle": -0.12580430507659912, "pilot/throttle": 0.8097880482673645, "milliseconds": 927531}