{"cam/image_array": "2001_cam-image_array_.jpg", "user/angle": 0.030396435438093204, "user/throttle": 0.0, "user/mode": "local", "pilot/angle": 0.026670079678297043, "pilot/throttle": 0.7690519690513611, "milliseconds": 458010}