{"cam/image_array": "1226_cam-image_array_.jpg", "user/angle": 0.030396435438093204, "user/throttle": 0.0, "user/mode": "local", "pilot/angle": -0.036798059940338135, "pilot/throttle": 0.7391278743743896, "milliseconds": 284218}