{"cam/image_array": "3248_cam-image_array_.jpg", "user/angle": 0.030396435438093204, "user/throttle": 0.0, "user/mode": "local", "pilot/angle": -0.012983664870262146, "pilot/throttle": 0.6987489461898804, "milliseconds": 737621}