{"cam/image_array": "1740_cam-image_array_.jpg", "user/angle": 0.030396435438093204, "user/throttle": 0.0, "user/mode": "local", "pilot/angle": 0.8371918201446533, "pilot/throttle": 0.4438527822494507, "milliseconds": 399474}