{"cam/image_array": "1642_cam-image_array_.jpg", "user/angle": 0.030396435438093204, "user/throttle": 0.0, "user/mode": "local", "pilot/angle": 0.8070443272590637, "pilot/throttle": 0.35562726855278015, "milliseconds": 377496}