{"cam/image_array": "773_cam-image_array_.jpg", "user/angle": 0.030396435438093204, "user/throttle": 0.0, "user/mode": "local", "pilot/angle": 0.0026703253388404846, "pilot/throttle": 0.7312722206115723, "milliseconds": 182649}