{"cam/image_array": "3091_cam-image_array_.jpg", "user/angle": 0.030396435438093204, "user/throttle": 0.0, "user/mode": "local", "pilot/angle": 0.6910517811775208, "pilot/throttle": 0.5991802215576172, "milliseconds": 702421}