{"cam/image_array": "835_cam-image_array_.jpg", "user/angle": 0.030396435438093204, "user/throttle": 0.0, "user/mode": "local", "pilot/angle": -0.4501803517341614, "pilot/throttle": 0.7169076204299927, "milliseconds": 196550}