{"cam/image_array": "4178_cam-image_array_.jpg", "user/angle": 0.030396435438093204, "user/throttle": 0.0, "user/mode": "local", "pilot/angle": 0.7694832682609558, "pilot/throttle": 0.40330591797828674, "milliseconds": 946147}