{"cam/image_array": "3628_cam-image_array_.jpg", "user/angle": 0.030396435438093204, "user/throttle": 0.0, "user/mode": "local", "pilot/angle": 0.6029960513114929, "pilot/throttle": 0.6632549166679382, "milliseconds": 822822}