{"cam/image_array": "1614_cam-image_array_.jpg", "user/angle": 0.030396435438093204, "user/throttle": 0.0, "user/mode": "local", "pilot/angle": 0.9248257279396057, "pilot/throttle": 0.6501366496086121, "milliseconds": 371216}