{"cam/image_array": "3290_cam-image_array_.jpg", "user/angle": 0.030396435438093204, "user/throttle": 0.0, "user/mode": "local", "pilot/angle": 0.1586819887161255, "pilot/throttle": 0.2729859948158264, "milliseconds": 747040}