{"cam/image_array": "3840_cam-image_array_.jpg", "user/angle": 0.030396435438093204, "user/throttle": 0.0, "user/mode": "local", "pilot/angle": 0.5689799189567566, "pilot/throttle": 0.46908727288246155, "milliseconds": 870361}