{"cam/image_array": "1483_cam-image_array_.jpg", "user/angle": 0.030396435438093204, "user/throttle": 0.0, "user/mode": "local", "pilot/angle": -0.6501724720001221, "pilot/throttle": 0.6784425973892212, "milliseconds": 341843}