{"cam/image_array": "384_cam-image_array_.jpg", "user/angle": 0.030396435438093204, "user/throttle": 0.0, "user/mode": "local", "pilot/angle": 0.7091639041900635, "pilot/throttle": 0.5822767019271851, "milliseconds": 95434}