{"cam/image_array": "2763_cam-image_array_.jpg", "user/angle": 0.030396435438093204, "user/throttle": 0.0, "user/mode": "local", "pilot/angle": 0.7568849921226501, "pilot/throttle": 0.4448324143886566, "milliseconds": 628866}