{"cam/image_array": "954_cam-image_array_.jpg", "user/angle": 0.030396435438093204, "user/throttle": 0.0, "user/mode": "local", "pilot/angle": 0.5199690461158752, "pilot/throttle": 0.6196823120117188, "milliseconds": 223229}