{"cam/image_array": "2094_cam-image_array_.jpg", "user/angle": 0.030396435438093204, "user/throttle": 0.0, "user/mode": "local", "pilot/angle": 0.004913702607154846, "pilot/throttle": 0.6505419015884399, "milliseconds": 478868}