{"cam/image_array": "1335_cam-image_array_.jpg", "user/angle": 0.030396435438093204, "user/throttle": 0.0, "user/mode": "local", "pilot/angle": -0.09356526285409927, "pilot/throttle": 0.7425876259803772, "milliseconds": 308663}