{"cam/image_array": "892_cam-image_array_.jpg", "user/angle": 0.030396435438093204, "user/throttle": 0.0, "user/mode": "local", "pilot/angle": 0.8065055012702942, "pilot/throttle": 0.3920975625514984, "milliseconds": 209328}