{"cam/image_array": "2799_cam-image_array_.jpg", "user/angle": 0.030396435438093204, "user/throttle": 0.0, "user/mode": "local", "pilot/angle": 0.8365461230278015, "pilot/throttle": 0.6606948971748352, "milliseconds": 636938}