{"cam/image_array": "1169_cam-image_array_.jpg", "user/angle": 0.030396435438093204, "user/throttle": 0.0, "user/mode": "local", "pilot/angle": 0.547191321849823, "pilot/throttle": 0.535210907459259, "milliseconds": 271439}