{"cam/image_array": "4210_cam-image_array_.jpg", "user/angle": 0.030396435438093204, "user/throttle": 0.0, "user/mode": "local", "pilot/angle": 0.4768122434616089, "pilot/throttle": 0.7242753505706787, "milliseconds": 953327}