{"cam/image_array": "4288_cam-image_array_.jpg", "user/angle": 0.030396435438093204, "user/throttle": 0.0, "user/mode": "local", "pilot/angle": 0.5144781470298767, "pilot/throttle": 0.7057965397834778, "milliseconds": 970812}