{"cam/image_array": "3852_cam-image_array_.jpg", "user/angle": 0.030396435438093204, "user/throttle": 0.0, "user/mode": "local", "pilot/angle": 0.22169256210327148, "pilot/throttle": 0.7962255477905273, "milliseconds": 873051}