{"cam/image_array": "3321_cam-image_array_.jpg", "user/angle": 0.030396435438093204, "user/throttle": 0.0, "user/mode": "local", "pilot/angle": 0.38047346472740173, "pilot/throttle": 0.7706738114356995, "milliseconds": 753988}