{"cam/image_array": "654_cam-image_array_.jpg", "user/angle": 0.030396435438093204, "user/throttle": 0.0, "user/mode": "local", "pilot/angle": 0.7791807651519775, "pilot/throttle": 0.3777257204055786, "milliseconds": 155965}