{"cam/image_array": "3096_cam-image_array_.jpg", "user/angle": 0.030396435438093204, "user/throttle": 0.0, "user/mode": "local", "pilot/angle": -0.03742111474275589, "pilot/throttle": 0.6150124073028564, "milliseconds": 703543}