{"cam/image_array": "3826_cam-image_array_.jpg", "user/angle": 0.030396435438093204, "user/throttle": 0.0, "user/mode": "local", "pilot/angle": -0.7972497940063477, "pilot/throttle": 0.5698440074920654, "milliseconds": 867217}