{"cam/image_array": "2477_cam-image_array_.jpg", "user/angle": 0.030396435438093204, "user/throttle": 0.0, "user/mode": "local", "pilot/angle": 0.9571135640144348, "pilot/throttle": 0.39504945278167725, "milliseconds": 564745}