{"cam/image_array": "1985_cam-image_array_.jpg", "user/angle": 0.030396435438093204, "user/throttle": 0.0, "user/mode": "local", "pilot/angle": 0.8950835466384888, "pilot/throttle": 0.7629702687263489, "milliseconds": 454424}