{"cam/image_array": "141_cam-image_array_.jpg", "user/angle": 0.030396435438093204, "user/throttle": 0.0, "user/mode": "local", "pilot/angle": 0.8239148259162903, "pilot/throttle": 0.5091478824615479, "milliseconds": 40944}