{"cam/image_array": "2829_cam-image_array_.jpg", "user/angle": 0.030396435438093204, "user/throttle": 0.0, "user/mode": "local", "pilot/angle": 0.0020131245255470276, "pilot/throttle": 0.7077102661132812, "milliseconds": 643665}