{"cam/image_array": "1905_cam-image_array_.jpg", "user/angle": 0.030396435438093204, "user/throttle": 0.0, "user/mode": "local", "pilot/angle": -0.10266495496034622, "pilot/throttle": 0.722590446472168, "milliseconds": 436484}