{"cam/image_array": "2684_cam-image_array_.jpg", "user/angle": 0.030396435438093204, "user/throttle": 0.0, "user/mode": "local", "pilot/angle": 0.22563758492469788, "pilot/throttle": 0.6576114892959595, "milliseconds": 611155}