{"cam/image_array": "2742_cam-image_array_.jpg", "user/angle": 0.030396435438093204, "user/throttle": 0.0, "user/mode": "local", "pilot/angle": -0.06208159774541855, "pilot/throttle": 0.7096088528633118, "milliseconds": 624160}