{"cam/image_array": "2253_cam-image_array_.jpg", "user/angle": 0.030396435438093204, "user/throttle": 0.0, "user/mode": "local", "pilot/angle": 0.18686231970787048, "pilot/throttle": 0.7735676765441895, "milliseconds": 514519}