{"cam/image_array": "2283_cam-image_array_.jpg", "user/angle": 0.030396435438093204, "user/throttle": 0.0, "user/mode": "local", "pilot/angle": 0.20817798376083374, "pilot/throttle": 0.37857329845428467, "milliseconds": 521246}