{"cam/image_array": "3597_cam-image_array_.jpg", "user/angle": 0.030396435438093204, "user/throttle": 0.0, "user/mode": "local", "pilot/angle": 0.04993036389350891, "pilot/throttle": 0.6605449914932251, "milliseconds": 815868}