{"cam/image_array": "1715_cam-image_array_.jpg", "user/angle": 0.030396435438093204, "user/throttle": 0.0, "user/mode": "local", "pilot/angle": -0.08319031447172165, "pilot/throttle": 0.6941061615943909, "milliseconds": 393868}