{"cam/image_array": "217_cam-image_array_.jpg", "user/angle": 0.030396435438093204, "user/throttle": 0.0, "user/mode": "local", "pilot/angle": 0.0016806423664093018, "pilot/throttle": 0.6242933869361877, "milliseconds": 57989}