{"cam/image_array": "2667_cam-image_array_.jpg", "user/angle": 0.030396435438093204, "user/throttle": 0.0, "user/mode": "local", "pilot/angle": 0.7801705598831177, "pilot/throttle": 0.36141708493232727, "milliseconds": 607345}