{"cam/image_array": "197_cam-image_array_.jpg", "user/angle": 0.030396435438093204, "user/throttle": 0.0, "user/mode": "local", "pilot/angle": 1.0135226249694824, "pilot/throttle": 0.715283215045929, "milliseconds": 53505}