{"cam/image_array": "4440_cam-image_array_.jpg", "user/angle": 0.030396435438093204, "user/throttle": 0.0, "user/mode": "local", "pilot/angle": 0.026477746665477753, "pilot/throttle": 0.678884744644165, "milliseconds": 1004889}