{"cam/image_array": "4406_cam-image_array_.jpg", "user/angle": 0.030396435438093204, "user/throttle": 0.0, "user/mode": "local", "pilot/angle": 0.9598424434661865, "pilot/throttle": 0.6207174062728882, "milliseconds": 997268}