{"cam/image_array": "1292_cam-image_array_.jpg", "user/angle": 0.030396435438093204, "user/throttle": 0.0, "user/mode": "local", "pilot/angle": -0.5514594912528992, "pilot/throttle": 0.7225311994552612, "milliseconds": 299020}