{"cam/image_array": "2170_cam-image_array_.jpg", "user/angle": 0.030396435438093204, "user/throttle": 0.0, "user/mode": "local", "pilot/angle": 0.8781145215034485, "pilot/throttle": 0.7265632152557373, "milliseconds": 495909}