{"cam/image_array": "2359_cam-image_array_.jpg", "user/angle": 0.030396435438093204, "user/throttle": 0.0, "user/mode": "local", "pilot/angle": -0.15433940291404724, "pilot/throttle": 0.7965423464775085, "milliseconds": 538287}