{"cam/image_array": "4067_cam-image_array_.jpg", "user/angle": 0.030396435438093204, "user/throttle": 0.0, "user/mode": "local", "pilot/angle": 0.047706037759780884, "pilot/throttle": 0.7434461116790771, "milliseconds": 921256}