{"cam/image_array": "3875_cam-image_array_.jpg", "user/angle": 0.030396435438093204, "user/throttle": 0.0, "user/mode": "local", "pilot/angle": 0.04886379837989807, "pilot/throttle": 0.5786494612693787, "milliseconds": 878206}