{"cam/image_array": "180_cam-image_array_.jpg", "user/angle": 0.030396435438093204, "user/throttle": 0.0, "user/mode": "local", "pilot/angle": 0.5930498838424683, "pilot/throttle": 0.45694494247436523, "milliseconds": 49688}