{"cam/image_array": "213_cam-image_array_.jpg", "user/angle": 0.030396435438093204, "user/throttle": 0.0, "user/mode": "local", "pilot/angle": -0.033971674740314484, "pilot/throttle": 0.603019654750824, "milliseconds": 57092}