{"cam/image_array": "4131_cam-image_array_.jpg", "user/angle": 0.030396435438093204, "user/throttle": 0.0, "user/mode": "local", "pilot/angle": -0.019347496330738068, "pilot/throttle": 0.7963320016860962, "milliseconds": 935603}