{"cam/image_array": "1759_cam-image_array_.jpg", "user/angle": 0.030396435438093204, "user/throttle": 0.0, "user/mode": "local", "pilot/angle": 0.05441796034574509, "pilot/throttle": 0.7168797254562378, "milliseconds": 403736}