{"cam/image_array": "535_cam-image_array_.jpg", "user/angle": 0.030396435438093204, "user/throttle": 0.0, "user/mode": "local", "pilot/angle": 0.18579739332199097, "pilot/throttle": 0.7093377709388733, "milliseconds": 129293}