{"cam/image_array": "2861_cam-image_array_.jpg", "user/angle": 0.030396435438093204, "user/throttle": 0.0, "user/mode": "local", "pilot/angle": 0.8783822059631348, "pilot/throttle": 0.33785706758499146, "milliseconds": 650840}