{"cam/image_array": "2532_cam-image_array_.jpg", "user/angle": 0.030396435438093204, "user/throttle": 0.0, "user/mode": "local", "pilot/angle": 0.01913570985198021, "pilot/throttle": 0.5987247824668884, "milliseconds": 577077}