{"cam/image_array": "46_cam-image_array_.jpg", "user/angle": 0.030396435438093204, "user/throttle": 0.0, "user/mode": "local", "pilot/angle": 0.020368419587612152, "pilot/throttle": 0.5732359886169434, "milliseconds": 19616}