{"cam/image_array": "2665_cam-image_array_.jpg", "user/angle": 0.030396435438093204, "user/throttle": 0.0, "user/mode": "local", "pilot/angle": 0.8178932666778564, "pilot/throttle": 0.3715106248855591, "milliseconds": 606896}