{"cam/image_array": "4542_cam-image_array_.jpg", "user/angle": 0.030396435438093204, "user/throttle": 0.0, "user/mode": "local", "pilot/angle": 0.13010096549987793, "pilot/throttle": 0.3082611858844757, "milliseconds": 1027756}