{"cam/image_array": "2598_cam-image_array_.jpg", "user/angle": 0.030396435438093204, "user/throttle": 0.0, "user/mode": "local", "pilot/angle": -0.3840913474559784, "pilot/throttle": 0.6541773676872253, "milliseconds": 591878}