{"cam/image_array": "555_cam-image_array_.jpg", "user/angle": 0.030396435438093204, "user/throttle": 0.0, "user/mode": "local", "pilot/angle": 0.5733035206794739, "pilot/throttle": 0.5732669830322266, "milliseconds": 133778}