{"cam/image_array": "3131_cam-image_array_.jpg", "user/angle": 0.030396435438093204, "user/throttle": 0.0, "user/mode": "local", "pilot/angle": 0.1687781810760498, "pilot/throttle": 0.6805411577224731, "milliseconds": 711386}