{"cam/image_array": "4476_cam-image_array_.jpg", "user/angle": 0.030396435438093204, "user/throttle": 0.0, "user/mode": "local", "pilot/angle": 0.3766013979911804, "pilot/throttle": 0.6204370856285095, "milliseconds": 1012958}