{"cam/image_array": "3066_cam-image_array_.jpg", "user/angle": 0.030396435438093204, "user/throttle": 0.0, "user/mode": "local", "pilot/angle": 0.44000402092933655, "pilot/throttle": 0.698392927646637, "milliseconds": 696814}