{"cam/image_array": "3576_cam-image_array_.jpg", "user/angle": 0.030396435438093204, "user/throttle": 0.0, "user/mode": "local", "pilot/angle": 0.9836528897285461, "pilot/throttle": 0.7465431094169617, "milliseconds": 811162}