{"cam/image_array": "795_cam-image_array_.jpg", "user/angle": 0.030396435438093204, "user/throttle": 0.0, "user/mode": "local", "pilot/angle": 0.24103397130966187, "pilot/throttle": 0.6102269291877747, "milliseconds": 187580}