{"cam/image_array": "1196_cam-image_array_.jpg", "user/angle": 0.030396435438093204, "user/throttle": 0.0, "user/mode": "local", "pilot/angle": 0.08846305310726166, "pilot/throttle": 0.7773192524909973, "milliseconds": 277492}