{"cam/image_array": "348_cam-image_array_.jpg", "user/angle": 0.030396435438093204, "user/throttle": 0.0, "user/mode": "local", "pilot/angle": 0.3409329354763031, "pilot/throttle": 0.7283115983009338, "milliseconds": 87364}