{"cam/image_array": "4092_cam-image_array_.jpg", "user/angle": 0.030396435438093204, "user/throttle": 0.0, "user/mode": "local", "pilot/angle": -0.059305839240550995, "pilot/throttle": 0.7789936065673828, "milliseconds": 926859}