{"cam/image_array": "3936_cam-image_array_.jpg", "user/angle": 0.030396435438093204, "user/throttle": 0.0, "user/mode": "local", "pilot/angle": 0.8663213849067688, "pilot/throttle": 0.5780329704284668, "milliseconds": 891886}