{"cam/image_array": "726_cam-image_array_.jpg", "user/angle": 0.030396435438093204, "user/throttle": 0.0, "user/mode": "local", "pilot/angle": 0.7896632552146912, "pilot/throttle": 0.5674673318862915, "milliseconds": 172106}