{"cam/image_array": "3642_cam-image_array_.jpg", "user/angle": 0.030396435438093204, "user/throttle": 0.0, "user/mode": "local", "pilot/angle": -0.44904786348342896, "pilot/throttle": 0.6775864362716675, "milliseconds": 825964}