{"cam/image_array": "3791_cam-image_array_.jpg", "user/angle": 0.030396435438093204, "user/throttle": 0.0, "user/mode": "local", "pilot/angle": 0.39361926913261414, "pilot/throttle": 0.7969867587089539, "milliseconds": 859370}