{"cam/image_array": "2302_cam-image_array_.jpg", "user/angle": 0.030396435438093204, "user/throttle": 0.0, "user/mode": "local", "pilot/angle": -0.04783007502555847, "pilot/throttle": 0.5340103507041931, "milliseconds": 525506}