{"cam/image_array": "711_cam-image_array_.jpg", "user/angle": 0.030396435438093204, "user/throttle": 0.0, "user/mode": "local", "pilot/angle": 0.779592752456665, "pilot/throttle": 0.3820256292819977, "milliseconds": 168743}