{"cam/image_array": "3517_cam-image_array_.jpg", "user/angle": 0.030396435438093204, "user/throttle": 0.0, "user/mode": "local", "pilot/angle": 0.8986354470252991, "pilot/throttle": 0.4637100100517273, "milliseconds": 797934}