{"cam/image_array": "3931_cam-image_array_.jpg", "user/angle": 0.030396435438093204, "user/throttle": 0.0, "user/mode": "local", "pilot/angle": 0.9207295179367065, "pilot/throttle": 0.47478875517845154, "milliseconds": 890765}