{"cam/image_array": "2505_cam-image_array_.jpg", "user/angle": 0.030396435438093204, "user/throttle": 0.0, "user/mode": "local", "pilot/angle": -0.4472777843475342, "pilot/throttle": 0.6378214359283447, "milliseconds": 571022}