{"cam/image_array": "732_cam-image_array_.jpg", "user/angle": 0.030396435438093204, "user/throttle": 0.0, "user/mode": "local", "pilot/angle": -0.3945293128490448, "pilot/throttle": 0.5971763730049133, "milliseconds": 173452}