{"cam/image_array": "2246_cam-image_array_.jpg", "user/angle": 0.030396435438093204, "user/throttle": 0.0, "user/mode": "local", "pilot/angle": 0.3624982535839081, "pilot/throttle": 0.7171232104301453, "milliseconds": 512950}