{"cam/image_array": "1001_cam-image_array_.jpg", "user/angle": 0.030396435438093204, "user/throttle": 0.0, "user/mode": "local", "pilot/angle": -0.04322386533021927, "pilot/throttle": 0.6985394358634949, "milliseconds": 233773}