{"cam/image_array": "893_cam-image_array_.jpg", "user/angle": 0.030396435438093204, "user/throttle": 0.0, "user/mode": "local", "pilot/angle": 0.8606855869293213, "pilot/throttle": 0.45757052302360535, "milliseconds": 209552}