{"cam/image_array": "3857_cam-image_array_.jpg", "user/angle": 0.030396435438093204, "user/throttle": 0.0, "user/mode": "local", "pilot/angle": 0.9429244995117188, "pilot/throttle": 0.7787333130836487, "milliseconds": 874172}