{"cam/image_array": "913_cam-image_array_.jpg", "user/angle": 0.030396435438093204, "user/throttle": 0.0, "user/mode": "local", "pilot/angle": 0.4720802307128906, "pilot/throttle": 0.6331353187561035, "milliseconds": 214036}