{"cam/image_array": "1444_cam-image_array_.jpg", "user/angle": 0.030396435438093204, "user/throttle": 0.0, "user/mode": "local", "pilot/angle": 0.1080026850104332, "pilot/throttle": 0.8225491642951965, "milliseconds": 333099}