{"cam/image_array": "2019_cam-image_array_.jpg", "user/angle": 0.030396435438093204, "user/throttle": 0.0, "user/mode": "local", "pilot/angle": 0.9308730959892273, "pilot/throttle": 0.41660410165786743, "milliseconds": 462045}