{"cam/image_array": "1952_cam-image_array_.jpg", "user/angle": 0.030396435438093204, "user/throttle": 0.0, "user/mode": "local", "pilot/angle": -0.7954936027526855, "pilot/throttle": 0.6822888255119324, "milliseconds": 447026}