{"cam/image_array": "1649_cam-image_array_.jpg", "user/angle": 0.030396435438093204, "user/throttle": 0.0, "user/mode": "local", "pilot/angle": 0.7123891711235046, "pilot/throttle": 0.5501049160957336, "milliseconds": 379065}