{"cam/image_array": "1620_cam-image_array_.jpg", "user/angle": 0.030396435438093204, "user/throttle": 0.0, "user/mode": "local", "pilot/angle": -0.11637753993272781, "pilot/throttle": 0.7697001099586487, "milliseconds": 372561}