{"cam/image_array": "2463_cam-image_array_.jpg", "user/angle": 0.030396435438093204, "user/throttle": 0.0, "user/mode": "local", "pilot/angle": 0.03304515406489372, "pilot/throttle": 0.6472266316413879, "milliseconds": 561606}