{"cam/image_array": "1187_cam-image_array_.jpg", "user/angle": 0.030396435438093204, "user/throttle": 0.0, "user/mode": "local", "pilot/angle": -0.2506880760192871, "pilot/throttle": 0.4445495307445526, "milliseconds": 275475}