{"cam/image_array": "7_cam-image_array_.jpg", "user/angle": 0.030396435438093204, "user/throttle": 0.0, "user/mode": "local", "pilot/angle": -0.0634021982550621, "pilot/throttle": 0.4828419089317322, "milliseconds": 10868}