{"cam/image_array": "848_cam-image_array_.jpg", "user/angle": 0.030396435438093204, "user/throttle": 0.0, "user/mode": "local", "pilot/angle": 0.6091786623001099, "pilot/throttle": 0.6028624176979065, "milliseconds": 199464}