{"cam/image_array": "2614_cam-image_array_.jpg", "user/angle": 0.030396435438093204, "user/throttle": 0.0, "user/mode": "local", "pilot/angle": 0.7883790731430054, "pilot/throttle": 0.42568084597587585, "milliseconds": 595467}