{"cam/image_array": "3713_cam-image_array_.jpg", "user/angle": 0.030396435438093204, "user/throttle": 0.0, "user/mode": "local", "pilot/angle": 0.032351814210414886, "pilot/throttle": 0.7589102983474731, "milliseconds": 841881}