{"cam/image_array": "3381_cam-image_array_.jpg", "user/angle": 0.030396435438093204, "user/throttle": 0.0, "user/mode": "local", "pilot/angle": 0.08686980605125427, "pilot/throttle": 0.5698948502540588, "milliseconds": 767442}