{"cam/image_array": "1724_cam-image_array_.jpg", "user/angle": 0.030396435438093204, "user/throttle": 0.0, "user/mode": "local", "pilot/angle": 0.00609927624464035, "pilot/throttle": 0.6643010377883911, "milliseconds": 395885}