{"cam/image_array": "322_cam-image_array_.jpg", "user/angle": 0.030396435438093204, "user/throttle": 0.0, "user/mode": "local", "pilot/angle": 0.7639341354370117, "pilot/throttle": 0.4717435836791992, "milliseconds": 81533}