{"cam/image_array": "1501_cam-image_array_.jpg", "user/angle": 0.030396435438093204, "user/throttle": 0.0, "user/mode": "local", "pilot/angle": 0.6251215934753418, "pilot/throttle": 0.7777977585792542, "milliseconds": 345879}