{"cam/image_array": "3284_cam-image_array_.jpg", "user/angle": 0.030396435438093204, "user/throttle": 0.0, "user/mode": "local", "pilot/angle": -0.04516374319791794, "pilot/throttle": 0.6442402005195618, "milliseconds": 745695}