{"cam/image_array": "4127_cam-image_array_.jpg", "user/angle": 0.030396435438093204, "user/throttle": 0.0, "user/mode": "local", "pilot/angle": 0.7709411978721619, "pilot/throttle": 0.776961088180542, "milliseconds": 934707}