{"cam/image_array": "2389_cam-image_array_.jpg", "user/angle": 0.030396435438093204, "user/throttle": 0.0, "user/mode": "local", "pilot/angle": 0.43165528774261475, "pilot/throttle": 0.5350827574729919, "milliseconds": 545011}