{"cam/image_array": "2659_cam-image_array_.jpg", "user/angle": 0.030396435438093204, "user/throttle": 0.0, "user/mode": "local", "pilot/angle": 0.11300308257341385, "pilot/throttle": 0.782023549079895, "milliseconds": 605552}