{"cam/image_array": "464_cam-image_array_.jpg", "user/angle": 0.030396435438093204, "user/throttle": 0.0, "user/mode": "local", "pilot/angle": 0.9923710227012634, "pilot/throttle": 0.6163594126701355, "milliseconds": 113376}