{"cam/image_array": "3359_cam-image_array_.jpg", "user/angle": 0.030396435438093204, "user/throttle": 0.0, "user/mode": "local", "pilot/angle": -0.08383571356534958, "pilot/throttle": 0.6770590543746948, "milliseconds": 762510}