{"cam/image_array": "3132_cam-image_array_.jpg", "user/angle": 0.030396435438093204, "user/throttle": 0.0, "user/mode": "local", "pilot/angle": 0.3418671786785126, "pilot/throttle": 0.5852133631706238, "milliseconds": 711610}