{"cam/image_array": "2744_cam-image_array_.jpg", "user/angle": 0.030396435438093204, "user/throttle": 0.0, "user/mode": "local", "pilot/angle": -0.05319025367498398, "pilot/throttle": 0.6489590406417847, "milliseconds": 624608}