{"cam/image_array": "3489_cam-image_array_.jpg", "user/angle": 0.030396435438093204, "user/throttle": 0.0, "user/mode": "local", "pilot/angle": -0.029578551650047302, "pilot/throttle": 0.7470728754997253, "milliseconds": 791658}