{"cam/image_array": "1158_cam-image_array_.jpg", "user/angle": 0.030396435438093204, "user/throttle": 0.0, "user/mode": "local", "pilot/angle": -0.007269822061061859, "pilot/throttle": 0.7468215227127075, "milliseconds": 268975}