{"cam/image_array": "1572_cam-image_array_.jpg", "user/angle": 0.030396435438093204, "user/throttle": 0.0, "user/mode": "local", "pilot/angle": 0.17076122760772705, "pilot/throttle": 0.7321273684501648, "milliseconds": 361795}