{"cam/image_array": "3937_cam-image_array_.jpg", "user/angle": 0.030396435438093204, "user/throttle": 0.0, "user/mode": "local", "pilot/angle": 0.2418559193611145, "pilot/throttle": 0.771142303943634, "milliseconds": 892110}