{"cam/image_array": "234_cam-image_array_.jpg", "user/angle": 0.030396435438093204, "user/throttle": 0.0, "user/mode": "local", "pilot/angle": 0.8766111731529236, "pilot/throttle": 0.34817227721214294, "milliseconds": 61806}