{"cam/image_array": "3469_cam-image_array_.jpg", "user/angle": 0.030396435438093204, "user/throttle": 0.0, "user/mode": "local", "pilot/angle": 0.3609465956687927, "pilot/throttle": 0.7187528014183044, "milliseconds": 787175}