{"cam/image_array": "4339_cam-image_array_.jpg", "user/angle": 0.030396435438093204, "user/throttle": 0.0, "user/mode": "local", "pilot/angle": -0.09790769964456558, "pilot/throttle": 0.6359619498252869, "milliseconds": 982243}