{"cam/image_array": "3194_cam-image_array_.jpg", "user/angle": 0.030396435438093204, "user/throttle": 0.0, "user/mode": "local", "pilot/angle": 0.03161327540874481, "pilot/throttle": 0.6480544805526733, "milliseconds": 725513}