{"cam/image_array": "2242_cam-image_array_.jpg", "user/angle": 0.030396435438093204, "user/throttle": 0.0, "user/mode": "local", "pilot/angle": 0.9330238103866577, "pilot/throttle": 0.6015411615371704, "milliseconds": 512054}