{"cam/image_array": "1398_cam-image_array_.jpg", "user/angle": 0.030396435438093204, "user/throttle": 0.0, "user/mode": "local", "pilot/angle": 0.8331952095031738, "pilot/throttle": 0.5688095092773438, "milliseconds": 322785}