{"cam/image_array": "2418_cam-image_array_.jpg", "user/angle": 0.030396435438093204, "user/throttle": 0.0, "user/mode": "local", "pilot/angle": 0.41466620564460754, "pilot/throttle": 0.6252897381782532, "milliseconds": 551512}