{"cam/image_array": "11_cam-image_array_.jpg", "user/angle": 0.030396435438093204, "user/throttle": 0.0, "user/mode": "local", "pilot/angle": -0.10206671804189682, "pilot/throttle": 0.5572816729545593, "milliseconds": 11765}