{"cam/image_array": "3761_cam-image_array_.jpg", "user/angle": 0.030396435438093204, "user/throttle": 0.0, "user/mode": "local", "pilot/angle": 0.4375835955142975, "pilot/throttle": 0.7553271055221558, "milliseconds": 852645}