{"cam/image_array": "2108_cam-image_array_.jpg", "user/angle": 0.030396435438093204, "user/throttle": 0.0, "user/mode": "local", "pilot/angle": 0.8499643802642822, "pilot/throttle": 0.3763370215892792, "milliseconds": 482006}