{"cam/image_array": "433_cam-image_array_.jpg", "user/angle": 0.030396435438093204, "user/throttle": 0.0, "user/mode": "local", "pilot/angle": -0.09813333302736282, "pilot/throttle": 0.7510538697242737, "milliseconds": 106425}