{"cam/image_array": "4218_cam-image_array_.jpg", "user/angle": 0.030396435438093204, "user/throttle": 0.0, "user/mode": "local", "pilot/angle": 0.96622234582901, "pilot/throttle": 0.636688232421875, "milliseconds": 955122}