{"cam/image_array": "3635_cam-image_array_.jpg", "user/angle": 0.030396435438093204, "user/throttle": 0.0, "user/mode": "local", "pilot/angle": -0.2296009063720703, "pilot/throttle": 0.7316054105758667, "milliseconds": 824394}