{"cam/image_array": "560_cam-image_array_.jpg", "user/angle": 0.030396435438093204, "user/throttle": 0.0, "user/mode": "local", "pilot/angle": 0.8740278482437134, "pilot/throttle": 0.6104744672775269, "milliseconds": 134899}