{"cam/image_array": "2_cam-image_array_.jpg", "user/angle": 0.03057954649494919, "user/throttle": 0.0, "user/mode": "local_angle", "pilot/angle": -0.016010425984859467, "pilot/throttle": 0.20415383577346802, "milliseconds": 9747}