{"cam/image_array": "1585_cam-image_array_.jpg", "user/angle": 0.030396435438093204, "user/throttle": 0.0, "user/mode": "local", "pilot/angle": 0.3094742000102997, "pilot/throttle": 0.7411215901374817, "milliseconds": 364713}