{"cam/image_array": "3671_cam-image_array_.jpg", "user/angle": 0.030396435438093204, "user/throttle": 0.0, "user/mode": "local", "pilot/angle": 0.9605228900909424, "pilot/throttle": 0.7789245247840881, "milliseconds": 832469}