{"cam/image_array": "2915_cam-image_array_.jpg", "user/angle": 0.030396435438093204, "user/throttle": 0.0, "user/mode": "local", "pilot/angle": 0.21500733494758606, "pilot/throttle": 0.7355217933654785, "milliseconds": 662949}