{"cam/image_array": "3739_cam-image_array_.jpg", "user/angle": 0.030396435438093204, "user/throttle": 0.0, "user/mode": "local", "pilot/angle": 0.27962249517440796, "pilot/throttle": 0.6824188828468323, "milliseconds": 847712}