{"cam/image_array": "660_cam-image_array_.jpg", "user/angle": 0.030396435438093204, "user/throttle": 0.0, "user/mode": "local", "pilot/angle": 0.5672035217285156, "pilot/throttle": 0.6671301126480103, "milliseconds": 157311}