{"cam/image_array": "2940_cam-image_array_.jpg", "user/angle": 0.030396435438093204, "user/throttle": 0.0, "user/mode": "local", "pilot/angle": 0.050098221749067307, "pilot/throttle": 0.6776050329208374, "milliseconds": 668554}