{"cam/image_array": "2155_cam-image_array_.jpg", "user/angle": 0.030396435438093204, "user/throttle": 0.0, "user/mode": "local", "pilot/angle": 0.05309486389160156, "pilot/throttle": 0.8151435852050781, "milliseconds": 492547}