{"cam/image_array": "4031_cam-image_array_.jpg", "user/angle": 0.030396435438093204, "user/throttle": 0.0, "user/mode": "local", "pilot/angle": 0.8128749132156372, "pilot/throttle": 0.6675090193748474, "milliseconds": 913187}