{"cam/image_array": "724_cam-image_array_.jpg", "user/angle": 0.030396435438093204, "user/throttle": 0.0, "user/mode": "local", "pilot/angle": 0.6319320201873779, "pilot/throttle": 0.5435125827789307, "milliseconds": 171657}