{"cam/image_array": "3007_cam-image_array_.jpg", "user/angle": 0.030396435438093204, "user/throttle": 0.0, "user/mode": "local", "pilot/angle": 0.6034474968910217, "pilot/throttle": 0.6771250367164612, "milliseconds": 683583}