{"cam/image_array": "24_cam-image_array_.jpg", "user/angle": 0.030396435438093204, "user/throttle": 0.0, "user/mode": "local", "pilot/angle": -0.041342176496982574, "pilot/throttle": 0.7057894468307495, "milliseconds": 14681}