{"cam/image_array": "917_cam-image_array_.jpg", "user/angle": 0.030396435438093204, "user/throttle": 0.0, "user/mode": "local", "pilot/angle": 0.22237080335617065, "pilot/throttle": 0.7336062788963318, "milliseconds": 214933}