{"cam/image_array": "3177_cam-image_array_.jpg", "user/angle": 0.030396435438093204, "user/throttle": 0.0, "user/mode": "local", "pilot/angle": 0.7676754593849182, "pilot/throttle": 0.6307269334793091, "milliseconds": 721702}