{"cam/image_array": "2670_cam-image_array_.jpg", "user/angle": 0.030396435438093204, "user/throttle": 0.0, "user/mode": "local", "pilot/angle": 0.9006972312927246, "pilot/throttle": 0.49869367480278015, "milliseconds": 608017}