{"cam/image_array": "1426_cam-image_array_.jpg", "user/angle": 0.030396435438093204, "user/throttle": 0.0, "user/mode": "local", "pilot/angle": 0.031494200229644775, "pilot/throttle": 0.7002862095832825, "milliseconds": 329062}