{"cam/image_array": "3178_cam-image_array_.jpg", "user/angle": 0.030396435438093204, "user/throttle": 0.0, "user/mode": "local", "pilot/angle": 0.9452044367790222, "pilot/throttle": 0.6304200887680054, "milliseconds": 721926}