{"cam/image_array": "1555_cam-image_array_.jpg", "user/angle": 0.030396435438093204, "user/throttle": 0.0, "user/mode": "local", "pilot/angle": 0.7666210532188416, "pilot/throttle": 0.571013331413269, "milliseconds": 357985}