{"cam/image_array": "3749_cam-image_array_.jpg", "user/angle": 0.030396435438093204, "user/throttle": 0.0, "user/mode": "local", "pilot/angle": 0.990057647228241, "pilot/throttle": 0.6448094844818115, "milliseconds": 849954}