{"cam/image_array": "770_cam-image_array_.jpg", "user/angle": 0.030396435438093204, "user/throttle": 0.0, "user/mode": "local", "pilot/angle": 0.7686228156089783, "pilot/throttle": 0.6385337114334106, "milliseconds": 181976}