{"cam/image_array": "3333_cam-image_array_.jpg", "user/angle": 0.030396435438093204, "user/throttle": 0.0, "user/mode": "local", "pilot/angle": 0.7024941444396973, "pilot/throttle": 0.4941592514514923, "milliseconds": 756680}