{"cam/image_array": "2388_cam-image_array_.jpg", "user/angle": 0.030396435438093204, "user/throttle": 0.0, "user/mode": "local", "pilot/angle": 0.9260761737823486, "pilot/throttle": 0.49840793013572693, "milliseconds": 544787}