{"cam/image_array": "2625_cam-image_array_.jpg", "user/angle": 0.030396435438093204, "user/throttle": 0.0, "user/mode": "local", "pilot/angle": -0.1374557614326477, "pilot/throttle": 0.6462291479110718, "milliseconds": 597933}