{"cam/image_array": "3309_cam-image_array_.jpg", "user/angle": 0.030396435438093204, "user/throttle": 0.0, "user/mode": "local", "pilot/angle": -0.10263534635305405, "pilot/throttle": 0.7036462426185608, "milliseconds": 751297}