{"cam/image_array": "3146_cam-image_array_.jpg", "user/angle": 0.030396435438093204, "user/throttle": 0.0, "user/mode": "local", "pilot/angle": 0.4650225043296814, "pilot/throttle": 0.5446824431419373, "milliseconds": 714748}