{"cam/image_array": "4479_cam-image_array_.jpg", "user/angle": 0.030396435438093204, "user/throttle": 0.0, "user/mode": "local", "pilot/angle": 0.010290473699569702, "pilot/throttle": 0.669811487197876, "milliseconds": 1013630}