{"cam/image_array": "3440_cam-image_array_.jpg", "user/angle": 0.030396435438093204, "user/throttle": 0.0, "user/mode": "local", "pilot/angle": 0.6128031611442566, "pilot/throttle": 0.6259014010429382, "milliseconds": 780673}