{"cam/image_array": "2308_cam-image_array_.jpg", "user/angle": 0.030396435438093204, "user/throttle": 0.0, "user/mode": "local", "pilot/angle": 0.5261940956115723, "pilot/throttle": 0.6679507493972778, "milliseconds": 526851}