{"cam/image_array": "1162_cam-image_array_.jpg", "user/angle": 0.030396435438093204, "user/throttle": 0.0, "user/mode": "local", "pilot/angle": 0.023063577711582184, "pilot/throttle": 0.7070549130439758, "milliseconds": 269871}