{"cam/image_array": "342_cam-image_array_.jpg", "user/angle": 0.030396435438093204, "user/throttle": 0.0, "user/mode": "local", "pilot/angle": -0.02153417468070984, "pilot/throttle": 0.6518032550811768, "milliseconds": 86020}