{"cam/image_array": "1593_cam-image_array_.jpg", "user/angle": 0.030396435438093204, "user/throttle": 0.0, "user/mode": "local", "pilot/angle": 0.8174983859062195, "pilot/throttle": 0.5064801573753357, "milliseconds": 366506}