{"cam/image_array": "3521_cam-image_array_.jpg", "user/angle": 0.030396435438093204, "user/throttle": 0.0, "user/mode": "local", "pilot/angle": 0.8238461017608643, "pilot/throttle": 0.3783806264400482, "milliseconds": 798830}