{"cam/image_array": "3463_cam-image_array_.jpg", "user/angle": 0.030396435438093204, "user/throttle": 0.0, "user/mode": "local", "pilot/angle": 0.8119072318077087, "pilot/throttle": 0.4761243760585785, "milliseconds": 785829}