{"cam/image_array": "2313_cam-image_array_.jpg", "user/angle": 0.030396435438093204, "user/throttle": 0.0, "user/mode": "local", "pilot/angle": 0.10353264212608337, "pilot/throttle": 0.7192560434341431, "milliseconds": 527972}