{"cam/image_array": "3364_cam-image_array_.jpg", "user/angle": 0.030396435438093204, "user/throttle": 0.0, "user/mode": "local", "pilot/angle": 0.9430443644523621, "pilot/throttle": 0.6573649048805237, "milliseconds": 763631}