{"cam/image_array": "3124_cam-image_array_.jpg", "user/angle": 0.030396435438093204, "user/throttle": 0.0, "user/mode": "local", "pilot/angle": 0.03668017312884331, "pilot/throttle": 0.5341890454292297, "milliseconds": 709818}