{"cam/image_array": "1179_cam-image_array_.jpg", "user/angle": 0.030396435438093204, "user/throttle": 0.0, "user/mode": "local", "pilot/angle": 0.682592511177063, "pilot/throttle": 0.5052055716514587, "milliseconds": 273682}