{"cam/image_array": "3996_cam-image_array_.jpg", "user/angle": 0.030396435438093204, "user/throttle": 0.0, "user/mode": "local", "pilot/angle": -0.36981451511383057, "pilot/throttle": 0.5838158130645752, "milliseconds": 905337}