{"cam/image_array": "3411_cam-image_array_.jpg", "user/angle": 0.030396435438093204, "user/throttle": 0.0, "user/mode": "local", "pilot/angle": -0.031658828258514404, "pilot/throttle": 0.4784279763698578, "milliseconds": 774167}