{"cam/image_array": "2367_cam-image_array_.jpg", "user/angle": 0.030396435438093204, "user/throttle": 0.0, "user/mode": "local", "pilot/angle": 0.006609000265598297, "pilot/throttle": 0.5971722602844238, "milliseconds": 540080}