{"cam/image_array": "3606_cam-image_array_.jpg", "user/angle": 0.030396435438093204, "user/throttle": 0.0, "user/mode": "local", "pilot/angle": 0.5901637673377991, "pilot/throttle": 0.5268997550010681, "milliseconds": 817886}