{"cam/image_array": "437_cam-image_array_.jpg", "user/angle": 0.030396435438093204, "user/throttle": 0.0, "user/mode": "local", "pilot/angle": 0.7698788046836853, "pilot/throttle": 0.5754892230033875, "milliseconds": 107321}