{"cam/image_array": "3736_cam-image_array_.jpg", "user/angle": 0.030396435438093204, "user/throttle": 0.0, "user/mode": "local", "pilot/angle": -0.3665417730808258, "pilot/throttle": 0.6585683226585388, "milliseconds": 847039}