{"cam/image_array": "2412_cam-image_array_.jpg", "user/angle": 0.030396435438093204, "user/throttle": 0.0, "user/mode": "local", "pilot/angle": -0.3392857611179352, "pilot/throttle": 0.7270343899726868, "milliseconds": 550166}