{"cam/image_array": "2332_cam-image_array_.jpg", "user/angle": 0.030396435438093204, "user/throttle": 0.0, "user/mode": "local", "pilot/angle": 0.7836468815803528, "pilot/throttle": 0.5042712688446045, "milliseconds": 532233}