{"cam/image_array": "1425_cam-image_array_.jpg", "user/angle": 0.030396435438093204, "user/throttle": 0.0, "user/mode": "local", "pilot/angle": 0.09253176301717758, "pilot/throttle": 0.6608422994613647, "milliseconds": 328838}