{"cam/image_array": "1369_cam-image_array_.jpg", "user/angle": 0.030396435438093204, "user/throttle": 0.0, "user/mode": "local", "pilot/angle": -0.009667038917541504, "pilot/throttle": 0.6482503414154053, "milliseconds": 316283}