{"cam/image_array": "3679_cam-image_array_.jpg", "user/angle": 0.030396435438093204, "user/throttle": 0.0, "user/mode": "local", "pilot/angle": -0.06178735941648483, "pilot/throttle": 0.5988735556602478, "milliseconds": 834261}