{"cam/image_array": "1930_cam-image_array_.jpg", "user/angle": 0.030396435438093204, "user/throttle": 0.0, "user/mode": "local", "pilot/angle": 0.8343119025230408, "pilot/throttle": 0.5201631188392639, "milliseconds": 442087}