{"cam/image_array": "2748_cam-image_array_.jpg", "user/angle": 0.030396435438093204, "user/throttle": 0.0, "user/mode": "local", "pilot/angle": 0.014310415834188461, "pilot/throttle": 0.7466185092926025, "milliseconds": 625504}