{"cam/image_array": "1827_cam-image_array_.jpg", "user/angle": 0.030396435438093204, "user/throttle": 0.0, "user/mode": "local", "pilot/angle": 0.899781346321106, "pilot/throttle": 0.4086412489414215, "milliseconds": 418993}