{"cam/image_array": "851_cam-image_array_.jpg", "user/angle": 0.030396435438093204, "user/throttle": 0.0, "user/mode": "local", "pilot/angle": 0.1446315348148346, "pilot/throttle": 0.7439239621162415, "milliseconds": 200137}