{"cam/image_array": "189_cam-image_array_.jpg", "user/angle": 0.030396435438093204, "user/throttle": 0.0, "user/mode": "local", "pilot/angle": -0.06243232637643814, "pilot/throttle": 0.6383870244026184, "milliseconds": 51711}