{"cam/image_array": "325_cam-image_array_.jpg", "user/angle": 0.030396435438093204, "user/throttle": 0.0, "user/mode": "local", "pilot/angle": 1.0198209285736084, "pilot/throttle": 0.3160961866378784, "milliseconds": 82205}