{"cam/image_array": "3640_cam-image_array_.jpg", "user/angle": 0.030396435438093204, "user/throttle": 0.0, "user/mode": "local", "pilot/angle": -0.781256914138794, "pilot/throttle": 0.6061135530471802, "milliseconds": 825516}