{"cam/image_array": "1885_cam-image_array_.jpg", "user/angle": 0.030396435438093204, "user/throttle": 0.0, "user/mode": "local", "pilot/angle": -0.037746548652648926, "pilot/throttle": 0.7432829141616821, "milliseconds": 432002}