{"cam/image_array": "2995_cam-image_array_.jpg", "user/angle": 0.030396435438093204, "user/throttle": 0.0, "user/mode": "local", "pilot/angle": 0.7031283974647522, "pilot/throttle": 0.7663922309875488, "milliseconds": 680891}