{"cam/image_array": "3610_cam-image_array_.jpg", "user/angle": 0.030396435438093204, "user/throttle": 0.0, "user/mode": "local", "pilot/angle": 0.9858392477035522, "pilot/throttle": 0.27026450634002686, "milliseconds": 818783}