{"cam/image_array": "1056_cam-image_array_.jpg", "user/angle": 0.030396435438093204, "user/throttle": 0.0, "user/mode": "local", "pilot/angle": -0.0351678729057312, "pilot/throttle": 0.5808699727058411, "milliseconds": 246102}