{"cam/image_array": "119_cam-image_array_.jpg", "user/angle": 0.030396435438093204, "user/throttle": 0.0, "user/mode": "local", "pilot/angle": 0.07377728074789047, "pilot/throttle": 0.6610751748085022, "milliseconds": 36014}