{"cam/image_array": "139_cam-image_array_.jpg", "user/angle": 0.030396435438093204, "user/throttle": 0.0, "user/mode": "local", "pilot/angle": 0.9053170084953308, "pilot/throttle": 0.3492901623249054, "milliseconds": 40496}