{"cam/image_array": "1632_cam-image_array_.jpg", "user/angle": 0.030396435438093204, "user/throttle": 0.0, "user/mode": "local", "pilot/angle": 0.07361278682947159, "pilot/throttle": 0.7395034432411194, "milliseconds": 375251}