{"cam/image_array": "1114_cam-image_array_.jpg", "user/angle": 0.030396435438093204, "user/throttle": 0.0, "user/mode": "local", "pilot/angle": -0.1821468472480774, "pilot/throttle": 0.693635106086731, "milliseconds": 259109}