{"cam/image_array": "864_cam-image_array_.jpg", "user/angle": 0.030396435438093204, "user/throttle": 0.0, "user/mode": "local", "pilot/angle": 0.8455721139907837, "pilot/throttle": 0.6959116458892822, "milliseconds": 203052}