{"cam/image_array": "2096_cam-image_array_.jpg", "user/angle": 0.030396435438093204, "user/throttle": 0.0, "user/mode": "local", "pilot/angle": 0.04258652403950691, "pilot/throttle": 0.7044074535369873, "milliseconds": 479316}