{"cam/image_array": "2717_cam-image_array_.jpg", "user/angle": 0.030396435438093204, "user/throttle": 0.0, "user/mode": "local", "pilot/angle": 0.14588506519794464, "pilot/throttle": 0.7350363731384277, "milliseconds": 618554}