{"cam/image_array": "4231_cam-image_array_.jpg", "user/angle": 0.030396435438093204, "user/throttle": 0.0, "user/mode": "local", "pilot/angle": 0.6610615849494934, "pilot/throttle": 0.30406105518341064, "milliseconds": 958036}