{"cam/image_array": "561_cam-image_array_.jpg", "user/angle": 0.030396435438093204, "user/throttle": 0.0, "user/mode": "local", "pilot/angle": 0.8468535542488098, "pilot/throttle": 0.4807090759277344, "milliseconds": 135123}