{"cam/image_array": "353_cam-image_array_.jpg", "user/angle": 0.030396435438093204, "user/throttle": 0.0, "user/mode": "local", "pilot/angle": -0.4379822611808777, "pilot/throttle": 0.5273422002792358, "milliseconds": 88485}