{"cam/image_array": "2893_cam-image_array_.jpg", "user/angle": 0.030396435438093204, "user/throttle": 0.0, "user/mode": "local", "pilot/angle": 0.061178289353847504, "pilot/throttle": 0.7470664381980896, "milliseconds": 658015}