{"cam/image_array": "3006_cam-image_array_.jpg", "user/angle": 0.030396435438093204, "user/throttle": 0.0, "user/mode": "local", "pilot/angle": 0.12232314050197601, "pilot/throttle": 0.2777577340602875, "milliseconds": 683359}