{"cam/image_array": "2016_cam-image_array_.jpg", "user/angle": 0.030396435438093204, "user/throttle": 0.0, "user/mode": "local", "pilot/angle": 0.9037959575653076, "pilot/throttle": 0.348898321390152, "milliseconds": 461373}