{"cam/image_array": "1896_cam-image_array_.jpg", "user/angle": 0.030396435438093204, "user/throttle": 0.0, "user/mode": "local", "pilot/angle": 0.7339428067207336, "pilot/throttle": 0.5693090558052063, "milliseconds": 434467}