{"cam/image_array": "1851_cam-image_array_.jpg", "user/angle": 0.030396435438093204, "user/throttle": 0.0, "user/mode": "local", "pilot/angle": 0.485748827457428, "pilot/throttle": 0.7225323915481567, "milliseconds": 424374}