{"cam/image_array": "4034_cam-image_array_.jpg", "user/angle": 0.030396435438093204, "user/throttle": 0.0, "user/mode": "local", "pilot/angle": -0.02853068709373474, "pilot/throttle": 0.7644113302230835, "milliseconds": 913859}