{"cam/image_array": "2943_cam-image_array_.jpg", "user/angle": 0.030396435438093204, "user/throttle": 0.0, "user/mode": "local", "pilot/angle": 0.3310176432132721, "pilot/throttle": 0.710185706615448, "milliseconds": 669227}