{"cam/image_array": "1792_cam-image_array_.jpg", "user/angle": 0.030396435438093204, "user/throttle": 0.0, "user/mode": "local", "pilot/angle": 0.11667092889547348, "pilot/throttle": 0.3306267261505127, "milliseconds": 411146}