{"cam/image_array": "426_cam-image_array_.jpg", "user/angle": 0.030396435438093204, "user/throttle": 0.0, "user/mode": "local", "pilot/angle": 0.5741187930107117, "pilot/throttle": 0.5684311985969543, "milliseconds": 104856}