{"cam/image_array": "3725_cam-image_array_.jpg", "user/angle": 0.030396435438093204, "user/throttle": 0.0, "user/mode": "local", "pilot/angle": 0.6551486849784851, "pilot/throttle": 0.635763943195343, "milliseconds": 844571}