{"cam/image_array": "1409_cam-image_array_.jpg", "user/angle": 0.030396435438093204, "user/throttle": 0.0, "user/mode": "local", "pilot/angle": 0.2381540834903717, "pilot/throttle": 0.7062177658081055, "milliseconds": 325251}