{"cam/image_array": "1757_cam-image_array_.jpg", "user/angle": 0.030396435438093204, "user/throttle": 0.0, "user/mode": "local", "pilot/angle": 0.3894270956516266, "pilot/throttle": 0.6529809832572937, "milliseconds": 403288}