{"cam/image_array": "3310_cam-image_array_.jpg", "user/angle": 0.030396435438093204, "user/throttle": 0.0, "user/mode": "local", "pilot/angle": -0.043883658945560455, "pilot/throttle": 0.6749079823493958, "milliseconds": 751522}