{"cam/image_array": "3202_cam-image_array_.jpg", "user/angle": 0.030396435438093204, "user/throttle": 0.0, "user/mode": "local", "pilot/angle": 0.786247968673706, "pilot/throttle": 0.7389169335365295, "milliseconds": 727307}