{"cam/image_array": "4496_cam-image_array_.jpg", "user/angle": 0.030396435438093204, "user/throttle": 0.0, "user/mode": "local", "pilot/angle": 0.9698531627655029, "pilot/throttle": 0.5573113560676575, "milliseconds": 1017444}