{"cam/image_array": "3112_cam-image_array_.jpg", "user/angle": 0.030396435438093204, "user/throttle": 0.0, "user/mode": "local", "pilot/angle": -0.1848757266998291, "pilot/throttle": 0.6776553392410278, "milliseconds": 707129}