{"cam/image_array": "3765_cam-image_array_.jpg", "user/angle": 0.030396435438093204, "user/throttle": 0.0, "user/mode": "local", "pilot/angle": 0.9809102416038513, "pilot/throttle": 0.8493137359619141, "milliseconds": 853541}