{"cam/image_array": "4309_cam-image_array_.jpg", "user/angle": 0.030396435438093204, "user/throttle": 0.0, "user/mode": "local", "pilot/angle": 0.7807287573814392, "pilot/throttle": 0.42210277915000916, "milliseconds": 975518}