{"cam/image_array": "505_cam-image_array_.jpg", "user/angle": 0.030396435438093204, "user/throttle": 0.0, "user/mode": "local", "pilot/angle": -0.07022485882043839, "pilot/throttle": 0.7201945185661316, "milliseconds": 122566}