{"cam/image_array": "4482_cam-image_array_.jpg", "user/angle": 0.030396435438093204, "user/throttle": 0.0, "user/mode": "local", "pilot/angle": -0.532836377620697, "pilot/throttle": 0.688456118106842, "milliseconds": 1014303}