{"cam/image_array": "4557_cam-image_array_.jpg", "user/angle": 0.030396435438093204, "user/throttle": 0.0, "user/mode": "local", "pilot/angle": 0.04391353577375412, "pilot/throttle": 0.7381734848022461, "milliseconds": 1031121}