{"cam/image_array": "1886_cam-image_array_.jpg", "user/angle": 0.030396435438093204, "user/throttle": 0.0, "user/mode": "local", "pilot/angle": -0.04056275635957718, "pilot/throttle": 0.7754653096199036, "milliseconds": 432226}