{"cam/image_array": "4399_cam-image_array_.jpg", "user/angle": 0.030396435438093204, "user/throttle": 0.0, "user/mode": "local", "pilot/angle": 0.8984766602516174, "pilot/throttle": 0.4901057481765747, "milliseconds": 995699}