{"cam/image_array": "2729_cam-image_array_.jpg", "user/angle": 0.030396435438093204, "user/throttle": 0.0, "user/mode": "local", "pilot/angle": 1.0039374828338623, "pilot/throttle": 0.2596055269241333, "milliseconds": 621246}