{"cam/image_array": "2002_cam-image_array_.jpg", "user/angle": 0.030396435438093204, "user/throttle": 0.0, "user/mode": "local", "pilot/angle": 0.03648155555129051, "pilot/throttle": 0.6157624125480652, "milliseconds": 458235}