{"cam/image_array": "1956_cam-image_array_.jpg", "user/angle": 0.030396435438093204, "user/throttle": 0.0, "user/mode": "local", "pilot/angle": -0.2716751992702484, "pilot/throttle": 0.814389705657959, "milliseconds": 447922}