{"cam/image_array": "2496_cam-image_array_.jpg", "user/angle": 0.030396435438093204, "user/throttle": 0.0, "user/mode": "local", "pilot/angle": 0.5863609910011292, "pilot/throttle": 0.7736179828643799, "milliseconds": 569003}