{"cam/image_array": "4518_cam-image_array_.jpg", "user/angle": 0.030396435438093204, "user/throttle": 0.0, "user/mode": "local", "pilot/angle": 1.020474910736084, "pilot/throttle": 0.6790251135826111, "milliseconds": 1022375}