{"cam/image_array": "2017_cam-image_array_.jpg", "user/angle": 0.030396435438093204, "user/throttle": 0.0, "user/mode": "local", "pilot/angle": 0.9015747308731079, "pilot/throttle": 0.3734041154384613, "milliseconds": 461597}