{"cam/image_array": "4277_cam-image_array_.jpg", "user/angle": 0.030396435438093204, "user/throttle": 0.0, "user/mode": "local", "pilot/angle": -0.0536305233836174, "pilot/throttle": 0.6435360312461853, "milliseconds": 968346}