{"cam/image_array": "2012_cam-image_array_.jpg", "user/angle": 0.030396435438093204, "user/throttle": 0.0, "user/mode": "local", "pilot/angle": 0.7065941095352173, "pilot/throttle": 0.4827288091182709, "milliseconds": 460476}