{"cam/image_array": "2693_cam-image_array_.jpg", "user/angle": 0.030396435438093204, "user/throttle": 0.0, "user/mode": "local", "pilot/angle": -0.648400604724884, "pilot/throttle": 0.87111496925354, "milliseconds": 613173}