{"cam/image_array": "2996_cam-image_array_.jpg", "user/angle": 0.030396435438093204, "user/throttle": 0.0, "user/mode": "local", "pilot/angle": 0.7143133282661438, "pilot/throttle": 0.6753437519073486, "milliseconds": 681116}