{"cam/image_array": "4375_cam-image_array_.jpg", "user/angle": 0.030396435438093204, "user/throttle": 0.0, "user/mode": "local", "pilot/angle": -0.05370122939348221, "pilot/throttle": 0.6364634037017822, "milliseconds": 990318}