{"cam/image_array": "2604_cam-image_array_.jpg", "user/angle": 0.030396435438093204, "user/throttle": 0.0, "user/mode": "local", "pilot/angle": -0.6997175812721252, "pilot/throttle": 0.6709339618682861, "milliseconds": 593225}