{"cam/image_array": "1150_cam-image_array_.jpg", "user/angle": 0.030396435438093204, "user/throttle": 0.0, "user/mode": "local", "pilot/angle": -0.05763568729162216, "pilot/throttle": 0.7100326418876648, "milliseconds": 267181}