{"cam/image_array": "2857_cam-image_array_.jpg", "user/angle": 0.030396435438093204, "user/throttle": 0.0, "user/mode": "local", "pilot/angle": 0.8414232134819031, "pilot/throttle": 0.30904391407966614, "milliseconds": 649943}