{"cam/image_array": "441_cam-image_array_.jpg", "user/angle": 0.030396435438093204, "user/throttle": 0.0, "user/mode": "local", "pilot/angle": 0.43420517444610596, "pilot/throttle": 0.6986185908317566, "milliseconds": 108218}