{"cam/image_array": "3822_cam-image_array_.jpg", "user/angle": 0.030396435438093204, "user/throttle": 0.0, "user/mode": "local", "pilot/angle": -0.43556463718414307, "pilot/throttle": 0.6760354042053223, "milliseconds": 866320}