{"cam/image_array": "1326_cam-image_array_.jpg", "user/angle": 0.030396435438093204, "user/throttle": 0.0, "user/mode": "local", "pilot/angle": 0.8811651468276978, "pilot/throttle": 0.7063028812408447, "milliseconds": 306646}