{"cam/image_array": "623_cam-image_array_.jpg", "user/angle": 0.030396435438093204, "user/throttle": 0.0, "user/mode": "local", "pilot/angle": -0.08675103634595871, "pilot/throttle": 0.6902443170547485, "milliseconds": 149017}