{"cam/image_array": "704_cam-image_array_.jpg", "user/angle": 0.030396435438093204, "user/throttle": 0.0, "user/mode": "local", "pilot/angle": 0.8275744915008545, "pilot/throttle": 0.19839461147785187, "milliseconds": 167174}