{"cam/image_array": "3433_cam-image_array_.jpg", "user/angle": 0.030396435438093204, "user/throttle": 0.0, "user/mode": "local", "pilot/angle": -0.06478796154260635, "pilot/throttle": 0.6531245708465576, "milliseconds": 779099}