{"cam/image_array": "2397_cam-image_array_.jpg", "user/angle": 0.030396435438093204, "user/throttle": 0.0, "user/mode": "local", "pilot/angle": -0.05281689018011093, "pilot/throttle": 0.8047218322753906, "milliseconds": 546804}