{"cam/image_array": "3035_cam-image_array_.jpg", "user/angle": 0.030396435438093204, "user/throttle": 0.0, "user/mode": "local", "pilot/angle": 0.1840585172176361, "pilot/throttle": 0.6098296642303467, "milliseconds": 689862}