{"cam/image_array": "2333_cam-image_array_.jpg", "user/angle": 0.030396435438093204, "user/throttle": 0.0, "user/mode": "local", "pilot/angle": 1.04331636428833, "pilot/throttle": 0.6992756724357605, "milliseconds": 532458}