{"cam/image_array": "4257_cam-image_array_.jpg", "user/angle": 0.030396435438093204, "user/throttle": 0.0, "user/mode": "local", "pilot/angle": 0.012049585580825806, "pilot/throttle": 0.5930054783821106, "milliseconds": 963864}