{"cam/image_array": "3781_cam-image_array_.jpg", "user/angle": 0.030396435438093204, "user/throttle": 0.0, "user/mode": "local", "pilot/angle": -0.007333375513553619, "pilot/throttle": 0.6280892491340637, "milliseconds": 857128}