{"cam/image_array": "912_cam-image_array_.jpg", "user/angle": 0.030396435438093204, "user/throttle": 0.0, "user/mode": "local", "pilot/angle": 0.6229142546653748, "pilot/throttle": 0.7611361145973206, "milliseconds": 213811}