{"cam/image_array": "2262_cam-image_array_.jpg", "user/angle": 0.030396435438093204, "user/throttle": 0.0, "user/mode": "local", "pilot/angle": 0.3774740695953369, "pilot/throttle": 0.651157557964325, "milliseconds": 516537}