{"cam/image_array": "4566_cam-image_array_.jpg", "user/angle": 0.030396435438093204, "user/throttle": 0.0, "user/mode": "local", "pilot/angle": 0.5949016213417053, "pilot/throttle": 0.6286610960960388, "milliseconds": 1033141}