{"cam/image_array": "4460_cam-image_array_.jpg", "user/angle": 0.030396435438093204, "user/throttle": 0.0, "user/mode": "local", "pilot/angle": 0.8545807600021362, "pilot/throttle": 0.493937224149704, "milliseconds": 1009372}