{"cam/image_array": "4005_cam-image_array_.jpg", "user/angle": 0.030396435438093204, "user/throttle": 0.0, "user/mode": "local", "pilot/angle": 0.10789277404546738, "pilot/throttle": 0.724023699760437, "milliseconds": 907354}