{"cam/image_array": "1675_cam-image_array_.jpg", "user/angle": 0.030396435438093204, "user/throttle": 0.0, "user/mode": "local", "pilot/angle": -0.4106343984603882, "pilot/throttle": 0.6730666160583496, "milliseconds": 384897}