{"cam/image_array": "3107_cam-image_array_.jpg", "user/angle": 0.030396435438093204, "user/throttle": 0.0, "user/mode": "local", "pilot/angle": 0.8935195803642273, "pilot/throttle": 0.6709546446800232, "milliseconds": 706008}