{"cam/image_array": "3578_cam-image_array_.jpg", "user/angle": 0.030396435438093204, "user/throttle": 0.0, "user/mode": "local", "pilot/angle": 1.0368751287460327, "pilot/throttle": 0.705809473991394, "milliseconds": 811610}