{"cam/image_array": "1291_cam-image_array_.jpg", "user/angle": 0.030396435438093204, "user/throttle": 0.0, "user/mode": "local", "pilot/angle": -0.40609219670295715, "pilot/throttle": 0.7851520776748657, "milliseconds": 298796}