{"cam/image_array": "118_cam-image_array_.jpg", "user/angle": 0.030396435438093204, "user/throttle": 0.0, "user/mode": "local", "pilot/angle": 0.12681886553764343, "pilot/throttle": 0.549666166305542, "milliseconds": 35789}