{"cam/image_array": "2132_cam-image_array_.jpg", "user/angle": 0.030396435438093204, "user/throttle": 0.0, "user/mode": "local", "pilot/angle": -0.34186479449272156, "pilot/throttle": 0.6430123448371887, "milliseconds": 487387}