{"cam/image_array": "2479_cam-image_array_.jpg", "user/angle": 0.030396435438093204, "user/throttle": 0.0, "user/mode": "local", "pilot/angle": 0.9252875447273254, "pilot/throttle": 0.3070099353790283, "milliseconds": 565193}