{"cam/image_array": "1379_cam-image_array_.jpg", "user/angle": 0.030396435438093204, "user/throttle": 0.0, "user/mode": "local", "pilot/angle": 0.9020551443099976, "pilot/throttle": 0.5285391807556152, "milliseconds": 318527}