{"cam/image_array": "462_cam-image_array_.jpg", "user/angle": 0.030396435438093204, "user/throttle": 0.0, "user/mode": "local", "pilot/angle": 0.6847741603851318, "pilot/throttle": 0.44564008712768555, "milliseconds": 112928}