{"cam/image_array": "2073_cam-image_array_.jpg", "user/angle": 0.030396435438093204, "user/throttle": 0.0, "user/mode": "local", "pilot/angle": 0.5449935793876648, "pilot/throttle": 0.6728987693786621, "milliseconds": 474161}