{"cam/image_array": "4197_cam-image_array_.jpg", "user/angle": 0.030396435438093204, "user/throttle": 0.0, "user/mode": "local", "pilot/angle": 0.08169472217559814, "pilot/throttle": 0.6952661275863647, "milliseconds": 950407}