{"cam/image_array": "3442_cam-image_array_.jpg", "user/angle": 0.030396435438093204, "user/throttle": 0.0, "user/mode": "local", "pilot/angle": 0.5424039363861084, "pilot/throttle": 0.6809834241867065, "milliseconds": 781122}