{"cam/image_array": "2884_cam-image_array_.jpg", "user/angle": 0.030396435438093204, "user/throttle": 0.0, "user/mode": "local", "pilot/angle": -0.558703601360321, "pilot/throttle": 0.8506304025650024, "milliseconds": 655997}