{"cam/image_array": "186_cam-image_array_.jpg", "user/angle": 0.030396435438093204, "user/throttle": 0.0, "user/mode": "local", "pilot/angle": 0.27639201283454895, "pilot/throttle": 0.7191212773323059, "milliseconds": 51038}