{"cam/image_array": "4084_cam-image_array_.jpg", "user/angle": 0.030396435438093204, "user/throttle": 0.0, "user/mode": "local", "pilot/angle": 0.6941124796867371, "pilot/throttle": 0.44789889454841614, "milliseconds": 925066}