{"cam/image_array": "4260_cam-image_array_.jpg", "user/angle": 0.030396435438093204, "user/throttle": 0.0, "user/mode": "local", "pilot/angle": 0.4659801125526428, "pilot/throttle": 0.45759472250938416, "milliseconds": 964536}