{"cam/image_array": "2197_cam-image_array_.jpg", "user/angle": 0.030396435438093204, "user/throttle": 0.0, "user/mode": "local", "pilot/angle": 0.7258942127227783, "pilot/throttle": 0.3348715007305145, "milliseconds": 501965}