{"cam/image_array": "2373_cam-image_array_.jpg", "user/angle": 0.030396435438093204, "user/throttle": 0.0, "user/mode": "local", "pilot/angle": 0.06695082038640976, "pilot/throttle": 0.7036384344100952, "milliseconds": 541425}