{"cam/image_array": "264_cam-image_array_.jpg", "user/angle": 0.030396435438093204, "user/throttle": 0.0, "user/mode": "local", "pilot/angle": -0.07245246320962906, "pilot/throttle": 0.6562759280204773, "milliseconds": 68531}