{"cam/image_array": "1657_cam-image_array_.jpg", "user/angle": 0.030396435438093204, "user/throttle": 0.0, "user/mode": "local", "pilot/angle": -0.07366115599870682, "pilot/throttle": 0.6839724183082581, "milliseconds": 380859}