{"cam/image_array": "3065_cam-image_array_.jpg", "user/angle": 0.030396435438093204, "user/throttle": 0.0, "user/mode": "local", "pilot/angle": 0.5609301924705505, "pilot/throttle": 0.6179529428482056, "milliseconds": 696589}