{"cam/image_array": "1111_cam-image_array_.jpg", "user/angle": 0.030396435438093204, "user/throttle": 0.0, "user/mode": "local", "pilot/angle": -0.38484400510787964, "pilot/throttle": 0.7466253042221069, "milliseconds": 258435}