{"cam/image_array": "2561_cam-image_array_.jpg", "user/angle": 0.030396435438093204, "user/throttle": 0.0, "user/mode": "local", "pilot/angle": 0.014997299760580063, "pilot/throttle": 0.6757199168205261, "milliseconds": 583582}