{"cam/image_array": "2634_cam-image_array_.jpg", "user/angle": 0.030396435438093204, "user/throttle": 0.0, "user/mode": "local", "pilot/angle": 0.6893604397773743, "pilot/throttle": 0.5585730075836182, "milliseconds": 599950}