{"cam/image_array": "899_cam-image_array_.jpg", "user/angle": 0.030396435438093204, "user/throttle": 0.0, "user/mode": "local", "pilot/angle": 0.7460158467292786, "pilot/throttle": 0.37483832240104675, "milliseconds": 210897}