{"cam/image_array": "4441_cam-image_array_.jpg", "user/angle": 0.030396435438093204, "user/throttle": 0.0, "user/mode": "local", "pilot/angle": 0.12785112857818604, "pilot/throttle": 0.5083510279655457, "milliseconds": 1005114}