{"cam/image_array": "4158_cam-image_array_.jpg", "user/angle": 0.030396435438093204, "user/throttle": 0.0, "user/mode": "local", "pilot/angle": 0.03821085765957832, "pilot/throttle": 0.6902307271957397, "milliseconds": 941661}