{"cam/image_array": "4115_cam-image_array_.jpg", "user/angle": 0.030396435438093204, "user/throttle": 0.0, "user/mode": "local", "pilot/angle": 0.033769138157367706, "pilot/throttle": 0.5974652171134949, "milliseconds": 932017}