{"cam/image_array": "4516_cam-image_array_.jpg", "user/angle": 0.030396435438093204, "user/throttle": 0.0, "user/mode": "local", "pilot/angle": 1.0066033601760864, "pilot/throttle": 0.7474767565727234, "milliseconds": 1021927}