{"cam/image_array": "181_cam-image_array_.jpg", "user/angle": 0.030396435438093204, "user/throttle": 0.0, "user/mode": "local", "pilot/angle": 0.6137048006057739, "pilot/throttle": 0.7083005905151367, "milliseconds": 49913}