{"cam/image_array": "5_cam-image_array_.jpg", "user/angle": 0.032319101535081024, "user/throttle": 0.0, "user/mode": "local", "pilot/angle": -0.010215312242507935, "pilot/throttle": 0.19807633757591248, "milliseconds": 10419}