{"cam/image_array": "1142_cam-image_array_.jpg", "user/angle": 0.030396435438093204, "user/throttle": 0.0, "user/mode": "local", "pilot/angle": 0.9267949461936951, "pilot/throttle": 0.7960299253463745, "milliseconds": 265387}