{"cam/image_array": "4011_cam-image_array_.jpg", "user/angle": 0.030396435438093204, "user/throttle": 0.0, "user/mode": "local", "pilot/angle": -0.4670994281768799, "pilot/throttle": 0.7605540752410889, "milliseconds": 908699}