{"cam/image_array": "2500_cam-image_array_.jpg", "user/angle": 0.030396435438093204, "user/throttle": 0.0, "user/mode": "local", "pilot/angle": 0.1666477918624878, "pilot/throttle": 0.773931622505188, "milliseconds": 569901}