{"cam/image_array": "2202_cam-image_array_.jpg", "user/angle": 0.030396435438093204, "user/throttle": 0.0, "user/mode": "local", "pilot/angle": 0.7950699329376221, "pilot/throttle": 0.5045228004455566, "milliseconds": 503085}