{"cam/image_array": "2736_cam-image_array_.jpg", "user/angle": 0.030396435438093204, "user/throttle": 0.0, "user/mode": "local", "pilot/angle": -0.012693829834461212, "pilot/throttle": 0.7764639258384705, "milliseconds": 622815}