{"cam/image_array": "1951_cam-image_array_.jpg", "user/angle": 0.030396435438093204, "user/throttle": 0.0, "user/mode": "local", "pilot/angle": -0.5496094226837158, "pilot/throttle": 0.7356775403022766, "milliseconds": 446801}