{"cam/image_array": "554_cam-image_array_.jpg", "user/angle": 0.030396435438093204, "user/throttle": 0.0, "user/mode": "local", "pilot/angle": 0.41965755820274353, "pilot/throttle": 0.7703351974487305, "milliseconds": 133554}