{"cam/image_array": "856_cam-image_array_.jpg", "user/angle": 0.030396435438093204, "user/throttle": 0.0, "user/mode": "local", "pilot/angle": 0.023444268852472305, "pilot/throttle": 0.694081723690033, "milliseconds": 201257}