{"cam/image_array": "4485_cam-image_array_.jpg", "user/angle": 0.030396435438093204, "user/throttle": 0.0, "user/mode": "local", "pilot/angle": -0.6305187344551086, "pilot/throttle": 0.5880132913589478, "milliseconds": 1014976}