{"cam/image_array": "1282_cam-image_array_.jpg", "user/angle": 0.030396435438093204, "user/throttle": 0.0, "user/mode": "local", "pilot/angle": 0.22759267687797546, "pilot/throttle": 0.7277578711509705, "milliseconds": 296778}