{"cam/image_array": "2963_cam-image_array_.jpg", "user/angle": 0.030396435438093204, "user/throttle": 0.0, "user/mode": "local", "pilot/angle": -0.05317357927560806, "pilot/throttle": 0.6343985199928284, "milliseconds": 673714}