{"cam/image_array": "3017_cam-image_array_.jpg", "user/angle": 0.030396435438093204, "user/throttle": 0.0, "user/mode": "local", "pilot/angle": -0.02796773612499237, "pilot/throttle": 0.7299991250038147, "milliseconds": 685829}