{"cam/image_array": "244_cam-image_array_.jpg", "user/angle": 0.030396435438093204, "user/throttle": 0.0, "user/mode": "local", "pilot/angle": -0.01666422188282013, "pilot/throttle": 0.7213578820228577, "milliseconds": 64048}