{"cam/image_array": "2032_cam-image_array_.jpg", "user/angle": 0.030396435438093204, "user/throttle": 0.0, "user/mode": "local", "pilot/angle": 0.16542783379554749, "pilot/throttle": 0.6848709583282471, "milliseconds": 464959}