{"cam/image_array": "1479_cam-image_array_.jpg", "user/angle": 0.030396435438093204, "user/throttle": 0.0, "user/mode": "local", "pilot/angle": -0.02751762419939041, "pilot/throttle": 0.6814061999320984, "milliseconds": 340945}