{"cam/image_array": "2751_cam-image_array_.jpg", "user/angle": 0.030396435438093204, "user/throttle": 0.0, "user/mode": "local", "pilot/angle": 0.04943302273750305, "pilot/throttle": 0.7505642175674438, "milliseconds": 626176}