{"cam/image_array": "4290_cam-image_array_.jpg", "user/angle": 0.030396435438093204, "user/throttle": 0.0, "user/mode": "local", "pilot/angle": 0.0005222037434577942, "pilot/throttle": 0.6998427510261536, "milliseconds": 971260}