{"cam/image_array": "2547_cam-image_array_.jpg", "user/angle": 0.030396435438093204, "user/throttle": 0.0, "user/mode": "local", "pilot/angle": -0.11551069468259811, "pilot/throttle": 0.630540668964386, "milliseconds": 580441}