{"cam/image_array": "607_cam-image_array_.jpg", "user/angle": 0.030396435438093204, "user/throttle": 0.0, "user/mode": "local", "pilot/angle": 0.532829761505127, "pilot/throttle": 0.662484347820282, "milliseconds": 145432}