{"cam/image_array": "562_cam-image_array_.jpg", "user/angle": 0.030396435438093204, "user/throttle": 0.0, "user/mode": "local", "pilot/angle": 0.8699862360954285, "pilot/throttle": 0.5973361730575562, "milliseconds": 135347}