{"cam/image_array": "1553_cam-image_array_.jpg", "user/angle": 0.030396435438093204, "user/throttle": 0.0, "user/mode": "local", "pilot/angle": 0.8853068947792053, "pilot/throttle": 0.32085487246513367, "milliseconds": 357537}