{"cam/image_array": "1779_cam-image_array_.jpg", "user/angle": 0.030396435438093204, "user/throttle": 0.0, "user/mode": "local", "pilot/angle": 0.9743444919586182, "pilot/throttle": 0.5627063512802124, "milliseconds": 408229}