{"cam/image_array": "1197_cam-image_array_.jpg", "user/angle": 0.030396435438093204, "user/throttle": 0.0, "user/mode": "local", "pilot/angle": 0.1507788598537445, "pilot/throttle": 0.6726634502410889, "milliseconds": 277716}