{"cam/image_array": "1356_cam-image_array_.jpg", "user/angle": 0.030396435438093204, "user/throttle": 0.0, "user/mode": "local", "pilot/angle": 0.9555258750915527, "pilot/throttle": 0.35032084584236145, "milliseconds": 313369}