{"cam/image_array": "1552_cam-image_array_.jpg", "user/angle": 0.030396435438093204, "user/throttle": 0.0, "user/mode": "local", "pilot/angle": 0.8462162613868713, "pilot/throttle": 0.29473423957824707, "milliseconds": 357313}