{"cam/image_array": "2765_cam-image_array_.jpg", "user/angle": 0.030396435438093204, "user/throttle": 0.0, "user/mode": "local", "pilot/angle": 0.8223668336868286, "pilot/throttle": 0.4682076871395111, "milliseconds": 629314}