{"cam/image_array": "1571_cam-image_array_.jpg", "user/angle": 0.030396435438093204, "user/throttle": 0.0, "user/mode": "local", "pilot/angle": 0.3921646475791931, "pilot/throttle": 0.66459059715271, "milliseconds": 361571}