{"cam/image_array": "2274_cam-image_array_.jpg", "user/angle": 0.030396435438093204, "user/throttle": 0.0, "user/mode": "local", "pilot/angle": -0.01625017076730728, "pilot/throttle": 0.7051732540130615, "milliseconds": 519228}