{"cam/image_array": "3252_cam-image_array_.jpg", "user/angle": 0.030396435438093204, "user/throttle": 0.0, "user/mode": "local", "pilot/angle": 0.5243207216262817, "pilot/throttle": 0.6891828179359436, "milliseconds": 738518}