{"cam/image_array": "2615_cam-image_array_.jpg", "user/angle": 0.030396435438093204, "user/throttle": 0.0, "user/mode": "local", "pilot/angle": 0.9544444680213928, "pilot/throttle": 0.6058980822563171, "milliseconds": 595691}