{"cam/image_array": "2036_cam-image_array_.jpg", "user/angle": 0.030396435438093204, "user/throttle": 0.0, "user/mode": "local", "pilot/angle": 0.5768253207206726, "pilot/throttle": 0.7452995181083679, "milliseconds": 465856}