{"cam/image_array": "320_cam-image_array_.jpg", "user/angle": 0.030396435438093204, "user/throttle": 0.0, "user/mode": "local", "pilot/angle": 0.23954609036445618, "pilot/throttle": 0.4040965735912323, "milliseconds": 81085}