{"cam/image_array": "4070_cam-image_array_.jpg", "user/angle": 0.030396435438093204, "user/throttle": 0.0, "user/mode": "local", "pilot/angle": 0.09374502301216125, "pilot/throttle": 0.807417631149292, "milliseconds": 921929}