{"cam/image_array": "632_cam-image_array_.jpg", "user/angle": 0.030396435438093204, "user/throttle": 0.0, "user/mode": "local", "pilot/angle": 0.36896830797195435, "pilot/throttle": 0.7079468369483948, "milliseconds": 151035}