{"cam/image_array": "1573_cam-image_array_.jpg", "user/angle": 0.030396435438093204, "user/throttle": 0.0, "user/mode": "local", "pilot/angle": 0.07273124158382416, "pilot/throttle": 0.6658409833908081, "milliseconds": 362019}