{"cam/image_array": "4255_cam-image_array_.jpg", "user/angle": 0.030396435438093204, "user/throttle": 0.0, "user/mode": "local", "pilot/angle": 0.004786334931850433, "pilot/throttle": 0.6067947149276733, "milliseconds": 963416}