{"cam/image_array": "4334_cam-image_array_.jpg", "user/angle": 0.030396435438093204, "user/throttle": 0.0, "user/mode": "local", "pilot/angle": -0.04839713126420975, "pilot/throttle": 0.7104253172874451, "milliseconds": 981122}