{"cam/image_array": "3154_cam-image_array_.jpg", "user/angle": 0.030396435438093204, "user/throttle": 0.0, "user/mode": "local", "pilot/angle": 0.10033223032951355, "pilot/throttle": 0.7126367688179016, "milliseconds": 716544}