{"cam/image_array": "196_cam-image_array_.jpg", "user/angle": 0.030396435438093204, "user/throttle": 0.0, "user/mode": "local", "pilot/angle": 0.6948121786117554, "pilot/throttle": 0.7988017201423645, "milliseconds": 53281}