{"cam/image_array": "650_cam-image_array_.jpg", "user/angle": 0.030396435438093204, "user/throttle": 0.0, "user/mode": "local", "pilot/angle": 0.8359844088554382, "pilot/throttle": 0.7616289258003235, "milliseconds": 155069}