{"cam/image_array": "4281_cam-image_array_.jpg", "user/angle": 0.030396435438093204, "user/throttle": 0.0, "user/mode": "local", "pilot/angle": -0.004287950694561005, "pilot/throttle": 0.73602694272995, "milliseconds": 969242}