{"cam/image_array": "840_cam-image_array_.jpg", "user/angle": 0.030396435438093204, "user/throttle": 0.0, "user/mode": "local", "pilot/angle": 0.810896098613739, "pilot/throttle": 0.5879756808280945, "milliseconds": 197671}