{"cam/image_array": "1363_cam-image_array_.jpg", "user/angle": 0.030396435438093204, "user/throttle": 0.0, "user/mode": "local", "pilot/angle": 0.9254917502403259, "pilot/throttle": 0.5229535698890686, "milliseconds": 314939}