{"cam/image_array": "2419_cam-image_array_.jpg", "user/angle": 0.030396435438093204, "user/throttle": 0.0, "user/mode": "local", "pilot/angle": 0.8051300644874573, "pilot/throttle": 0.44328466057777405, "milliseconds": 551736}