{"cam/image_array": "3659_cam-image_array_.jpg", "user/angle": 0.030396435438093204, "user/throttle": 0.0, "user/mode": "local", "pilot/angle": 0.0628083273768425, "pilot/throttle": 0.7577089667320251, "milliseconds": 829777}