{"cam/image_array": "1520_cam-image_array_.jpg", "user/angle": 0.030396435438093204, "user/throttle": 0.0, "user/mode": "local", "pilot/angle": 0.9755817651748657, "pilot/throttle": 0.6519614458084106, "milliseconds": 350138}