{"cam/image_array": "2168_cam-image_array_.jpg", "user/angle": 0.030396435438093204, "user/throttle": 0.0, "user/mode": "local", "pilot/angle": 0.928987979888916, "pilot/throttle": 0.7487496733665466, "milliseconds": 495461}