{"cam/image_array": "1427_cam-image_array_.jpg", "user/angle": 0.030396435438093204, "user/throttle": 0.0, "user/mode": "local", "pilot/angle": -0.0463079959154129, "pilot/throttle": 0.7948907613754272, "milliseconds": 329286}