{"cam/image_array": "4535_cam-image_array_.jpg", "user/angle": 0.030396435438093204, "user/throttle": 0.0, "user/mode": "local", "pilot/angle": 0.009403906762599945, "pilot/throttle": 0.7003611326217651, "milliseconds": 1026186}