{"cam/image_array": "1126_cam-image_array_.jpg", "user/angle": 0.030396435438093204, "user/throttle": 0.0, "user/mode": "local", "pilot/angle": 0.9063897728919983, "pilot/throttle": 0.6753805875778198, "milliseconds": 261800}