{"cam/image_array": "3462_cam-image_array_.jpg", "user/angle": 0.030396435438093204, "user/throttle": 0.0, "user/mode": "local", "pilot/angle": 0.7886200547218323, "pilot/throttle": 0.5246497988700867, "milliseconds": 785605}