{"cam/image_array": "1012_cam-image_array_.jpg", "user/angle": 0.030396435438093204, "user/throttle": 0.0, "user/mode": "local", "pilot/angle": -0.4808405041694641, "pilot/throttle": 0.7451372742652893, "milliseconds": 236238}