{"cam/image_array": "983_cam-image_array_.jpg", "user/angle": 0.030396435438093204, "user/throttle": 0.0, "user/mode": "local", "pilot/angle": 0.30103132128715515, "pilot/throttle": 0.15422789752483368, "milliseconds": 229737}