{"cam/image_array": "4527_cam-image_array_.jpg", "user/angle": 0.030396435438093204, "user/throttle": 0.0, "user/mode": "local", "pilot/angle": -0.08185892552137375, "pilot/throttle": 0.6957973837852478, "milliseconds": 1024392}