{"cam/image_array": "4414_cam-image_array_.jpg", "user/angle": 0.030396435438093204, "user/throttle": 0.0, "user/mode": "local", "pilot/angle": -0.12122989445924759, "pilot/throttle": 0.7491093277931213, "milliseconds": 999060}