{"cam/image_array": "406_cam-image_array_.jpg", "user/angle": 0.030396435438093204, "user/throttle": 0.0, "user/mode": "local", "pilot/angle": -0.020740538835525513, "pilot/throttle": 0.7410536408424377, "milliseconds": 100373}