{"cam/image_array": "1301_cam-image_array_.jpg", "user/angle": 0.030396435438093204, "user/throttle": 0.0, "user/mode": "local", "pilot/angle": 0.5962597131729126, "pilot/throttle": 0.7304889559745789, "milliseconds": 301042}