{"cam/image_array": "3133_cam-image_array_.jpg", "user/angle": 0.030396435438093204, "user/throttle": 0.0, "user/mode": "local", "pilot/angle": 0.33568528294563293, "pilot/throttle": 0.6863895058631897, "milliseconds": 711834}