{"cam/image_array": "3036_cam-image_array_.jpg", "user/angle": 0.030396435438093204, "user/throttle": 0.0, "user/mode": "local", "pilot/angle": 0.2278042733669281, "pilot/throttle": 0.7064321637153625, "milliseconds": 690086}