{"cam/image_array": "3163_cam-image_array_.jpg", "user/angle": 0.030396435438093204, "user/throttle": 0.0, "user/mode": "local", "pilot/angle": -0.11582797020673752, "pilot/throttle": 0.501356303691864, "milliseconds": 718563}