{"cam/image_array": "2082_cam-image_array_.jpg", "user/angle": 0.030396435438093204, "user/throttle": 0.0, "user/mode": "local", "pilot/angle": -0.004213832318782806, "pilot/throttle": 0.6833646893501282, "milliseconds": 476178}