{"cam/image_array": "1337_cam-image_array_.jpg", "user/angle": 0.030396435438093204, "user/throttle": 0.0, "user/mode": "local", "pilot/angle": -0.06693211942911148, "pilot/throttle": 0.651340901851654, "milliseconds": 309111}