{"cam/image_array": "4358_cam-image_array_.jpg", "user/angle": 0.030396435438093204, "user/throttle": 0.0, "user/mode": "local", "pilot/angle": 0.7313379049301147, "pilot/throttle": 0.41197237372398376, "milliseconds": 986506}