{"cam/image_array": "1474_cam-image_array_.jpg", "user/angle": 0.030396435438093204, "user/throttle": 0.0, "user/mode": "local", "pilot/angle": 0.8169682621955872, "pilot/throttle": 0.6775673031806946, "milliseconds": 339824}