{"cam/image_array": "2568_cam-image_array_.jpg", "user/angle": 0.030396435438093204, "user/throttle": 0.0, "user/mode": "local", "pilot/angle": 0.7414230704307556, "pilot/throttle": 0.49435973167419434, "milliseconds": 585151}