{"cam/image_array": "3649_cam-image_array_.jpg", "user/angle": 0.030396435438093204, "user/throttle": 0.0, "user/mode": "local", "pilot/angle": 0.8856441378593445, "pilot/throttle": 0.43487730622291565, "milliseconds": 827534}