{"cam/image_array": "3548_cam-image_array_.jpg", "user/angle": 0.030396435438093204, "user/throttle": 0.0, "user/mode": "local", "pilot/angle": -0.1131078377366066, "pilot/throttle": 0.6756746768951416, "milliseconds": 804882}