{"cam/image_array": "919_cam-image_array_.jpg", "user/angle": 0.030396435438093204, "user/throttle": 0.0, "user/mode": "local", "pilot/angle": -0.017092980444431305, "pilot/throttle": 0.6527889966964722, "milliseconds": 215382}