{"cam/image_array": "4256_cam-image_array_.jpg", "user/angle": 0.030396435438093204, "user/throttle": 0.0, "user/mode": "local", "pilot/angle": -0.007444746792316437, "pilot/throttle": 0.7060645818710327, "milliseconds": 963640}