{"cam/image_array": "2932_cam-image_array_.jpg", "user/angle": 0.030396435438093204, "user/throttle": 0.0, "user/mode": "local", "pilot/angle": -0.06434712558984756, "pilot/throttle": 0.7190659642219543, "milliseconds": 666760}