{"cam/image_array": "4240_cam-image_array_.jpg", "user/angle": 0.030396435438093204, "user/throttle": 0.0, "user/mode": "local", "pilot/angle": -0.027164064347743988, "pilot/throttle": 0.7436844706535339, "milliseconds": 960053}