{"cam/image_array": "1643_cam-image_array_.jpg", "user/angle": 0.030396435438093204, "user/throttle": 0.0, "user/mode": "local", "pilot/angle": 0.8146140575408936, "pilot/throttle": 0.5214411616325378, "milliseconds": 377720}