{"cam/image_array": "3670_cam-image_array_.jpg", "user/angle": 0.030396435438093204, "user/throttle": 0.0, "user/mode": "local", "pilot/angle": 0.7869681715965271, "pilot/throttle": 0.8366142511367798, "milliseconds": 832245}