{"cam/image_array": "3928_cam-image_array_.jpg", "user/angle": 0.030396435438093204, "user/throttle": 0.0, "user/mode": "local", "pilot/angle": 0.92612224817276, "pilot/throttle": 0.5116903781890869, "milliseconds": 890092}