{"cam/image_array": "934_cam-image_array_.jpg", "user/angle": 0.030396435438093204, "user/throttle": 0.0, "user/mode": "local", "pilot/angle": 0.8963376879692078, "pilot/throttle": 0.6884551644325256, "milliseconds": 218746}