{"cam/image_array": "4236_cam-image_array_.jpg", "user/angle": 0.030396435438093204, "user/throttle": 0.0, "user/mode": "local", "pilot/angle": 0.8139511942863464, "pilot/throttle": 0.6982967257499695, "milliseconds": 959157}