{"cam/image_array": "2377_cam-image_array_.jpg", "user/angle": 0.030396435438093204, "user/throttle": 0.0, "user/mode": "local", "pilot/angle": 0.4719107747077942, "pilot/throttle": 0.7019087672233582, "milliseconds": 542322}