{"cam/image_array": "3123_cam-image_array_.jpg", "user/angle": 0.030396435438093204, "user/throttle": 0.0, "user/mode": "local", "pilot/angle": 0.06153305992484093, "pilot/throttle": 0.6347578763961792, "milliseconds": 709594}