{"cam/image_array": "4400_cam-image_array_.jpg", "user/angle": 0.030396435438093204, "user/throttle": 0.0, "user/mode": "local", "pilot/angle": 0.9284723401069641, "pilot/throttle": 0.5690479278564453, "milliseconds": 995923}