{"cam/image_array": "2781_cam-image_array_.jpg", "user/angle": 0.030396435438093204, "user/throttle": 0.0, "user/mode": "local", "pilot/angle": 0.44129931926727295, "pilot/throttle": 0.427594393491745, "milliseconds": 632901}