{"cam/image_array": "3172_cam-image_array_.jpg", "user/angle": 0.030396435438093204, "user/throttle": 0.0, "user/mode": "local", "pilot/angle": -0.15057417750358582, "pilot/throttle": 0.6964929103851318, "milliseconds": 720580}