{"cam/image_array": "1200_cam-image_array_.jpg", "user/angle": 0.030396435438093204, "user/throttle": 0.0, "user/mode": "local", "pilot/angle": -0.4500930905342102, "pilot/throttle": 0.7170196175575256, "milliseconds": 278389}