{"cam/image_array": "4081_cam-image_array_.jpg", "user/angle": 0.030396435438093204, "user/throttle": 0.0, "user/mode": "local", "pilot/angle": 0.9408237934112549, "pilot/throttle": 0.3563532829284668, "milliseconds": 924394}