{"cam/image_array": "3195_cam-image_array_.jpg", "user/angle": 0.030396435438093204, "user/throttle": 0.0, "user/mode": "local", "pilot/angle": 0.17350733280181885, "pilot/throttle": 0.46372056007385254, "milliseconds": 725737}