{"cam/image_array": "3665_cam-image_array_.jpg", "user/angle": 0.030396435438093204, "user/throttle": 0.0, "user/mode": "local", "pilot/angle": 0.06224973499774933, "pilot/throttle": 0.7401926517486572, "milliseconds": 831123}