{"cam/image_array": "1309_cam-image_array_.jpg", "user/angle": 0.030396435438093204, "user/throttle": 0.0, "user/mode": "local", "pilot/angle": 0.9384229779243469, "pilot/throttle": 0.6189802289009094, "milliseconds": 302835}