{"cam/image_array": "4365_cam-image_array_.jpg", "user/angle": 0.030396435438093204, "user/throttle": 0.0, "user/mode": "local", "pilot/angle": 0.8696655631065369, "pilot/throttle": 0.48551228642463684, "milliseconds": 988076}