{"cam/image_array": "2289_cam-image_array_.jpg", "user/angle": 0.030396435438093204, "user/throttle": 0.0, "user/mode": "local", "pilot/angle": 0.8879750967025757, "pilot/throttle": 0.4183395206928253, "milliseconds": 522592}