{"cam/image_array": "3865_cam-image_array_.jpg", "user/angle": 0.030396435438093204, "user/throttle": 0.0, "user/mode": "local", "pilot/angle": -0.1473783254623413, "pilot/throttle": 0.782990574836731, "milliseconds": 875964}