{"cam/image_array": "3685_cam-image_array_.jpg", "user/angle": 0.030396435438093204, "user/throttle": 0.0, "user/mode": "local", "pilot/angle": -0.002576380968093872, "pilot/throttle": 0.6590760350227356, "milliseconds": 835606}