{"cam/image_array": "2814_cam-image_array_.jpg", "user/angle": 0.030396435438093204, "user/throttle": 0.0, "user/mode": "local", "pilot/angle": -0.08483294397592545, "pilot/throttle": 0.7770221829414368, "milliseconds": 640301}