{"cam/image_array": "3504_cam-image_array_.jpg", "user/angle": 0.030396435438093204, "user/throttle": 0.0, "user/mode": "local", "pilot/angle": -0.0011936426162719727, "pilot/throttle": 0.6195526719093323, "milliseconds": 795020}