{"cam/image_array": "3737_cam-image_array_.jpg", "user/angle": 0.030396435438093204, "user/throttle": 0.0, "user/mode": "local", "pilot/angle": -0.5269942283630371, "pilot/throttle": 0.7498483061790466, "milliseconds": 847263}