{"cam/image_array": "2522_cam-image_array_.jpg", "user/angle": 0.030396435438093204, "user/throttle": 0.0, "user/mode": "local", "pilot/angle": 1.0682477951049805, "pilot/throttle": 0.6869558095932007, "milliseconds": 574834}