{"cam/image_array": "536_cam-image_array_.jpg", "user/angle": 0.030396435438093204, "user/throttle": 0.0, "user/mode": "local", "pilot/angle": 0.5310485363006592, "pilot/throttle": 0.6684089303016663, "milliseconds": 129518}