{"cam/image_array": "2502_cam-image_array_.jpg", "user/angle": 0.030396435438093204, "user/throttle": 0.0, "user/mode": "local", "pilot/angle": -0.26824086904525757, "pilot/throttle": 0.6588096618652344, "milliseconds": 570349}