{"cam/image_array": "865_cam-image_array_.jpg", "user/angle": 0.030396435438093204, "user/throttle": 0.0, "user/mode": "local", "pilot/angle": 0.7468124032020569, "pilot/throttle": 0.7025448679924011, "milliseconds": 203276}