{"cam/image_array": "2272_cam-image_array_.jpg", "user/angle": 0.030396435438093204, "user/throttle": 0.0, "user/mode": "local", "pilot/angle": 0.008665092289447784, "pilot/throttle": 0.5587027072906494, "milliseconds": 518780}