{"cam/image_array": "661_cam-image_array_.jpg", "user/angle": 0.030396435438093204, "user/throttle": 0.0, "user/mode": "local", "pilot/angle": 0.05951567366719246, "pilot/throttle": 0.7414045929908752, "milliseconds": 157535}