{"cam/image_array": "154_cam-image_array_.jpg", "user/angle": 0.030396435438093204, "user/throttle": 0.0, "user/mode": "local", "pilot/angle": 0.6671885848045349, "pilot/throttle": 0.4804318845272064, "milliseconds": 43858}