{"cam/image_array": "1976_cam-image_array_.jpg", "user/angle": 0.030396435438093204, "user/throttle": 0.0, "user/mode": "local", "pilot/angle": -0.04441948980093002, "pilot/throttle": 0.7237294316291809, "milliseconds": 452407}