{"cam/image_array": "1276_cam-image_array_.jpg", "user/angle": 0.030396435438093204, "user/throttle": 0.0, "user/mode": "local", "pilot/angle": 0.010470069944858551, "pilot/throttle": 0.6010510921478271, "milliseconds": 295433}