{"cam/image_array": "1819_cam-image_array_.jpg", "user/angle": 0.030396435438093204, "user/throttle": 0.0, "user/mode": "local", "pilot/angle": 0.049483466893434525, "pilot/throttle": 0.730113685131073, "milliseconds": 417200}