{"cam/image_array": "128_cam-image_array_.jpg", "user/angle": 0.030396435438093204, "user/throttle": 0.0, "user/mode": "local", "pilot/angle": 0.048181094229221344, "pilot/throttle": 0.7148367762565613, "milliseconds": 38030}