{"cam/image_array": "947_cam-image_array_.jpg", "user/angle": 0.030396435438093204, "user/throttle": 0.0, "user/mode": "local", "pilot/angle": -0.12999227643013, "pilot/throttle": 0.7927672863006592, "milliseconds": 221660}