{"cam/image_array": "17_cam-image_array_.jpg", "user/angle": 0.030396435438093204, "user/throttle": 0.0, "user/mode": "local", "pilot/angle": -0.0952608659863472, "pilot/throttle": 0.6938539743423462, "milliseconds": 13111}