{"cam/image_array": "3909_cam-image_array_.jpg", "user/angle": 0.030396435438093204, "user/throttle": 0.0, "user/mode": "local", "pilot/angle": 0.4812641739845276, "pilot/throttle": 0.7941641211509705, "milliseconds": 885832}