{"cam/image_array": "1259_cam-image_array_.jpg", "user/angle": 0.030396435438093204, "user/throttle": 0.0, "user/mode": "local", "pilot/angle": 0.2535008490085602, "pilot/throttle": 0.48559436202049255, "milliseconds": 291621}