{"cam/image_array": "1914_cam-image_array_.jpg", "user/angle": 0.030396435438093204, "user/throttle": 0.0, "user/mode": "local", "pilot/angle": 0.13601082563400269, "pilot/throttle": 0.5239943265914917, "milliseconds": 438501}