{"cam/image_array": "1406_cam-image_array_.jpg", "user/angle": 0.030396435438093204, "user/throttle": 0.0, "user/mode": "local", "pilot/angle": 0.49470755457878113, "pilot/throttle": 0.7108651399612427, "milliseconds": 324579}