{"cam/image_array": "3930_cam-image_array_.jpg", "user/angle": 0.030396435438093204, "user/throttle": 0.0, "user/mode": "local", "pilot/angle": 0.7929767966270447, "pilot/throttle": 0.4930357038974762, "milliseconds": 890540}