{"cam/image_array": "124_cam-image_array_.jpg", "user/angle": 0.030396435438093204, "user/throttle": 0.0, "user/mode": "local", "pilot/angle": 0.049177490174770355, "pilot/throttle": 0.6101624965667725, "milliseconds": 37134}