{"cam/image_array": "4028_cam-image_array_.jpg", "user/angle": 0.030396435438093204, "user/throttle": 0.0, "user/mode": "local", "pilot/angle": 0.9866456985473633, "pilot/throttle": 0.6299576759338379, "milliseconds": 912515}