{"cam/image_array": "281_cam-image_array_.jpg", "user/angle": 0.030396435438093204, "user/throttle": 0.0, "user/mode": "local", "pilot/angle": 0.006331287324428558, "pilot/throttle": 0.7461155652999878, "milliseconds": 72342}