{"cam/image_array": "3348_cam-image_array_.jpg", "user/angle": 0.030396435438093204, "user/throttle": 0.0, "user/mode": "local", "pilot/angle": 0.34934207797050476, "pilot/throttle": 0.7430056929588318, "milliseconds": 760043}