{"cam/image_array": "1138_cam-image_array_.jpg", "user/angle": 0.030396435438093204, "user/throttle": 0.0, "user/mode": "local", "pilot/angle": 0.5201192498207092, "pilot/throttle": 0.7106426358222961, "milliseconds": 264491}