{"cam/image_array": "240_cam-image_array_.jpg", "user/angle": 0.030396435438093204, "user/throttle": 0.0, "user/mode": "local", "pilot/angle": -0.039722152054309845, "pilot/throttle": 0.639577329158783, "milliseconds": 63152}