{"cam/image_array": "38_cam-image_array_.jpg", "user/angle": 0.030396435438093204, "user/throttle": 0.0, "user/mode": "local", "pilot/angle": 0.6445850729942322, "pilot/throttle": 0.3346095681190491, "milliseconds": 17821}