{"cam/image_array": "820_cam-image_array_.jpg", "user/angle": 0.030396435438093204, "user/throttle": 0.0, "user/mode": "local", "pilot/angle": 0.5059890151023865, "pilot/throttle": 0.6437802314758301, "milliseconds": 193187}