{"cam/image_array": "1251_cam-image_array_.jpg", "user/angle": 0.030396435438093204, "user/throttle": 0.0, "user/mode": "local", "pilot/angle": -0.023052170872688293, "pilot/throttle": 0.6396652460098267, "milliseconds": 289828}