{"cam/image_array": "3964_cam-image_array_.jpg", "user/angle": 0.030396435438093204, "user/throttle": 0.0, "user/mode": "local", "pilot/angle": -0.03475651890039444, "pilot/throttle": 0.7333293557167053, "milliseconds": 898163}