{"cam/image_array": "4582_cam-image_array_.jpg", "user/angle": 0.030396435438093204, "user/throttle": 0.0, "user/mode": "local", "pilot/angle": -0.2527453899383545, "pilot/throttle": 0.8806094527244568, "milliseconds": 1036728}