{"cam/image_array": "3780_cam-image_array_.jpg", "user/angle": 0.030396435438093204, "user/throttle": 0.0, "user/mode": "local", "pilot/angle": -0.06327732652425766, "pilot/throttle": 0.6682329177856445, "milliseconds": 856904}