{"cam/image_array": "3755_cam-image_array_.jpg", "user/angle": 0.030396435438093204, "user/throttle": 0.0, "user/mode": "local", "pilot/angle": -0.029781050980091095, "pilot/throttle": 0.7538770437240601, "milliseconds": 851300}