{"cam/image_array": "3820_cam-image_array_.jpg", "user/angle": 0.030396435438093204, "user/throttle": 0.0, "user/mode": "local", "pilot/angle": 0.07345028221607208, "pilot/throttle": 0.70112144947052, "milliseconds": 865872}