{"cam/image_array": "2125_cam-image_array_.jpg", "user/angle": 0.030396435438093204, "user/throttle": 0.0, "user/mode": "local", "pilot/angle": 0.5182529091835022, "pilot/throttle": 0.6581404805183411, "milliseconds": 485817}