{"cam/image_array": "513_cam-image_array_.jpg", "user/angle": 0.030396435438093204, "user/throttle": 0.0, "user/mode": "local", "pilot/angle": 0.9982616901397705, "pilot/throttle": 0.3564590811729431, "milliseconds": 124359}