{"cam/image_array": "393_cam-image_array_.jpg", "user/angle": 0.030396435438093204, "user/throttle": 0.0, "user/mode": "local", "pilot/angle": -0.08677003532648087, "pilot/throttle": 0.6575173139572144, "milliseconds": 97459}