{"cam/image_array": "3742_cam-image_array_.jpg", "user/angle": 0.030396435438093204, "user/throttle": 0.0, "user/mode": "local", "pilot/angle": 0.8039877414703369, "pilot/throttle": 0.7048404812812805, "milliseconds": 848385}