{"cam/image_array": "2619_cam-image_array_.jpg", "user/angle": 0.030396435438093204, "user/throttle": 0.0, "user/mode": "local", "pilot/angle": 0.8015979528427124, "pilot/throttle": 0.709165632724762, "milliseconds": 596588}