{"cam/image_array": "990_cam-image_array_.jpg", "user/angle": 0.030396435438093204, "user/throttle": 0.0, "user/mode": "local", "pilot/angle": 0.9164804816246033, "pilot/throttle": 0.41236597299575806, "milliseconds": 231307}