{"cam/image_array": "3842_cam-image_array_.jpg", "user/angle": 0.030396435438093204, "user/throttle": 0.0, "user/mode": "local", "pilot/angle": 0.6694937944412231, "pilot/throttle": 0.6967154145240784, "milliseconds": 870809}