{"cam/image_array": "3199_cam-image_array_.jpg", "user/angle": 0.030396435438093204, "user/throttle": 0.0, "user/mode": "local", "pilot/angle": 0.9220318794250488, "pilot/throttle": 0.7939555048942566, "milliseconds": 726634}