{"cam/image_array": "2288_cam-image_array_.jpg", "user/angle": 0.030396435438093204, "user/throttle": 0.0, "user/mode": "local", "pilot/angle": 0.8053346872329712, "pilot/throttle": 0.4059274196624756, "milliseconds": 522368}