{"cam/image_array": "559_cam-image_array_.jpg", "user/angle": 0.030396435438093204, "user/throttle": 0.0, "user/mode": "local", "pilot/angle": 0.8735277652740479, "pilot/throttle": 0.6308960318565369, "milliseconds": 134674}