{"cam/image_array": "2438_cam-image_array_.jpg", "user/angle": 0.030396435438093204, "user/throttle": 0.0, "user/mode": "local", "pilot/angle": 0.07515491545200348, "pilot/throttle": 0.6047199368476868, "milliseconds": 556001}