{"cam/image_array": "1365_cam-image_array_.jpg", "user/angle": 0.030396435438093204, "user/throttle": 0.0, "user/mode": "local", "pilot/angle": 0.8263209462165833, "pilot/throttle": 0.6033587455749512, "milliseconds": 315387}