{"cam/image_array": "2163_cam-image_array_.jpg", "user/angle": 0.030396435438093204, "user/throttle": 0.0, "user/mode": "local", "pilot/angle": 0.43433046340942383, "pilot/throttle": 0.7848889231681824, "milliseconds": 494340}