{"cam/image_array": "1319_cam-image_array_.jpg", "user/angle": 0.030396435438093204, "user/throttle": 0.0, "user/mode": "local", "pilot/angle": 0.033239174634218216, "pilot/throttle": 0.7405850887298584, "milliseconds": 305077}