{"cam/image_array": "2204_cam-image_array_.jpg", "user/angle": 0.030396435438093204, "user/throttle": 0.0, "user/mode": "local", "pilot/angle": 0.8564092516899109, "pilot/throttle": 0.41388994455337524, "milliseconds": 503533}