{"cam/image_array": "4267_cam-image_array_.jpg", "user/angle": 0.030396435438093204, "user/throttle": 0.0, "user/mode": "local", "pilot/angle": 0.8691843748092651, "pilot/throttle": 0.24303582310676575, "milliseconds": 966105}