{"cam/image_array": "2529_cam-image_array_.jpg", "user/angle": 0.030396435438093204, "user/throttle": 0.0, "user/mode": "local", "pilot/angle": -0.13251230120658875, "pilot/throttle": 0.6690826416015625, "milliseconds": 576404}