{"cam/image_array": "2271_cam-image_array_.jpg", "user/angle": 0.030396435438093204, "user/throttle": 0.0, "user/mode": "local", "pilot/angle": -0.08914316445589066, "pilot/throttle": 0.79374760389328, "milliseconds": 518556}