{"cam/image_array": "3711_cam-image_array_.jpg", "user/angle": 0.030396435438093204, "user/throttle": 0.0, "user/mode": "local", "pilot/angle": 0.688712477684021, "pilot/throttle": 0.5493181347846985, "milliseconds": 841432}