{"cam/image_array": "981_cam-image_array_.jpg", "user/angle": 0.030396435438093204, "user/throttle": 0.0, "user/mode": "local", "pilot/angle": 0.18603581190109253, "pilot/throttle": 0.746284008026123, "milliseconds": 229289}