{"cam/image_array": "3010_cam-image_array_.jpg", "user/angle": 0.030396435438093204, "user/throttle": 0.0, "user/mode": "local", "pilot/angle": 0.8810597658157349, "pilot/throttle": 0.8082011938095093, "milliseconds": 684256}