{"cam/image_array": "4525_cam-image_array_.jpg", "user/angle": 0.030396435438093204, "user/throttle": 0.0, "user/mode": "local", "pilot/angle": -0.08559555560350418, "pilot/throttle": 0.7167734503746033, "milliseconds": 1023944}