{"cam/image_array": "882_cam-image_array_.jpg", "user/angle": 0.030396435438093204, "user/throttle": 0.0, "user/mode": "local", "pilot/angle": 0.040255315601825714, "pilot/throttle": 0.6376426815986633, "milliseconds": 207088}