{"cam/image_array": "1250_cam-image_array_.jpg", "user/angle": 0.030396435438093204, "user/throttle": 0.0, "user/mode": "local", "pilot/angle": -0.07843808084726334, "pilot/throttle": 0.44480761885643005, "milliseconds": 289604}