{"cam/image_array": "858_cam-image_array_.jpg", "user/angle": 0.030396435438093204, "user/throttle": 0.0, "user/mode": "local", "pilot/angle": 0.3950001001358032, "pilot/throttle": 0.6644251942634583, "milliseconds": 201705}