{"cam/image_array": "1624_cam-image_array_.jpg", "user/angle": 0.030396435438093204, "user/throttle": 0.0, "user/mode": "local", "pilot/angle": -0.08244901150465012, "pilot/throttle": 0.6905683279037476, "milliseconds": 373457}