{"cam/image_array": "4504_cam-image_array_.jpg", "user/angle": 0.030396435438093204, "user/throttle": 0.0, "user/mode": "local", "pilot/angle": 0.1989244818687439, "pilot/throttle": 0.7805629968643188, "milliseconds": 1019237}