{"cam/image_array": "729_cam-image_array_.jpg", "user/angle": 0.030396435438093204, "user/throttle": 0.0, "user/mode": "local", "pilot/angle": 0.4945363700389862, "pilot/throttle": 0.7293742299079895, "milliseconds": 172778}