{"cam/image_array": "3585_cam-image_array_.jpg", "user/angle": 0.030396435438093204, "user/throttle": 0.0, "user/mode": "local", "pilot/angle": -0.10367292910814285, "pilot/throttle": 0.7467767000198364, "milliseconds": 813179}