{"cam/image_array": "1874_cam-image_array_.jpg", "user/angle": 0.030396435438093204, "user/throttle": 0.0, "user/mode": "local", "pilot/angle": 0.7200062870979309, "pilot/throttle": 0.40874266624450684, "milliseconds": 429535}