{"cam/image_array": "2914_cam-image_array_.jpg", "user/angle": 0.030396435438093204, "user/throttle": 0.0, "user/mode": "local", "pilot/angle": 0.002224259078502655, "pilot/throttle": 0.7525195479393005, "milliseconds": 662725}