{"cam/image_array": "2301_cam-image_array_.jpg", "user/angle": 0.030396435438093204, "user/throttle": 0.0, "user/mode": "local", "pilot/angle": -0.031345248222351074, "pilot/throttle": 0.5927640795707703, "milliseconds": 525281}