{"cam/image_array": "4234_cam-image_array_.jpg", "user/angle": 0.030396435438093204, "user/throttle": 0.0, "user/mode": "local", "pilot/angle": 0.9619665741920471, "pilot/throttle": 0.7843355536460876, "milliseconds": 958708}