{"cam/image_array": "97_cam-image_array_.jpg", "user/angle": 0.030396435438093204, "user/throttle": 0.0, "user/mode": "local", "pilot/angle": 0.0368388295173645, "pilot/throttle": 0.557285726070404, "milliseconds": 31082}