{"cam/image_array": "2225_cam-image_array_.jpg", "user/angle": 0.030396435438093204, "user/throttle": 0.0, "user/mode": "local", "pilot/angle": -0.424094021320343, "pilot/throttle": 0.5635983943939209, "milliseconds": 508241}