{"cam/image_array": "3143_cam-image_array_.jpg", "user/angle": 0.030396435438093204, "user/throttle": 0.0, "user/mode": "local", "pilot/angle": 0.700391948223114, "pilot/throttle": 0.372437983751297, "milliseconds": 714076}