{"cam/image_array": "2116_cam-image_array_.jpg", "user/angle": 0.030396435438093204, "user/throttle": 0.0, "user/mode": "local", "pilot/angle": 0.07107309997081757, "pilot/throttle": 0.6740357875823975, "milliseconds": 483800}