{"cam/image_array": "1549_cam-image_array_.jpg", "user/angle": 0.030396435438093204, "user/throttle": 0.0, "user/mode": "local", "pilot/angle": 0.9205477237701416, "pilot/throttle": 0.23094496130943298, "milliseconds": 356640}