{"cam/image_array": "798_cam-image_array_.jpg", "user/angle": 0.030396435438093204, "user/throttle": 0.0, "user/mode": "local", "pilot/angle": 0.97508704662323, "pilot/throttle": 0.4794033467769623, "milliseconds": 188253}