{"cam/image_array": "4141_cam-image_array_.jpg", "user/angle": 0.030396435438093204, "user/throttle": 0.0, "user/mode": "local", "pilot/angle": 0.737926185131073, "pilot/throttle": 0.8304774165153503, "milliseconds": 937845}