{"cam/image_array": "3563_cam-image_array_.jpg", "user/angle": 0.030396435438093204, "user/throttle": 0.0, "user/mode": "local", "pilot/angle": 0.708255410194397, "pilot/throttle": 0.6419082880020142, "milliseconds": 808246}