{"cam/image_array": "615_cam-image_array_.jpg", "user/angle": 0.030396435438093204, "user/throttle": 0.0, "user/mode": "local", "pilot/angle": 0.7665273547172546, "pilot/throttle": 0.4221985936164856, "milliseconds": 147225}