{"cam/image_array": "1020_cam-image_array_.jpg", "user/angle": 0.030396435438093204, "user/throttle": 0.0, "user/mode": "local", "pilot/angle": -0.13639959692955017, "pilot/throttle": 0.69852614402771, "milliseconds": 238032}