{"cam/image_array": "3608_cam-image_array_.jpg", "user/angle": 0.030396435438093204, "user/throttle": 0.0, "user/mode": "local", "pilot/angle": 0.9719899892807007, "pilot/throttle": 0.1309918612241745, "milliseconds": 818334}