{"cam/image_array": "1151_cam-image_array_.jpg", "user/angle": 0.030396435438093204, "user/throttle": 0.0, "user/mode": "local", "pilot/angle": -0.06235363334417343, "pilot/throttle": 0.6822958588600159, "milliseconds": 267405}