{"cam/image_array": "3499_cam-image_array_.jpg", "user/angle": 0.030396435438093204, "user/throttle": 0.0, "user/mode": "local", "pilot/angle": 0.1809108853340149, "pilot/throttle": 0.542987048625946, "milliseconds": 793899}