{"cam/image_array": "2904_cam-image_array_.jpg", "user/angle": 0.030396435438093204, "user/throttle": 0.0, "user/mode": "local", "pilot/angle": 0.825194776058197, "pilot/throttle": 0.6931539177894592, "milliseconds": 660482}