{"cam/image_array": "2847_cam-image_array_.jpg", "user/angle": 0.030396435438093204, "user/throttle": 0.0, "user/mode": "local", "pilot/angle": -0.06972209364175797, "pilot/throttle": 0.3645208179950714, "milliseconds": 647702}