{"cam/image_array": "3722_cam-image_array_.jpg", "user/angle": 0.030396435438093204, "user/throttle": 0.0, "user/mode": "local", "pilot/angle": 0.38486480712890625, "pilot/throttle": 0.6661664843559265, "milliseconds": 843898}