{"cam/image_array": "4505_cam-image_array_.jpg", "user/angle": 0.030396435438093204, "user/throttle": 0.0, "user/mode": "local", "pilot/angle": 0.030954688787460327, "pilot/throttle": 0.7741394639015198, "milliseconds": 1019461}