{"cam/image_array": "4373_cam-image_array_.jpg", "user/angle": 0.030396435438093204, "user/throttle": 0.0, "user/mode": "local", "pilot/angle": -0.06007681041955948, "pilot/throttle": 0.7526240348815918, "milliseconds": 989870}