{"cam/image_array": "4085_cam-image_array_.jpg", "user/angle": 0.030396435438093204, "user/throttle": 0.0, "user/mode": "local", "pilot/angle": 0.7682190537452698, "pilot/throttle": 0.5830851793289185, "milliseconds": 925290}