{"cam/image_array": "2075_cam-image_array_.jpg", "user/angle": 0.030396435438093204, "user/throttle": 0.0, "user/mode": "local", "pilot/angle": 0.8349622488021851, "pilot/throttle": 0.8357341289520264, "milliseconds": 474609}