{"cam/image_array": "684_cam-image_array_.jpg", "user/angle": 0.030396435438093204, "user/throttle": 0.0, "user/mode": "local", "pilot/angle": -0.14152151346206665, "pilot/throttle": 0.5444837808609009, "milliseconds": 162691}