{"cam/image_array": "850_cam-image_array_.jpg", "user/angle": 0.030396435438093204, "user/throttle": 0.0, "user/mode": "local", "pilot/angle": 0.27941882610321045, "pilot/throttle": 0.7439820170402527, "milliseconds": 199912}