{"cam/image_array": "362_cam-image_array_.jpg", "user/angle": 0.030396435438093204, "user/throttle": 0.0, "user/mode": "local", "pilot/angle": 0.08100563287734985, "pilot/throttle": 0.6272356510162354, "milliseconds": 90503}