{"cam/image_array": "1300_cam-image_array_.jpg", "user/angle": 0.030396435438093204, "user/throttle": 0.0, "user/mode": "local", "pilot/angle": 0.5896539688110352, "pilot/throttle": 0.7927733063697815, "milliseconds": 300818}