{"cam/image_array": "4565_cam-image_array_.jpg", "user/angle": 0.030396435438093204, "user/throttle": 0.0, "user/mode": "local", "pilot/angle": 0.3761141896247864, "pilot/throttle": 0.7303085327148438, "milliseconds": 1032916}