{"cam/image_array": "926_cam-image_array_.jpg", "user/angle": 0.030396435438093204, "user/throttle": 0.0, "user/mode": "local", "pilot/angle": -0.5416617393493652, "pilot/throttle": 0.6358066201210022, "milliseconds": 216951}