{"cam/image_array": "2926_cam-image_array_.jpg", "user/angle": 0.030396435438093204, "user/throttle": 0.0, "user/mode": "local", "pilot/angle": -0.036295607686042786, "pilot/throttle": 0.7051706910133362, "milliseconds": 665415}