{"cam/image_array": "3492_cam-image_array_.jpg", "user/angle": 0.030396435438093204, "user/throttle": 0.0, "user/mode": "local", "pilot/angle": -0.14575842022895813, "pilot/throttle": 0.7117529511451721, "milliseconds": 792330}