{"cam/image_array": "1529_cam-image_array_.jpg", "user/angle": 0.030396435438093204, "user/throttle": 0.0, "user/mode": "local", "pilot/angle": -0.05134427547454834, "pilot/throttle": 0.6237837672233582, "milliseconds": 352155}