{"cam/image_array": "3075_cam-image_array_.jpg", "user/angle": 0.030396435438093204, "user/throttle": 0.0, "user/mode": "local", "pilot/angle": -0.1673629879951477, "pilot/throttle": 0.6949364542961121, "milliseconds": 698832}