{"cam/image_array": "1618_cam-image_array_.jpg", "user/angle": 0.030396435438093204, "user/throttle": 0.0, "user/mode": "local", "pilot/angle": -0.03275357186794281, "pilot/throttle": 0.7363990545272827, "milliseconds": 372112}