{"cam/image_array": "288_cam-image_array_.jpg", "user/angle": 0.030396435438093204, "user/throttle": 0.0, "user/mode": "local", "pilot/angle": 0.24052992463111877, "pilot/throttle": 0.6821114420890808, "milliseconds": 73913}