{"cam/image_array": "2198_cam-image_array_.jpg", "user/angle": 0.030396435438093204, "user/throttle": 0.0, "user/mode": "local", "pilot/angle": 0.9561238288879395, "pilot/throttle": 0.4181089401245117, "milliseconds": 502189}