{"cam/image_array": "1788_cam-image_array_.jpg", "user/angle": 0.030396435438093204, "user/throttle": 0.0, "user/mode": "local", "pilot/angle": -0.09634975343942642, "pilot/throttle": 0.843316912651062, "milliseconds": 410248}