{"cam/image_array": "549_cam-image_array_.jpg", "user/angle": 0.030396435438093204, "user/throttle": 0.0, "user/mode": "local", "pilot/angle": -0.6384331583976746, "pilot/throttle": 0.7195712327957153, "milliseconds": 132432}