{"cam/image_array": "4354_cam-image_array_.jpg", "user/angle": 0.030396435438093204, "user/throttle": 0.0, "user/mode": "local", "pilot/angle": 0.24389931559562683, "pilot/throttle": 0.6793727874755859, "milliseconds": 985610}