{"cam/image_array": "1656_cam-image_array_.jpg", "user/angle": 0.030396435438093204, "user/throttle": 0.0, "user/mode": "local", "pilot/angle": -0.29739779233932495, "pilot/throttle": 0.3823876678943634, "milliseconds": 380635}