{"cam/image_array": "2728_cam-image_array_.jpg", "user/angle": 0.030396435438093204, "user/throttle": 0.0, "user/mode": "local", "pilot/angle": 0.7511343359947205, "pilot/throttle": 0.5430306196212769, "milliseconds": 621022}