{"cam/image_array": "3419_cam-image_array_.jpg", "user/angle": 0.030396435438093204, "user/throttle": 0.0, "user/mode": "local", "pilot/angle": 0.9578303098678589, "pilot/throttle": 0.30788275599479675, "milliseconds": 775961}