{"cam/image_array": "21_cam-image_array_.jpg", "user/angle": 0.030396435438093204, "user/throttle": 0.0, "user/mode": "local", "pilot/angle": -0.03352426737546921, "pilot/throttle": 0.5790130496025085, "milliseconds": 14009}