{"cam/image_array": "2965_cam-image_array_.jpg", "user/angle": 0.030396435438093204, "user/throttle": 0.0, "user/mode": "local", "pilot/angle": -0.03989126533269882, "pilot/throttle": 0.6291760802268982, "milliseconds": 674162}