{"cam/image_array": "1866_cam-image_array_.jpg", "user/angle": 0.030396435438093204, "user/throttle": 0.0, "user/mode": "local", "pilot/angle": 0.05913376435637474, "pilot/throttle": 0.7042474150657654, "milliseconds": 427738}