{"cam/image_array": "1350_cam-image_array_.jpg", "user/angle": 0.030396435438093204, "user/throttle": 0.0, "user/mode": "local", "pilot/angle": 0.19627967476844788, "pilot/throttle": 0.777886152267456, "milliseconds": 312024}