{"cam/image_array": "32_cam-image_array_.jpg", "user/angle": 0.030396435438093204, "user/throttle": 0.0, "user/mode": "local", "pilot/angle": 0.7621575593948364, "pilot/throttle": 0.5673996806144714, "milliseconds": 16477}