{"cam/image_array": "3508_cam-image_array_.jpg", "user/angle": 0.030396435438093204, "user/throttle": 0.0, "user/mode": "local", "pilot/angle": -0.009110160171985626, "pilot/throttle": 0.751615047454834, "milliseconds": 795916}