{"cam/image_array": "3301_cam-image_array_.jpg", "user/angle": 0.030396435438093204, "user/throttle": 0.0, "user/mode": "local", "pilot/angle": -0.03486614674329758, "pilot/throttle": 0.6876794099807739, "milliseconds": 749506}