{"cam/image_array": "4287_cam-image_array_.jpg", "user/angle": 0.030396435438093204, "user/throttle": 0.0, "user/mode": "local", "pilot/angle": 0.31152117252349854, "pilot/throttle": 0.701010525226593, "milliseconds": 970588}