{"cam/image_array": "813_cam-image_array_.jpg", "user/angle": 0.030396435438093204, "user/throttle": 0.0, "user/mode": "local", "pilot/angle": -0.02300328016281128, "pilot/throttle": 0.6820128560066223, "milliseconds": 191618}