{"cam/image_array": "1505_cam-image_array_.jpg", "user/angle": 0.030396435438093204, "user/throttle": 0.0, "user/mode": "local", "pilot/angle": -0.019731536507606506, "pilot/throttle": 0.7941726446151733, "milliseconds": 346775}