{"cam/image_array": "84_cam-image_array_.jpg", "user/angle": 0.030396435438093204, "user/throttle": 0.0, "user/mode": "local", "pilot/angle": 0.8105819821357727, "pilot/throttle": 0.5156083106994629, "milliseconds": 28168}