{"cam/image_array": "3644_cam-image_array_.jpg", "user/angle": 0.030396435438093204, "user/throttle": 0.0, "user/mode": "local", "pilot/angle": 0.005036875605583191, "pilot/throttle": 0.6831889748573303, "milliseconds": 826413}