{"cam/image_array": "1597_cam-image_array_.jpg", "user/angle": 0.030396435438093204, "user/throttle": 0.0, "user/mode": "local", "pilot/angle": 0.7849263548851013, "pilot/throttle": 0.7137977480888367, "milliseconds": 367403}