{"cam/image_array": "997_cam-image_array_.jpg", "user/angle": 0.030396435438093204, "user/throttle": 0.0, "user/mode": "local", "pilot/angle": 0.017392680048942566, "pilot/throttle": 0.7340242862701416, "milliseconds": 232877}