{"cam/image_array": "4478_cam-image_array_.jpg", "user/angle": 0.030396435438093204, "user/throttle": 0.0, "user/mode": "local", "pilot/angle": 0.11534236371517181, "pilot/throttle": 0.694248378276825, "milliseconds": 1013406}