{"cam/image_array": "241_cam-image_array_.jpg", "user/angle": 0.030396435438093204, "user/throttle": 0.0, "user/mode": "local", "pilot/angle": -0.0704672709107399, "pilot/throttle": 0.7491881251335144, "milliseconds": 63376}