{"cam/image_array": "1666_cam-image_array_.jpg", "user/angle": 0.030396435438093204, "user/throttle": 0.0, "user/mode": "local", "pilot/angle": 0.12307056784629822, "pilot/throttle": 0.6314395666122437, "milliseconds": 382878}