{"cam/image_array": "2546_cam-image_array_.jpg", "user/angle": 0.030396435438093204, "user/throttle": 0.0, "user/mode": "local", "pilot/angle": -0.0220998153090477, "pilot/throttle": 0.7210963368415833, "milliseconds": 580217}