{"cam/image_array": "733_cam-image_array_.jpg", "user/angle": 0.030396435438093204, "user/throttle": 0.0, "user/mode": "local", "pilot/angle": -0.516304612159729, "pilot/throttle": 0.7558732032775879, "milliseconds": 173676}