{"cam/image_array": "4024_cam-image_array_.jpg", "user/angle": 0.030396435438093204, "user/throttle": 0.0, "user/mode": "local", "pilot/angle": 0.8674659132957458, "pilot/throttle": 0.41722819209098816, "milliseconds": 911619}