{"cam/image_array": "3467_cam-image_array_.jpg", "user/angle": 0.030396435438093204, "user/throttle": 0.0, "user/mode": "local", "pilot/angle": 0.8234785795211792, "pilot/throttle": 0.6307790279388428, "milliseconds": 786727}