{"cam/image_array": "1941_cam-image_array_.jpg", "user/angle": 0.030396435438093204, "user/throttle": 0.0, "user/mode": "local", "pilot/angle": 0.616301417350769, "pilot/throttle": 0.6803076863288879, "milliseconds": 444558}