{"cam/image_array": "717_cam-image_array_.jpg", "user/angle": 0.030396435438093204, "user/throttle": 0.0, "user/mode": "local", "pilot/angle": -0.019266068935394287, "pilot/throttle": 0.5815105438232422, "milliseconds": 170087}