{"cam/image_array": "4055_cam-image_array_.jpg", "user/angle": 0.030396435438093204, "user/throttle": 0.0, "user/mode": "local", "pilot/angle": -0.09666014462709427, "pilot/throttle": 0.7527532577514648, "milliseconds": 918565}