{"cam/image_array": "164_cam-image_array_.jpg", "user/angle": 0.030396435438093204, "user/throttle": 0.0, "user/mode": "local", "pilot/angle": -0.41168782114982605, "pilot/throttle": 0.5939422249794006, "milliseconds": 46099}