{"cam/image_array": "1882_cam-image_array_.jpg", "user/angle": 0.030396435438093204, "user/throttle": 0.0, "user/mode": "local", "pilot/angle": -0.00650806725025177, "pilot/throttle": 0.7901381254196167, "milliseconds": 431329}