{"cam/image_array": "3157_cam-image_array_.jpg", "user/angle": 0.030396435438093204, "user/throttle": 0.0, "user/mode": "local", "pilot/angle": 0.6592513918876648, "pilot/throttle": 0.673287570476532, "milliseconds": 717217}