{"cam/image_array": "1485_cam-image_array_.jpg", "user/angle": 0.030396435438093204, "user/throttle": 0.0, "user/mode": "local", "pilot/angle": -0.749091386795044, "pilot/throttle": 0.6821686029434204, "milliseconds": 342292}