{"cam/image_array": "4026_cam-image_array_.jpg", "user/angle": 0.030396435438093204, "user/throttle": 0.0, "user/mode": "local", "pilot/angle": 0.9027121663093567, "pilot/throttle": 0.6365379691123962, "milliseconds": 912067}