{"cam/image_array": "1256_cam-image_array_.jpg", "user/angle": 0.030396435438093204, "user/throttle": 0.0, "user/mode": "local", "pilot/angle": 0.046919967979192734, "pilot/throttle": 0.46459826827049255, "milliseconds": 290949}