{"cam/image_array": "4033_cam-image_array_.jpg", "user/angle": 0.030396435438093204, "user/throttle": 0.0, "user/mode": "local", "pilot/angle": 0.017153333872556686, "pilot/throttle": 0.6921135783195496, "milliseconds": 913636}