{"cam/image_array": "2218_cam-image_array_.jpg", "user/angle": 0.030396435438093204, "user/throttle": 0.0, "user/mode": "local", "pilot/angle": 0.4760162830352783, "pilot/throttle": 0.5600235462188721, "milliseconds": 506671}