{"cam/image_array": "4185_cam-image_array_.jpg", "user/angle": 0.030396435438093204, "user/throttle": 0.0, "user/mode": "local", "pilot/angle": -0.005397364497184753, "pilot/throttle": 0.6811971068382263, "milliseconds": 947717}