{"cam/image_array": "4355_cam-image_array_.jpg", "user/angle": 0.030396435438093204, "user/throttle": 0.0, "user/mode": "local", "pilot/angle": 0.41417020559310913, "pilot/throttle": 0.49743080139160156, "milliseconds": 985834}