{"cam/image_array": "3515_cam-image_array_.jpg", "user/angle": 0.030396435438093204, "user/throttle": 0.0, "user/mode": "local", "pilot/angle": 0.9621042013168335, "pilot/throttle": 0.3728709816932678, "milliseconds": 797485}