{"cam/image_array": "3121_cam-image_array_.jpg", "user/angle": 0.030396435438093204, "user/throttle": 0.0, "user/mode": "local", "pilot/angle": 0.004760682582855225, "pilot/throttle": 0.556853175163269, "milliseconds": 709146}