{"cam/image_array": "3507_cam-image_array_.jpg", "user/angle": 0.030396435438093204, "user/throttle": 0.0, "user/mode": "local", "pilot/angle": 0.0570562444627285, "pilot/throttle": 0.6300920248031616, "milliseconds": 795692}