{"cam/image_array": "4464_cam-image_array_.jpg", "user/angle": 0.030396435438093204, "user/throttle": 0.0, "user/mode": "local", "pilot/angle": 0.03930094465613365, "pilot/throttle": 0.7227456569671631, "milliseconds": 1010268}