{"cam/image_array": "1117_cam-image_array_.jpg", "user/angle": 0.030396435438093204, "user/throttle": 0.0, "user/mode": "local", "pilot/angle": 0.18030785024166107, "pilot/throttle": 0.7108135223388672, "milliseconds": 259782}