{"cam/image_array": "4465_cam-image_array_.jpg", "user/angle": 0.030396435438093204, "user/throttle": 0.0, "user/mode": "local", "pilot/angle": -0.03646703064441681, "pilot/throttle": 0.5815616250038147, "milliseconds": 1010492}