{"cam/image_array": "1608_cam-image_array_.jpg", "user/angle": 0.030396435438093204, "user/throttle": 0.0, "user/mode": "local", "pilot/angle": 0.6268435716629028, "pilot/throttle": 0.7000923156738281, "milliseconds": 369871}