{"cam/image_array": "928_cam-image_array_.jpg", "user/angle": 0.030396435438093204, "user/throttle": 0.0, "user/mode": "local", "pilot/angle": -0.15989384055137634, "pilot/throttle": 0.7787446975708008, "milliseconds": 217400}