{"cam/image_array": "1641_cam-image_array_.jpg", "user/angle": 0.030396435438093204, "user/throttle": 0.0, "user/mode": "local", "pilot/angle": 0.7428323030471802, "pilot/throttle": 0.3950255811214447, "milliseconds": 377272}