{"cam/image_array": "4139_cam-image_array_.jpg", "user/angle": 0.030396435438093204, "user/throttle": 0.0, "user/mode": "local", "pilot/angle": 0.5687257051467896, "pilot/throttle": 0.8025591373443604, "milliseconds": 937396}