{"cam/image_array": "1929_cam-image_array_.jpg", "user/angle": 0.030396435438093204, "user/throttle": 0.0, "user/mode": "local", "pilot/angle": 0.874660313129425, "pilot/throttle": 0.4140779376029968, "milliseconds": 441862}