{"cam/image_array": "2957_cam-image_array_.jpg", "user/angle": 0.030396435438093204, "user/throttle": 0.0, "user/mode": "local", "pilot/angle": 0.7911221981048584, "pilot/throttle": 0.5335583090782166, "milliseconds": 672367}