{"cam/image_array": "1741_cam-image_array_.jpg", "user/angle": 0.030396435438093204, "user/throttle": 0.0, "user/mode": "local", "pilot/angle": 0.8712506890296936, "pilot/throttle": 0.45824405550956726, "milliseconds": 399698}