{"cam/image_array": "2697_cam-image_array_.jpg", "user/angle": 0.030396435438093204, "user/throttle": 0.0, "user/mode": "local", "pilot/angle": -0.4012450575828552, "pilot/throttle": 0.7293654680252075, "milliseconds": 614069}