{"cam/image_array": "2880_cam-image_array_.jpg", "user/angle": 0.030396435438093204, "user/throttle": 0.0, "user/mode": "local", "pilot/angle": 0.3941752314567566, "pilot/throttle": 0.727566123008728, "milliseconds": 655100}