{"cam/image_array": "3754_cam-image_array_.jpg", "user/angle": 0.030396435438093204, "user/throttle": 0.0, "user/mode": "local", "pilot/angle": 0.005085386335849762, "pilot/throttle": 0.7625796794891357, "milliseconds": 851075}