{"cam/image_array": "442_cam-image_array_.jpg", "user/angle": 0.030396435438093204, "user/throttle": 0.0, "user/mode": "local", "pilot/angle": 0.1330060213804245, "pilot/throttle": 0.7442641854286194, "milliseconds": 108442}