{"cam/image_array": "4181_cam-image_array_.jpg", "user/angle": 0.030396435438093204, "user/throttle": 0.0, "user/mode": "local", "pilot/angle": 0.8799750804901123, "pilot/throttle": 0.6662760376930237, "milliseconds": 946820}