{"cam/image_array": "422_cam-image_array_.jpg", "user/angle": 0.030396435438093204, "user/throttle": 0.0, "user/mode": "local", "pilot/angle": 0.8547891974449158, "pilot/throttle": 0.33248171210289, "milliseconds": 103960}