{"cam/image_array": "3048_cam-image_array_.jpg", "user/angle": 0.030396435438093204, "user/throttle": 0.0, "user/mode": "local", "pilot/angle": 0.6971721649169922, "pilot/throttle": 0.448211669921875, "milliseconds": 692776}