{"cam/image_array": "807_cam-image_array_.jpg", "user/angle": 0.030396435438093204, "user/throttle": 0.0, "user/mode": "local", "pilot/angle": 0.8991323113441467, "pilot/throttle": 0.46610456705093384, "milliseconds": 190273}