{"cam/image_array": "4018_cam-image_array_.jpg", "user/angle": 0.030396435438093204, "user/throttle": 0.0, "user/mode": "local", "pilot/angle": 0.10526996850967407, "pilot/throttle": 0.6876969933509827, "milliseconds": 910274}