{"cam/image_array": "4271_cam-image_array_.jpg", "user/angle": 0.030396435438093204, "user/throttle": 0.0, "user/mode": "local", "pilot/angle": 0.8381268978118896, "pilot/throttle": 0.43560630083084106, "milliseconds": 967002}