{"cam/image_array": "3186_cam-image_array_.jpg", "user/angle": 0.030396435438093204, "user/throttle": 0.0, "user/mode": "local", "pilot/angle": 0.5577476620674133, "pilot/throttle": 0.7242152094841003, "milliseconds": 723720}