{"cam/image_array": "4578_cam-image_array_.jpg", "user/angle": 0.030396435438093204, "user/throttle": 0.0, "user/mode": "local", "pilot/angle": -0.2433721423149109, "pilot/throttle": 0.6568442583084106, "milliseconds": 1035832}