{"cam/image_array": "83_cam-image_array_.jpg", "user/angle": 0.030396435438093204, "user/throttle": 0.0, "user/mode": "local", "pilot/angle": 0.8564358353614807, "pilot/throttle": 0.5029347538948059, "milliseconds": 27944}