{"cam/image_array": "1554_cam-image_array_.jpg", "user/angle": 0.030396435438093204, "user/throttle": 0.0, "user/mode": "local", "pilot/angle": 0.7562132477760315, "pilot/throttle": 0.40314748883247375, "milliseconds": 357761}