{"cam/image_array": "3896_cam-image_array_.jpg", "user/angle": 0.030396435438093204, "user/throttle": 0.0, "user/mode": "local", "pilot/angle": 0.7877554893493652, "pilot/throttle": 0.6274581551551819, "milliseconds": 882917}