{"cam/image_array": "3371_cam-image_array_.jpg", "user/angle": 0.030396435438093204, "user/throttle": 0.0, "user/mode": "local", "pilot/angle": 0.6577371954917908, "pilot/throttle": 0.6596126556396484, "milliseconds": 765200}