{"cam/image_array": "4211_cam-image_array_.jpg", "user/angle": 0.030396435438093204, "user/throttle": 0.0, "user/mode": "local", "pilot/angle": 0.6864796280860901, "pilot/throttle": 0.5791348218917847, "milliseconds": 953552}