{"cam/image_array": "1253_cam-image_array_.jpg", "user/angle": 0.030396435438093204, "user/throttle": 0.0, "user/mode": "local", "pilot/angle": 0.05620681494474411, "pilot/throttle": 0.42465105652809143, "milliseconds": 290277}