{"cam/image_array": "2307_cam-image_array_.jpg", "user/angle": 0.030396435438093204, "user/throttle": 0.0, "user/mode": "local", "pilot/angle": 0.12785762548446655, "pilot/throttle": 0.6417093873023987, "milliseconds": 526626}