{"cam/image_array": "3448_cam-image_array_.jpg", "user/angle": 0.030396435438093204, "user/throttle": 0.0, "user/mode": "local", "pilot/angle": -0.5334907174110413, "pilot/throttle": 0.7427647113800049, "milliseconds": 782467}