{"cam/image_array": "1839_cam-image_array_.jpg", "user/angle": 0.030396435438093204, "user/throttle": 0.0, "user/mode": "local", "pilot/angle": 0.1200077012181282, "pilot/throttle": 0.6943748593330383, "milliseconds": 421684}