{"cam/image_array": "4311_cam-image_array_.jpg", "user/angle": 0.030396435438093204, "user/throttle": 0.0, "user/mode": "local", "pilot/angle": 0.9977441430091858, "pilot/throttle": 0.5629056692123413, "milliseconds": 975966}