{"cam/image_array": "4353_cam-image_array_.jpg", "user/angle": 0.030396435438093204, "user/throttle": 0.0, "user/mode": "local", "pilot/angle": 0.18965937197208405, "pilot/throttle": 0.5056672692298889, "milliseconds": 985386}