{"cam/image_array": "3062_cam-image_array_.jpg", "user/angle": 0.030396435438093204, "user/throttle": 0.0, "user/mode": "local", "pilot/angle": 0.6640524864196777, "pilot/throttle": 0.5390129089355469, "milliseconds": 695915}