{"cam/image_array": "4571_cam-image_array_.jpg", "user/angle": 0.030396435438093204, "user/throttle": 0.0, "user/mode": "local", "pilot/angle": 0.02999485656619072, "pilot/throttle": 0.8057859539985657, "milliseconds": 1034263}