{"cam/image_array": "3408_cam-image_array_.jpg", "user/angle": 0.030396435438093204, "user/throttle": 0.0, "user/mode": "local", "pilot/angle": -0.05351672321557999, "pilot/throttle": 0.6023615002632141, "milliseconds": 773494}