{"cam/image_array": "3251_cam-image_array_.jpg", "user/angle": 0.030396435438093204, "user/throttle": 0.0, "user/mode": "local", "pilot/angle": 0.737974226474762, "pilot/throttle": 0.668242871761322, "milliseconds": 738294}