{"cam/image_array": "875_cam-image_array_.jpg", "user/angle": 0.030396435438093204, "user/throttle": 0.0, "user/mode": "local", "pilot/angle": -0.12405168265104294, "pilot/throttle": 0.7463663816452026, "milliseconds": 205518}