{"cam/image_array": "1164_cam-image_array_.jpg", "user/angle": 0.030396435438093204, "user/throttle": 0.0, "user/mode": "local", "pilot/angle": 0.10518378764390945, "pilot/throttle": 0.7960204482078552, "milliseconds": 270319}