{"cam/image_array": "1294_cam-image_array_.jpg", "user/angle": 0.030396435438093204, "user/throttle": 0.0, "user/mode": "local", "pilot/angle": -0.7822008728981018, "pilot/throttle": 0.6322514414787292, "milliseconds": 299474}