{"cam/image_array": "29_cam-image_array_.jpg", "user/angle": 0.030396435438093204, "user/throttle": 0.0, "user/mode": "local", "pilot/angle": 0.7695534825325012, "pilot/throttle": 0.5409465432167053, "milliseconds": 15804}