{"cam/image_array": "3568_cam-image_array_.jpg", "user/angle": 0.030396435438093204, "user/throttle": 0.0, "user/mode": "local", "pilot/angle": -0.08090094476938248, "pilot/throttle": 0.7408488392829895, "milliseconds": 809368}