{"cam/image_array": "2171_cam-image_array_.jpg", "user/angle": 0.030396435438093204, "user/throttle": 0.0, "user/mode": "local", "pilot/angle": 0.6771331429481506, "pilot/throttle": 0.6456624865531921, "milliseconds": 496133}