{"cam/image_array": "1825_cam-image_array_.jpg", "user/angle": 0.030396435438093204, "user/throttle": 0.0, "user/mode": "local", "pilot/angle": 0.5797385573387146, "pilot/throttle": 0.4317626655101776, "milliseconds": 418545}