{"cam/image_array": "1898_cam-image_array_.jpg", "user/angle": 0.030396435438093204, "user/throttle": 0.0, "user/mode": "local", "pilot/angle": 0.0030713826417922974, "pilot/throttle": 0.6857156753540039, "milliseconds": 434916}