{"cam/image_array": "1954_cam-image_array_.jpg", "user/angle": 0.030396435438093204, "user/throttle": 0.0, "user/mode": "local", "pilot/angle": -0.43615061044692993, "pilot/throttle": 0.6252111196517944, "milliseconds": 447474}