{"cam/image_array": "1183_cam-image_array_.jpg", "user/angle": 0.030396435438093204, "user/throttle": 0.0, "user/mode": "local", "pilot/angle": 0.02437332645058632, "pilot/throttle": 0.7261859178543091, "milliseconds": 274579}