{"cam/image_array": "2226_cam-image_array_.jpg", "user/angle": 0.030396435438093204, "user/throttle": 0.0, "user/mode": "local", "pilot/angle": -0.41527074575424194, "pilot/throttle": 0.7627775073051453, "milliseconds": 508465}