{"cam/image_array": "3957_cam-image_array_.jpg", "user/angle": 0.030396435438093204, "user/throttle": 0.0, "user/mode": "local", "pilot/angle": -0.09079576283693314, "pilot/throttle": 0.6785715222358704, "milliseconds": 896594}