{"cam/image_array": "2672_cam-image_array_.jpg", "user/angle": 0.030396435438093204, "user/throttle": 0.0, "user/mode": "local", "pilot/angle": 0.6626261472702026, "pilot/throttle": 0.4456375539302826, "milliseconds": 608466}