{"cam/image_array": "837_cam-image_array_.jpg", "user/angle": 0.030396435438093204, "user/throttle": 0.0, "user/mode": "local", "pilot/angle": 0.08589571714401245, "pilot/throttle": 0.58598792552948, "milliseconds": 196999}