{"cam/image_array": "1243_cam-image_array_.jpg", "user/angle": 0.030396435438093204, "user/throttle": 0.0, "user/mode": "local", "pilot/angle": -0.1593935489654541, "pilot/throttle": 0.7801783680915833, "milliseconds": 288029}