{"cam/image_array": "1442_cam-image_array_.jpg", "user/angle": 0.030396435438093204, "user/throttle": 0.0, "user/mode": "local", "pilot/angle": 0.04556247964501381, "pilot/throttle": 0.6018519997596741, "milliseconds": 332651}