{"cam/image_array": "1637_cam-image_array_.jpg", "user/angle": 0.030396435438093204, "user/throttle": 0.0, "user/mode": "local", "pilot/angle": 0.3719588816165924, "pilot/throttle": 0.7605665922164917, "milliseconds": 376372}