{"cam/image_array": "1078_cam-image_array_.jpg", "user/angle": 0.030396435438093204, "user/throttle": 0.0, "user/mode": "local", "pilot/angle": 0.6165419220924377, "pilot/throttle": 0.31033846735954285, "milliseconds": 251039}