{"cam/image_array": "1975_cam-image_array_.jpg", "user/angle": 0.030396435438093204, "user/throttle": 0.0, "user/mode": "local", "pilot/angle": -0.12151529639959335, "pilot/throttle": 0.812168300151825, "milliseconds": 452183}