{"cam/image_array": "3403_cam-image_array_.jpg", "user/angle": 0.030396435438093204, "user/throttle": 0.0, "user/mode": "local", "pilot/angle": 0.23155340552330017, "pilot/throttle": 0.5388033390045166, "milliseconds": 772374}