{"cam/image_array": "1754_cam-image_array_.jpg", "user/angle": 0.030396435438093204, "user/throttle": 0.0, "user/mode": "local", "pilot/angle": 0.6740865707397461, "pilot/throttle": 0.6548197865486145, "milliseconds": 402615}