{"cam/image_array": "3000_cam-image_array_.jpg", "user/angle": 0.030396435438093204, "user/throttle": 0.0, "user/mode": "local", "pilot/angle": 0.022439297288656235, "pilot/throttle": 0.7078418731689453, "milliseconds": 682013}