{"cam/image_array": "512_cam-image_array_.jpg", "user/angle": 0.030396435438093204, "user/throttle": 0.0, "user/mode": "local", "pilot/angle": 0.8656293749809265, "pilot/throttle": 0.2542862594127655, "milliseconds": 124135}