{"cam/image_array": "2392_cam-image_array_.jpg", "user/angle": 0.030396435438093204, "user/throttle": 0.0, "user/mode": "local", "pilot/angle": 0.04238678887486458, "pilot/throttle": 0.7489185929298401, "milliseconds": 545683}