{"cam/image_array": "3057_cam-image_array_.jpg", "user/angle": 0.030396435438093204, "user/throttle": 0.0, "user/mode": "local", "pilot/angle": -0.11440309137105942, "pilot/throttle": 0.5567703247070312, "milliseconds": 694795}