{"cam/image_array": "2562_cam-image_array_.jpg", "user/angle": 0.030396435438093204, "user/throttle": 0.0, "user/mode": "local", "pilot/angle": 0.0845256820321083, "pilot/throttle": 0.7118207216262817, "milliseconds": 583806}