{"cam/image_array": "1314_cam-image_array_.jpg", "user/angle": 0.030396435438093204, "user/throttle": 0.0, "user/mode": "local", "pilot/angle": 0.0529823899269104, "pilot/throttle": 0.7335060834884644, "milliseconds": 303956}