{"cam/image_array": "2379_cam-image_array_.jpg", "user/angle": 0.030396435438093204, "user/throttle": 0.0, "user/mode": "local", "pilot/angle": 0.7296584248542786, "pilot/throttle": 0.5045101046562195, "milliseconds": 542770}