{"cam/image_array": "3098_cam-image_array_.jpg", "user/angle": 0.030396435438093204, "user/throttle": 0.0, "user/mode": "local", "pilot/angle": 0.05558604747056961, "pilot/throttle": 0.6242259740829468, "milliseconds": 703992}