{"cam/image_array": "1264_cam-image_array_.jpg", "user/angle": 0.030396435438093204, "user/throttle": 0.0, "user/mode": "local", "pilot/angle": 0.7055047750473022, "pilot/throttle": 0.2333337664604187, "milliseconds": 292743}