{"cam/image_array": "85_cam-image_array_.jpg", "user/angle": 0.030396435438093204, "user/throttle": 0.0, "user/mode": "local", "pilot/angle": 1.0123627185821533, "pilot/throttle": 0.5327773094177246, "milliseconds": 28393}