{"cam/image_array": "166_cam-image_array_.jpg", "user/angle": 0.030396435438093204, "user/throttle": 0.0, "user/mode": "local", "pilot/angle": -0.6740332841873169, "pilot/throttle": 0.6765735149383545, "milliseconds": 46548}