{"cam/image_array": "3183_cam-image_array_.jpg", "user/angle": 0.030396435438093204, "user/throttle": 0.0, "user/mode": "local", "pilot/angle": 1.0325254201889038, "pilot/throttle": 0.6998857259750366, "milliseconds": 723048}