{"cam/image_array": "1772_cam-image_array_.jpg", "user/angle": 0.030396435438093204, "user/throttle": 0.0, "user/mode": "local", "pilot/angle": 0.24552235007286072, "pilot/throttle": 0.6331372857093811, "milliseconds": 406651}