{"cam/image_array": "3055_cam-image_array_.jpg", "user/angle": 0.030396435438093204, "user/throttle": 0.0, "user/mode": "local", "pilot/angle": -0.011166460812091827, "pilot/throttle": 0.6147527694702148, "milliseconds": 694346}