{"cam/image_array": "3844_cam-image_array_.jpg", "user/angle": 0.030396435438093204, "user/throttle": 0.0, "user/mode": "local", "pilot/angle": 0.5276059508323669, "pilot/throttle": 0.7155886888504028, "milliseconds": 871258}