{"cam/image_array": "1977_cam-image_array_.jpg", "user/angle": 0.030396435438093204, "user/throttle": 0.0, "user/mode": "local", "pilot/angle": -0.022224828600883484, "pilot/throttle": 0.7431784272193909, "milliseconds": 452631}