{"cam/image_array": "4151_cam-image_array_.jpg", "user/angle": 0.030396435438093204, "user/throttle": 0.0, "user/mode": "local", "pilot/angle": -0.06279722601175308, "pilot/throttle": 0.656214714050293, "milliseconds": 940087}