{"cam/image_array": "1210_cam-image_array_.jpg", "user/angle": 0.030396435438093204, "user/throttle": 0.0, "user/mode": "local", "pilot/angle": 0.4805811941623688, "pilot/throttle": 0.5995361804962158, "milliseconds": 280631}