{"cam/image_array": "1346_cam-image_array_.jpg", "user/angle": 0.030396435438093204, "user/throttle": 0.0, "user/mode": "local", "pilot/angle": 0.059518903493881226, "pilot/throttle": 0.6986150145530701, "milliseconds": 311127}