{"cam/image_array": "4048_cam-image_array_.jpg", "user/angle": 0.030396435438093204, "user/throttle": 0.0, "user/mode": "local", "pilot/angle": 0.10245923697948456, "pilot/throttle": 0.7164218425750732, "milliseconds": 916996}