{"cam/image_array": "511_cam-image_array_.jpg", "user/angle": 0.030396435438093204, "user/throttle": 0.0, "user/mode": "local", "pilot/angle": 0.5734115839004517, "pilot/throttle": 0.3217591941356659, "milliseconds": 123910}