{"cam/image_array": "3015_cam-image_array_.jpg", "user/angle": 0.030396435438093204, "user/throttle": 0.0, "user/mode": "local", "pilot/angle": 0.26882681250572205, "pilot/throttle": 0.6859142184257507, "milliseconds": 685380}