{"cam/image_array": "3831_cam-image_array_.jpg", "user/angle": 0.030396435438093204, "user/throttle": 0.0, "user/mode": "local", "pilot/angle": 0.007730118930339813, "pilot/throttle": 0.6470622420310974, "milliseconds": 868337}