{"cam/image_array": "1671_cam-image_array_.jpg", "user/angle": 0.030396435438093204, "user/throttle": 0.0, "user/mode": "local", "pilot/angle": -0.6204472780227661, "pilot/throttle": 0.49306720495224, "milliseconds": 383999}