{"cam/image_array": "1480_cam-image_array_.jpg", "user/angle": 0.030396435438093204, "user/throttle": 0.0, "user/mode": "local", "pilot/angle": -0.5352074503898621, "pilot/throttle": 0.7947232127189636, "milliseconds": 341170}