{"cam/image_array": "2185_cam-image_array_.jpg", "user/angle": 0.030396435438093204, "user/throttle": 0.0, "user/mode": "local", "pilot/angle": 0.016183245927095413, "pilot/throttle": 0.5316885709762573, "milliseconds": 499273}