{"cam/image_array": "3042_cam-image_array_.jpg", "user/angle": 0.030396435438093204, "user/throttle": 0.0, "user/mode": "local", "pilot/angle": 0.9444048404693604, "pilot/throttle": 0.2998920679092407, "milliseconds": 691431}