{"cam/image_array": "368_cam-image_array_.jpg", "user/angle": 0.030396435438093204, "user/throttle": 0.0, "user/mode": "local", "pilot/angle": 0.1424875110387802, "pilot/throttle": 0.4768040180206299, "milliseconds": 91849}