{"cam/image_array": "4511_cam-image_array_.jpg", "user/angle": 0.030396435438093204, "user/throttle": 0.0, "user/mode": "local", "pilot/angle": 0.018529687076807022, "pilot/throttle": 0.6120581030845642, "milliseconds": 1020805}