{"cam/image_array": "1927_cam-image_array_.jpg", "user/angle": 0.030396435438093204, "user/throttle": 0.0, "user/mode": "local", "pilot/angle": 0.7742931246757507, "pilot/throttle": 0.48041972517967224, "milliseconds": 441414}