{"cam/image_array": "3385_cam-image_array_.jpg", "user/angle": 0.030396435438093204, "user/throttle": 0.0, "user/mode": "local", "pilot/angle": 0.7419608235359192, "pilot/throttle": 0.7688796520233154, "milliseconds": 768339}