{"cam/image_array": "3743_cam-image_array_.jpg", "user/angle": 0.030396435438093204, "user/throttle": 0.0, "user/mode": "local", "pilot/angle": 0.8705892562866211, "pilot/throttle": 0.5832019448280334, "milliseconds": 848609}