{"cam/image_array": "3001_cam-image_array_.jpg", "user/angle": 0.030396435438093204, "user/throttle": 0.0, "user/mode": "local", "pilot/angle": 0.01084638386964798, "pilot/throttle": 0.6475347876548767, "milliseconds": 682238}