{"cam/image_array": "581_cam-image_array_.jpg", "user/angle": 0.030396435438093204, "user/throttle": 0.0, "user/mode": "local", "pilot/angle": 0.9367852807044983, "pilot/throttle": 0.7902892827987671, "milliseconds": 139607}