{"cam/image_array": "822_cam-image_array_.jpg", "user/angle": 0.030396435438093204, "user/throttle": 0.0, "user/mode": "local", "pilot/angle": 0.8732564449310303, "pilot/throttle": 0.6217447519302368, "milliseconds": 193636}