{"cam/image_array": "3013_cam-image_array_.jpg", "user/angle": 0.030396435438093204, "user/throttle": 0.0, "user/mode": "local", "pilot/angle": 0.8479073643684387, "pilot/throttle": 0.7898159027099609, "milliseconds": 684929}