{"cam/image_array": "1441_cam-image_array_.jpg", "user/angle": 0.030396435438093204, "user/throttle": 0.0, "user/mode": "local", "pilot/angle": 0.0406731516122818, "pilot/throttle": 0.7354379296302795, "milliseconds": 332427}