{"cam/image_array": "3812_cam-image_array_.jpg", "user/angle": 0.030396435438093204, "user/throttle": 0.0, "user/mode": "local", "pilot/angle": -0.05029900372028351, "pilot/throttle": 0.7400637269020081, "milliseconds": 864077}