{"cam/image_array": "896_cam-image_array_.jpg", "user/angle": 0.030396435438093204, "user/throttle": 0.0, "user/mode": "local", "pilot/angle": 0.9173832535743713, "pilot/throttle": 0.4541110694408417, "milliseconds": 210225}