{"cam/image_array": "3451_cam-image_array_.jpg", "user/angle": 0.030396435438093204, "user/throttle": 0.0, "user/mode": "local", "pilot/angle": -0.4464249610900879, "pilot/throttle": 0.6088901162147522, "milliseconds": 783139}