{"cam/image_array": "4241_cam-image_array_.jpg", "user/angle": 0.030396435438093204, "user/throttle": 0.0, "user/mode": "local", "pilot/angle": -0.07975874096155167, "pilot/throttle": 0.7905425429344177, "milliseconds": 960278}