{"cam/image_array": "13_cam-image_array_.jpg", "user/angle": 0.030396435438093204, "user/throttle": 0.0, "user/mode": "local", "pilot/angle": -0.1256822943687439, "pilot/throttle": 0.8392307758331299, "milliseconds": 12213}