{"cam/image_array": "3788_cam-image_array_.jpg", "user/angle": 0.030396435438093204, "user/throttle": 0.0, "user/mode": "local", "pilot/angle": 0.08727847039699554, "pilot/throttle": 0.7400761246681213, "milliseconds": 858697}