{"cam/image_array": "3652_cam-image_array_.jpg", "user/angle": 0.030396435438093204, "user/throttle": 0.0, "user/mode": "local", "pilot/angle": 0.8008677959442139, "pilot/throttle": 0.4395524263381958, "milliseconds": 828207}