{"cam/image_array": "909_cam-image_array_.jpg", "user/angle": 0.030396435438093204, "user/throttle": 0.0, "user/mode": "local", "pilot/angle": 0.03907234966754913, "pilot/throttle": 0.8178303837776184, "milliseconds": 213139}