{"cam/image_array": "921_cam-image_array_.jpg", "user/angle": 0.030396435438093204, "user/throttle": 0.0, "user/mode": "local", "pilot/angle": -0.5295236110687256, "pilot/throttle": 0.7231305241584778, "milliseconds": 215830}