{"cam/image_array": "2183_cam-image_array_.jpg", "user/angle": 0.030396435438093204, "user/throttle": 0.0, "user/mode": "local", "pilot/angle": -0.06360917538404465, "pilot/throttle": 0.497465580701828, "milliseconds": 498823}