{"cam/image_array": "808_cam-image_array_.jpg", "user/angle": 0.030396435438093204, "user/throttle": 0.0, "user/mode": "local", "pilot/angle": 0.9314168095588684, "pilot/throttle": 0.532564103603363, "milliseconds": 190497}