{"cam/image_array": "4304_cam-image_array_.jpg", "user/angle": 0.030396435438093204, "user/throttle": 0.0, "user/mode": "local", "pilot/angle": 0.839221715927124, "pilot/throttle": 0.4284670352935791, "milliseconds": 974397}