{"cam/image_array": "4435_cam-image_array_.jpg", "user/angle": 0.030396435438093204, "user/throttle": 0.0, "user/mode": "local", "pilot/angle": -0.0729946419596672, "pilot/throttle": 0.6283549666404724, "milliseconds": 1003768}