{"cam/image_array": "3122_cam-image_array_.jpg", "user/angle": 0.030396435438093204, "user/throttle": 0.0, "user/mode": "local", "pilot/angle": 0.0463160015642643, "pilot/throttle": 0.574760377407074, "milliseconds": 709370}