{"cam/image_array": "2455_cam-image_array_.jpg", "user/angle": 0.030396435438093204, "user/throttle": 0.0, "user/mode": "local", "pilot/angle": -0.0528833344578743, "pilot/throttle": 0.662263810634613, "milliseconds": 559813}