{"cam/image_array": "2513_cam-image_array_.jpg", "user/angle": 0.030396435438093204, "user/throttle": 0.0, "user/mode": "local", "pilot/angle": 0.5172907710075378, "pilot/throttle": 0.6071866750717163, "milliseconds": 572816}