{"cam/image_array": "4575_cam-image_array_.jpg", "user/angle": 0.030396435438093204, "user/throttle": 0.0, "user/mode": "local", "pilot/angle": -0.14222708344459534, "pilot/throttle": 0.664681613445282, "milliseconds": 1035160}