{"cam/image_array": "3769_cam-image_array_.jpg", "user/angle": 0.030396435438093204, "user/throttle": 0.0, "user/mode": "local", "pilot/angle": 0.662598729133606, "pilot/throttle": 0.5794287919998169, "milliseconds": 854438}