{"cam/image_array": "3921_cam-image_array_.jpg", "user/angle": 0.030396435438093204, "user/throttle": 0.0, "user/mode": "local", "pilot/angle": -0.14554867148399353, "pilot/throttle": 0.7643276453018188, "milliseconds": 888521}