{"cam/image_array": "30_cam-image_array_.jpg", "user/angle": 0.030396435438093204, "user/throttle": 0.0, "user/mode": "local", "pilot/angle": 0.606567919254303, "pilot/throttle": 0.1928921937942505, "milliseconds": 16028}