{"cam/image_array": "3212_cam-image_array_.jpg", "user/angle": 0.030396435438093204, "user/throttle": 0.0, "user/mode": "local", "pilot/angle": -0.0363701656460762, "pilot/throttle": 0.6562843322753906, "milliseconds": 729548}