{"cam/image_array": "2385_cam-image_array_.jpg", "user/angle": 0.030396435438093204, "user/throttle": 0.0, "user/mode": "local", "pilot/angle": 0.9632799029350281, "pilot/throttle": 0.41241300106048584, "milliseconds": 544115}