{"cam/image_array": "3255_cam-image_array_.jpg", "user/angle": 0.030396435438093204, "user/throttle": 0.0, "user/mode": "local", "pilot/angle": 0.23825666308403015, "pilot/throttle": 0.6825669407844543, "milliseconds": 739191}