{"cam/image_array": "1037_cam-image_array_.jpg", "user/angle": 0.030396435438093204, "user/throttle": 0.0, "user/mode": "local", "pilot/angle": 0.05709052458405495, "pilot/throttle": 0.766401469707489, "milliseconds": 241843}