{"cam/image_array": "3425_cam-image_array_.jpg", "user/angle": 0.030396435438093204, "user/throttle": 0.0, "user/mode": "local", "pilot/angle": 0.7039056420326233, "pilot/throttle": 0.4820471704006195, "milliseconds": 777306}