{"cam/image_array": "771_cam-image_array_.jpg", "user/angle": 0.030396435438093204, "user/throttle": 0.0, "user/mode": "local", "pilot/angle": 0.6006511449813843, "pilot/throttle": 0.601677417755127, "milliseconds": 182200}