{"cam/image_array": "2117_cam-image_array_.jpg", "user/angle": 0.030396435438093204, "user/throttle": 0.0, "user/mode": "local", "pilot/angle": 0.018581483513116837, "pilot/throttle": 0.698641836643219, "milliseconds": 484024}