{"cam/image_array": "94_cam-image_array_.jpg", "user/angle": 0.030396435438093204, "user/throttle": 0.0, "user/mode": "local", "pilot/angle": -0.1301039457321167, "pilot/throttle": 0.6354417204856873, "milliseconds": 30409}