{"cam/image_array": "1382_cam-image_array_.jpg", "user/angle": 0.030396435438093204, "user/throttle": 0.0, "user/mode": "local", "pilot/angle": 0.22399035096168518, "pilot/throttle": 0.6534259915351868, "milliseconds": 319199}