{"cam/image_array": "610_cam-image_array_.jpg", "user/angle": 0.030396435438093204, "user/throttle": 0.0, "user/mode": "local", "pilot/angle": 0.9183606505393982, "pilot/throttle": 0.3412981629371643, "milliseconds": 146104}