{"cam/image_array": "2878_cam-image_array_.jpg", "user/angle": 0.030396435438093204, "user/throttle": 0.0, "user/mode": "local", "pilot/angle": 0.4623965620994568, "pilot/throttle": 0.6698020100593567, "milliseconds": 654652}