{"cam/image_array": "653_cam-image_array_.jpg", "user/angle": 0.030396435438093204, "user/throttle": 0.0, "user/mode": "local", "pilot/angle": 0.8665819764137268, "pilot/throttle": 0.46894800662994385, "milliseconds": 155741}