{"cam/image_array": "2210_cam-image_array_.jpg", "user/angle": 0.030396435438093204, "user/throttle": 0.0, "user/mode": "local", "pilot/angle": -0.005825214087963104, "pilot/throttle": 0.7743090987205505, "milliseconds": 504878}