{"cam/image_array": "2989_cam-image_array_.jpg", "user/angle": 0.030396435438093204, "user/throttle": 0.0, "user/mode": "local", "pilot/angle": 0.9594436287879944, "pilot/throttle": 0.6386623978614807, "milliseconds": 679543}