{"cam/image_array": "1725_cam-image_array_.jpg", "user/angle": 0.030396435438093204, "user/throttle": 0.0, "user/mode": "local", "pilot/angle": -0.013695336878299713, "pilot/throttle": 0.6762909889221191, "milliseconds": 396109}