{"cam/image_array": "2153_cam-image_array_.jpg", "user/angle": 0.030396435438093204, "user/throttle": 0.0, "user/mode": "local", "pilot/angle": 0.6961959004402161, "pilot/throttle": 0.5506640672683716, "milliseconds": 492098}