{"cam/image_array": "3434_cam-image_array_.jpg", "user/angle": 0.030396435438093204, "user/throttle": 0.0, "user/mode": "local", "pilot/angle": -0.05725885182619095, "pilot/throttle": 0.7299700975418091, "milliseconds": 779323}