{"cam/image_array": "2623_cam-image_array_.jpg", "user/angle": 0.030396435438093204, "user/throttle": 0.0, "user/mode": "local", "pilot/angle": 0.052153006196022034, "pilot/throttle": 0.6564216613769531, "milliseconds": 597484}