{"cam/image_array": "1104_cam-image_array_.jpg", "user/angle": 0.030396435438093204, "user/throttle": 0.0, "user/mode": "local", "pilot/angle": 0.3616082966327667, "pilot/throttle": 0.6874101758003235, "milliseconds": 256867}