{"cam/image_array": "658_cam-image_array_.jpg", "user/angle": 0.030396435438093204, "user/throttle": 0.0, "user/mode": "local", "pilot/angle": 0.8170055747032166, "pilot/throttle": 0.6787538528442383, "milliseconds": 156862}