{"cam/image_array": "430_cam-image_array_.jpg", "user/angle": 0.030396435438093204, "user/throttle": 0.0, "user/mode": "local", "pilot/angle": -0.024099886417388916, "pilot/throttle": 0.6320321559906006, "milliseconds": 105753}