{"cam/image_array": "4200_cam-image_array_.jpg", "user/angle": 0.030396435438093204, "user/throttle": 0.0, "user/mode": "local", "pilot/angle": -0.48571139574050903, "pilot/throttle": 0.7000821232795715, "milliseconds": 951079}