{"cam/image_array": "2114_cam-image_array_.jpg", "user/angle": 0.030396435438093204, "user/throttle": 0.0, "user/mode": "local", "pilot/angle": 0.6949329376220703, "pilot/throttle": 0.6140175461769104, "milliseconds": 483352}