{"cam/image_array": "2413_cam-image_array_.jpg", "user/angle": 0.030396435438093204, "user/throttle": 0.0, "user/mode": "local", "pilot/angle": -0.19726687669754028, "pilot/throttle": 0.7045954465866089, "milliseconds": 550391}