{"cam/image_array": "4456_cam-image_array_.jpg", "user/angle": 0.030396435438093204, "user/throttle": 0.0, "user/mode": "local", "pilot/angle": 0.902283251285553, "pilot/throttle": 0.24914836883544922, "milliseconds": 1008475}