{"cam/image_array": "3393_cam-image_array_.jpg", "user/angle": 0.030396435438093204, "user/throttle": 0.0, "user/mode": "local", "pilot/angle": -0.02685151994228363, "pilot/throttle": 0.7346700429916382, "milliseconds": 770132}