{"cam/image_array": "311_cam-image_array_.jpg", "user/angle": 0.030396435438093204, "user/throttle": 0.0, "user/mode": "local", "pilot/angle": 0.027409370988607407, "pilot/throttle": 0.7518874406814575, "milliseconds": 79068}