{"cam/image_array": "3527_cam-image_array_.jpg", "user/angle": 0.030396435438093204, "user/throttle": 0.0, "user/mode": "local", "pilot/angle": -0.04589970409870148, "pilot/throttle": 0.5783972144126892, "milliseconds": 800176}