{"cam/image_array": "2234_cam-image_array_.jpg", "user/angle": 0.030396435438093204, "user/throttle": 0.0, "user/mode": "local", "pilot/angle": 0.6292994618415833, "pilot/throttle": 0.5791228413581848, "milliseconds": 510259}