{"cam/image_array": "3029_cam-image_array_.jpg", "user/angle": 0.030396435438093204, "user/throttle": 0.0, "user/mode": "local", "pilot/angle": 0.04840436577796936, "pilot/throttle": 0.643119215965271, "milliseconds": 688518}