{"cam/image_array": "3404_cam-image_array_.jpg", "user/angle": 0.030396435438093204, "user/throttle": 0.0, "user/mode": "local", "pilot/angle": 0.037429604679346085, "pilot/throttle": 0.6984441876411438, "milliseconds": 772598}