{"cam/image_array": "776_cam-image_array_.jpg", "user/angle": 0.030396435438093204, "user/throttle": 0.0, "user/mode": "local", "pilot/angle": -0.11960653215646744, "pilot/throttle": 0.816677987575531, "milliseconds": 183321}