{"cam/image_array": "2458_cam-image_array_.jpg", "user/angle": 0.030396435438093204, "user/throttle": 0.0, "user/mode": "local", "pilot/angle": -0.0027786865830421448, "pilot/throttle": 0.6649230718612671, "milliseconds": 560485}