{"cam/image_array": "2476_cam-image_array_.jpg", "user/angle": 0.030396435438093204, "user/throttle": 0.0, "user/mode": "local", "pilot/angle": 0.9584612250328064, "pilot/throttle": 0.17861345410346985, "milliseconds": 564521}