{"cam/image_array": "1174_cam-image_array_.jpg", "user/angle": 0.030396435438093204, "user/throttle": 0.0, "user/mode": "local", "pilot/angle": 0.990510106086731, "pilot/throttle": 0.297455757856369, "milliseconds": 272561}