{"cam/image_array": "428_cam-image_array_.jpg", "user/angle": 0.030396435438093204, "user/throttle": 0.0, "user/mode": "local", "pilot/angle": 0.028521526604890823, "pilot/throttle": 0.7378766536712646, "milliseconds": 105305}