{"cam/image_array": "1713_cam-image_array_.jpg", "user/angle": 0.030396435438093204, "user/throttle": 0.0, "user/mode": "local", "pilot/angle": -0.08915091305971146, "pilot/throttle": 0.7271201014518738, "milliseconds": 393420}