{"cam/image_array": "2559_cam-image_array_.jpg", "user/angle": 0.030396435438093204, "user/throttle": 0.0, "user/mode": "local", "pilot/angle": 0.014308419078588486, "pilot/throttle": 0.7035989165306091, "milliseconds": 583133}