{"cam/image_array": "2941_cam-image_array_.jpg", "user/angle": 0.030396435438093204, "user/throttle": 0.0, "user/mode": "local", "pilot/angle": 0.042988963425159454, "pilot/throttle": 0.6973069310188293, "milliseconds": 668778}