{"cam/image_array": "1807_cam-image_array_.jpg", "user/angle": 0.030396435438093204, "user/throttle": 0.0, "user/mode": "local", "pilot/angle": -0.06994742900133133, "pilot/throttle": 0.7112712264060974, "milliseconds": 414509}