{"cam/image_array": "198_cam-image_array_.jpg", "user/angle": 0.030396435438093204, "user/throttle": 0.0, "user/mode": "local", "pilot/angle": 0.8930005431175232, "pilot/throttle": 0.6960970759391785, "milliseconds": 53729}