{"cam/image_array": "199_cam-image_array_.jpg", "user/angle": 0.030396435438093204, "user/throttle": 0.0, "user/mode": "local", "pilot/angle": 0.8512983918190002, "pilot/throttle": 0.7084062695503235, "milliseconds": 53953}