{"cam/image_array": "1942_cam-image_array_.jpg", "user/angle": 0.030396435438093204, "user/throttle": 0.0, "user/mode": "local", "pilot/angle": 0.5834353566169739, "pilot/throttle": 0.3622892498970032, "milliseconds": 444782}