{"cam/image_array": "2506_cam-image_array_.jpg", "user/angle": 0.030396435438093204, "user/throttle": 0.0, "user/mode": "local", "pilot/angle": -0.7975921034812927, "pilot/throttle": 0.6772398352622986, "milliseconds": 571247}