{"cam/image_array": "127_cam-image_array_.jpg", "user/angle": 0.030396435438093204, "user/throttle": 0.0, "user/mode": "local", "pilot/angle": 0.030696827918291092, "pilot/throttle": 0.626619279384613, "milliseconds": 37806}