{"cam/image_array": "3750_cam-image_array_.jpg", "user/angle": 0.030396435438093204, "user/throttle": 0.0, "user/mode": "local", "pilot/angle": 0.7629772424697876, "pilot/throttle": 0.6618137359619141, "milliseconds": 850178}