{"cam/image_array": "2918_cam-image_array_.jpg", "user/angle": 0.030396435438093204, "user/throttle": 0.0, "user/mode": "local", "pilot/angle": 0.6933151483535767, "pilot/throttle": 0.6452858448028564, "milliseconds": 663622}