{"cam/image_array": "2556_cam-image_array_.jpg", "user/angle": 0.030396435438093204, "user/throttle": 0.0, "user/mode": "local", "pilot/angle": -0.029360942542552948, "pilot/throttle": 0.7698535919189453, "milliseconds": 582460}