{"cam/image_array": "2252_cam-image_array_.jpg", "user/angle": 0.030396435438093204, "user/throttle": 0.0, "user/mode": "local", "pilot/angle": 0.031285904347896576, "pilot/throttle": 0.3941435217857361, "milliseconds": 514295}