{"cam/image_array": "2705_cam-image_array_.jpg", "user/angle": 0.030396435438093204, "user/throttle": 0.0, "user/mode": "local", "pilot/angle": 0.7712263464927673, "pilot/throttle": 0.4967605173587799, "milliseconds": 615864}