{"cam/image_array": "312_cam-image_array_.jpg", "user/angle": 0.030396435438093204, "user/throttle": 0.0, "user/mode": "local", "pilot/angle": 0.08409802615642548, "pilot/throttle": 0.4737946093082428, "milliseconds": 79292}