{"cam/image_array": "1428_cam-image_array_.jpg", "user/angle": 0.030396435438093204, "user/throttle": 0.0, "user/mode": "local", "pilot/angle": -0.11270520836114883, "pilot/throttle": 0.6498290300369263, "milliseconds": 329510}