{"cam/image_array": "1274_cam-image_array_.jpg", "user/angle": 0.030396435438093204, "user/throttle": 0.0, "user/mode": "local", "pilot/angle": 0.20265662670135498, "pilot/throttle": 0.683854341506958, "milliseconds": 294985}