{"cam/image_array": "1415_cam-image_array_.jpg", "user/angle": 0.030396435438093204, "user/throttle": 0.0, "user/mode": "local", "pilot/angle": 0.03821031004190445, "pilot/throttle": 0.5990365147590637, "milliseconds": 326597}