{"cam/image_array": "1010_cam-image_array_.jpg", "user/angle": 0.030396435438093204, "user/throttle": 0.0, "user/mode": "local", "pilot/angle": 0.03966406360268593, "pilot/throttle": 0.7566867470741272, "milliseconds": 235789}