{"cam/image_array": "3694_cam-image_array_.jpg", "user/angle": 0.030396435438093204, "user/throttle": 0.0, "user/mode": "local", "pilot/angle": 0.09037581086158752, "pilot/throttle": 0.7900365591049194, "milliseconds": 837624}