{"cam/image_array": "3483_cam-image_array_.jpg", "user/angle": 0.030396435438093204, "user/throttle": 0.0, "user/mode": "local", "pilot/angle": 1.031461238861084, "pilot/throttle": 0.7381240129470825, "milliseconds": 790313}