{"cam/image_array": "4513_cam-image_array_.jpg", "user/angle": 0.030396435438093204, "user/throttle": 0.0, "user/mode": "local", "pilot/angle": 0.5944902300834656, "pilot/throttle": 0.7029998898506165, "milliseconds": 1021254}