{"cam/image_array": "4327_cam-image_array_.jpg", "user/angle": 0.030396435438093204, "user/throttle": 0.0, "user/mode": "local", "pilot/angle": 0.9615799784660339, "pilot/throttle": 0.6533618569374084, "milliseconds": 979553}