{"cam/image_array": "3038_cam-image_array_.jpg", "user/angle": 0.030396435438093204, "user/throttle": 0.0, "user/mode": "local", "pilot/angle": 0.4333955645561218, "pilot/throttle": 0.4242439568042755, "milliseconds": 690535}