{"cam/image_array": "39_cam-image_array_.jpg", "user/angle": 0.030396435438093204, "user/throttle": 0.0, "user/mode": "local", "pilot/angle": 0.7945470213890076, "pilot/throttle": 0.3131868839263916, "milliseconds": 18046}