{"cam/image_array": "4595_cam-image_array_.jpg", "user/angle": 0.030396435438093204, "user/throttle": 0.0, "user/mode": "local", "pilot/angle": 1.0233711004257202, "pilot/throttle": 0.5580770969390869, "milliseconds": 1039644}