{"cam/image_array": "2279_cam-image_array_.jpg", "user/angle": 0.030396435438093204, "user/throttle": 0.0, "user/mode": "local", "pilot/angle": 0.038597382605075836, "pilot/throttle": 0.7756863832473755, "milliseconds": 520349}