{"cam/image_array": "3329_cam-image_array_.jpg", "user/angle": 0.030396435438093204, "user/throttle": 0.0, "user/mode": "local", "pilot/angle": 0.8447971940040588, "pilot/throttle": 0.38398629426956177, "milliseconds": 755782}