{"cam/image_array": "332_cam-image_array_.jpg", "user/angle": 0.030396435438093204, "user/throttle": 0.0, "user/mode": "local", "pilot/angle": 0.8037979006767273, "pilot/throttle": 0.46638044714927673, "milliseconds": 83775}