{"cam/image_array": "4395_cam-image_array_.jpg", "user/angle": 0.030396435438093204, "user/throttle": 0.0, "user/mode": "local", "pilot/angle": -0.03328675031661987, "pilot/throttle": 0.7620090842247009, "milliseconds": 994802}