{"cam/image_array": "1469_cam-image_array_.jpg", "user/angle": 0.030396435438093204, "user/throttle": 0.0, "user/mode": "local", "pilot/angle": -0.10180173069238663, "pilot/throttle": 0.6996863484382629, "milliseconds": 338704}