{"cam/image_array": "4124_cam-image_array_.jpg", "user/angle": 0.030396435438093204, "user/throttle": 0.0, "user/mode": "local", "pilot/angle": 1.0225162506103516, "pilot/throttle": 0.598976194858551, "milliseconds": 934035}