{"cam/image_array": "3675_cam-image_array_.jpg", "user/angle": 0.030396435438093204, "user/throttle": 0.0, "user/mode": "local", "pilot/angle": 0.28267914056777954, "pilot/throttle": 0.7007735371589661, "milliseconds": 833365}