{"cam/image_array": "743_cam-image_array_.jpg", "user/angle": 0.030396435438093204, "user/throttle": 0.0, "user/mode": "local", "pilot/angle": 0.019422180950641632, "pilot/throttle": 0.7120974063873291, "milliseconds": 175918}