{"cam/image_array": "3818_cam-image_array_.jpg", "user/angle": 0.030396435438093204, "user/throttle": 0.0, "user/mode": "local", "pilot/angle": 0.4888822138309479, "pilot/throttle": 0.692103385925293, "milliseconds": 865422}