{"cam/image_array": "2928_cam-image_array_.jpg", "user/angle": 0.030396435438093204, "user/throttle": 0.0, "user/mode": "local", "pilot/angle": -0.06620017439126968, "pilot/throttle": 0.6801285147666931, "milliseconds": 665863}