{"cam/image_array": "2840_cam-image_array_.jpg", "user/angle": 0.030396435438093204, "user/throttle": 0.0, "user/mode": "local", "pilot/angle": 0.021385833621025085, "pilot/throttle": 0.7430567145347595, "milliseconds": 646131}