{"cam/image_array": "341_cam-image_array_.jpg", "user/angle": 0.030396435438093204, "user/throttle": 0.0, "user/mode": "local", "pilot/angle": -0.1810286045074463, "pilot/throttle": 0.6138265132904053, "milliseconds": 85796}