{"cam/image_array": "1107_cam-image_array_.jpg", "user/angle": 0.030396435438093204, "user/throttle": 0.0, "user/mode": "local", "pilot/angle": -0.3607213497161865, "pilot/throttle": 0.7900554537773132, "milliseconds": 257539}