{"cam/image_array": "3572_cam-image_array_.jpg", "user/angle": 0.030396435438093204, "user/throttle": 0.0, "user/mode": "local", "pilot/angle": -0.011767975986003876, "pilot/throttle": 0.15613102912902832, "milliseconds": 810265}