{"cam/image_array": "778_cam-image_array_.jpg", "user/angle": 0.030396435438093204, "user/throttle": 0.0, "user/mode": "local", "pilot/angle": -0.09416163712739944, "pilot/throttle": 0.7829203009605408, "milliseconds": 183769}