{"cam/image_array": "1747_cam-image_array_.jpg", "user/angle": 0.030396435438093204, "user/throttle": 0.0, "user/mode": "local", "pilot/angle": -0.019816569983959198, "pilot/throttle": 0.6203108429908752, "milliseconds": 401046}