{"cam/image_array": "2566_cam-image_array_.jpg", "user/angle": 0.030396435438093204, "user/throttle": 0.0, "user/mode": "local", "pilot/angle": 0.5480397939682007, "pilot/throttle": 0.6188966631889343, "milliseconds": 584702}