{"cam/image_array": "3170_cam-image_array_.jpg", "user/angle": 0.030396435438093204, "user/throttle": 0.0, "user/mode": "local", "pilot/angle": -0.4292505383491516, "pilot/throttle": 0.6403706669807434, "milliseconds": 720132}