{"cam/image_array": "3315_cam-image_array_.jpg", "user/angle": 0.030396435438093204, "user/throttle": 0.0, "user/mode": "local", "pilot/angle": 0.041474420577287674, "pilot/throttle": 0.7199832201004028, "milliseconds": 752642}