{"cam/image_array": "945_cam-image_array_.jpg", "user/angle": 0.030396435438093204, "user/throttle": 0.0, "user/mode": "local", "pilot/angle": 0.015860091894865036, "pilot/throttle": 0.7582334876060486, "milliseconds": 221212}