{"cam/image_array": "2510_cam-image_array_.jpg", "user/angle": 0.030396435438093204, "user/throttle": 0.0, "user/mode": "local", "pilot/angle": -0.3866438567638397, "pilot/throttle": 0.7579506635665894, "milliseconds": 572143}