{"cam/image_array": "3839_cam-image_array_.jpg", "user/angle": 0.030396435438093204, "user/throttle": 0.0, "user/mode": "local", "pilot/angle": 0.31655353307724, "pilot/throttle": 0.44881194829940796, "milliseconds": 870136}