{"cam/image_array": "1033_cam-image_array_.jpg", "user/angle": 0.030396435438093204, "user/throttle": 0.0, "user/mode": "local", "pilot/angle": 0.8692911863327026, "pilot/throttle": 0.6676443815231323, "milliseconds": 240947}