{"cam/image_array": "1423_cam-image_array_.jpg", "user/angle": 0.030396435438093204, "user/throttle": 0.0, "user/mode": "local", "pilot/angle": 0.7490861415863037, "pilot/throttle": 0.7398810982704163, "milliseconds": 328390}