{"cam/image_array": "4099_cam-image_array_.jpg", "user/angle": 0.030396435438093204, "user/throttle": 0.0, "user/mode": "local", "pilot/angle": 0.6743851900100708, "pilot/throttle": 0.6390695571899414, "milliseconds": 928428}