{"cam/image_array": "1596_cam-image_array_.jpg", "user/angle": 0.030396435438093204, "user/throttle": 0.0, "user/mode": "local", "pilot/angle": 0.9320352077484131, "pilot/throttle": 0.5610963702201843, "milliseconds": 367179}