{"cam/image_array": "2685_cam-image_array_.jpg", "user/angle": 0.030396435438093204, "user/throttle": 0.0, "user/mode": "local", "pilot/angle": 0.4155692160129547, "pilot/throttle": 0.7845959067344666, "milliseconds": 611380}