{"cam/image_array": "3814_cam-image_array_.jpg", "user/angle": 0.030396435438093204, "user/throttle": 0.0, "user/mode": "local", "pilot/angle": 0.4839244484901428, "pilot/throttle": 0.650562047958374, "milliseconds": 864526}