{"cam/image_array": "1016_cam-image_array_.jpg", "user/angle": 0.030396435438093204, "user/throttle": 0.0, "user/mode": "local", "pilot/angle": -0.3965016305446625, "pilot/throttle": 0.7170920372009277, "milliseconds": 237135}