{"cam/image_array": "2652_cam-image_array_.jpg", "user/angle": 0.030396435438093204, "user/throttle": 0.0, "user/mode": "local", "pilot/angle": 0.06325744092464447, "pilot/throttle": 0.4278058707714081, "milliseconds": 603984}