{"cam/image_array": "2599_cam-image_array_.jpg", "user/angle": 0.030396435438093204, "user/throttle": 0.0, "user/mode": "local", "pilot/angle": -0.6966455578804016, "pilot/throttle": 0.7343945503234863, "milliseconds": 592103}