{"cam/image_array": "1245_cam-image_array_.jpg", "user/angle": 0.030396435438093204, "user/throttle": 0.0, "user/mode": "local", "pilot/angle": -0.10636087507009506, "pilot/throttle": 0.5768059492111206, "milliseconds": 288477}