{"cam/image_array": "357_cam-image_array_.jpg", "user/angle": 0.030396435438093204, "user/throttle": 0.0, "user/mode": "local", "pilot/angle": -0.16111552715301514, "pilot/throttle": 0.7386866211891174, "milliseconds": 89382}