{"cam/image_array": "1147_cam-image_array_.jpg", "user/angle": 0.030396435438093204, "user/throttle": 0.0, "user/mode": "local", "pilot/angle": 0.0038233548402786255, "pilot/throttle": 0.6890020370483398, "milliseconds": 266507}