{"cam/image_array": "3953_cam-image_array_.jpg", "user/angle": 0.030396435438093204, "user/throttle": 0.0, "user/mode": "local", "pilot/angle": 0.12601140141487122, "pilot/throttle": 0.7068483829498291, "milliseconds": 895698}