{"cam/image_array": "1857_cam-image_array_.jpg", "user/angle": 0.030396435438093204, "user/throttle": 0.0, "user/mode": "local", "pilot/angle": -0.4922752380371094, "pilot/throttle": 0.6933498978614807, "milliseconds": 425719}