{"cam/image_array": "982_cam-image_array_.jpg", "user/angle": 0.030396435438093204, "user/throttle": 0.0, "user/mode": "local", "pilot/angle": 0.43545588850975037, "pilot/throttle": 0.5560688376426697, "milliseconds": 229513}