{"cam/image_array": "3792_cam-image_array_.jpg", "user/angle": 0.030396435438093204, "user/throttle": 0.0, "user/mode": "local", "pilot/angle": 0.6035966277122498, "pilot/throttle": 0.5669991374015808, "milliseconds": 859594}