{"cam/image_array": "2998_cam-image_array_.jpg", "user/angle": 0.030396435438093204, "user/throttle": 0.0, "user/mode": "local", "pilot/angle": 0.3140704333782196, "pilot/throttle": 0.6857427954673767, "milliseconds": 681565}