{"cam/image_array": "3979_cam-image_array_.jpg", "user/angle": 0.030396435438093204, "user/throttle": 0.0, "user/mode": "local", "pilot/angle": 0.9086301922798157, "pilot/throttle": 0.4810348153114319, "milliseconds": 901525}