{"cam/image_array": "1991_cam-image_array_.jpg", "user/angle": 0.030396435438093204, "user/throttle": 0.0, "user/mode": "local", "pilot/angle": -0.013975046575069427, "pilot/throttle": 0.5926421880722046, "milliseconds": 455769}