{"cam/image_array": "960_cam-image_array_.jpg", "user/angle": 0.030396435438093204, "user/throttle": 0.0, "user/mode": "local", "pilot/angle": 0.7374466061592102, "pilot/throttle": 0.6476694345474243, "milliseconds": 224579}