{"cam/image_array": "2111_cam-image_array_.jpg", "user/angle": 0.030396435438093204, "user/throttle": 0.0, "user/mode": "local", "pilot/angle": 0.7826206684112549, "pilot/throttle": 0.47192785143852234, "milliseconds": 482679}