{"cam/image_array": "1361_cam-image_array_.jpg", "user/angle": 0.030396435438093204, "user/throttle": 0.0, "user/mode": "local", "pilot/angle": 0.7895309329032898, "pilot/throttle": 0.36037471890449524, "milliseconds": 314491}