{"cam/image_array": "2762_cam-image_array_.jpg", "user/angle": 0.030396435438093204, "user/throttle": 0.0, "user/mode": "local", "pilot/angle": 0.4741794764995575, "pilot/throttle": 0.4942781329154968, "milliseconds": 628642}