{"cam/image_array": "3218_cam-image_array_.jpg", "user/angle": 0.030396435438093204, "user/throttle": 0.0, "user/mode": "local", "pilot/angle": 0.036254871636629105, "pilot/throttle": 0.6234425902366638, "milliseconds": 730894}