{"cam/image_array": "801_cam-image_array_.jpg", "user/angle": 0.030396435438093204, "user/throttle": 0.0, "user/mode": "local", "pilot/angle": 0.9416561722755432, "pilot/throttle": 0.4219493269920349, "milliseconds": 188926}