{"cam/image_array": "1048_cam-image_array_.jpg", "user/angle": 0.030396435438093204, "user/throttle": 0.0, "user/mode": "local", "pilot/angle": 0.6716073751449585, "pilot/throttle": 0.6060478687286377, "milliseconds": 244310}