{"cam/image_array": "4251_cam-image_array_.jpg", "user/angle": 0.030396435438093204, "user/throttle": 0.0, "user/mode": "local", "pilot/angle": 0.16818779706954956, "pilot/throttle": 0.5656793713569641, "milliseconds": 962519}