{"cam/image_array": "2006_cam-image_array_.jpg", "user/angle": 0.030396435438093204, "user/throttle": 0.0, "user/mode": "local", "pilot/angle": 0.07800468057394028, "pilot/throttle": 0.7695488333702087, "milliseconds": 459132}