{"cam/image_array": "3287_cam-image_array_.jpg", "user/angle": 0.030396435438093204, "user/throttle": 0.0, "user/mode": "local", "pilot/angle": 0.03598441928625107, "pilot/throttle": 0.5812363624572754, "milliseconds": 746368}