{"cam/image_array": "1863_cam-image_array_.jpg", "user/angle": 0.030396435438093204, "user/throttle": 0.0, "user/mode": "local", "pilot/angle": -0.4529394507408142, "pilot/throttle": 0.727074384689331, "milliseconds": 427065}