{"cam/image_array": "3059_cam-image_array_.jpg", "user/angle": 0.030396435438093204, "user/throttle": 0.0, "user/mode": "local", "pilot/angle": -0.2250024676322937, "pilot/throttle": 0.7366241216659546, "milliseconds": 695243}