{"cam/image_array": "2444_cam-image_array_.jpg", "user/angle": 0.030396435438093204, "user/throttle": 0.0, "user/mode": "local", "pilot/angle": 1.001524806022644, "pilot/throttle": 0.7072506546974182, "milliseconds": 557347}