{"cam/image_array": "4201_cam-image_array_.jpg", "user/angle": 0.030396435438093204, "user/throttle": 0.0, "user/mode": "local", "pilot/angle": -0.4901180863380432, "pilot/throttle": 0.7291918992996216, "milliseconds": 951303}