{"cam/image_array": "4425_cam-image_array_.jpg", "user/angle": 0.030396435438093204, "user/throttle": 0.0, "user/mode": "local", "pilot/angle": 0.8412689566612244, "pilot/throttle": 0.7425930500030518, "milliseconds": 1001527}