{"cam/image_array": "3494_cam-image_array_.jpg", "user/angle": 0.030396435438093204, "user/throttle": 0.0, "user/mode": "local", "pilot/angle": -0.09112068265676498, "pilot/throttle": 0.6415356397628784, "milliseconds": 792778}