{"cam/image_array": "1092_cam-image_array_.jpg", "user/angle": 0.030396435438093204, "user/throttle": 0.0, "user/mode": "local", "pilot/angle": -0.036490947008132935, "pilot/throttle": 0.5580326914787292, "milliseconds": 254176}