{"cam/image_array": "4325_cam-image_array_.jpg", "user/angle": 0.030396435438093204, "user/throttle": 0.0, "user/mode": "local", "pilot/angle": 0.575232744216919, "pilot/throttle": 0.6491449475288391, "milliseconds": 979104}