{"cam/image_array": "136_cam-image_array_.jpg", "user/angle": 0.030396435438093204, "user/throttle": 0.0, "user/mode": "local", "pilot/angle": 0.8167857527732849, "pilot/throttle": 0.3569066822528839, "milliseconds": 39823}