{"cam/image_array": "2949_cam-image_array_.jpg", "user/angle": 0.030396435438093204, "user/throttle": 0.0, "user/mode": "local", "pilot/angle": 0.636880099773407, "pilot/throttle": 0.33684787154197693, "milliseconds": 670573}