{"cam/image_array": "4592_cam-image_array_.jpg", "user/angle": 0.030396435438093204, "user/throttle": 0.0, "user/mode": "local", "pilot/angle": 0.8137357234954834, "pilot/throttle": 0.4441319704055786, "milliseconds": 1038971}