{"cam/image_array": "2624_cam-image_array_.jpg", "user/angle": 0.030396435438093204, "user/throttle": 0.0, "user/mode": "local", "pilot/angle": -0.021066606044769287, "pilot/throttle": 0.7914713621139526, "milliseconds": 597709}