{"cam/image_array": "768_cam-image_array_.jpg", "user/angle": 0.030396435438093204, "user/throttle": 0.0, "user/mode": "local", "pilot/angle": 0.9150286316871643, "pilot/throttle": 0.797827959060669, "milliseconds": 181528}