{"cam/image_array": "757_cam-image_array_.jpg", "user/angle": 0.030396435438093204, "user/throttle": 0.0, "user/mode": "local", "pilot/angle": 0.08988554775714874, "pilot/throttle": 0.7127670049667358, "milliseconds": 179056}