{"cam/image_array": "2947_cam-image_array_.jpg", "user/angle": 0.030396435438093204, "user/throttle": 0.0, "user/mode": "local", "pilot/angle": 0.6591235995292664, "pilot/throttle": 0.4969203472137451, "milliseconds": 670125}