{"cam/image_array": "3678_cam-image_array_.jpg", "user/angle": 0.030396435438093204, "user/throttle": 0.0, "user/mode": "local", "pilot/angle": -0.06345444172620773, "pilot/throttle": 0.6705713272094727, "milliseconds": 834037}