{"cam/image_array": "2360_cam-image_array_.jpg", "user/angle": 0.030396435438093204, "user/throttle": 0.0, "user/mode": "local", "pilot/angle": -0.06499757617712021, "pilot/throttle": 0.6900575757026672, "milliseconds": 538511}