{"cam/image_array": "3708_cam-image_array_.jpg", "user/angle": 0.030396435438093204, "user/throttle": 0.0, "user/mode": "local", "pilot/angle": 0.6981014013290405, "pilot/throttle": 0.4131171405315399, "milliseconds": 840760}