{"cam/image_array": "366_cam-image_array_.jpg", "user/angle": 0.030396435438093204, "user/throttle": 0.0, "user/mode": "local", "pilot/angle": 0.6012327671051025, "pilot/throttle": 0.7023248672485352, "milliseconds": 91400}