{"cam/image_array": "4269_cam-image_array_.jpg", "user/angle": 0.030396435438093204, "user/throttle": 0.0, "user/mode": "local", "pilot/angle": 0.9251962304115295, "pilot/throttle": 0.4264349639415741, "milliseconds": 966554}