{"cam/image_array": "2825_cam-image_array_.jpg", "user/angle": 0.030396435438093204, "user/throttle": 0.0, "user/mode": "local", "pilot/angle": 0.9479659795761108, "pilot/throttle": 0.7348381876945496, "milliseconds": 642768}