{"cam/image_array": "3906_cam-image_array_.jpg", "user/angle": 0.030396435438093204, "user/throttle": 0.0, "user/mode": "local", "pilot/angle": 0.2832757830619812, "pilot/throttle": 0.8480338454246521, "milliseconds": 885159}