{"cam/image_array": "3505_cam-image_array_.jpg", "user/angle": 0.030396435438093204, "user/throttle": 0.0, "user/mode": "local", "pilot/angle": 0.024337228387594223, "pilot/throttle": 0.7679535746574402, "milliseconds": 795244}