{"cam/image_array": "3100_cam-image_array_.jpg", "user/angle": 0.030396435438093204, "user/throttle": 0.0, "user/mode": "local", "pilot/angle": 0.24554389715194702, "pilot/throttle": 0.17883139848709106, "milliseconds": 704440}