{"cam/image_array": "2148_cam-image_array_.jpg", "user/angle": 0.030396435438093204, "user/throttle": 0.0, "user/mode": "local", "pilot/angle": 0.8232865333557129, "pilot/throttle": 0.47492900490760803, "milliseconds": 490976}