{"cam/image_array": "1140_cam-image_array_.jpg", "user/angle": 0.030396435438093204, "user/throttle": 0.0, "user/mode": "local", "pilot/angle": 0.5474957823753357, "pilot/throttle": 0.4070993661880493, "milliseconds": 264939}