{"cam/image_array": "2501_cam-image_array_.jpg", "user/angle": 0.030396435438093204, "user/throttle": 0.0, "user/mode": "local", "pilot/angle": 0.04013126343488693, "pilot/throttle": 0.635117769241333, "milliseconds": 570125}