{"cam/image_array": "1374_cam-image_array_.jpg", "user/angle": 0.030396435438093204, "user/throttle": 0.0, "user/mode": "local", "pilot/angle": -0.1278722882270813, "pilot/throttle": 0.7410683631896973, "milliseconds": 317405}