{"cam/image_array": "3760_cam-image_array_.jpg", "user/angle": 0.030396435438093204, "user/throttle": 0.0, "user/mode": "local", "pilot/angle": 0.04361574724316597, "pilot/throttle": 0.6011561751365662, "milliseconds": 852421}