{"cam/image_array": "2749_cam-image_array_.jpg", "user/angle": 0.030396435438093204, "user/throttle": 0.0, "user/mode": "local", "pilot/angle": 0.026985149830579758, "pilot/throttle": 0.6817799210548401, "milliseconds": 625728}