{"cam/image_array": "3336_cam-image_array_.jpg", "user/angle": 0.030396435438093204, "user/throttle": 0.0, "user/mode": "local", "pilot/angle": -0.008774004876613617, "pilot/throttle": 0.5843377113342285, "milliseconds": 757352}