{"cam/image_array": "1385_cam-image_array_.jpg", "user/angle": 0.030396435438093204, "user/throttle": 0.0, "user/mode": "local", "pilot/angle": -0.6324480175971985, "pilot/throttle": 0.822096049785614, "milliseconds": 319871}