{"cam/image_array": "941_cam-image_array_.jpg", "user/angle": 0.030396435438093204, "user/throttle": 0.0, "user/mode": "local", "pilot/angle": 0.5826780200004578, "pilot/throttle": 0.6649491786956787, "milliseconds": 220315}