{"cam/image_array": "4385_cam-image_array_.jpg", "user/angle": 0.030396435438093204, "user/throttle": 0.0, "user/mode": "local", "pilot/angle": -0.030352652072906494, "pilot/throttle": 0.6039645075798035, "milliseconds": 992560}