{"cam/image_array": "62_cam-image_array_.jpg", "user/angle": 0.030396435438093204, "user/throttle": 0.0, "user/mode": "local", "pilot/angle": 0.4189516305923462, "pilot/throttle": 0.2348984181880951, "milliseconds": 23203}