{"cam/image_array": "3300_cam-image_array_.jpg", "user/angle": 0.030396435438093204, "user/throttle": 0.0, "user/mode": "local", "pilot/angle": 0.016024474054574966, "pilot/throttle": 0.6605359315872192, "milliseconds": 749281}