{"cam/image_array": "1494_cam-image_array_.jpg", "user/angle": 0.030396435438093204, "user/throttle": 0.0, "user/mode": "local", "pilot/angle": 0.8200994729995728, "pilot/throttle": 0.31743723154067993, "milliseconds": 344310}