{"cam/image_array": "1461_cam-image_array_.jpg", "user/angle": 0.030396435438093204, "user/throttle": 0.0, "user/mode": "local", "pilot/angle": 0.7867637276649475, "pilot/throttle": 0.5576257109642029, "milliseconds": 336911}