{"cam/image_array": "2769_cam-image_array_.jpg", "user/angle": 0.030396435438093204, "user/throttle": 0.0, "user/mode": "local", "pilot/angle": 0.5672431588172913, "pilot/throttle": 0.5193919539451599, "milliseconds": 630210}