{"cam/image_array": "2824_cam-image_array_.jpg", "user/angle": 0.030396435438093204, "user/throttle": 0.0, "user/mode": "local", "pilot/angle": 0.9277509450912476, "pilot/throttle": 0.6884040236473083, "milliseconds": 642544}