{"cam/image_array": "1216_cam-image_array_.jpg", "user/angle": 0.030396435438093204, "user/throttle": 0.0, "user/mode": "local", "pilot/angle": 0.8564103841781616, "pilot/throttle": 0.5524628758430481, "milliseconds": 281976}