{"cam/image_array": "4235_cam-image_array_.jpg", "user/angle": 0.030396435438093204, "user/throttle": 0.0, "user/mode": "local", "pilot/angle": 0.858699381351471, "pilot/throttle": 0.6917144656181335, "milliseconds": 958932}