{"cam/image_array": "3014_cam-image_array_.jpg", "user/angle": 0.030396435438093204, "user/throttle": 0.0, "user/mode": "local", "pilot/angle": 0.8839636445045471, "pilot/throttle": 0.6386939287185669, "milliseconds": 685156}