{"cam/image_array": "2831_cam-image_array_.jpg", "user/angle": 0.030396435438093204, "user/throttle": 0.0, "user/mode": "local", "pilot/angle": -0.13769033551216125, "pilot/throttle": 0.7672402858734131, "milliseconds": 644114}