{"cam/image_array": "1532_cam-image_array_.jpg", "user/angle": 0.030396435438093204, "user/throttle": 0.0, "user/mode": "local", "pilot/angle": 0.008142352104187012, "pilot/throttle": 0.5959611535072327, "milliseconds": 352829}