{"cam/image_array": "3509_cam-image_array_.jpg", "user/angle": 0.030396435438093204, "user/throttle": 0.0, "user/mode": "local", "pilot/angle": 0.03393213450908661, "pilot/throttle": 0.5533942580223083, "milliseconds": 796140}