{"cam/image_array": "1303_cam-image_array_.jpg", "user/angle": 0.030396435438093204, "user/throttle": 0.0, "user/mode": "local", "pilot/angle": 0.963153064250946, "pilot/throttle": 0.5734280943870544, "milliseconds": 301491}