{"cam/image_array": "4469_cam-image_array_.jpg", "user/angle": 0.030396435438093204, "user/throttle": 0.0, "user/mode": "local", "pilot/angle": -0.020969785749912262, "pilot/throttle": 0.7981925010681152, "milliseconds": 1011389}