{"cam/image_array": "673_cam-image_array_.jpg", "user/angle": 0.030396435438093204, "user/throttle": 0.0, "user/mode": "local", "pilot/angle": 1.1168161630630493, "pilot/throttle": 0.6854627132415771, "milliseconds": 160225}