{"cam/image_array": "1602_cam-image_array_.jpg", "user/angle": 0.030396435438093204, "user/throttle": 0.0, "user/mode": "local", "pilot/angle": -0.13596180081367493, "pilot/throttle": 0.744278609752655, "milliseconds": 368525}