{"cam/image_array": "382_cam-image_array_.jpg", "user/angle": 0.030396435438093204, "user/throttle": 0.0, "user/mode": "local", "pilot/angle": 0.6113213300704956, "pilot/throttle": 0.6902040243148804, "milliseconds": 94986}