{"cam/image_array": "3556_cam-image_array_.jpg", "user/angle": 0.030396435438093204, "user/throttle": 0.0, "user/mode": "local", "pilot/angle": 0.9239757061004639, "pilot/throttle": 0.5396671891212463, "milliseconds": 806676}