{"cam/image_array": "3540_cam-image_array_.jpg", "user/angle": 0.030396435438093204, "user/throttle": 0.0, "user/mode": "local", "pilot/angle": -0.07053769379854202, "pilot/throttle": 0.591660737991333, "milliseconds": 803088}