{"cam/image_array": "1891_cam-image_array_.jpg", "user/angle": 0.030396435438093204, "user/throttle": 0.0, "user/mode": "local", "pilot/angle": 0.6579214930534363, "pilot/throttle": 0.7000715136528015, "milliseconds": 433347}