{"cam/image_array": "1612_cam-image_array_.jpg", "user/angle": 0.030396435438093204, "user/throttle": 0.0, "user/mode": "local", "pilot/angle": 0.7965829968452454, "pilot/throttle": 0.7885375022888184, "milliseconds": 370768}