{"cam/image_array": "323_cam-image_array_.jpg", "user/angle": 0.030396435438093204, "user/throttle": 0.0, "user/mode": "local", "pilot/angle": 0.9134865403175354, "pilot/throttle": 0.30561012029647827, "milliseconds": 81757}