{"cam/image_array": "3898_cam-image_array_.jpg", "user/angle": 0.030396435438093204, "user/throttle": 0.0, "user/mode": "local", "pilot/angle": 0.050476811826229095, "pilot/throttle": 0.6890990138053894, "milliseconds": 883365}