{"cam/image_array": "2112_cam-image_array_.jpg", "user/angle": 0.030396435438093204, "user/throttle": 0.0, "user/mode": "local", "pilot/angle": 0.9119555950164795, "pilot/throttle": 0.4458453953266144, "milliseconds": 482904}