{"cam/image_array": "3720_cam-image_array_.jpg", "user/angle": 0.030396435438093204, "user/throttle": 0.0, "user/mode": "local", "pilot/angle": 0.010813139379024506, "pilot/throttle": 0.7312544584274292, "milliseconds": 843449}