{"cam/image_array": "2357_cam-image_array_.jpg", "user/angle": 0.030396435438093204, "user/throttle": 0.0, "user/mode": "local", "pilot/angle": -0.05985584110021591, "pilot/throttle": 0.7183918952941895, "milliseconds": 537838}