{"cam/image_array": "2633_cam-image_array_.jpg", "user/angle": 0.030396435438093204, "user/throttle": 0.0, "user/mode": "local", "pilot/angle": 0.627888560295105, "pilot/throttle": 0.5686663389205933, "milliseconds": 599726}