{"cam/image_array": "2977_cam-image_array_.jpg", "user/angle": 0.030396435438093204, "user/throttle": 0.0, "user/mode": "local", "pilot/angle": -0.4485546350479126, "pilot/throttle": 0.6837679743766785, "milliseconds": 676853}