{"cam/image_array": "1562_cam-image_array_.jpg", "user/angle": 0.030396435438093204, "user/throttle": 0.0, "user/mode": "local", "pilot/angle": -0.04991702735424042, "pilot/throttle": 0.7311164736747742, "milliseconds": 359554}