{"cam/image_array": "391_cam-image_array_.jpg", "user/angle": 0.030396435438093204, "user/throttle": 0.0, "user/mode": "local", "pilot/angle": -0.004451379179954529, "pilot/throttle": 0.7252525687217712, "milliseconds": 97010}