{"cam/image_array": "86_cam-image_array_.jpg", "user/angle": 0.030396435438093204, "user/throttle": 0.0, "user/mode": "local", "pilot/angle": 0.9635488986968994, "pilot/throttle": 0.7560127973556519, "milliseconds": 28616}