{"cam/image_array": "1144_cam-image_array_.jpg", "user/angle": 0.030396435438093204, "user/throttle": 0.0, "user/mode": "local", "pilot/angle": 0.7660373449325562, "pilot/throttle": 0.6533371210098267, "milliseconds": 265835}