{"cam/image_array": "3554_cam-image_array_.jpg", "user/angle": 0.030396435438093204, "user/throttle": 0.0, "user/mode": "local", "pilot/angle": 0.9077903628349304, "pilot/throttle": 0.5256430506706238, "milliseconds": 806228}