{"cam/image_array": "2027_cam-image_array_.jpg", "user/angle": 0.030396435438093204, "user/throttle": 0.0, "user/mode": "local", "pilot/angle": -0.05519349128007889, "pilot/throttle": 0.6066645383834839, "milliseconds": 463838}