{"cam/image_array": "1935_cam-image_array_.jpg", "user/angle": 0.030396435438093204, "user/throttle": 0.0, "user/mode": "local", "pilot/angle": -0.07300806790590286, "pilot/throttle": 0.8254421949386597, "milliseconds": 443213}