{"cam/image_array": "1756_cam-image_array_.jpg", "user/angle": 0.030396435438093204, "user/throttle": 0.0, "user/mode": "local", "pilot/angle": 0.7501801252365112, "pilot/throttle": 0.555152177810669, "milliseconds": 403064}