{"cam/image_array": "2353_cam-image_array_.jpg", "user/angle": 0.030396435438093204, "user/throttle": 0.0, "user/mode": "local", "pilot/angle": 0.8803833723068237, "pilot/throttle": 0.7804369330406189, "milliseconds": 536942}