{"cam/image_array": "1036_cam-image_array_.jpg", "user/angle": 0.030396435438093204, "user/throttle": 0.0, "user/mode": "local", "pilot/angle": 0.44380417466163635, "pilot/throttle": 0.7066001892089844, "milliseconds": 241619}