{"cam/image_array": "3044_cam-image_array_.jpg", "user/angle": 0.030396435438093204, "user/throttle": 0.0, "user/mode": "local", "pilot/angle": 0.8915876150131226, "pilot/throttle": 0.34811848402023315, "milliseconds": 691880}