{"cam/image_array": "202_cam-image_array_.jpg", "user/angle": 0.030396435438093204, "user/throttle": 0.0, "user/mode": "local", "pilot/angle": 0.05526339262723923, "pilot/throttle": 0.6656975150108337, "milliseconds": 54626}