{"cam/image_array": "2024_cam-image_array_.jpg", "user/angle": 0.030396435438093204, "user/throttle": 0.0, "user/mode": "local", "pilot/angle": 0.19438844919204712, "pilot/throttle": 0.6948164105415344, "milliseconds": 463165}