{"cam/image_array": "3952_cam-image_array_.jpg", "user/angle": 0.030396435438093204, "user/throttle": 0.0, "user/mode": "local", "pilot/angle": 0.7929479479789734, "pilot/throttle": 0.6490768194198608, "milliseconds": 895473}