{"cam/image_array": "4144_cam-image_array_.jpg", "user/angle": 0.030396435438093204, "user/throttle": 0.0, "user/mode": "local", "pilot/angle": 0.8567951917648315, "pilot/throttle": 0.7089198231697083, "milliseconds": 938517}