{"cam/image_array": "3589_cam-image_array_.jpg", "user/angle": 0.030396435438093204, "user/throttle": 0.0, "user/mode": "local", "pilot/angle": -0.08449655026197433, "pilot/throttle": 0.725976288318634, "milliseconds": 814075}