{"cam/image_array": "144_cam-image_array_.jpg", "user/angle": 0.030396435438093204, "user/throttle": 0.0, "user/mode": "local", "pilot/angle": 0.29397496581077576, "pilot/throttle": 0.6814486980438232, "milliseconds": 41616}