{"cam/image_array": "3207_cam-image_array_.jpg", "user/angle": 0.030396435438093204, "user/throttle": 0.0, "user/mode": "local", "pilot/angle": -0.052545882761478424, "pilot/throttle": 0.6661698222160339, "milliseconds": 728426}