{"cam/image_array": "3498_cam-image_array_.jpg", "user/angle": 0.030396435438093204, "user/throttle": 0.0, "user/mode": "local", "pilot/angle": 0.08697915077209473, "pilot/throttle": 0.5272101759910583, "milliseconds": 793675}