{"cam/image_array": "1864_cam-image_array_.jpg", "user/angle": 0.030396435438093204, "user/throttle": 0.0, "user/mode": "local", "pilot/angle": -0.30120137333869934, "pilot/throttle": 0.7503276467323303, "milliseconds": 427289}