{"cam/image_array": "649_cam-image_array_.jpg", "user/angle": 0.030396435438093204, "user/throttle": 0.0, "user/mode": "local", "pilot/angle": 0.6954199075698853, "pilot/throttle": 0.5382447242736816, "milliseconds": 154845}