{"cam/image_array": "873_cam-image_array_.jpg", "user/angle": 0.030396435438093204, "user/throttle": 0.0, "user/mode": "local", "pilot/angle": -0.08172257989645004, "pilot/throttle": 0.6765708923339844, "milliseconds": 205070}