{"cam/image_array": "2144_cam-image_array_.jpg", "user/angle": 0.030396435438093204, "user/throttle": 0.0, "user/mode": "local", "pilot/angle": 0.9346494674682617, "pilot/throttle": 0.7526211142539978, "milliseconds": 490079}