{"cam/image_array": "4167_cam-image_array_.jpg", "user/angle": 0.030396435438093204, "user/throttle": 0.0, "user/mode": "local", "pilot/angle": 0.13119718432426453, "pilot/throttle": 0.598176121711731, "milliseconds": 943680}