{"cam/image_array": "1416_cam-image_array_.jpg", "user/angle": 0.030396435438093204, "user/throttle": 0.0, "user/mode": "local", "pilot/angle": 0.41271376609802246, "pilot/throttle": 0.6172080636024475, "milliseconds": 326821}