{"cam/image_array": "603_cam-image_array_.jpg", "user/angle": 0.030396435438093204, "user/throttle": 0.0, "user/mode": "local", "pilot/angle": 0.11913957446813583, "pilot/throttle": 0.40582647919654846, "milliseconds": 144536}