{"cam/image_array": "486_cam-image_array_.jpg", "user/angle": 0.030396435438093204, "user/throttle": 0.0, "user/mode": "local", "pilot/angle": 0.22881299257278442, "pilot/throttle": 0.6911332011222839, "milliseconds": 118307}