{"cam/image_array": "1604_cam-image_array_.jpg", "user/angle": 0.030396435438093204, "user/throttle": 0.0, "user/mode": "local", "pilot/angle": -0.043775834143161774, "pilot/throttle": 0.7858866453170776, "milliseconds": 368974}