{"cam/image_array": "672_cam-image_array_.jpg", "user/angle": 0.030396435438093204, "user/throttle": 0.0, "user/mode": "local", "pilot/angle": 0.4703182280063629, "pilot/throttle": 0.7037240862846375, "milliseconds": 160001}