{"cam/image_array": "1881_cam-image_array_.jpg", "user/angle": 0.030396435438093204, "user/throttle": 0.0, "user/mode": "local", "pilot/angle": -0.00926864892244339, "pilot/throttle": 0.7894602417945862, "milliseconds": 431105}