{"cam/image_array": "3136_cam-image_array_.jpg", "user/angle": 0.030396435438093204, "user/throttle": 0.0, "user/mode": "local", "pilot/angle": 0.7721027135848999, "pilot/throttle": 0.5507034063339233, "milliseconds": 712507}