{"cam/image_array": "3171_cam-image_array_.jpg", "user/angle": 0.030396435438093204, "user/throttle": 0.0, "user/mode": "local", "pilot/angle": -0.3845943510532379, "pilot/throttle": 0.7223262786865234, "milliseconds": 720356}