{"cam/image_array": "2336_cam-image_array_.jpg", "user/angle": 0.030396435438093204, "user/throttle": 0.0, "user/mode": "local", "pilot/angle": 0.5859251618385315, "pilot/throttle": 0.7457119226455688, "milliseconds": 533132}