{"cam/image_array": "4221_cam-image_array_.jpg", "user/angle": 0.030396435438093204, "user/throttle": 0.0, "user/mode": "local", "pilot/angle": 0.8540974855422974, "pilot/throttle": 0.5719977617263794, "milliseconds": 955795}