{"cam/image_array": "1029_cam-image_array_.jpg", "user/angle": 0.030396435438093204, "user/throttle": 0.0, "user/mode": "local", "pilot/angle": 0.8117383718490601, "pilot/throttle": 0.4744412302970886, "milliseconds": 240051}