{"cam/image_array": "114_cam-image_array_.jpg", "user/angle": 0.030396435438093204, "user/throttle": 0.0, "user/mode": "local", "pilot/angle": -0.09197134524583817, "pilot/throttle": 0.6776778697967529, "milliseconds": 34893}