{"cam/image_array": "3400_cam-image_array_.jpg", "user/angle": 0.030396435438093204, "user/throttle": 0.0, "user/mode": "local", "pilot/angle": -0.02793785184621811, "pilot/throttle": 0.5634159445762634, "milliseconds": 771701}