{"cam/image_array": "3292_cam-image_array_.jpg", "user/angle": 0.030396435438093204, "user/throttle": 0.0, "user/mode": "local", "pilot/angle": 0.6287590265274048, "pilot/throttle": 0.6485363841056824, "milliseconds": 747489}