{"cam/image_array": "3859_cam-image_array_.jpg", "user/angle": 0.030396435438093204, "user/throttle": 0.0, "user/mode": "local", "pilot/angle": 0.873911440372467, "pilot/throttle": 0.7419575452804565, "milliseconds": 874620}