{"cam/image_array": "633_cam-image_array_.jpg", "user/angle": 0.030396435438093204, "user/throttle": 0.0, "user/mode": "local", "pilot/angle": 0.43258506059646606, "pilot/throttle": 0.7303487658500671, "milliseconds": 151259}