{"cam/image_array": "531_cam-image_array_.jpg", "user/angle": 0.030396435438093204, "user/throttle": 0.0, "user/mode": "local", "pilot/angle": -0.09730453044176102, "pilot/throttle": 0.6658642888069153, "milliseconds": 128397}