{"cam/image_array": "4020_cam-image_array_.jpg", "user/angle": 0.030396435438093204, "user/throttle": 0.0, "user/mode": "local", "pilot/angle": 0.7351272106170654, "pilot/throttle": 0.5226914286613464, "milliseconds": 910722}