{"cam/image_array": "2487_cam-image_array_.jpg", "user/angle": 0.030396435438093204, "user/throttle": 0.0, "user/mode": "local", "pilot/angle": -0.004078283905982971, "pilot/throttle": 0.7343606352806091, "milliseconds": 566987}