{"cam/image_array": "2034_cam-image_array_.jpg", "user/angle": 0.030396435438093204, "user/throttle": 0.0, "user/mode": "local", "pilot/angle": 0.5643730759620667, "pilot/throttle": 0.699343740940094, "milliseconds": 465407}