{"cam/image_array": "477_cam-image_array_.jpg", "user/angle": 0.030396435438093204, "user/throttle": 0.0, "user/mode": "local", "pilot/angle": 0.4056144654750824, "pilot/throttle": 0.700366199016571, "milliseconds": 116291}