{"cam/image_array": "3833_cam-image_array_.jpg", "user/angle": 0.030396435438093204, "user/throttle": 0.0, "user/mode": "local", "pilot/angle": 0.6488764882087708, "pilot/throttle": 0.7412036061286926, "milliseconds": 868786}