{"cam/image_array": "868_cam-image_array_.jpg", "user/angle": 0.030396435438093204, "user/throttle": 0.0, "user/mode": "local", "pilot/angle": -0.013520888984203339, "pilot/throttle": 0.7394458055496216, "milliseconds": 203950}