{"cam/image_array": "1963_cam-image_array_.jpg", "user/angle": 0.030396435438093204, "user/throttle": 0.0, "user/mode": "local", "pilot/angle": 0.8531067371368408, "pilot/throttle": 0.5555205941200256, "milliseconds": 449492}