{"cam/image_array": "2671_cam-image_array_.jpg", "user/angle": 0.030396435438093204, "user/throttle": 0.0, "user/mode": "local", "pilot/angle": 0.748693585395813, "pilot/throttle": 0.5413109660148621, "milliseconds": 608242}