{"cam/image_array": "3193_cam-image_array_.jpg", "user/angle": 0.030396435438093204, "user/throttle": 0.0, "user/mode": "local", "pilot/angle": -0.021219052374362946, "pilot/throttle": 0.7818541526794434, "milliseconds": 725289}