{"cam/image_array": "2858_cam-image_array_.jpg", "user/angle": 0.030396435438093204, "user/throttle": 0.0, "user/mode": "local", "pilot/angle": 0.9030717015266418, "pilot/throttle": 0.49163463711738586, "milliseconds": 650167}