{"cam/image_array": "1460_cam-image_array_.jpg", "user/angle": 0.030396435438093204, "user/throttle": 0.0, "user/mode": "local", "pilot/angle": 0.8660776019096375, "pilot/throttle": 0.4933658242225647, "milliseconds": 336686}