{"cam/image_array": "35_cam-image_array_.jpg", "user/angle": 0.030396435438093204, "user/throttle": 0.0, "user/mode": "local", "pilot/angle": 0.2723505198955536, "pilot/throttle": 0.35043054819107056, "milliseconds": 17149}