{"cam/image_array": "738_cam-image_array_.jpg", "user/angle": 0.030396435438093204, "user/throttle": 0.0, "user/mode": "local", "pilot/angle": -0.10682689398527145, "pilot/throttle": 0.7101193070411682, "milliseconds": 174796}