{"cam/image_array": "1893_cam-image_array_.jpg", "user/angle": 0.030396435438093204, "user/throttle": 0.0, "user/mode": "local", "pilot/angle": 1.0044375658035278, "pilot/throttle": 0.8664896488189697, "milliseconds": 433795}