{"cam/image_array": "3491_cam-image_array_.jpg", "user/angle": 0.030396435438093204, "user/throttle": 0.0, "user/mode": "local", "pilot/angle": -0.2679100036621094, "pilot/throttle": 0.8472276926040649, "milliseconds": 792106}