{"cam/image_array": "2425_cam-image_array_.jpg", "user/angle": 0.030396435438093204, "user/throttle": 0.0, "user/mode": "local", "pilot/angle": 0.899528443813324, "pilot/throttle": 0.5805761218070984, "milliseconds": 553086}