{"cam/image_array": "2746_cam-image_array_.jpg", "user/angle": 0.030396435438093204, "user/throttle": 0.0, "user/mode": "local", "pilot/angle": 0.014631006866693497, "pilot/throttle": 0.6436843276023865, "milliseconds": 625056}