{"cam/image_array": "2835_cam-image_array_.jpg", "user/angle": 0.030396435438093204, "user/throttle": 0.0, "user/mode": "local", "pilot/angle": -0.10175005346536636, "pilot/throttle": 0.7438986897468567, "milliseconds": 645010}