{"cam/image_array": "715_cam-image_array_.jpg", "user/angle": 0.030396435438093204, "user/throttle": 0.0, "user/mode": "local", "pilot/angle": 0.2608935534954071, "pilot/throttle": 0.6177395582199097, "milliseconds": 169639}