{"cam/image_array": "2327_cam-image_array_.jpg", "user/angle": 0.030396435438093204, "user/throttle": 0.0, "user/mode": "local", "pilot/angle": 0.8488004803657532, "pilot/throttle": 0.43983709812164307, "milliseconds": 531113}