{"cam/image_array": "1194_cam-image_array_.jpg", "user/angle": 0.030396435438093204, "user/throttle": 0.0, "user/mode": "local", "pilot/angle": 0.7878071069717407, "pilot/throttle": 0.6881102919578552, "milliseconds": 277044}