{"cam/image_array": "3688_cam-image_array_.jpg", "user/angle": 0.030396435438093204, "user/throttle": 0.0, "user/mode": "local", "pilot/angle": -0.023050591349601746, "pilot/throttle": 0.7611290812492371, "milliseconds": 836279}