{"cam/image_array": "3051_cam-image_array_.jpg", "user/angle": 0.030396435438093204, "user/throttle": 0.0, "user/mode": "local", "pilot/angle": 0.7603630423545837, "pilot/throttle": 0.5351366996765137, "milliseconds": 693450}