{"cam/image_array": "2573_cam-image_array_.jpg", "user/angle": 0.030396435438093204, "user/throttle": 0.0, "user/mode": "local", "pilot/angle": 0.9241144061088562, "pilot/throttle": 0.366148978471756, "milliseconds": 586272}