{"cam/image_array": "3785_cam-image_array_.jpg", "user/angle": 0.030396435438093204, "user/throttle": 0.0, "user/mode": "local", "pilot/angle": 0.02467229962348938, "pilot/throttle": 0.6227481365203857, "milliseconds": 858024}