{"cam/image_array": "1455_cam-image_array_.jpg", "user/angle": 0.030396435438093204, "user/throttle": 0.0, "user/mode": "local", "pilot/angle": 0.9370285868644714, "pilot/throttle": 0.33426177501678467, "milliseconds": 335564}