{"cam/image_array": "4416_cam-image_array_.jpg", "user/angle": 0.030396435438093204, "user/throttle": 0.0, "user/mode": "local", "pilot/angle": -0.050597190856933594, "pilot/throttle": 0.8049867749214172, "milliseconds": 999509}