{"cam/image_array": "4208_cam-image_array_.jpg", "user/angle": 0.030396435438093204, "user/throttle": 0.0, "user/mode": "local", "pilot/angle": -0.007166929543018341, "pilot/throttle": 0.8441525101661682, "milliseconds": 952878}