{"cam/image_array": "4352_cam-image_array_.jpg", "user/angle": 0.030396435438093204, "user/throttle": 0.0, "user/mode": "local", "pilot/angle": 0.10235275328159332, "pilot/throttle": 0.7970597147941589, "milliseconds": 985162}