{"cam/image_array": "351_cam-image_array_.jpg", "user/angle": 0.030396435438093204, "user/throttle": 0.0, "user/mode": "local", "pilot/angle": -0.2906907796859741, "pilot/throttle": 0.6593767404556274, "milliseconds": 88037}