{"cam/image_array": "3077_cam-image_array_.jpg", "user/angle": 0.030396435438093204, "user/throttle": 0.0, "user/mode": "local", "pilot/angle": -0.1153787150979042, "pilot/throttle": 0.7128575444221497, "milliseconds": 699281}