{"cam/image_array": "4010_cam-image_array_.jpg", "user/angle": 0.030396435438093204, "user/throttle": 0.0, "user/mode": "local", "pilot/angle": -0.409308522939682, "pilot/throttle": 0.7793228626251221, "milliseconds": 908475}