{"cam/image_array": "758_cam-image_array_.jpg", "user/angle": 0.030396435438093204, "user/throttle": 0.0, "user/mode": "local", "pilot/angle": 0.028485391288995743, "pilot/throttle": 0.7234436273574829, "milliseconds": 179281}