{"cam/image_array": "1189_cam-image_array_.jpg", "user/angle": 0.030396435438093204, "user/throttle": 0.0, "user/mode": "local", "pilot/angle": -0.04602298140525818, "pilot/throttle": 0.6131269931793213, "milliseconds": 275923}