{"cam/image_array": "4347_cam-image_array_.jpg", "user/angle": 0.030396435438093204, "user/throttle": 0.0, "user/mode": "local", "pilot/angle": 0.017206616699695587, "pilot/throttle": 0.6865907907485962, "milliseconds": 984040}