{"cam/image_array": "1672_cam-image_array_.jpg", "user/angle": 0.030396435438093204, "user/throttle": 0.0, "user/mode": "local", "pilot/angle": -0.6902567148208618, "pilot/throttle": 0.7372175455093384, "milliseconds": 384223}