{"cam/image_array": "1660_cam-image_array_.jpg", "user/angle": 0.030396435438093204, "user/throttle": 0.0, "user/mode": "local", "pilot/angle": 0.6933857798576355, "pilot/throttle": 0.5503412485122681, "milliseconds": 381531}