{"cam/image_array": "1043_cam-image_array_.jpg", "user/angle": 0.030396435438093204, "user/throttle": 0.0, "user/mode": "local", "pilot/angle": 0.07483550161123276, "pilot/throttle": 0.7736647725105286, "milliseconds": 243189}