{"cam/image_array": "3835_cam-image_array_.jpg", "user/angle": 0.030396435438093204, "user/throttle": 0.0, "user/mode": "local", "pilot/angle": 1.0059210062026978, "pilot/throttle": 0.6888706684112549, "milliseconds": 869234}