{"cam/image_array": "2495_cam-image_array_.jpg", "user/angle": 0.030396435438093204, "user/throttle": 0.0, "user/mode": "local", "pilot/angle": 0.6573996543884277, "pilot/throttle": 0.6465747356414795, "milliseconds": 568779}