{"cam/image_array": "3506_cam-image_array_.jpg", "user/angle": 0.030396435438093204, "user/throttle": 0.0, "user/mode": "local", "pilot/angle": -0.0020125508308410645, "pilot/throttle": 0.6658897995948792, "milliseconds": 795468}