{"cam/image_array": "4273_cam-image_array_.jpg", "user/angle": 0.030396435438093204, "user/throttle": 0.0, "user/mode": "local", "pilot/angle": 0.5160007476806641, "pilot/throttle": 0.46237683296203613, "milliseconds": 967450}