{"cam/image_array": "870_cam-image_array_.jpg", "user/angle": 0.030396435438093204, "user/throttle": 0.0, "user/mode": "local", "pilot/angle": -0.16216981410980225, "pilot/throttle": 0.6597489714622498, "milliseconds": 204399}