{"cam/image_array": "940_cam-image_array_.jpg", "user/angle": 0.030396435438093204, "user/throttle": 0.0, "user/mode": "local", "pilot/angle": 0.9341895580291748, "pilot/throttle": 0.697365403175354, "milliseconds": 220091}