{"cam/image_array": "526_cam-image_array_.jpg", "user/angle": 0.030396435438093204, "user/throttle": 0.0, "user/mode": "local", "pilot/angle": 0.06741107255220413, "pilot/throttle": 0.7203131914138794, "milliseconds": 127275}