{"cam/image_array": "1994_cam-image_array_.jpg", "user/angle": 0.030396435438093204, "user/throttle": 0.0, "user/mode": "local", "pilot/angle": -0.03813896328210831, "pilot/throttle": 0.6256478428840637, "milliseconds": 456442}