{"cam/image_array": "3273_cam-image_array_.jpg", "user/angle": 0.030396435438093204, "user/throttle": 0.0, "user/mode": "local", "pilot/angle": 0.9498165249824524, "pilot/throttle": 0.5425559282302856, "milliseconds": 743230}