{"cam/image_array": "4367_cam-image_array_.jpg", "user/angle": 0.030396435438093204, "user/throttle": 0.0, "user/mode": "local", "pilot/angle": 0.5721160173416138, "pilot/throttle": 0.4842698574066162, "milliseconds": 988524}