{"cam/image_array": "3247_cam-image_array_.jpg", "user/angle": 0.030396435438093204, "user/throttle": 0.0, "user/mode": "local", "pilot/angle": -0.08712411671876907, "pilot/throttle": 0.7592412233352661, "milliseconds": 737397}