{"cam/image_array": "2015_cam-image_array_.jpg", "user/angle": 0.030396435438093204, "user/throttle": 0.0, "user/mode": "local", "pilot/angle": 0.9704322814941406, "pilot/throttle": 0.40699106454849243, "milliseconds": 461148}