{"cam/image_array": "4176_cam-image_array_.jpg", "user/angle": 0.030396435438093204, "user/throttle": 0.0, "user/mode": "local", "pilot/angle": 0.771152138710022, "pilot/throttle": 0.3777393698692322, "milliseconds": 945698}