{"cam/image_array": "2000_cam-image_array_.jpg", "user/angle": 0.030396435438093204, "user/throttle": 0.0, "user/mode": "local", "pilot/angle": -0.012342095375061035, "pilot/throttle": 0.7314110398292542, "milliseconds": 457786}