{"cam/image_array": "1931_cam-image_array_.jpg", "user/angle": 0.030396435438093204, "user/throttle": 0.0, "user/mode": "local", "pilot/angle": 0.6899505257606506, "pilot/throttle": 0.5159785151481628, "milliseconds": 442311}