{"cam/image_array": "1297_cam-image_array_.jpg", "user/angle": 0.030396435438093204, "user/throttle": 0.0, "user/mode": "local", "pilot/angle": -0.39732825756073, "pilot/throttle": 0.7293983101844788, "milliseconds": 300146}