{"cam/image_array": "1486_cam-image_array_.jpg", "user/angle": 0.030396435438093204, "user/throttle": 0.0, "user/mode": "local", "pilot/angle": -0.39882785081863403, "pilot/throttle": 0.6214043498039246, "milliseconds": 342516}