{"cam/image_array": "4453_cam-image_array_.jpg", "user/angle": 0.030396435438093204, "user/throttle": 0.0, "user/mode": "local", "pilot/angle": 0.9108002781867981, "pilot/throttle": 0.2704114615917206, "milliseconds": 1007803}