{"cam/image_array": "4370_cam-image_array_.jpg", "user/angle": 0.030396435438093204, "user/throttle": 0.0, "user/mode": "local", "pilot/angle": 0.06937600672245026, "pilot/throttle": 0.7071031928062439, "milliseconds": 989196}