{"cam/image_array": "2663_cam-image_array_.jpg", "user/angle": 0.030396435438093204, "user/throttle": 0.0, "user/mode": "local", "pilot/angle": 0.543408215045929, "pilot/throttle": 0.39362314343452454, "milliseconds": 606448}