{"cam/image_array": "1765_cam-image_array_.jpg", "user/angle": 0.030396435438093204, "user/throttle": 0.0, "user/mode": "local", "pilot/angle": -0.3441857695579529, "pilot/throttle": 0.7153269052505493, "milliseconds": 405081}