{"cam/image_array": "4316_cam-image_array_.jpg", "user/angle": 0.030396435438093204, "user/throttle": 0.0, "user/mode": "local", "pilot/angle": 0.04277569055557251, "pilot/throttle": 0.7230073809623718, "milliseconds": 977087}