{"cam/image_array": "1143_cam-image_array_.jpg", "user/angle": 0.030396435438093204, "user/throttle": 0.0, "user/mode": "local", "pilot/angle": 0.9136374592781067, "pilot/throttle": 0.7906875610351562, "milliseconds": 265611}