{"cam/image_array": "1477_cam-image_array_.jpg", "user/angle": 0.030396435438093204, "user/throttle": 0.0, "user/mode": "local", "pilot/angle": 0.16905689239501953, "pilot/throttle": 0.7521992921829224, "milliseconds": 340497}