{"cam/image_array": "2081_cam-image_array_.jpg", "user/angle": 0.030396435438093204, "user/throttle": 0.0, "user/mode": "local", "pilot/angle": 0.05150497704744339, "pilot/throttle": 0.6582448482513428, "milliseconds": 475954}