{"cam/image_array": "2052_cam-image_array_.jpg", "user/angle": 0.030396435438093204, "user/throttle": 0.0, "user/mode": "local", "pilot/angle": 0.7507871985435486, "pilot/throttle": 0.5128315091133118, "milliseconds": 469450}