{"cam/image_array": "1378_cam-image_array_.jpg", "user/angle": 0.030396435438093204, "user/throttle": 0.0, "user/mode": "local", "pilot/angle": 0.9849131107330322, "pilot/throttle": 0.5984181761741638, "milliseconds": 318302}