{"cam/image_array": "3946_cam-image_array_.jpg", "user/angle": 0.030396435438093204, "user/throttle": 0.0, "user/mode": "local", "pilot/angle": 0.6508457660675049, "pilot/throttle": 0.5888874530792236, "milliseconds": 894128}