{"cam/image_array": "2430_cam-image_array_.jpg", "user/angle": 0.030396435438093204, "user/throttle": 0.0, "user/mode": "local", "pilot/angle": 0.8358842134475708, "pilot/throttle": 0.64045250415802, "milliseconds": 554207}