{"cam/image_array": "3236_cam-image_array_.jpg", "user/angle": 0.030396435438093204, "user/throttle": 0.0, "user/mode": "local", "pilot/angle": 0.8562427759170532, "pilot/throttle": 0.48771923780441284, "milliseconds": 734930}