{"cam/image_array": "14_cam-image_array_.jpg", "user/angle": 0.030396435438093204, "user/throttle": 0.0, "user/mode": "local", "pilot/angle": -0.1080465093255043, "pilot/throttle": 0.7128130793571472, "milliseconds": 12438}