{"cam/image_array": "330_cam-image_array_.jpg", "user/angle": 0.030396435438093204, "user/throttle": 0.0, "user/mode": "local", "pilot/angle": 0.8313512206077576, "pilot/throttle": 0.4304708242416382, "milliseconds": 83327}