{"cam/image_array": "509_cam-image_array_.jpg", "user/angle": 0.030396435438093204, "user/throttle": 0.0, "user/mode": "local", "pilot/angle": -0.0247020423412323, "pilot/throttle": 0.6075960993766785, "milliseconds": 123462}