{"cam/image_array": "747_cam-image_array_.jpg", "user/angle": 0.030396435438093204, "user/throttle": 0.0, "user/mode": "local", "pilot/angle": 0.7612277865409851, "pilot/throttle": 0.7252969741821289, "milliseconds": 176815}