{"cam/image_array": "4404_cam-image_array_.jpg", "user/angle": 0.030396435438093204, "user/throttle": 0.0, "user/mode": "local", "pilot/angle": 0.9324913024902344, "pilot/throttle": 0.5480661392211914, "milliseconds": 996820}