{"cam/image_array": "3500_cam-image_array_.jpg", "user/angle": 0.030396435438093204, "user/throttle": 0.0, "user/mode": "local", "pilot/angle": 0.043641261756420135, "pilot/throttle": 0.6755530834197998, "milliseconds": 794123}