{"cam/image_array": "3147_cam-image_array_.jpg", "user/angle": 0.030396435438093204, "user/throttle": 0.0, "user/mode": "local", "pilot/angle": 0.18169686198234558, "pilot/throttle": 0.6266191601753235, "milliseconds": 714972}