{"cam/image_array": "3861_cam-image_array_.jpg", "user/angle": 0.030396435438093204, "user/throttle": 0.0, "user/mode": "local", "pilot/angle": 0.8242207169532776, "pilot/throttle": 0.5917138457298279, "milliseconds": 875068}