{"cam/image_array": "1023_cam-image_array_.jpg", "user/angle": 0.030396435438093204, "user/throttle": 0.0, "user/mode": "local", "pilot/angle": 0.4108450412750244, "pilot/throttle": 0.6295291781425476, "milliseconds": 238704}