{"cam/image_array": "1308_cam-image_array_.jpg", "user/angle": 0.030396435438093204, "user/throttle": 0.0, "user/mode": "local", "pilot/angle": 1.0864403247833252, "pilot/throttle": 0.6848762631416321, "milliseconds": 302611}