{"cam/image_array": "1362_cam-image_array_.jpg", "user/angle": 0.030396435438093204, "user/throttle": 0.0, "user/mode": "local", "pilot/angle": 0.7393263578414917, "pilot/throttle": 0.44627881050109863, "milliseconds": 314715}