{"cam/image_array": "125_cam-image_array_.jpg", "user/angle": 0.030396435438093204, "user/throttle": 0.0, "user/mode": "local", "pilot/angle": 0.0485980361700058, "pilot/throttle": 0.8304952383041382, "milliseconds": 37358}