{"cam/image_array": "736_cam-image_array_.jpg", "user/angle": 0.030396435438093204, "user/throttle": 0.0, "user/mode": "local", "pilot/angle": -0.4369392395019531, "pilot/throttle": 0.724175751209259, "milliseconds": 174348}