{"cam/image_array": "2190_cam-image_array_.jpg", "user/angle": 0.030396435438093204, "user/throttle": 0.0, "user/mode": "local", "pilot/angle": 0.12888480722904205, "pilot/throttle": 0.8647672533988953, "milliseconds": 500394}