{"cam/image_array": "1577_cam-image_array_.jpg", "user/angle": 0.030396435438093204, "user/throttle": 0.0, "user/mode": "local", "pilot/angle": -0.4666578769683838, "pilot/throttle": 0.7437098026275635, "milliseconds": 362917}