{"cam/image_array": "784_cam-image_array_.jpg", "user/angle": 0.030396435438093204, "user/throttle": 0.0, "user/mode": "local", "pilot/angle": -0.03213271498680115, "pilot/throttle": 0.6577853560447693, "milliseconds": 185114}