{"cam/image_array": "2613_cam-image_array_.jpg", "user/angle": 0.030396435438093204, "user/throttle": 0.0, "user/mode": "local", "pilot/angle": 1.0114063024520874, "pilot/throttle": 0.5079270005226135, "milliseconds": 595243}