{"cam/image_array": "3428_cam-image_array_.jpg", "user/angle": 0.030396435438093204, "user/throttle": 0.0, "user/mode": "local", "pilot/angle": 0.1810169368982315, "pilot/throttle": 0.7766249179840088, "milliseconds": 777979}