{"cam/image_array": "347_cam-image_array_.jpg", "user/angle": 0.030396435438093204, "user/throttle": 0.0, "user/mode": "local", "pilot/angle": 0.7397494912147522, "pilot/throttle": 0.6678026914596558, "milliseconds": 87140}