{"cam/image_array": "1622_cam-image_array_.jpg", "user/angle": 0.030396435438093204, "user/throttle": 0.0, "user/mode": "local", "pilot/angle": -0.08413269370794296, "pilot/throttle": 0.6977498531341553, "milliseconds": 373009}