{"cam/image_array": "4107_cam-image_array_.jpg", "user/angle": 0.030396435438093204, "user/throttle": 0.0, "user/mode": "local", "pilot/angle": -0.4157141447067261, "pilot/throttle": 0.45651310682296753, "milliseconds": 930223}