{"cam/image_array": "2420_cam-image_array_.jpg", "user/angle": 0.030396435438093204, "user/throttle": 0.0, "user/mode": "local", "pilot/angle": 0.8896512389183044, "pilot/throttle": 0.4109947085380554, "milliseconds": 551960}