{"cam/image_array": "3495_cam-image_array_.jpg", "user/angle": 0.030396435438093204, "user/throttle": 0.0, "user/mode": "local", "pilot/angle": -0.1078045442700386, "pilot/throttle": 0.5849266648292542, "milliseconds": 793002}