{"cam/image_array": "1717_cam-image_array_.jpg", "user/angle": 0.030396435438093204, "user/throttle": 0.0, "user/mode": "local", "pilot/angle": -0.043245211243629456, "pilot/throttle": 0.6484021544456482, "milliseconds": 394316}