{"cam/image_array": "4436_cam-image_array_.jpg", "user/angle": 0.030396435438093204, "user/throttle": 0.0, "user/mode": "local", "pilot/angle": -0.08748612552881241, "pilot/throttle": 0.569740355014801, "milliseconds": 1003992}