{"cam/image_array": "4394_cam-image_array_.jpg", "user/angle": 0.030396435438093204, "user/throttle": 0.0, "user/mode": "local", "pilot/angle": -0.25901979207992554, "pilot/throttle": 0.6275827884674072, "milliseconds": 994578}