{"cam/image_array": "551_cam-image_array_.jpg", "user/angle": 0.030396435438093204, "user/throttle": 0.0, "user/mode": "local", "pilot/angle": -0.4023016095161438, "pilot/throttle": 0.7581793665885925, "milliseconds": 132880}