{"cam/image_array": "602_cam-image_array_.jpg", "user/angle": 0.030396435438093204, "user/throttle": 0.0, "user/mode": "local", "pilot/angle": 0.1871407926082611, "pilot/throttle": 0.5656962394714355, "milliseconds": 144312}