{"cam/image_array": "4319_cam-image_array_.jpg", "user/angle": 0.030396435438093204, "user/throttle": 0.0, "user/mode": "local", "pilot/angle": 0.0030115172266960144, "pilot/throttle": 0.6885178685188293, "milliseconds": 977759}