{"cam/image_array": "1821_cam-image_array_.jpg", "user/angle": 0.030396435438093204, "user/throttle": 0.0, "user/mode": "local", "pilot/angle": 0.12590402364730835, "pilot/throttle": 0.7791090607643127, "milliseconds": 417649}