{"cam/image_array": "2816_cam-image_array_.jpg", "user/angle": 0.030396435438093204, "user/throttle": 0.0, "user/mode": "local", "pilot/angle": -0.021734409034252167, "pilot/throttle": 0.6194685101509094, "milliseconds": 640749}