{"cam/image_array": "3829_cam-image_array_.jpg", "user/angle": 0.030396435438093204, "user/throttle": 0.0, "user/mode": "local", "pilot/angle": -0.45664024353027344, "pilot/throttle": 0.7371253371238708, "milliseconds": 867889}