{"cam/image_array": "1002_cam-image_array_.jpg", "user/angle": 0.030396435438093204, "user/throttle": 0.0, "user/mode": "local", "pilot/angle": 0.062414515763521194, "pilot/throttle": 0.7486646175384521, "milliseconds": 233997}