{"cam/image_array": "1414_cam-image_array_.jpg", "user/angle": 0.030396435438093204, "user/throttle": 0.0, "user/mode": "local", "pilot/angle": 0.04467661678791046, "pilot/throttle": 0.6254096627235413, "milliseconds": 326373}