{"cam/image_array": "337_cam-image_array_.jpg", "user/angle": 0.030396435438093204, "user/throttle": 0.0, "user/mode": "local", "pilot/angle": -0.028968073427677155, "pilot/throttle": 0.6459881663322449, "milliseconds": 84895}