{"cam/image_array": "1118_cam-image_array_.jpg", "user/angle": 0.030396435438093204, "user/throttle": 0.0, "user/mode": "local", "pilot/angle": 0.5717853307723999, "pilot/throttle": 0.5629644989967346, "milliseconds": 260007}