{"cam/image_array": "1913_cam-image_array_.jpg", "user/angle": 0.030396435438093204, "user/throttle": 0.0, "user/mode": "local", "pilot/angle": 0.06729301065206528, "pilot/throttle": 0.624502956867218, "milliseconds": 438277}