{"cam/image_array": "2649_cam-image_array_.jpg", "user/angle": 0.030396435438093204, "user/throttle": 0.0, "user/mode": "local", "pilot/angle": -0.07301460951566696, "pilot/throttle": 0.39000627398490906, "milliseconds": 603312}