{"cam/image_array": "1564_cam-image_array_.jpg", "user/angle": 0.030396435438093204, "user/throttle": 0.0, "user/mode": "local", "pilot/angle": -0.028637520968914032, "pilot/throttle": 0.5242399573326111, "milliseconds": 360003}