{"cam/image_array": "749_cam-image_array_.jpg", "user/angle": 0.030396435438093204, "user/throttle": 0.0, "user/mode": "local", "pilot/angle": 0.8654549717903137, "pilot/throttle": 0.5259705781936646, "milliseconds": 177263}