{"cam/image_array": "2352_cam-image_array_.jpg", "user/angle": 0.030396435438093204, "user/throttle": 0.0, "user/mode": "local", "pilot/angle": 0.938116192817688, "pilot/throttle": 0.6788478493690491, "milliseconds": 536718}