{"cam/image_array": "3447_cam-image_array_.jpg", "user/angle": 0.030396435438093204, "user/throttle": 0.0, "user/mode": "local", "pilot/angle": -0.4675291180610657, "pilot/throttle": 0.7421863079071045, "milliseconds": 782243}