{"cam/image_array": "2503_cam-image_array_.jpg", "user/angle": 0.030396435438093204, "user/throttle": 0.0, "user/mode": "local", "pilot/angle": -0.5667821764945984, "pilot/throttle": 0.7382133603096008, "milliseconds": 570574}