{"cam/image_array": "3947_cam-image_array_.jpg", "user/angle": 0.030396435438093204, "user/throttle": 0.0, "user/mode": "local", "pilot/angle": 0.5963974595069885, "pilot/throttle": 0.2027740180492401, "milliseconds": 894352}