{"cam/image_array": "3935_cam-image_array_.jpg", "user/angle": 0.030396435438093204, "user/throttle": 0.0, "user/mode": "local", "pilot/angle": 0.8087231516838074, "pilot/throttle": 0.5785770416259766, "milliseconds": 891661}