{"cam/image_array": "2356_cam-image_array_.jpg", "user/angle": 0.030396435438093204, "user/throttle": 0.0, "user/mode": "local", "pilot/angle": 0.0102524533867836, "pilot/throttle": 0.7278013825416565, "milliseconds": 537614}