{"cam/image_array": "1499_cam-image_array_.jpg", "user/angle": 0.030396435438093204, "user/throttle": 0.0, "user/mode": "local", "pilot/angle": 0.9112467765808105, "pilot/throttle": 0.6690305471420288, "milliseconds": 345431}