{"cam/image_array": "3731_cam-image_array_.jpg", "user/angle": 0.030396435438093204, "user/throttle": 0.0, "user/mode": "local", "pilot/angle": -0.5319278836250305, "pilot/throttle": 0.6662094593048096, "milliseconds": 845918}