{"cam/image_array": "3208_cam-image_array_.jpg", "user/angle": 0.030396435438093204, "user/throttle": 0.0, "user/mode": "local", "pilot/angle": -0.10047172755002975, "pilot/throttle": 0.7379551529884338, "milliseconds": 728651}