{"cam/image_array": "200_cam-image_array_.jpg", "user/angle": 0.030396435438093204, "user/throttle": 0.0, "user/mode": "local", "pilot/angle": 0.7644938826560974, "pilot/throttle": 0.6640515327453613, "milliseconds": 54177}