{"cam/image_array": "165_cam-image_array_.jpg", "user/angle": 0.030396435438093204, "user/throttle": 0.0, "user/mode": "local", "pilot/angle": -0.41531094908714294, "pilot/throttle": 0.663295328617096, "milliseconds": 46324}