{"cam/image_array": "3018_cam-image_array_.jpg", "user/angle": 0.030396435438093204, "user/throttle": 0.0, "user/mode": "local", "pilot/angle": -0.052953220903873444, "pilot/throttle": 0.6241747140884399, "milliseconds": 686053}