{"cam/image_array": "4204_cam-image_array_.jpg", "user/angle": 0.030396435438093204, "user/throttle": 0.0, "user/mode": "local", "pilot/angle": -0.4160115122795105, "pilot/throttle": 0.6299208402633667, "milliseconds": 951981}