{"cam/image_array": "4147_cam-image_array_.jpg", "user/angle": 0.030396435438093204, "user/throttle": 0.0, "user/mode": "local", "pilot/angle": 0.028365500271320343, "pilot/throttle": 0.726106584072113, "milliseconds": 939190}