{"cam/image_array": "4164_cam-image_array_.jpg", "user/angle": 0.030396435438093204, "user/throttle": 0.0, "user/mode": "local", "pilot/angle": 0.15596738457679749, "pilot/throttle": 0.7340579628944397, "milliseconds": 943006}