{"cam/image_array": "1822_cam-image_array_.jpg", "user/angle": 0.030396435438093204, "user/throttle": 0.0, "user/mode": "local", "pilot/angle": 0.11117296665906906, "pilot/throttle": 0.6443934440612793, "milliseconds": 417873}