{"cam/image_array": "1771_cam-image_array_.jpg", "user/angle": 0.030396435438093204, "user/throttle": 0.0, "user/mode": "local", "pilot/angle": 0.07727119326591492, "pilot/throttle": 0.7811138033866882, "milliseconds": 406427}