{"cam/image_array": "4412_cam-image_array_.jpg", "user/angle": 0.030396435438093204, "user/throttle": 0.0, "user/mode": "local", "pilot/angle": -0.032354019582271576, "pilot/throttle": 0.7484103441238403, "milliseconds": 998612}