{"cam/image_array": "1981_cam-image_array_.jpg", "user/angle": 0.030396435438093204, "user/throttle": 0.0, "user/mode": "local", "pilot/angle": 0.46626216173171997, "pilot/throttle": 0.7306226491928101, "milliseconds": 453528}