{"cam/image_array": "1879_cam-image_array_.jpg", "user/angle": 0.030396435438093204, "user/throttle": 0.0, "user/mode": "local", "pilot/angle": 0.8571860194206238, "pilot/throttle": 0.5781176090240479, "milliseconds": 430656}