{"cam/image_array": "4330_cam-image_array_.jpg", "user/angle": 0.030396435438093204, "user/throttle": 0.0, "user/mode": "local", "pilot/angle": 0.949013888835907, "pilot/throttle": 0.6465746760368347, "milliseconds": 980225}