{"cam/image_array": "1384_cam-image_array_.jpg", "user/angle": 0.030396435438093204, "user/throttle": 0.0, "user/mode": "local", "pilot/angle": -0.07086614519357681, "pilot/throttle": 0.5205009579658508, "milliseconds": 319647}