{"cam/image_array": "4172_cam-image_array_.jpg", "user/angle": 0.030396435438093204, "user/throttle": 0.0, "user/mode": "local", "pilot/angle": 0.9626203775405884, "pilot/throttle": 0.347443163394928, "milliseconds": 944801}