{"cam/image_array": "2540_cam-image_array_.jpg", "user/angle": 0.030396435438093204, "user/throttle": 0.0, "user/mode": "local", "pilot/angle": 0.971415102481842, "pilot/throttle": 0.8527185320854187, "milliseconds": 578871}