{"cam/image_array": "524_cam-image_array_.jpg", "user/angle": 0.030396435438093204, "user/throttle": 0.0, "user/mode": "local", "pilot/angle": 0.5076823234558105, "pilot/throttle": 0.5105692744255066, "milliseconds": 126827}