{"cam/image_array": "2072_cam-image_array_.jpg", "user/angle": 0.030396435438093204, "user/throttle": 0.0, "user/mode": "local", "pilot/angle": 0.3543141186237335, "pilot/throttle": 0.7149672508239746, "milliseconds": 473937}