{"cam/image_array": "2738_cam-image_array_.jpg", "user/angle": 0.030396435438093204, "user/throttle": 0.0, "user/mode": "local", "pilot/angle": -0.1295180320739746, "pilot/throttle": 0.7130277156829834, "milliseconds": 623263}