{"cam/image_array": "2674_cam-image_array_.jpg", "user/angle": 0.030396435438093204, "user/throttle": 0.0, "user/mode": "local", "pilot/angle": 0.6602257490158081, "pilot/throttle": 0.35106414556503296, "milliseconds": 608914}