{"cam/image_array": "2580_cam-image_array_.jpg", "user/angle": 0.030396435438093204, "user/throttle": 0.0, "user/mode": "local", "pilot/angle": 0.20771613717079163, "pilot/throttle": 0.6992368102073669, "milliseconds": 587841}