{"cam/image_array": "3815_cam-image_array_.jpg", "user/angle": 0.030396435438093204, "user/throttle": 0.0, "user/mode": "local", "pilot/angle": 0.603013277053833, "pilot/throttle": 0.7256056070327759, "milliseconds": 864750}