{"cam/image_array": "1811_cam-image_array_.jpg", "user/angle": 0.030396435438093204, "user/throttle": 0.0, "user/mode": "local", "pilot/angle": -0.07526116818189621, "pilot/throttle": 0.7562133073806763, "milliseconds": 415406}