{"cam/image_array": "4477_cam-image_array_.jpg", "user/angle": 0.030396435438093204, "user/throttle": 0.0, "user/mode": "local", "pilot/angle": 0.424608439207077, "pilot/throttle": 0.6897808313369751, "milliseconds": 1013182}