{"cam/image_array": "625_cam-image_array_.jpg", "user/angle": 0.030396435438093204, "user/throttle": 0.0, "user/mode": "local", "pilot/angle": -0.07140698283910751, "pilot/throttle": 0.6765185594558716, "milliseconds": 149466}