{"cam/image_array": "3265_cam-image_array_.jpg", "user/angle": 0.030396435438093204, "user/throttle": 0.0, "user/mode": "local", "pilot/angle": -0.7408957481384277, "pilot/throttle": 0.5114154815673828, "milliseconds": 741435}