{"cam/image_array": "4259_cam-image_array_.jpg", "user/angle": 0.030396435438093204, "user/throttle": 0.0, "user/mode": "local", "pilot/angle": 0.04136606305837631, "pilot/throttle": 0.6230441331863403, "milliseconds": 964312}