{"cam/image_array": "3473_cam-image_array_.jpg", "user/angle": 0.030396435438093204, "user/throttle": 0.0, "user/mode": "local", "pilot/angle": -0.10055897384881973, "pilot/throttle": 0.7759501338005066, "milliseconds": 788072}