{"cam/image_array": "4350_cam-image_array_.jpg", "user/angle": 0.030396435438093204, "user/throttle": 0.0, "user/mode": "local", "pilot/angle": 0.12321479618549347, "pilot/throttle": 0.6132464408874512, "milliseconds": 984712}