{"cam/image_array": "1784_cam-image_array_.jpg", "user/angle": 0.030396435438093204, "user/throttle": 0.0, "user/mode": "local", "pilot/angle": 0.7840041518211365, "pilot/throttle": 0.5821195244789124, "milliseconds": 409350}