{"cam/image_array": "1217_cam-image_array_.jpg", "user/angle": 0.030396435438093204, "user/throttle": 0.0, "user/mode": "local", "pilot/angle": 0.9907236695289612, "pilot/throttle": 0.6358386278152466, "milliseconds": 282200}