{"cam/image_array": "2767_cam-image_array_.jpg", "user/angle": 0.030396435438093204, "user/throttle": 0.0, "user/mode": "local", "pilot/angle": 0.8545114994049072, "pilot/throttle": 0.4864446222782135, "milliseconds": 629762}