{"cam/image_array": "4279_cam-image_array_.jpg", "user/angle": 0.030396435438093204, "user/throttle": 0.0, "user/mode": "local", "pilot/angle": -0.04709655046463013, "pilot/throttle": 0.5584632754325867, "milliseconds": 968794}