{"cam/image_array": "546_cam-image_array_.jpg", "user/angle": 0.030396435438093204, "user/throttle": 0.0, "user/mode": "local", "pilot/angle": -0.45887887477874756, "pilot/throttle": 0.800646960735321, "milliseconds": 131760}