{"cam/image_array": "2299_cam-image_array_.jpg", "user/angle": 0.030396435438093204, "user/throttle": 0.0, "user/mode": "local", "pilot/angle": 0.1750825047492981, "pilot/throttle": 0.668367326259613, "milliseconds": 524833}