{"cam/image_array": "3219_cam-image_array_.jpg", "user/angle": 0.030396435438093204, "user/throttle": 0.0, "user/mode": "local", "pilot/angle": 0.039136581122875214, "pilot/throttle": 0.7506771087646484, "milliseconds": 731119}