{"cam/image_array": "413_cam-image_array_.jpg", "user/angle": 0.030396435438093204, "user/throttle": 0.0, "user/mode": "local", "pilot/angle": 0.846769392490387, "pilot/throttle": 0.5178394317626953, "milliseconds": 101943}