{"cam/image_array": "3412_cam-image_array_.jpg", "user/angle": 0.030396435438093204, "user/throttle": 0.0, "user/mode": "local", "pilot/angle": 0.09639732539653778, "pilot/throttle": 0.4526839554309845, "milliseconds": 774391}