{"cam/image_array": "4408_cam-image_array_.jpg", "user/angle": 0.030396435438093204, "user/throttle": 0.0, "user/mode": "local", "pilot/angle": 0.8346898555755615, "pilot/throttle": 0.6062663197517395, "milliseconds": 997716}