{"cam/image_array": "3352_cam-image_array_.jpg", "user/angle": 0.030396435438093204, "user/throttle": 0.0, "user/mode": "local", "pilot/angle": -0.5127198696136475, "pilot/throttle": 0.7154775857925415, "milliseconds": 760941}