{"cam/image_array": "2227_cam-image_array_.jpg", "user/angle": 0.030396435438093204, "user/throttle": 0.0, "user/mode": "local", "pilot/angle": -0.31670090556144714, "pilot/throttle": 0.7391365170478821, "milliseconds": 508689}