{"cam/image_array": "3877_cam-image_array_.jpg", "user/angle": 0.030396435438093204, "user/throttle": 0.0, "user/mode": "local", "pilot/angle": 0.04048296436667442, "pilot/throttle": 0.559222400188446, "milliseconds": 878654}