{"cam/image_array": "4191_cam-image_array_.jpg", "user/angle": 0.030396435438093204, "user/throttle": 0.0, "user/mode": "local", "pilot/angle": 0.2800603210926056, "pilot/throttle": 0.637912929058075, "milliseconds": 949061}