{"cam/image_array": "1401_cam-image_array_.jpg", "user/angle": 0.030396435438093204, "user/throttle": 0.0, "user/mode": "local", "pilot/angle": 0.941025972366333, "pilot/throttle": 0.5015863180160522, "milliseconds": 323458}